{"additional_id_existed_ped": {"0": [20, 23], "1": [22, 23], "2": [23], "3": [], "4": [20, 22], "5": [], "6": [20, 21, 22, 23], "7": [20, 21, 22, 23], "8": [21, 22], "9": [21, 23], "10": [21, 22, 23], "11": [21, 22], "12": [], "13": [23], "14": [20, 21, 22], "15": [20], "16": [20, 21, 23], "17": [20, 21, 22], "18": [20, 23], "19": [20, 21, 22]}, "frame_second": "0", "pedestrian_list": [{"out_group_a_strength": 14.285714285714286, "pedestrian_id": 20, "target_a_range": 435.0, "in_group_r_range": 2.0, "target": [16.0, -39.0], "friend_zone": [7, 13, 8, 16, 1, 17, 15, 18, 19, 14], "in_group_a_range": 2.8, "out_group_r_range": 2.0, "out_group_r_strength": 56.0, "attractor_count": 10, "target_a_strength": 22000000000.0, "out_group_a_range": 2.8, "radius": 0.3, "in_group_r_strength": 40.0, "in_group_a_strength": 20.0, "position": [11.1939221024675, 68.95960183931257], "group_id": 0}, {"out_group_a_strength": 14.285714285714286, "pedestrian_id": 21, "target_a_range": 435.0, "in_group_r_range": 2.0, "target": [16.0, -39.0], "friend_zone": [17, 2, 6, 7, 13, 1, 8, 18, 12, 5], "in_group_a_range": 2.8, "out_group_r_range": 2.0, "out_group_r_strength": 56.0, "attractor_count": 10, "target_a_strength": 22000000000.0, "out_group_a_range": 2.8, "radius": 0.3, "in_group_r_strength": 40.0, "in_group_a_strength": 20.0, "position": [-7.018229640918329, 41.65199194947855], "group_id": 0}, {"out_group_a_strength": 14.285714285714286, "pedestrian_id": 22, "target_a_range": 435.0, "in_group_r_range": 2.0, "target": [16.0, -39.0], "friend_zone": [18, 12, 11, 15, 16, 5, 0, 7, 19, 17], "in_group_a_range": 2.8, "out_group_r_range": 2.0, "out_group_r_strength": 56.0, "attractor_count": 10, "target_a_strength": 22000000000.0, "out_group_a_range": 2.8, "radius": 0.3, "in_group_r_strength": 40.0, "in_group_a_strength": 20.0, "position": [13.103222873239211, 45.539867901494176], "group_id": 1}, {"out_group_a_strength": 14.285714285714286, "pedestrian_id": 23, "target_a_range": 435.0, "in_group_r_range": 2.0, "target": [16.0, -39.0], "friend_zone": [0, 18, 14, 13, 8, 16, 19, 4, 9, 3], "in_group_a_range": 2.8, "out_group_r_range": 2.0, "out_group_r_strength": 56.0, "attractor_count": 10, "target_a_strength": 22000000000.0, "out_group_a_range": 2.8, "radius": 0.3, "in_group_r_strength": 40.0, "in_group_a_strength": 20.0, "position": [0.7595869774369514, 42.32495525769351], "group_id": 1}]}