{"additional_id_existed_ped": {"0": [60, 61, 62, 63], "1": [62, 63], "2": [61, 63], "3": [60, 62], "4": [62], "5": [60], "6": [60, 61, 62], "7": [61, 62, 63], "8": [61, 62], "9": [61, 63], "10": [61, 62, 63], "11": [60, 61, 62], "12": [60, 61], "13": [60], "14": [60, 61, 63], "15": [63], "16": [63], "17": [60, 61, 62, 63], "18": [60, 63], "19": [60, 63], "20": [62, 63], "21": [60, 63], "22": [63], "23": [60], "24": [61, 62], "25": [60, 62], "26": [60, 62], "27": [61], "28": [61, 62, 63], "29": [61, 63], "30": [61, 62, 63], "31": [61], "32": [60, 61, 62], "33": [61, 62, 63], "34": [60, 61, 63], "35": [60, 62, 63], "36": [60], "37": [60, 62], "38": [60, 61, 62], "39": [60, 61, 63], "40": [61], "41": [60, 62], "42": [61, 63], "43": [62], "44": [60, 61, 62, 63], "45": [], "46": [60, 63], "47": [61], "48": [61], "49": [60, 62, 63], "50": [62], "51": [], "52": [60, 61, 63], "53": [60, 62, 63], "54": [61, 62], "55": [62], "56": [63], "57": [63], "58": [60, 62], "59": [60, 61]}, "frame_second": "1000", "pedestrian_list": [{"out_group_a_strength": 14.285714285714286, "pedestrian_id": 60, "target_a_range": 435.0, "in_group_r_range": 2.0, "target": [16.0, -39.0], "friend_zone": [18, 26, 35, 23, 17, 11, 9, 25, 20, 48, 6, 30, 33, 22, 57, 49, 21, 38, 41, 51, 34, 12, 28, 58, 52, 46, 53, 3, 10, 59], "in_group_a_range": 2.8, "out_group_r_range": 2.0, "out_group_r_strength": 56.0, "attractor_count": 30, "target_a_strength": 22000000000.0, "out_group_a_range": 2.8, "radius": 0.3, "in_group_r_strength": 40.0, "in_group_a_strength": 20.0, "position": [-3.106051826230695, 57.2719775300736], "group_id": 0}, {"out_group_a_strength": 14.285714285714286, "pedestrian_id": 61, "target_a_range": 435.0, "in_group_r_range": 2.0, "target": [16.0, -39.0], "friend_zone": [9, 11, 54, 12, 26, 20, 40, 3, 27, 19, 48, 17, 6, 36, 22, 38, 8, 51, 55, 28, 14, 18, 25, 47, 42, 29, 39, 10, 23, 53], "in_group_a_range": 2.8, "out_group_r_range": 2.0, "out_group_r_strength": 56.0, "attractor_count": 30, "target_a_strength": 22000000000.0, "out_group_a_range": 2.8, "radius": 0.3, "in_group_r_strength": 40.0, "in_group_a_strength": 20.0, "position": [0.7945002012369393, 64.421820129153], "group_id": 0}, {"out_group_a_strength": 14.285714285714286, "pedestrian_id": 62, "target_a_range": 435.0, "in_group_r_range": 2.0, "target": [16.0, -39.0], "friend_zone": [29, 36, 24, 47, 45, 7, 57, 20, 16, 43, 6, 4, 38, 19, 14, 8, 32, 49, 12, 59, 34, 39, 27, 1, 56, 0, 26, 18, 10, 9], "in_group_a_range": 2.8, "out_group_r_range": 2.0, "out_group_r_strength": 56.0, "attractor_count": 30, "target_a_strength": 22000000000.0, "out_group_a_range": 2.8, "radius": 0.3, "in_group_r_strength": 40.0, "in_group_a_strength": 20.0, "position": [4.006357336721716, 64.39505601921391], "group_id": 1}, {"out_group_a_strength": 14.285714285714286, "pedestrian_id": 63, "target_a_range": 435.0, "in_group_r_range": 2.0, "target": [16.0, -39.0], "friend_zone": [35, 21, 8, 52, 28, 0, 24, 47, 7, 39, 38, 27, 25, 50, 59, 30, 32, 23, 13, 46, 1, 40, 18, 54, 55, 37, 22, 44, 57, 43], "in_group_a_range": 2.8, "out_group_r_range": 2.0, "out_group_r_strength": 56.0, "attractor_count": 30, "target_a_strength": 22000000000.0, "out_group_a_range": 2.8, "radius": 0.3, "in_group_r_strength": 40.0, "in_group_a_strength": 20.0, "position": [11.1809193346605, 65.71088389656417], "group_id": 1}]}