{"additional_id_existed_ped": {"0": [64, 65, 67], "1": [66], "2": [64, 65], "3": [64], "4": [66, 67], "5": [64, 65, 67], "6": [65, 67], "7": [64, 65], "8": [66, 67], "9": [64, 66, 67], "10": [67], "11": [64], "12": [65, 66], "13": [65, 66], "14": [65, 66, 67], "15": [64, 65], "16": [64, 65, 66], "17": [65], "18": [64, 66, 67], "19": [64, 65, 67], "20": [64, 66], "21": [64, 65], "22": [65, 66], "23": [64, 65, 66, 67], "24": [65, 67], "25": [64, 65, 66], "26": [64], "27": [67], "28": [66], "29": [64, 66, 67], "30": [64, 67], "31": [65, 66], "32": [66, 67], "33": [64], "34": [66, 67], "35": [64, 67], "36": [64, 65, 67], "37": [65, 66], "38": [65, 66, 67], "39": [64, 65, 67], "40": [], "41": [66], "42": [64, 65], "43": [64, 66], "44": [65, 67], "45": [65, 67], "46": [67], "47": [65], "48": [64, 65], "49": [66, 67], "50": [65, 66, 67], "51": [64], "52": [64, 65, 66], "53": [66], "54": [66, 67], "55": [66], "56": [64, 66], "57": [65], "58": [64, 67], "59": [64, 65, 67], "60": [], "61": [64, 65, 66, 67], "62": [64, 66, 67], "63": [66, 67]}, "frame_second": "1100", "pedestrian_list": [{"out_group_a_strength": 14.285714285714286, "pedestrian_id": 64, "target_a_range": 435.0, "in_group_r_range": 2.0, "target": [16.0, -39.0], "friend_zone": [15, 25, 55, 6, 47, 54, 24, 14, 35, 42, 18, 41, 57, 16, 34, 4, 53, 2, 48, 58, 12, 26, 36, 20, 33, 21, 7, 38, 5, 32, 50, 3], "in_group_a_range": 2.8, "out_group_r_range": 2.0, "out_group_r_strength": 56.0, "attractor_count": 32, "target_a_strength": 22000000000.0, "out_group_a_range": 2.8, "radius": 0.3, "in_group_r_strength": 40.0, "in_group_a_strength": 20.0, "position": [14.42672636957236, 47.51890734967717], "group_id": 0}, {"out_group_a_strength": 14.285714285714286, "pedestrian_id": 65, "target_a_range": 435.0, "in_group_r_range": 2.0, "target": [16.0, -39.0], "friend_zone": [38, 10, 39, 32, 31, 34, 43, 45, 46, 37, 51, 53, 54, 30, 19, 4, 56, 12, 5, 11, 14, 26, 58, 0, 36, 16, 40, 47, 60, 52, 27, 57], "in_group_a_range": 2.8, "out_group_r_range": 2.0, "out_group_r_strength": 56.0, "attractor_count": 32, "target_a_strength": 22000000000.0, "out_group_a_range": 2.8, "radius": 0.3, "in_group_r_strength": 40.0, "in_group_a_strength": 20.0, "position": [8.553875232588771, 61.144311235569894], "group_id": 0}, {"out_group_a_strength": 14.285714285714286, "pedestrian_id": 66, "target_a_range": 435.0, "in_group_r_range": 2.0, "target": [16.0, -39.0], "friend_zone": [14, 34, 2, 29, 22, 18, 13, 16, 42, 6, 59, 28, 61, 17, 4, 46, 27, 26, 37, 30, 60, 21, 44, 55, 32, 45, 38, 0, 40, 51, 35, 23], "in_group_a_range": 2.8, "out_group_r_range": 2.0, "out_group_r_strength": 56.0, "attractor_count": 32, "target_a_strength": 22000000000.0, "out_group_a_range": 2.8, "radius": 0.3, "in_group_r_strength": 40.0, "in_group_a_strength": 20.0, "position": [-7.036798084371207, 65.05895975438125], "group_id": 1}, {"out_group_a_strength": 14.285714285714286, "pedestrian_id": 67, "target_a_range": 435.0, "in_group_r_range": 2.0, "target": [16.0, -39.0], "friend_zone": [5, 2, 46, 30, 59, 44, 47, 25, 23, 3, 54, 11, 58, 45, 1, 53, 40, 50, 13, 62, 0, 60, 51, 33, 41, 38, 24, 55, 37, 28, 9, 29], "in_group_a_range": 2.8, "out_group_r_range": 2.0, "out_group_r_strength": 56.0, "attractor_count": 32, "target_a_strength": 22000000000.0, "out_group_a_range": 2.8, "radius": 0.3, "in_group_r_strength": 40.0, "in_group_a_strength": 20.0, "position": [-8.958046068064883, 44.90685561292069], "group_id": 1}]}