{"additional_id_existed_ped": {"0": [70], "1": [68, 69, 70, 71], "2": [68], "3": [68, 69, 70, 71], "4": [69, 71], "5": [69, 71], "6": [69, 70, 71], "7": [69, 70], "8": [68, 69, 71], "9": [69, 70], "10": [68, 70, 71], "11": [68, 70], "12": [69], "13": [68, 71], "14": [69, 70, 71], "15": [68, 69, 71], "16": [69, 70, 71], "17": [68, 69, 70, 71], "18": [68, 69, 71], "19": [71], "20": [69, 71], "21": [69], "22": [], "23": [71], "24": [68, 70], "25": [70], "26": [68, 70, 71], "27": [69], "28": [68, 70], "29": [70], "30": [69, 70, 71], "31": [68, 69, 70, 71], "32": [68, 69], "33": [68, 70, 71], "34": [68, 69, 70, 71], "35": [68, 69], "36": [69, 70], "37": [68], "38": [68, 69, 70, 71], "39": [68, 69], "40": [69], "41": [68, 69, 70, 71], "42": [], "43": [70], "44": [68], "45": [68, 69, 70], "46": [68, 70, 71], "47": [70, 71], "48": [68, 69, 70], "49": [69], "50": [68, 69, 70, 71], "51": [69, 70, 71], "52": [], "53": [71], "54": [68], "55": [68], "56": [70], "57": [68, 70], "58": [68, 71], "59": [70], "60": [71], "61": [68], "62": [69, 71], "63": [68, 70], "64": [71], "65": [71], "66": [68, 69], "67": [71]}, "frame_second": "1200", "pedestrian_list": [{"out_group_a_strength": 14.285714285714286, "pedestrian_id": 68, "target_a_range": 435.0, "in_group_r_range": 2.0, "target": [16.0, -39.0], "friend_zone": [42, 13, 34, 2, 31, 64, 21, 55, 45, 41, 17, 27, 3, 60, 33, 59, 66, 46, 11, 61, 40, 10, 52, 19, 47, 39, 32, 48, 23, 16, 50, 14, 9, 44], "in_group_a_range": 2.8, "out_group_r_range": 2.0, "out_group_r_strength": 56.0, "attractor_count": 34, "target_a_strength": 22000000000.0, "out_group_a_range": 2.8, "radius": 0.3, "in_group_r_strength": 40.0, "in_group_a_strength": 20.0, "position": [13.134314847210423, 65.04249140838024], "group_id": 0}, {"out_group_a_strength": 14.285714285714286, "pedestrian_id": 69, "target_a_range": 435.0, "in_group_r_range": 2.0, "target": [16.0, -39.0], "friend_zone": [0, 22, 40, 36, 26, 59, 67, 29, 15, 33, 53, 57, 51, 63, 60, 14, 23, 28, 48, 46, 38, 7, 65, 64, 10, 3, 19, 12, 52, 32, 6, 2, 11, 20], "in_group_a_range": 2.8, "out_group_r_range": 2.0, "out_group_r_strength": 56.0, "attractor_count": 34, "target_a_strength": 22000000000.0, "out_group_a_range": 2.8, "radius": 0.3, "in_group_r_strength": 40.0, "in_group_a_strength": 20.0, "position": [9.850660367561785, 52.69133164375808], "group_id": 0}, {"out_group_a_strength": 14.285714285714286, "pedestrian_id": 70, "target_a_range": 435.0, "in_group_r_range": 2.0, "target": [16.0, -39.0], "friend_zone": [55, 52, 46, 30, 6, 40, 27, 42, 53, 48, 11, 5, 2, 0, 57, 28, 26, 12, 61, 39, 15, 21, 33, 66, 64, 18, 23, 32, 49, 35, 3, 36, 20, 51], "in_group_a_range": 2.8, "out_group_r_range": 2.0, "out_group_r_strength": 56.0, "attractor_count": 34, "target_a_strength": 22000000000.0, "out_group_a_range": 2.8, "radius": 0.3, "in_group_r_strength": 40.0, "in_group_a_strength": 20.0, "position": [-6.374138610502564, 61.12844715435502], "group_id": 1}, {"out_group_a_strength": 14.285714285714286, "pedestrian_id": 71, "target_a_range": 435.0, "in_group_r_range": 2.0, "target": [16.0, -39.0], "friend_zone": [37, 54, 61, 8, 39, 21, 55, 1, 13, 46, 50, 11, 52, 15, 14, 32, 48, 57, 0, 5, 58, 16, 12, 28, 34, 56, 2, 66, 44, 38, 62, 7, 6, 33], "in_group_a_range": 2.8, "out_group_r_range": 2.0, "out_group_r_strength": 56.0, "attractor_count": 34, "target_a_strength": 22000000000.0, "out_group_a_range": 2.8, "radius": 0.3, "in_group_r_strength": 40.0, "in_group_a_strength": 20.0, "position": [3.3788679271269944, 67.01114163830962], "group_id": 1}]}