{"additional_id_existed_ped": {"0": [74], "1": [72, 75], "2": [73, 74, 75], "3": [72, 74], "4": [75], "5": [72], "6": [72, 73], "7": [72, 73, 74], "8": [72], "9": [73], "10": [72], "11": [72, 75], "12": [72, 74], "13": [72, 73, 74, 75], "14": [72, 73, 75], "15": [72, 74, 75], "16": [], "17": [72, 73, 75], "18": [], "19": [72, 75], "20": [73, 74], "21": [73], "22": [74, 75], "23": [73, 75], "24": [74, 75], "25": [73, 75], "26": [72, 73, 74, 75], "27": [72, 73], "28": [73, 74, 75], "29": [73, 74, 75], "30": [72, 73, 74, 75], "31": [72, 73, 74], "32": [72, 73, 74, 75], "33": [74], "34": [72, 74, 75], "35": [74, 75], "36": [], "37": [73, 74, 75], "38": [73, 74], "39": [73], "40": [73, 75], "41": [74], "42": [72, 75], "43": [72, 73], "44": [72, 73, 74], "45": [73], "46": [72], "47": [74, 75], "48": [75], "49": [72], "50": [], "51": [73, 74, 75], "52": [73, 74, 75], "53": [72, 73], "54": [72], "55": [73], "56": [72], "57": [72, 74, 75], "58": [72, 73, 74], "59": [75], "60": [74, 75], "61": [72, 73, 75], "62": [72, 75], "63": [73, 74, 75], "64": [75], "65": [72, 74], "66": [72, 73, 74, 75], "67": [74], "68": [74, 75], "69": [73, 74], "70": [72, 73, 74], "71": [72, 73]}, "frame_second": "1300", "pedestrian_list": [{"out_group_a_strength": 14.285714285714286, "pedestrian_id": 72, "target_a_range": 435.0, "in_group_r_range": 2.0, "target": [16.0, -39.0], "friend_zone": [50, 63, 5, 42, 71, 26, 20, 15, 29, 4, 48, 0, 14, 22, 44, 61, 28, 51, 19, 53, 39, 11, 9, 41, 58, 13, 59, 54, 34, 17, 23, 43, 38, 7, 45, 69], "in_group_a_range": 2.8, "out_group_r_range": 2.0, "out_group_r_strength": 56.0, "attractor_count": 36, "target_a_strength": 22000000000.0, "out_group_a_range": 2.8, "radius": 0.3, "in_group_r_strength": 40.0, "in_group_a_strength": 20.0, "position": [-3.1277986751210847, 69.60820159500535], "group_id": 0}, {"out_group_a_strength": 14.285714285714286, "pedestrian_id": 73, "target_a_range": 435.0, "in_group_r_range": 2.0, "target": [16.0, -39.0], "friend_zone": [51, 39, 2, 44, 31, 46, 62, 25, 23, 47, 70, 7, 24, 29, 33, 55, 6, 0, 53, 11, 66, 63, 3, 71, 58, 50, 49, 26, 9, 14, 22, 68, 57, 20, 5, 60], "in_group_a_range": 2.8, "out_group_r_range": 2.0, "out_group_r_strength": 56.0, "attractor_count": 36, "target_a_strength": 22000000000.0, "out_group_a_range": 2.8, "radius": 0.3, "in_group_r_strength": 40.0, "in_group_a_strength": 20.0, "position": [15.0909279197026, 40.98695508499704], "group_id": 0}, {"out_group_a_strength": 14.285714285714286, "pedestrian_id": 74, "target_a_range": 435.0, "in_group_r_range": 2.0, "target": [16.0, -39.0], "friend_zone": [9, 46, 39, 64, 61, 43, 38, 70, 60, 4, 57, 32, 14, 69, 65, 2, 68, 26, 21, 35, 20, 16, 15, 0, 53, 5, 59, 18, 11, 34, 29, 1, 54, 71, 49, 55], "in_group_a_range": 2.8, "out_group_r_range": 2.0, "out_group_r_strength": 56.0, "attractor_count": 36, "target_a_strength": 22000000000.0, "out_group_a_range": 2.8, "radius": 0.3, "in_group_r_strength": 40.0, "in_group_a_strength": 20.0, "position": [-7.658676804421711, 41.67289104491812], "group_id": 1}, {"out_group_a_strength": 14.285714285714286, "pedestrian_id": 75, "target_a_range": 435.0, "in_group_r_range": 2.0, "target": [16.0, -39.0], "friend_zone": [46, 64, 8, 10, 41, 71, 68, 14, 2, 33, 39, 29, 57, 52, 44, 61, 47, 30, 4, 69, 31, 42, 50, 7, 17, 49, 59, 3, 27, 11, 15, 56, 25, 36, 23, 24], "in_group_a_range": 2.8, "out_group_r_range": 2.0, "out_group_r_strength": 56.0, "attractor_count": 36, "target_a_strength": 22000000000.0, "out_group_a_range": 2.8, "radius": 0.3, "in_group_r_strength": 40.0, "in_group_a_strength": 20.0, "position": [12.494725577676544, 62.428871733517305], "group_id": 1}]}