{"additional_id_existed_ped": {"0": [83], "1": [80, 82, 83], "2": [83], "3": [81], "4": [82], "5": [81, 82], "6": [82, 83], "7": [80, 82], "8": [], "9": [81, 83], "10": [], "11": [82], "12": [80, 81, 83], "13": [80, 82, 83], "14": [82], "15": [80, 82, 83], "16": [81], "17": [82], "18": [83], "19": [81, 82, 83], "20": [81], "21": [80, 81, 82, 83], "22": [80, 81], "23": [80, 81, 83], "24": [81, 82, 83], "25": [80, 81, 83], "26": [80, 81], "27": [80, 83], "28": [82], "29": [80, 81, 82], "30": [81], "31": [81, 82, 83], "32": [81, 82, 83], "33": [80, 82, 83], "34": [], "35": [80, 82, 83], "36": [82], "37": [80, 82], "38": [80, 82, 83], "39": [82, 83], "40": [80, 82], "41": [80, 81], "42": [80, 81, 83], "43": [81, 82, 83], "44": [81], "45": [81, 82], "46": [80, 82], "47": [], "48": [], "49": [80, 81, 83], "50": [80, 81, 82, 83], "51": [80, 81], "52": [80, 81, 82], "53": [80, 81, 83], "54": [80, 83], "55": [80, 81, 82], "56": [80], "57": [81, 82], "58": [81], "59": [83], "60": [80], "61": [], "62": [80, 82, 83], "63": [80, 81], "64": [80, 81, 83], "65": [80, 81, 83], "66": [80, 81], "67": [80, 81, 82, 83], "68": [80, 82, 83], "69": [80, 83], "70": [82], "71": [80, 82, 83], "72": [80, 82, 83], "73": [81, 82, 83], "74": [81, 83], "75": [80, 81, 83], "76": [82, 83], "77": [81], "78": [81, 82], "79": []}, "frame_second": "1500", "pedestrian_list": [{"out_group_a_strength": 14.285714285714286, "pedestrian_id": 80, "target_a_range": 435.0, "in_group_r_range": 2.0, "target": [16.0, -39.0], "friend_zone": [61, 77, 32, 49, 26, 48, 44, 29, 16, 33, 52, 24, 9, 59, 60, 40, 66, 69, 30, 11, 63, 73, 0, 70, 76, 12, 47, 21, 19, 41, 53, 15, 56, 34, 38, 22, 64, 45, 31, 58], "in_group_a_range": 2.8, "out_group_r_range": 2.0, "out_group_r_strength": 56.0, "attractor_count": 40, "target_a_strength": 22000000000.0, "out_group_a_range": 2.8, "radius": 0.3, "in_group_r_strength": 40.0, "in_group_a_strength": 20.0, "position": [9.880643573333664, 59.83011410967821], "group_id": 0}, {"out_group_a_strength": 14.285714285714286, "pedestrian_id": 81, "target_a_range": 435.0, "in_group_r_range": 2.0, "target": [16.0, -39.0], "friend_zone": [76, 20, 30, 32, 59, 69, 7, 36, 55, 16, 42, 78, 15, 33, 5, 43, 19, 17, 14, 34, 18, 75, 25, 74, 21, 53, 31, 44, 72, 50, 38, 29, 65, 46, 61, 8, 49, 4, 23, 28], "in_group_a_range": 2.8, "out_group_r_range": 2.0, "out_group_r_strength": 56.0, "attractor_count": 40, "target_a_strength": 22000000000.0, "out_group_a_range": 2.8, "radius": 0.3, "in_group_r_strength": 40.0, "in_group_a_strength": 20.0, "position": [11.819359349056286, 42.29214209976003], "group_id": 0}, {"out_group_a_strength": 14.285714285714286, "pedestrian_id": 82, "target_a_range": 435.0, "in_group_r_range": 2.0, "target": [16.0, -39.0], "friend_zone": [31, 34, 19, 62, 40, 10, 6, 48, 33, 58, 0, 15, 27, 9, 11, 42, 49, 23, 43, 51, 66, 50, 41, 32, 56, 16, 18, 47, 2, 1, 75, 24, 60, 73, 54, 17, 37, 46, 74, 38], "in_group_a_range": 2.8, "out_group_r_range": 2.0, "out_group_r_strength": 56.0, "attractor_count": 40, "target_a_strength": 22000000000.0, "out_group_a_range": 2.8, "radius": 0.3, "in_group_r_strength": 40.0, "in_group_a_strength": 20.0, "position": [17.01369013281666, 63.739077331227406], "group_id": 1}, {"out_group_a_strength": 14.285714285714286, "pedestrian_id": 83, "target_a_range": 435.0, "in_group_r_range": 2.0, "target": [16.0, -39.0], "friend_zone": [67, 52, 6, 4, 76, 51, 43, 34, 69, 2, 71, 73, 47, 28, 7, 36, 46, 14, 18, 60, 9, 19, 10, 3, 0, 32, 65, 45, 29, 35, 31, 5, 23, 21, 13, 26, 17, 8, 70, 20], "in_group_a_range": 2.8, "out_group_r_range": 2.0, "out_group_r_strength": 56.0, "attractor_count": 40, "target_a_strength": 22000000000.0, "out_group_a_range": 2.8, "radius": 0.3, "in_group_r_strength": 40.0, "in_group_a_strength": 20.0, "position": [-5.053736862419421, 45.56808967106758], "group_id": 1}]}