{"additional_id_existed_ped": {"0": [84, 86, 87], "1": [84, 85], "2": [84, 85, 86], "3": [84, 85, 86], "4": [84, 85, 86], "5": [84], "6": [85, 86], "7": [84, 86, 87], "8": [86], "9": [86, 87], "10": [85, 87], "11": [85, 87], "12": [84, 85, 86, 87], "13": [87], "14": [84, 86, 87], "15": [87], "16": [85], "17": [85, 87], "18": [], "19": [84, 86], "20": [84, 86, 87], "21": [85], "22": [85, 86], "23": [84, 85], "24": [86, 87], "25": [85, 86, 87], "26": [85, 86, 87], "27": [84], "28": [84, 85, 86, 87], "29": [84, 85], "30": [84, 85], "31": [85], "32": [84, 85, 86], "33": [84, 85, 87], "34": [86], "35": [84, 87], "36": [86, 87], "37": [85, 87], "38": [84, 85, 86, 87], "39": [85, 86], "40": [84, 87], "41": [87], "42": [85, 87], "43": [84, 85, 86, 87], "44": [85, 86], "45": [85, 86], "46": [84, 85], "47": [84], "48": [84, 86, 87], "49": [84, 86], "50": [85, 87], "51": [85], "52": [84, 85, 86, 87], "53": [84, 87], "54": [84, 86, 87], "55": [], "56": [84], "57": [85, 87], "58": [84, 86], "59": [84, 85, 86, 87], "60": [86, 87], "61": [84, 86], "62": [87], "63": [84, 85], "64": [], "65": [84, 85, 87], "66": [86], "67": [], "68": [], "69": [], "70": [84, 86, 87], "71": [85, 86, 87], "72": [87], "73": [86], "74": [85], "75": [87], "76": [84, 86], "77": [84, 86], "78": [85, 86, 87], "79": [], "80": [84, 85, 86], "81": [84, 85, 87], "82": [84, 87], "83": [84, 85, 86, 87]}, "frame_second": "1600", "pedestrian_list": [{"out_group_a_strength": 14.285714285714286, "pedestrian_id": 84, "target_a_range": 435.0, "in_group_r_range": 2.0, "target": [16.0, -39.0], "friend_zone": [17, 81, 57, 24, 82, 23, 14, 15, 5, 36, 79, 61, 41, 60, 34, 8, 25, 78, 7, 27, 74, 42, 29, 68, 75, 53, 49, 56, 69, 63, 71, 32, 33, 20, 47, 44, 72, 52, 9, 22, 55, 59], "in_group_a_range": 2.8, "out_group_r_range": 2.0, "out_group_r_strength": 56.0, "attractor_count": 42, "target_a_strength": 22000000000.0, "out_group_a_range": 2.8, "radius": 0.3, "in_group_r_strength": 40.0, "in_group_a_strength": 20.0, "position": [-3.7695201175645474, 70.88339039022532], "group_id": 0}, {"out_group_a_strength": 14.285714285714286, "pedestrian_id": 85, "target_a_range": 435.0, "in_group_r_range": 2.0, "target": [16.0, -39.0], "friend_zone": [15, 10, 61, 75, 79, 5, 40, 64, 51, 16, 42, 13, 71, 25, 48, 68, 8, 2, 35, 38, 39, 11, 30, 80, 63, 31, 45, 14, 28, 43, 17, 82, 12, 77, 44, 56, 69, 78, 53, 27, 4, 54], "in_group_a_range": 2.8, "out_group_r_range": 2.0, "out_group_r_strength": 56.0, "attractor_count": 42, "target_a_strength": 22000000000.0, "out_group_a_range": 2.8, "radius": 0.3, "in_group_r_strength": 40.0, "in_group_a_strength": 20.0, "position": [-5.0676448120305695, 55.310152340569736], "group_id": 0}, {"out_group_a_strength": 14.285714285714286, "pedestrian_id": 86, "target_a_range": 435.0, "in_group_r_range": 2.0, "target": [16.0, -39.0], "friend_zone": [44, 5, 73, 65, 69, 49, 16, 38, 9, 61, 75, 21, 53, 28, 74, 11, 62, 64, 32, 57, 6, 50, 78, 2, 42, 58, 59, 37, 43, 29, 66, 7, 4, 19, 8, 26, 51, 31, 27, 52, 77, 1], "in_group_a_range": 2.8, "out_group_r_range": 2.0, "out_group_r_strength": 56.0, "attractor_count": 42, "target_a_strength": 22000000000.0, "out_group_a_range": 2.8, "radius": 0.3, "in_group_r_strength": 40.0, "in_group_a_strength": 20.0, "position": [5.302531805074211, 54.63650888913002], "group_id": 1}, {"out_group_a_strength": 14.285714285714286, "pedestrian_id": 87, "target_a_range": 435.0, "in_group_r_range": 2.0, "target": [16.0, -39.0], "friend_zone": [42, 24, 60, 40, 47, 27, 17, 75, 57, 32, 61, 23, 33, 30, 78, 4, 2, 14, 5, 39, 80, 56, 12, 6, 19, 9, 73, 54, 77, 55, 58, 51, 29, 38, 0, 28, 20, 22, 21, 25, 37, 10], "in_group_a_range": 2.8, "out_group_r_range": 2.0, "out_group_r_strength": 56.0, "attractor_count": 42, "target_a_strength": 22000000000.0, "out_group_a_range": 2.8, "radius": 0.3, "in_group_r_strength": 40.0, "in_group_a_strength": 20.0, "position": [-1.8186145563856242, 70.22986750211277], "group_id": 1}]}