{"additional_id_existed_ped": {"0": [96, 98, 99], "1": [96], "2": [96, 97, 98, 99], "3": [96, 98, 99], "4": [97], "5": [98], "6": [97, 98, 99], "7": [97, 99], "8": [96, 97, 99], "9": [97, 98], "10": [96, 98], "11": [98], "12": [97], "13": [96, 97], "14": [96, 97], "15": [98], "16": [], "17": [98], "18": [98, 99], "19": [96], "20": [96, 99], "21": [97], "22": [96, 97, 99], "23": [96, 97, 98], "24": [96, 98], "25": [96, 98, 99], "26": [98], "27": [97, 98, 99], "28": [97], "29": [96, 97], "30": [96, 97, 99], "31": [96, 98, 99], "32": [98], "33": [96, 99], "34": [99], "35": [99], "36": [96, 97, 98], "37": [96, 97], "38": [97, 99], "39": [97, 98], "40": [98], "41": [], "42": [96, 97, 98], "43": [97], "44": [96, 98], "45": [96, 97, 99], "46": [98, 99], "47": [96, 99], "48": [96, 97, 98, 99], "49": [97, 99], "50": [96, 98, 99], "51": [96, 99], "52": [97, 98, 99], "53": [96, 99], "54": [], "55": [97, 99], "56": [97, 98], "57": [], "58": [97, 99], "59": [96, 99], "60": [98, 99], "61": [96, 97, 98, 99], "62": [96, 97, 98], "63": [96, 98, 99], "64": [98, 99], "65": [96, 97], "66": [97, 98, 99], "67": [96, 97, 99], "68": [98], "69": [96, 97, 98, 99], "70": [96, 97, 98], "71": [96], "72": [97], "73": [96, 97, 99], "74": [96, 98, 99], "75": [96, 97, 99], "76": [97, 99], "77": [96, 97, 98, 99], "78": [98], "79": [97, 98], "80": [], "81": [97, 98], "82": [98], "83": [96, 99], "84": [96, 97, 98], "85": [96, 98], "86": [97, 99], "87": [], "88": [97, 99], "89": [], "90": [99], "91": [96, 97, 98], "92": [96, 98, 99], "93": [96, 99], "94": [96], "95": [97, 98, 99]}, "frame_second": "1900", "pedestrian_list": [{"out_group_a_strength": 14.285714285714286, "pedestrian_id": 96, "target_a_range": 435.0, "in_group_r_range": 2.0, "target": [16.0, -39.0], "friend_zone": [36, 5, 71, 27, 55, 49, 89, 14, 50, 73, 40, 90, 77, 54, 41, 68, 75, 32, 29, 69, 85, 48, 79, 61, 52, 23, 26, 17, 62, 63, 67, 22, 4, 83, 8, 91, 6, 19, 53, 42, 47, 16, 56, 33, 0, 24, 39, 46], "in_group_a_range": 2.8, "out_group_r_range": 2.0, "out_group_r_strength": 56.0, "attractor_count": 48, "target_a_strength": 22000000000.0, "out_group_a_range": 2.8, "radius": 0.3, "in_group_r_strength": 40.0, "in_group_a_strength": 20.0, "position": [-5.094879712560059, 44.89299032955058], "group_id": 0}, {"out_group_a_strength": 14.285714285714286, "pedestrian_id": 97, "target_a_range": 435.0, "in_group_r_range": 2.0, "target": [16.0, -39.0], "friend_zone": [49, 77, 11, 59, 22, 3, 86, 12, 23, 51, 37, 53, 84, 16, 38, 1, 52, 10, 21, 60, 90, 19, 93, 39, 42, 13, 4, 24, 92, 47, 76, 20, 28, 64, 43, 71, 45, 31, 70, 50, 8, 73, 62, 34, 30, 54, 9, 7], "in_group_a_range": 2.8, "out_group_r_range": 2.0, "out_group_r_strength": 56.0, "attractor_count": 48, "target_a_strength": 22000000000.0, "out_group_a_range": 2.8, "radius": 0.3, "in_group_r_strength": 40.0, "in_group_a_strength": 20.0, "position": [9.8580541342526, 47.505641458837815], "group_id": 0}, {"out_group_a_strength": 14.285714285714286, "pedestrian_id": 98, "target_a_range": 435.0, "in_group_r_range": 2.0, "target": [16.0, -39.0], "friend_zone": [10, 73, 66, 0, 49, 72, 23, 47, 52, 34, 84, 93, 27, 76, 24, 32, 50, 21, 85, 62, 4, 89, 75, 26, 65, 2, 77, 45, 39, 53, 74, 3, 25, 64, 15, 86, 31, 59, 58, 13, 16, 83, 1, 54, 48, 80, 90, 37], "in_group_a_range": 2.8, "out_group_r_range": 2.0, "out_group_r_strength": 56.0, "attractor_count": 48, "target_a_strength": 22000000000.0, "out_group_a_range": 2.8, "radius": 0.3, "in_group_r_strength": 40.0, "in_group_a_strength": 20.0, "position": [-3.1323166402266858, 68.28946130256267], "group_id": 1}, {"out_group_a_strength": 14.285714285714286, "pedestrian_id": 99, "target_a_range": 435.0, "in_group_r_range": 2.0, "target": [16.0, -39.0], "friend_zone": [46, 67, 76, 15, 38, 80, 3, 61, 75, 23, 86, 88, 60, 59, 89, 78, 28, 40, 66, 85, 31, 92, 27, 2, 65, 64, 77, 53, 58, 21, 0, 57, 1, 39, 16, 83, 93, 55, 20, 14, 42, 48, 45, 7, 68, 84, 34, 71], "in_group_a_range": 2.8, "out_group_r_range": 2.0, "out_group_r_strength": 56.0, "attractor_count": 48, "target_a_strength": 22000000000.0, "out_group_a_range": 2.8, "radius": 0.3, "in_group_r_strength": 40.0, "in_group_a_strength": 20.0, "position": [4.670579048840538, 36.42811593237345], "group_id": 1}]}