{"additional_id_existed_ped": {"0": [100, 101, 102], "1": [103], "2": [100, 101, 103], "3": [102], "4": [100, 102], "5": [100, 103], "6": [101, 103], "7": [102, 103], "8": [102], "9": [101, 102], "10": [101, 103], "11": [103], "12": [102, 103], "13": [103], "14": [], "15": [103], "16": [103], "17": [102, 103], "18": [100, 103], "19": [100, 101, 102], "20": [101, 103], "21": [101], "22": [100], "23": [103], "24": [100, 101, 103], "25": [101, 103], "26": [100], "27": [103], "28": [100, 101], "29": [101, 102], "30": [100, 102, 103], "31": [101], "32": [100, 102, 103], "33": [101, 102, 103], "34": [100, 102], "35": [102], "36": [100, 101, 102], "37": [100, 101, 103], "38": [102], "39": [102], "40": [100, 102, 103], "41": [100, 101, 103], "42": [100, 101], "43": [100, 102, 103], "44": [100, 101, 103], "45": [101, 102], "46": [102], "47": [100, 101, 102], "48": [100, 102], "49": [100, 103], "50": [101], "51": [100, 101, 102], "52": [100, 101], "53": [101, 102, 103], "54": [100, 101, 102], "55": [101, 103], "56": [100, 102], "57": [100, 101, 102], "58": [101, 103], "59": [100, 103], "60": [103], "61": [100, 102, 103], "62": [100, 102, 103], "63": [102, 103], "64": [100, 102], "65": [100], "66": [101, 102], "67": [100, 101, 102, 103], "68": [100, 103], "69": [100, 102], "70": [101], "71": [102], "72": [100, 101, 102, 103], "73": [101, 102], "74": [102, 103], "75": [100, 101, 102], "76": [100, 102, 103], "77": [101, 102], "78": [100, 102, 103], "79": [101], "80": [101, 103], "81": [102], "82": [101], "83": [], "84": [101, 102], "85": [100, 101, 103], "86": [100, 101], "87": [100, 103], "88": [101], "89": [102, 103], "90": [101, 103], "91": [100, 101], "92": [100, 101, 103], "93": [100], "94": [102], "95": [100, 101, 102, 103], "96": [103], "97": [100, 101, 102], "98": [100, 101], "99": [100, 101, 103]}, "frame_second": "2000", "pedestrian_list": [{"out_group_a_strength": 14.285714285714286, "pedestrian_id": 100, "target_a_range": 435.0, "in_group_r_range": 2.0, "target": [16.0, -39.0], "friend_zone": [39, 19, 69, 12, 20, 85, 97, 16, 58, 10, 30, 22, 64, 98, 59, 96, 60, 53, 18, 99, 6, 91, 23, 0, 62, 93, 34, 4, 83, 35, 52, 44, 55, 88, 46, 81, 50, 90, 54, 26, 70, 92, 94, 65, 43, 36, 67, 40, 61, 78], "in_group_a_range": 2.8, "out_group_r_range": 2.0, "out_group_r_strength": 56.0, "attractor_count": 50, "target_a_strength": 22000000000.0, "out_group_a_range": 2.8, "radius": 0.3, "in_group_r_strength": 40.0, "in_group_a_strength": 20.0, "position": [1.412992438043871, 48.79501138566217], "group_id": 0}, {"out_group_a_strength": 14.285714285714286, "pedestrian_id": 101, "target_a_range": 435.0, "in_group_r_range": 2.0, "target": [16.0, -39.0], "friend_zone": [7, 95, 81, 62, 67, 26, 76, 82, 49, 69, 89, 53, 35, 47, 71, 92, 31, 57, 4, 63, 59, 12, 94, 23, 40, 78, 51, 66, 86, 97, 8, 37, 61, 56, 80, 24, 28, 60, 27, 45, 34, 14, 87, 32, 18, 75, 83, 20, 96, 91], "in_group_a_range": 2.8, "out_group_r_range": 2.0, "out_group_r_strength": 56.0, "attractor_count": 50, "target_a_strength": 22000000000.0, "out_group_a_range": 2.8, "radius": 0.3, "in_group_r_strength": 40.0, "in_group_a_strength": 20.0, "position": [2.079363882473496, 41.00280134398535], "group_id": 0}, {"out_group_a_strength": 14.285714285714286, "pedestrian_id": 102, "target_a_range": 435.0, "in_group_r_range": 2.0, "target": [16.0, -39.0], "friend_zone": [22, 76, 84, 20, 43, 57, 66, 93, 6, 47, 90, 26, 25, 96, 68, 53, 29, 92, 77, 74, 35, 65, 91, 51, 39, 89, 12, 85, 32, 67, 10, 49, 9, 33, 62, 27, 37, 23, 3, 52, 98, 61, 70, 19, 28, 48, 55, 16, 56, 88], "in_group_a_range": 2.8, "out_group_r_range": 2.0, "out_group_r_strength": 56.0, "attractor_count": 50, "target_a_strength": 22000000000.0, "out_group_a_range": 2.8, "radius": 0.3, "in_group_r_strength": 40.0, "in_group_a_strength": 20.0, "position": [19.643659903307928, 42.30709085796801], "group_id": 1}, {"out_group_a_strength": 14.285714285714286, "pedestrian_id": 103, "target_a_range": 435.0, "in_group_r_range": 2.0, "target": [16.0, -39.0], "friend_zone": [94, 96, 5, 22, 42, 67, 45, 9, 25, 18, 65, 84, 29, 68, 15, 6, 86, 63, 54, 90, 49, 30, 56, 10, 69, 2, 21, 82, 13, 39, 75, 12, 79, 33, 60, 99, 83, 61, 44, 41, 35, 81, 98, 36, 16, 52, 23, 74, 95, 7], "in_group_a_range": 2.8, "out_group_r_range": 2.0, "out_group_r_strength": 56.0, "attractor_count": 50, "target_a_strength": 22000000000.0, "out_group_a_range": 2.8, "radius": 0.3, "in_group_r_strength": 40.0, "in_group_a_strength": 20.0, "position": [18.336575687137028, 62.42948028121877], "group_id": 1}]}