{"additional_id_existed_ped": {"0": [28, 29], "1": [31], "2": [29, 31], "3": [28, 29, 30, 31], "4": [], "5": [29, 30, 31], "6": [28, 29, 30], "7": [28, 29, 30], "8": [28, 29, 30, 31], "9": [29, 31], "10": [29, 30], "11": [], "12": [28, 29, 31], "13": [28, 31], "14": [30, 31], "15": [28, 29, 31], "16": [28, 30], "17": [28, 29, 30], "18": [29, 30, 31], "19": [28, 31], "20": [31], "21": [28, 29], "22": [30], "23": [31], "24": [30], "25": [28, 30], "26": [28, 30], "27": []}, "frame_second": "200", "pedestrian_list": [{"out_group_a_strength": 14.285714285714286, "pedestrian_id": 28, "target_a_range": 435.0, "in_group_r_range": 2.0, "target": [16.0, -39.0], "friend_zone": [26, 11, 2, 13, 8, 16, 23, 22, 0, 12, 7, 14, 19, 4], "in_group_a_range": 2.8, "out_group_r_range": 2.0, "out_group_r_strength": 56.0, "attractor_count": 14, "target_a_strength": 22000000000.0, "out_group_a_range": 2.8, "radius": 0.3, "in_group_r_strength": 40.0, "in_group_a_strength": 20.0, "position": [13.10065565329031, 61.13749096002723], "group_id": 0}, {"out_group_a_strength": 14.285714285714286, "pedestrian_id": 29, "target_a_range": 435.0, "in_group_r_range": 2.0, "target": [16.0, -39.0], "friend_zone": [5, 27, 14, 6, 4, 21, 1, 3, 7, 12, 0, 22, 25, 16], "in_group_a_range": 2.8, "out_group_r_range": 2.0, "out_group_r_strength": 56.0, "attractor_count": 14, "target_a_strength": 22000000000.0, "out_group_a_range": 2.8, "radius": 0.3, "in_group_r_strength": 40.0, "in_group_a_strength": 20.0, "position": [15.7469706665432, 63.76286323860983], "group_id": 0}, {"out_group_a_strength": 14.285714285714286, "pedestrian_id": 30, "target_a_range": 435.0, "in_group_r_range": 2.0, "target": [16.0, -39.0], "friend_zone": [12, 11, 9, 25, 19, 20, 5, 3, 18, 15, 6, 24, 23, 17], "in_group_a_range": 2.8, "out_group_r_range": 2.0, "out_group_r_strength": 56.0, "attractor_count": 14, "target_a_strength": 22000000000.0, "out_group_a_range": 2.8, "radius": 0.3, "in_group_r_strength": 40.0, "in_group_a_strength": 20.0, "position": [-1.1785274866848388, 53.32961991973646], "group_id": 1}, {"out_group_a_strength": 14.285714285714286, "pedestrian_id": 31, "target_a_range": 435.0, "in_group_r_range": 2.0, "target": [16.0, -39.0], "friend_zone": [21, 3, 9, 5, 22, 16, 11, 10, 15, 12, 4, 8, 14, 24], "in_group_a_range": 2.8, "out_group_r_range": 2.0, "out_group_r_strength": 56.0, "attractor_count": 14, "target_a_strength": 22000000000.0, "out_group_a_range": 2.8, "radius": 0.3, "in_group_r_strength": 40.0, "in_group_a_strength": 20.0, "position": [-4.402604635827525, 53.3705600608426], "group_id": 1}]}