{"additional_id_existed_ped": {"0": [32], "1": [33, 34], "2": [35], "3": [33], "4": [32], "5": [35], "6": [34], "7": [32, 35], "8": [33], "9": [32, 34, 35], "10": [33, 35], "11": [34], "12": [32, 34], "13": [33, 34], "14": [35], "15": [33, 34, 35], "16": [32, 33], "17": [33, 34], "18": [32, 33, 35], "19": [32, 33, 35], "20": [32, 33, 34, 35], "21": [32, 33, 34, 35], "22": [32, 33], "23": [33, 34, 35], "24": [32, 34], "25": [32, 35], "26": [35], "27": [32, 33], "28": [33, 34, 35], "29": [34], "30": [32, 34, 35], "31": [32, 34]}, "frame_second": "300", "pedestrian_list": [{"out_group_a_strength": 14.285714285714286, "pedestrian_id": 32, "target_a_range": 435.0, "in_group_r_range": 2.0, "target": [16.0, -39.0], "friend_zone": [13, 14, 20, 22, 2, 24, 10, 1, 27, 4, 19, 18, 26, 28, 6, 21], "in_group_a_range": 2.8, "out_group_r_range": 2.0, "out_group_r_strength": 56.0, "attractor_count": 16, "target_a_strength": 22000000000.0, "out_group_a_range": 2.8, "radius": 0.3, "in_group_r_strength": 40.0, "in_group_a_strength": 20.0, "position": [19.61902450084663, 48.79809096360871], "group_id": 0}, {"out_group_a_strength": 14.285714285714286, "pedestrian_id": 33, "target_a_range": 435.0, "in_group_r_range": 2.0, "target": [16.0, -39.0], "friend_zone": [31, 19, 8, 22, 23, 26, 28, 5, 6, 3, 16, 10, 21, 9, 17, 14], "in_group_a_range": 2.8, "out_group_r_range": 2.0, "out_group_r_strength": 56.0, "attractor_count": 16, "target_a_strength": 22000000000.0, "out_group_a_range": 2.8, "radius": 0.3, "in_group_r_strength": 40.0, "in_group_a_strength": 20.0, "position": [-7.042665597140525, 43.581947938159324], "group_id": 0}, {"out_group_a_strength": 14.285714285714286, "pedestrian_id": 34, "target_a_range": 435.0, "in_group_r_range": 2.0, "target": [16.0, -39.0], "friend_zone": [21, 31, 17, 6, 8, 24, 14, 15, 7, 3, 12, 16, 5, 18, 20, 22], "in_group_a_range": 2.8, "out_group_r_range": 2.0, "out_group_r_strength": 56.0, "attractor_count": 16, "target_a_strength": 22000000000.0, "out_group_a_range": 2.8, "radius": 0.3, "in_group_r_strength": 40.0, "in_group_a_strength": 20.0, "position": [7.910577001743879, 59.20132735027684], "group_id": 1}, {"out_group_a_strength": 14.285714285714286, "pedestrian_id": 35, "target_a_range": 435.0, "in_group_r_range": 2.0, "target": [16.0, -39.0], "friend_zone": [21, 10, 27, 1, 11, 9, 28, 31, 7, 26, 16, 12, 29, 0, 30, 3], "in_group_a_range": 2.8, "out_group_r_range": 2.0, "out_group_r_strength": 56.0, "attractor_count": 16, "target_a_strength": 22000000000.0, "out_group_a_range": 2.8, "radius": 0.3, "in_group_r_strength": 40.0, "in_group_a_strength": 20.0, "position": [6.63738361344294, 61.79537149583283], "group_id": 1}]}