{"additional_id_existed_ped": {"0": [45], "1": [44, 47], "2": [45, 46, 47], "3": [46], "4": [44, 45, 46], "5": [44, 45, 47], "6": [45, 46], "7": [44, 47], "8": [44, 46, 47], "9": [45], "10": [47], "11": [45], "12": [44, 45], "13": [44, 46], "14": [45], "15": [47], "16": [44, 45, 47], "17": [45, 46], "18": [], "19": [44, 45], "20": [44, 46, 47], "21": [44, 45, 46, 47], "22": [46, 47], "23": [44, 46], "24": [44, 45, 47], "25": [45, 46, 47], "26": [44], "27": [], "28": [47], "29": [45], "30": [46, 47], "31": [44, 45, 46, 47], "32": [44, 46], "33": [44, 46, 47], "34": [45, 47], "35": [44, 45, 46], "36": [47], "37": [46], "38": [46, 47], "39": [44, 45], "40": [45, 46], "41": [44, 46, 47], "42": [44, 47], "43": [44, 45, 46]}, "frame_second": "600", "pedestrian_list": [{"out_group_a_strength": 14.285714285714286, "pedestrian_id": 44, "target_a_range": 435.0, "in_group_r_range": 2.0, "target": [16.0, -39.0], "friend_zone": [41, 22, 24, 15, 11, 26, 13, 37, 31, 33, 10, 4, 19, 32, 40, 35, 0, 28, 2, 36, 5, 1], "in_group_a_range": 2.8, "out_group_r_range": 2.0, "out_group_r_strength": 56.0, "attractor_count": 22, "target_a_strength": 22000000000.0, "out_group_a_range": 2.8, "radius": 0.3, "in_group_r_strength": 40.0, "in_group_a_strength": 20.0, "position": [11.81915260254528, 61.171638991603125], "group_id": 0}, {"out_group_a_strength": 14.285714285714286, "pedestrian_id": 45, "target_a_range": 435.0, "in_group_r_range": 2.0, "target": [16.0, -39.0], "friend_zone": [43, 24, 8, 38, 36, 6, 13, 3, 22, 21, 15, 40, 14, 32, 18, 11, 33, 5, 23, 27, 10, 26], "in_group_a_range": 2.8, "out_group_r_range": 2.0, "out_group_r_strength": 56.0, "attractor_count": 22, "target_a_strength": 22000000000.0, "out_group_a_range": 2.8, "radius": 0.3, "in_group_r_strength": 40.0, "in_group_a_strength": 20.0, "position": [-9.637147238438912, 40.349560069503944], "group_id": 0}, {"out_group_a_strength": 14.285714285714286, "pedestrian_id": 46, "target_a_range": 435.0, "in_group_r_range": 2.0, "target": [16.0, -39.0], "friend_zone": [43, 9, 32, 36, 26, 34, 11, 3, 30, 40, 35, 10, 17, 4, 13, 39, 20, 18, 38, 14, 25, 31], "in_group_a_range": 2.8, "out_group_r_range": 2.0, "out_group_r_strength": 56.0, "attractor_count": 22, "target_a_strength": 22000000000.0, "out_group_a_range": 2.8, "radius": 0.3, "in_group_r_strength": 40.0, "in_group_a_strength": 20.0, "position": [2.062000708108273, 63.77162906153106], "group_id": 1}, {"out_group_a_strength": 14.285714285714286, "pedestrian_id": 47, "target_a_range": 435.0, "in_group_r_range": 2.0, "target": [16.0, -39.0], "friend_zone": [17, 9, 35, 15, 14, 5, 24, 23, 4, 26, 36, 33, 27, 40, 34, 32, 16, 2, 39, 29, 20, 0], "in_group_a_range": 2.8, "out_group_r_range": 2.0, "out_group_r_strength": 56.0, "attractor_count": 22, "target_a_strength": 22000000000.0, "out_group_a_range": 2.8, "radius": 0.3, "in_group_r_strength": 40.0, "in_group_a_strength": 20.0, "position": [12.452513833568528, 54.6313117454546], "group_id": 1}]}