{"additional_id_existed_ped": {"0": [], "1": [48, 49], "2": [48, 51], "3": [51], "4": [50], "5": [], "6": [50, 51], "7": [48, 49], "8": [48, 49, 50], "9": [48, 49, 50, 51], "10": [49, 50, 51], "11": [49, 50, 51], "12": [48, 49, 51], "13": [50, 51], "14": [48, 49, 50], "15": [49, 50, 51], "16": [49], "17": [50, 51], "18": [], "19": [48, 49], "20": [50, 51], "21": [], "22": [48], "23": [48], "24": [51], "25": [50], "26": [48, 50], "27": [], "28": [49, 50, 51], "29": [48, 50], "30": [49, 50], "31": [48, 51], "32": [48, 50, 51], "33": [48, 49], "34": [48, 50], "35": [48, 49, 50, 51], "36": [51], "37": [48, 49, 51], "38": [48, 51], "39": [49, 51], "40": [48], "41": [49, 51], "42": [48, 49, 50, 51], "43": [48, 49], "44": [48, 49, 50], "45": [48, 49, 50], "46": [49, 50, 51], "47": [49, 50, 51]}, "frame_second": "700", "pedestrian_list": [{"out_group_a_strength": 14.285714285714286, "pedestrian_id": 48, "target_a_range": 435.0, "in_group_r_range": 2.0, "target": [16.0, -39.0], "friend_zone": [21, 40, 29, 38, 30, 9, 2, 11, 20, 13, 10, 47, 33, 18, 22, 8, 25, 31, 35, 5, 42, 26, 24, 4], "in_group_a_range": 2.8, "out_group_r_range": 2.0, "out_group_r_strength": 56.0, "attractor_count": 24, "target_a_strength": 22000000000.0, "out_group_a_range": 2.8, "radius": 0.3, "in_group_r_strength": 40.0, "in_group_a_strength": 20.0, "position": [0.7886614818481037, 47.49115470307901], "group_id": 0}, {"out_group_a_strength": 14.285714285714286, "pedestrian_id": 49, "target_a_range": 435.0, "in_group_r_range": 2.0, "target": [16.0, -39.0], "friend_zone": [47, 2, 36, 44, 1, 14, 19, 24, 11, 25, 37, 43, 23, 20, 13, 3, 42, 16, 39, 40, 29, 35, 32, 34], "in_group_a_range": 2.8, "out_group_r_range": 2.0, "out_group_r_strength": 56.0, "attractor_count": 24, "target_a_strength": 22000000000.0, "out_group_a_range": 2.8, "radius": 0.3, "in_group_r_strength": 40.0, "in_group_a_strength": 20.0, "position": [9.87434894630175, 39.06096827557398], "group_id": 0}, {"out_group_a_strength": 14.285714285714286, "pedestrian_id": 50, "target_a_range": 435.0, "in_group_r_range": 2.0, "target": [16.0, -39.0], "friend_zone": [42, 35, 37, 18, 36, 5, 0, 33, 16, 43, 9, 39, 2, 13, 14, 47, 17, 7, 4, 45, 20, 24, 34, 15], "in_group_a_range": 2.8, "out_group_r_range": 2.0, "out_group_r_strength": 56.0, "attractor_count": 24, "target_a_strength": 22000000000.0, "out_group_a_range": 2.8, "radius": 0.3, "in_group_r_strength": 40.0, "in_group_a_strength": 20.0, "position": [5.982558981566408, 57.24436437389316], "group_id": 1}, {"out_group_a_strength": 14.285714285714286, "pedestrian_id": 51, "target_a_range": 435.0, "in_group_r_range": 2.0, "target": [16.0, -39.0], "friend_zone": [44, 11, 0, 33, 9, 15, 26, 43, 17, 35, 42, 10, 7, 31, 39, 34, 13, 29, 23, 3, 6, 21, 19, 28], "in_group_a_range": 2.8, "out_group_r_range": 2.0, "out_group_r_strength": 56.0, "attractor_count": 24, "target_a_strength": 22000000000.0, "out_group_a_range": 2.8, "radius": 0.3, "in_group_r_strength": 40.0, "in_group_a_strength": 20.0, "position": [-3.7519590721068337, 53.374265835383035], "group_id": 1}]}