{"additional_id_existed_ped": {"0": [52, 54, 55], "1": [54, 55], "2": [52, 55], "3": [53], "4": [52, 53, 55], "5": [54, 55], "6": [52, 53, 54, 55], "7": [52, 53], "8": [53, 54, 55], "9": [52, 54], "10": [53, 55], "11": [52, 53, 54, 55], "12": [52, 54, 55], "13": [52, 53, 54], "14": [54, 55], "15": [53], "16": [52, 53, 55], "17": [], "18": [53, 55], "19": [52], "20": [53, 54, 55], "21": [53], "22": [52, 53, 55], "23": [52, 54, 55], "24": [], "25": [52, 54], "26": [52, 53, 54], "27": [55], "28": [52, 53, 55], "29": [53, 55], "30": [54], "31": [54], "32": [52, 53, 55], "33": [52, 53], "34": [52, 54], "35": [52, 53, 54, 55], "36": [55], "37": [52, 53, 54, 55], "38": [], "39": [52, 53], "40": [53], "41": [55], "42": [53], "43": [52, 54], "44": [54], "45": [55], "46": [52, 55], "47": [52, 54], "48": [53, 54], "49": [53, 54], "50": [54], "51": [52, 54]}, "frame_second": "800", "pedestrian_list": [{"out_group_a_strength": 14.285714285714286, "pedestrian_id": 52, "target_a_range": 435.0, "in_group_r_range": 2.0, "target": [16.0, -39.0], "friend_zone": [50, 31, 32, 45, 22, 23, 39, 11, 36, 29, 38, 3, 20, 37, 18, 9, 27, 15, 43, 42, 24, 51, 8, 14, 5, 6], "in_group_a_range": 2.8, "out_group_r_range": 2.0, "out_group_r_strength": 56.0, "attractor_count": 26, "target_a_strength": 22000000000.0, "out_group_a_range": 2.8, "radius": 0.3, "in_group_r_strength": 40.0, "in_group_a_strength": 20.0, "position": [5.995514321829056, 69.62439863245248], "group_id": 0}, {"out_group_a_strength": 14.285714285714286, "pedestrian_id": 53, "target_a_range": 435.0, "in_group_r_range": 2.0, "target": [16.0, -39.0], "friend_zone": [14, 44, 3, 1, 33, 29, 6, 2, 48, 32, 30, 15, 27, 45, 16, 17, 26, 23, 47, 40, 5, 50, 46, 31, 13, 36], "in_group_a_range": 2.8, "out_group_r_range": 2.0, "out_group_r_strength": 56.0, "attractor_count": 26, "target_a_strength": 22000000000.0, "out_group_a_range": 2.8, "radius": 0.3, "in_group_r_strength": 40.0, "in_group_a_strength": 20.0, "position": [11.839795832484631, 48.81228384245876], "group_id": 0}, {"out_group_a_strength": 14.285714285714286, "pedestrian_id": 54, "target_a_range": 435.0, "in_group_r_range": 2.0, "target": [16.0, -39.0], "friend_zone": [42, 31, 22, 38, 20, 25, 51, 11, 19, 48, 34, 39, 15, 35, 13, 45, 29, 2, 12, 41, 44, 6, 7, 33, 3, 46], "in_group_a_range": 2.8, "out_group_r_range": 2.0, "out_group_r_strength": 56.0, "attractor_count": 26, "target_a_strength": 22000000000.0, "out_group_a_range": 2.8, "radius": 0.3, "in_group_r_strength": 40.0, "in_group_a_strength": 20.0, "position": [15.722648538015472, 39.0436780272723], "group_id": 1}, {"out_group_a_strength": 14.285714285714286, "pedestrian_id": 55, "target_a_range": 435.0, "in_group_r_range": 2.0, "target": [16.0, -39.0], "friend_zone": [26, 35, 3, 11, 22, 10, 0, 13, 48, 20, 12, 1, 5, 42, 32, 37, 8, 21, 25, 46, 4, 28, 41, 50, 47, 39], "in_group_a_range": 2.8, "out_group_r_range": 2.0, "out_group_r_strength": 56.0, "attractor_count": 26, "target_a_strength": 22000000000.0, "out_group_a_range": 2.8, "radius": 0.3, "in_group_r_strength": 40.0, "in_group_a_strength": 20.0, "position": [-7.697724252389978, 67.65699451931876], "group_id": 1}]}