{"additional_id_existed_ped": {"0": [56, 57, 58], "1": [56, 58], "2": [56], "3": [56], "4": [56, 59], "5": [59], "6": [57, 59], "7": [], "8": [57], "9": [57], "10": [58, 59], "11": [58, 59], "12": [57, 58], "13": [57], "14": [56, 59], "15": [57], "16": [57, 58], "17": [56, 57, 58, 59], "18": [59], "19": [56, 57, 58, 59], "20": [59], "21": [56], "22": [56, 57, 58], "23": [58, 59], "24": [56, 59], "25": [56, 59], "26": [59], "27": [56, 57], "28": [56, 58], "29": [58], "30": [56, 57, 58, 59], "31": [56], "32": [56, 57, 58, 59], "33": [56], "34": [56, 59], "35": [57], "36": [56, 57], "37": [57, 58], "38": [58, 59], "39": [], "40": [56, 57, 58], "41": [57, 58], "42": [56, 57, 58, 59], "43": [56, 57, 58], "44": [56, 57, 59], "45": [57, 59], "46": [58, 59], "47": [56, 57, 58], "48": [57, 59], "49": [56, 58, 59], "50": [56, 58, 59], "51": [58], "52": [59], "53": [57, 58, 59], "54": [56, 57, 58, 59], "55": [57, 58]}, "frame_second": "900", "pedestrian_list": [{"out_group_a_strength": 14.285714285714286, "pedestrian_id": 56, "target_a_range": 435.0, "in_group_r_range": 2.0, "target": [16.0, -39.0], "friend_zone": [36, 53, 9, 8, 42, 35, 10, 5, 23, 24, 45, 44, 13, 31, 16, 49, 12, 0, 32, 50, 21, 7, 4, 43, 46, 39, 28, 37], "in_group_a_range": 2.8, "out_group_r_range": 2.0, "out_group_r_strength": 56.0, "attractor_count": 28, "target_a_strength": 22000000000.0, "out_group_a_range": 2.8, "radius": 0.3, "in_group_r_strength": 40.0, "in_group_a_strength": 20.0, "position": [-1.8352024130351785, 68.29624448852928], "group_id": 0}, {"out_group_a_strength": 14.285714285714286, "pedestrian_id": 57, "target_a_range": 435.0, "in_group_r_range": 2.0, "target": [16.0, -39.0], "friend_zone": [6, 11, 40, 22, 24, 35, 4, 30, 15, 5, 12, 51, 44, 13, 37, 0, 28, 50, 14, 7, 20, 32, 25, 17, 45, 41, 55, 10], "in_group_a_range": 2.8, "out_group_r_range": 2.0, "out_group_r_strength": 56.0, "attractor_count": 28, "target_a_strength": 22000000000.0, "out_group_a_range": 2.8, "radius": 0.3, "in_group_r_strength": 40.0, "in_group_a_strength": 20.0, "position": [-0.5229328258210368, 66.33973069211373], "group_id": 0}, {"out_group_a_strength": 14.285714285714286, "pedestrian_id": 58, "target_a_range": 435.0, "in_group_r_range": 2.0, "target": [16.0, -39.0], "friend_zone": [18, 15, 47, 1, 22, 25, 34, 17, 53, 37, 24, 14, 35, 13, 23, 5, 27, 42, 38, 2, 0, 54, 3, 43, 29, 40, 7, 32], "in_group_a_range": 2.8, "out_group_r_range": 2.0, "out_group_r_strength": 56.0, "attractor_count": 28, "target_a_strength": 22000000000.0, "out_group_a_range": 2.8, "radius": 0.3, "in_group_r_strength": 40.0, "in_group_a_strength": 20.0, "position": [8.596580063021774, 50.749046941935916], "group_id": 1}, {"out_group_a_strength": 14.285714285714286, "pedestrian_id": 59, "target_a_range": 435.0, "in_group_r_range": 2.0, "target": [16.0, -39.0], "friend_zone": [40, 54, 4, 32, 27, 55, 2, 15, 46, 51, 30, 6, 17, 35, 16, 23, 48, 18, 20, 21, 1, 45, 19, 34, 49, 44, 10, 39], "in_group_a_range": 2.8, "out_group_r_range": 2.0, "out_group_r_strength": 56.0, "attractor_count": 28, "target_a_strength": 22000000000.0, "out_group_a_range": 2.8, "radius": 0.3, "in_group_r_strength": 40.0, "in_group_a_strength": 20.0, "position": [-2.4976971857272168, 57.26182616812052], "group_id": 1}]}