{"pedestrian_list": [{"out_group_r_strength": 56.0, "out_group_r_range": 2.0, "target_a_range": 435, "out_group_a_range": 2.8, "group_id": 0, "pedestrian_id": 76, "in_group_r_range": 2.0, "target_a_strength": 22000000000, "attractor_count": 38, "position": [2.0614804459285354, 61.80392406439913], "friend_zone": [45, 2, 72, 23, 69, 19, 20, 29, 0, 47, 28, 11, 24, 4, 26, 48, 17, 74, 75, 43, 34, 68, 1, 66, 15, 30, 44, 61, 35, 46, 42, 41, 36, 6, 58, 8, 32, 63], "out_group_a_strength": 14.285714285714286, "in_group_a_strength": 20, "radius": 0.3, "in_group_a_range": 2.8, "target": [16.0, -39.0], "in_group_r_strength": 40}, {"out_group_r_strength": 56.0, "out_group_r_range": 2.0, "target_a_range": 435, "out_group_a_range": 2.8, "group_id": 0, "pedestrian_id": 77, "in_group_r_range": 2.0, "target_a_strength": 22000000000, "attractor_count": 38, "position": [-1.80719006417967, 39.05203900493393], "friend_zone": [42, 55, 67, 26, 66, 31, 4, 38, 68, 17, 28, 51, 6, 75, 15, 34, 71, 64, 11, 9, 29, 72, 44, 25, 10, 41, 16, 33, 45, 49, 32, 57, 48, 14, 54, 73, 56, 50], "out_group_a_strength": 14.285714285714286, "in_group_a_strength": 20, "radius": 0.3, "in_group_a_range": 2.8, "target": [16.0, -39.0], "in_group_r_strength": 40}, {"out_group_r_strength": 56.0, "out_group_r_range": 2.0, "target_a_range": 435, "out_group_a_range": 2.8, "group_id": 1, "pedestrian_id": 78, "in_group_r_range": 2.0, "target_a_strength": 22000000000, "attractor_count": 38, "position": [0.10958274572428917, 46.21703714993577], "friend_zone": [41, 34, 5, 54, 63, 31, 12, 60, 73, 18, 58, 24, 10, 36, 74, 69, 47, 61, 72, 13, 16, 37, 28, 56, 11, 44, 59, 26, 2, 39, 50, 15, 33, 23, 20, 49, 0, 42], "out_group_a_strength": 14.285714285714286, "in_group_a_strength": 20, "radius": 0.3, "in_group_a_range": 2.8, "target": [16.0, -39.0], "in_group_r_strength": 40}, {"out_group_r_strength": 56.0, "out_group_r_range": 2.0, "target_a_range": 435, "out_group_a_range": 2.8, "group_id": 1, "pedestrian_id": 79, "in_group_r_range": 2.0, "target_a_strength": 22000000000, "attractor_count": 38, "position": [6.61242702437574, 37.08514447175212], "friend_zone": [33, 53, 66, 52, 75, 68, 2, 24, 12, 36, 28, 5, 72, 25, 35, 7, 40, 60, 70, 64, 14, 18, 23, 43, 55, 62, 37, 50, 49, 57, 26, 46, 54, 59, 8, 74, 29, 19], "out_group_a_strength": 14.285714285714286, "in_group_a_strength": 20, "radius": 0.3, "in_group_a_range": 2.8, "target": [16.0, -39.0], "in_group_r_strength": 40}], "frame_second": "1400", "additional_id_existed_ped": {"0": [76, 77, 78, 79], "1": [76, 77, 78, 79], "2": [76, 77, 78, 79], "3": [77, 79], "4": [76, 78, 79], "5": [77, 79], "6": [76, 77, 78, 79], "7": [79], "8": [78], "9": [77, 79], "10": [77, 79], "11": [77, 78, 79], "12": [78], "13": [77], "14": [76], "15": [77], "16": [78, 79], "17": [], "18": [77, 79], "19": [77], "20": [76, 77, 78], "21": [79], "22": [76, 79], "23": [76, 77, 78, 79], "24": [76, 79], "25": [76, 79], "26": [], "27": [76, 78, 79], "28": [77], "29": [76, 78, 79], "30": [76, 78, 79], "31": [76], "32": [76], "33": [77, 79], "34": [77, 78, 79], "35": [], "36": [78, 79], "37": [79], "38": [76, 78], "39": [76, 78], "40": [76, 77, 79], "41": [76, 77, 78], "42": [77], "43": [78, 79], "44": [77, 78], "45": [76], "46": [76, 79], "47": [76, 78, 79], "48": [], "49": [76, 77, 78, 79], "50": [77, 78], "51": [77], "52": [76, 78], "53": [76, 77, 78, 79], "54": [79], "55": [], "56": [78], "57": [76, 77, 78], "58": [77], "59": [79], "60": [76, 77, 79], "61": [76], "62": [76, 77, 78, 79], "63": [76, 78], "64": [77, 78, 79], "65": [77, 78], "66": [77], "67": [76, 78], "68": [76, 77, 78], "69": [76, 77], "70": [76, 77, 78], "71": [76, 78, 79], "72": [78], "73": [76, 77, 78], "74": [76, 77], "75": [79]}}