{"pedestrian_list": [{"out_group_r_strength": 56.0, "out_group_r_range": 2.0, "target_a_range": 435, "out_group_a_range": 2.8, "group_id": 0, "pedestrian_id": 224, "in_group_r_range": 2.0, "target_a_strength": 22000000000, "attractor_count": 112, "position": [5.337150279981013, 59.2128654953581], "friend_zone": [175, 115, 6, 71, 0, 101, 28, 79, 203, 173, 222, 76, 178, 21, 211, 208, 60, 7, 19, 93, 209, 130, 148, 48, 102, 188, 123, 143, 68, 176, 179, 96, 182, 223, 129, 23, 86, 195, 72, 2, 168, 116, 1, 32, 87, 200, 38, 136, 131, 158, 127, 43, 66, 156, 78, 14, 210, 42, 119, 3, 77, 187, 185, 121, 213, 108, 88, 205, 172, 199, 132, 27, 94, 117, 57, 83, 31, 218, 152, 183, 189, 204, 54, 181, 74, 201, 18, 191, 135, 144, 219, 124, 37, 8, 29, 33, 110, 65, 194, 4, 111, 49, 107, 137, 171, 10, 106, 138, 214, 220, 97, 90], "out_group_a_strength": 14.285714285714286, "in_group_a_strength": 20, "radius": 0.3, "in_group_a_range": 2.8, "target": [16.0, -39.0], "in_group_r_strength": 40}, {"out_group_r_strength": 56.0, "out_group_r_range": 2.0, "target_a_range": 435, "out_group_a_range": 2.8, "group_id": 0, "pedestrian_id": 225, "in_group_r_range": 2.0, "target_a_strength": 22000000000, "attractor_count": 112, "position": [17.03918280476162, 61.81401620807164], "friend_zone": [219, 8, 101, 148, 69, 41, 73, 87, 136, 52, 45, 144, 104, 168, 16, 3, 21, 89, 208, 40, 206, 217, 36, 152, 166, 129, 187, 138, 97, 118, 68, 91, 25, 154, 47, 158, 171, 167, 212, 200, 6, 94, 184, 142, 128, 161, 163, 189, 172, 157, 64, 53, 199, 38, 105, 100, 198, 162, 160, 63, 112, 218, 176, 173, 137, 108, 32, 188, 59, 31, 11, 65, 145, 146, 183, 46, 27, 43, 221, 191, 58, 174, 55, 86, 74, 24, 49, 135, 2, 92, 22, 193, 44, 30, 115, 214, 42, 159, 134, 5, 209, 60, 107, 114, 140, 220, 186, 169, 181, 110, 106, 213], "out_group_a_strength": 14.285714285714286, "in_group_a_strength": 20, "radius": 0.3, "in_group_a_range": 2.8, "target": [16.0, -39.0], "in_group_r_strength": 40}, {"out_group_r_strength": 56.0, "out_group_r_range": 2.0, "target_a_range": 435, "out_group_a_range": 2.8, "group_id": 1, "pedestrian_id": 226, "in_group_r_range": 2.0, "target_a_strength": 22000000000, "attractor_count": 112, "position": [19.623384448257802, 57.25042578997513], "friend_zone": [102, 34, 2, 65, 192, 164, 149, 160, 179, 220, 158, 72, 148, 159, 180, 57, 123, 172, 215, 103, 174, 223, 62, 52, 176, 169, 82, 100, 101, 156, 134, 83, 154, 14, 40, 197, 208, 96, 48, 59, 221, 58, 53, 43, 18, 104, 142, 61, 146, 162, 93, 119, 76, 185, 211, 74, 20, 161, 182, 39, 122, 66, 7, 19, 55, 218, 1, 21, 99, 106, 5, 196, 210, 25, 153, 120, 114, 140, 75, 105, 11, 191, 35, 88, 108, 183, 163, 151, 112, 207, 13, 133, 195, 205, 31, 188, 92, 77, 87, 26, 206, 125, 178, 124, 17, 212, 30, 6, 157, 217, 135, 118], "out_group_a_strength": 14.285714285714286, "in_group_a_strength": 20, "radius": 0.3, "in_group_a_range": 2.8, "target": [16.0, -39.0], "in_group_r_strength": 40}, {"out_group_r_strength": 56.0, "out_group_r_range": 2.0, "target_a_range": 435, "out_group_a_range": 2.8, "group_id": 1, "pedestrian_id": 227, "in_group_r_range": 2.0, "target_a_strength": 22000000000, "attractor_count": 112, "position": [-2.49566675941903, 59.86084955835266], "friend_zone": [47, 114, 140, 216, 190, 3, 204, 139, 22, 168, 15, 9, 32, 192, 116, 109, 24, 149, 80, 206, 20, 169, 207, 34, 0, 36, 179, 67, 10, 165, 1, 208, 127, 191, 23, 95, 17, 198, 6, 220, 93, 215, 189, 132, 172, 72, 5, 118, 135, 86, 51, 121, 14, 221, 58, 212, 119, 26, 33, 16, 145, 184, 131, 21, 56, 174, 173, 133, 30, 195, 126, 4, 48, 82, 148, 153, 197, 52, 223, 185, 218, 66, 178, 163, 170, 122, 60, 167, 41, 79, 81, 199, 123, 201, 205, 101, 77, 137, 100, 194, 84, 187, 92, 155, 196, 159, 213, 76, 108, 182, 104, 106], "out_group_a_strength": 14.285714285714286, "in_group_a_strength": 20, "radius": 0.3, "in_group_a_range": 2.8, "target": [16.0, -39.0], "in_group_r_strength": 40}], "frame_second": "5100", "additional_id_existed_ped": {"0": [], "1": [224, 227], "2": [224, 225], "3": [224, 226], "4": [225, 226], "5": [224, 227], "6": [226, 227], "7": [225, 226], "8": [224, 225, 226], "9": [], "10": [224], "11": [225, 227], "12": [225, 226], "13": [227], "14": [225, 226], "15": [224], "16": [225, 227], "17": [224, 225, 226, 227], "18": [224, 225, 226, 227], "19": [224, 226], "20": [224, 225], "21": [224, 225, 226, 227], "22": [224, 227], "23": [224, 225], "24": [226], "25": [225], "26": [226], "27": [224, 225], "28": [224, 225, 226], "29": [224, 227], "30": [226], "31": [226, 227], "32": [], "33": [224, 225], "34": [224, 225, 226, 227], "35": [224, 225, 226], "36": [227], "37": [226, 227], "38": [224, 227], "39": [227], "40": [226, 227], "41": [224], "42": [224, 225], "43": [225, 226], "44": [224, 225, 226], "45": [], "46": [225, 226], "47": [225], "48": [224, 225, 227], "49": [224, 226], "50": [226, 227], "51": [226], "52": [225, 226, 227], "53": [224, 225, 226], "54": [226, 227], "55": [224, 225], "56": [], "57": [226], "58": [], "59": [225, 226, 227], "60": [225, 226, 227], "61": [225, 226], "62": [226], "63": [226, 227], "64": [224, 225], "65": [224], "66": [226, 227], "67": [225, 226], "68": [225, 227], "69": [224, 227], "70": [224, 226, 227], "71": [227], "72": [225], "73": [226, 227], "74": [224, 226, 227], "75": [224, 225, 227], "76": [224, 225, 226, 227], "77": [224, 225, 226], "78": [227], "79": [224, 225, 226], "80": [224, 227], "81": [225, 226, 227], "82": [227], "83": [224, 225], "84": [], "85": [224, 225], "86": [225, 226], "87": [227], "88": [226], "89": [224, 225, 226, 227], "90": [224, 227], "91": [224, 225, 226], "92": [226], "93": [225, 226], "94": [225, 226], "95": [224, 226, 227], "96": [224, 227], "97": [224], "98": [224, 225, 227], "99": [224, 227], "100": [], "101": [224, 225, 227], "102": [224, 227], "103": [224], "104": [224], "105": [224, 225, 227], "106": [], "107": [225], "108": [224, 226, 227], "109": [], "110": [224, 225, 227], "111": [226], "112": [225, 226], "113": [224, 227], "114": [225], "115": [224, 225], "116": [224, 225], "117": [226, 227], "118": [224, 225, 226, 227], "119": [224, 226], "120": [225, 226, 227], "121": [226], "122": [224, 226, 227], "123": [224], "124": [224, 226, 227], "125": [224, 225, 227], "126": [224, 225, 227], "127": [225, 226, 227], "128": [224], "129": [224, 225, 227], "130": [225, 227], "131": [225], "132": [], "133": [224, 227], "134": [226], "135": [225], "136": [227], "137": [224, 227], "138": [], "139": [225, 226], "140": [225, 227], "141": [225, 226, 227], "142": [224, 226], "143": [], "144": [225, 226], "145": [224, 225, 227], "146": [227], "147": [225, 226], "148": [225, 227], "149": [224, 226, 227], "150": [224, 225, 226], "151": [225, 226], "152": [224, 227], "153": [224, 226, 227], "154": [224, 225, 226], "155": [226, 227], "156": [225], "157": [224, 225, 227], "158": [224, 225, 226, 227], "159": [224, 226], "160": [224, 226, 227], "161": [224, 226, 227], "162": [224, 225, 226, 227], "163": [225, 226], "164": [224, 225, 226], "165": [224, 227], "166": [224, 225], "167": [226, 227], "168": [225, 226], "169": [225, 227], "170": [225, 227], "171": [225, 226], "172": [], "173": [226], "174": [225], "175": [227], "176": [224], "177": [224, 225, 226], "178": [224, 226, 227], "179": [224, 225], "180": [226, 227], "181": [224, 225, 227], "182": [224, 226, 227], "183": [224, 225, 226, 227], "184": [224, 225, 226], "185": [224, 226, 227], "186": [224, 225, 226], "187": [224, 225, 226, 227], "188": [224, 227], "189": [226, 227], "190": [224, 225, 227], "191": [224, 226], "192": [224], "193": [227], "194": [225, 226], "195": [224, 225, 227], "196": [224, 225, 226], "197": [224, 227], "198": [227], "199": [225, 226, 227], "200": [225, 227], "201": [225, 226], "202": [224, 227], "203": [224, 225, 226, 227], "204": [226], "205": [227], "206": [224, 225, 226], "207": [], "208": [224, 225, 226], "209": [224, 225], "210": [226, 227], "211": [226, 227], "212": [225, 226], "213": [224, 225, 226], "214": [227], "215": [], "216": [227], "217": [225, 226, 227],