{"pedestrian_list": [{"out_group_r_strength": 56.0, "out_group_r_range": 2.0, "target_a_range": 435, "out_group_a_range": 2.8, "group_id": 0, "pedestrian_id": 136, "in_group_r_range": 2.0, "target_a_strength": 22000000000, "attractor_count": 68, "position": [5.986000441026891, 57.919744771873994], "friend_zone": [70, 22, 100, 103, 49, 95, 62, 84, 108, 121, 4, 32, 7, 45, 30, 35, 19, 43, 53, 38, 93, 85, 23, 113, 134, 114, 98, 87, 20, 92, 15, 40, 2, 74, 118, 91, 123, 64, 66, 3, 97, 1, 67, 117, 86, 37, 101, 9, 76, 50, 109, 110, 25, 24, 119, 115, 54, 18, 102, 90, 89, 120, 39, 88, 46, 55, 41, 78], "out_group_a_strength": 14.285714285714286, "in_group_a_strength": 20, "radius": 0.3, "in_group_a_range": 2.8, "target": [16.0, -39.0], "in_group_r_strength": 40}, {"out_group_r_strength": 56.0, "out_group_r_range": 2.0, "target_a_range": 435, "out_group_a_range": 2.8, "group_id": 0, "pedestrian_id": 137, "in_group_r_range": 2.0, "target_a_strength": 22000000000, "attractor_count": 68, "position": [-0.5383766152593095, 65.0692432193058], "friend_zone": [45, 95, 125, 120, 102, 68, 51, 22, 114, 123, 4, 129, 37, 7, 80, 122, 21, 88, 13, 70, 126, 20, 60, 109, 34, 31, 50, 72, 40, 107, 92, 15, 18, 49, 128, 29, 93, 63, 84, 78, 66, 59, 27, 38, 0, 132, 100, 36, 28, 99, 65, 32, 111, 41, 11, 104, 76, 124, 86, 30, 2, 98, 79, 42, 130, 24, 75, 26], "out_group_a_strength": 14.285714285714286, "in_group_a_strength": 20, "radius": 0.3, "in_group_a_range": 2.8, "target": [16.0, -39.0], "in_group_r_strength": 40}, {"out_group_r_strength": 56.0, "out_group_r_range": 2.0, "target_a_range": 435, "out_group_a_range": 2.8, "group_id": 1, "pedestrian_id": 138, "in_group_r_range": 2.0, "target_a_strength": 22000000000, "attractor_count": 68, "position": [0.7832780778090147, 59.868934004869814], "friend_zone": [73, 68, 55, 43, 125, 25, 108, 5, 81, 70, 89, 69, 82, 116, 40, 7, 94, 65, 75, 38, 104, 46, 127, 106, 98, 0, 36, 39, 96, 123, 59, 113, 56, 100, 74, 126, 76, 120, 92, 1, 115, 62, 114, 14, 67, 133, 33, 124, 35, 24, 72, 47, 15, 27, 26, 10, 44, 66, 83, 87, 60, 29, 135, 97, 54, 42, 48, 71], "out_group_a_strength": 14.285714285714286, "in_group_a_strength": 20, "radius": 0.3, "in_group_a_range": 2.8, "target": [16.0, -39.0], "in_group_r_strength": 40}, {"out_group_r_strength": 56.0, "out_group_r_range": 2.0, "target_a_range": 435, "out_group_a_range": 2.8, "group_id": 1, "pedestrian_id": 139, "in_group_r_range": 2.0, "target_a_strength": 22000000000, "attractor_count": 68, "position": [6.612175497749695, 40.99749497136336], "friend_zone": [95, 10, 109, 63, 82, 129, 77, 114, 32, 21, 34, 119, 107, 71, 55, 79, 100, 58, 19, 33, 43, 122, 94, 89, 130, 2, 9, 41, 15, 108, 124, 53, 17, 54, 36, 96, 39, 115, 73, 121, 90, 111, 68, 31, 29, 64, 106, 88, 45, 125, 134, 92, 62, 67, 72, 84, 91, 65, 28, 98, 128, 69, 74, 47, 50, 103, 87, 66], "out_group_a_strength": 14.285714285714286, "in_group_a_strength": 20, "radius": 0.3, "in_group_a_range": 2.8, "target": [16.0, -39.0], "in_group_r_strength": 40}], "frame_second": "2900", "additional_id_existed_ped": {"0": [138], "1": [137, 138, 139], "2": [136, 138, 139], "3": [136, 138], "4": [136, 137, 139], "5": [136, 139], "6": [138, 139], "7": [137], "8": [138, 139], "9": [136, 138], "10": [137, 138], "11": [136, 138], "12": [], "13": [136, 138, 139], "14": [136, 137], "15": [], "16": [136, 138], "17": [138], "18": [137, 138, 139], "19": [136, 137, 138, 139], "20": [136], "21": [137, 138, 139], "22": [136, 139], "23": [136, 139], "24": [137], "25": [136, 139], "26": [], "27": [136, 137], "28": [137, 138], "29": [136, 137, 139], "30": [136, 139], "31": [136, 137, 138], "32": [137, 138, 139], "33": [136, 137, 139], "34": [139], "35": [136, 137, 138], "36": [138], "37": [], "38": [137, 138, 139], "39": [136, 138, 139], "40": [136, 139], "41": [137], "42": [136, 139], "43": [137, 138], "44": [136, 137], "45": [136, 138], "46": [137, 139], "47": [139], "48": [136, 137], "49": [137, 138], "50": [137, 139], "51": [138], "52": [136, 139], "53": [136, 138, 139], "54": [137, 138], "55": [136, 137, 138], "56": [136, 139], "57": [], "58": [137, 139], "59": [136, 138], "60": [136, 137, 138], "61": [136, 137, 138, 139], "62": [], "63": [138], "64": [139], "65": [136, 139], "66": [138, 139], "67": [136, 138], "68": [136, 138], "69": [136, 137, 138], "70": [137], "71": [136], "72": [136, 138, 139], "73": [136, 139], "74": [137], "75": [136, 137, 138, 139], "76": [138], "77": [137], "78": [138, 139], "79": [139], "80": [139], "81": [137, 138], "82": [136, 137], "83": [136, 137, 139], "84": [137, 138], "85": [136, 138, 139], "86": [137, 138, 139], "87": [136, 137], "88": [136, 137, 138, 139], "89": [136, 138, 139], "90": [137, 138, 139], "91": [137], "92": [136, 139], "93": [136, 138, 139], "94": [137, 138, 139], "95": [138, 139], "96": [136, 137, 139], "97": [137], "98": [138, 139], "99": [136, 137, 138], "100": [136, 137, 138], "101": [136, 137, 138, 139], "102": [136, 137], "103": [137], "104": [138], "105": [136, 137, 139], "106": [137, 139], "107": [137, 139], "108": [136, 137, 139], "109": [137, 138], "110": [136, 137, 138, 139], "111": [137], "112": [], "113": [137, 139], "114": [136, 138], "115": [137], "116": [139], "117": [137, 138, 139], "118": [137, 139], "119": [136, 137, 138], "120": [136, 137, 138], "121": [136, 137, 138], "122": [136], "123": [137, 139], "124": [136, 138], "125": [], "126": [137, 138, 139], "127": [137, 139], "128": [138], "129": [136, 139], "130": [136, 138, 139], "131": [136], "132": [], "133": [138, 139], "134": [136], "135": [136, 139]}}