{"pedestrian_list": [{"out_group_r_strength": 56.0, "out_group_r_range": 2.0, "target_a_range": 435, "out_group_a_range": 2.8, "group_id": 0, "pedestrian_id": 196, "in_group_r_range": 2.0, "target_a_strength": 22000000000, "attractor_count": 98, "position": [18.961576607713486, 63.10223702685597], "friend_zone": [98, 141, 62, 50, 160, 150, 195, 188, 23, 31, 135, 44, 5, 43, 17, 119, 94, 3, 178, 101, 147, 12, 154, 122, 177, 169, 75, 194, 49, 120, 28, 45, 29, 185, 151, 162, 85, 91, 55, 140, 165, 2, 183, 40, 90, 9, 102, 87, 14, 144, 97, 27, 80, 82, 152, 19, 59, 116, 180, 64, 99, 131, 172, 21, 107, 70, 127, 179, 72, 68, 16, 42, 65, 143, 133, 157, 66, 33, 181, 158, 0, 38, 137, 88, 1, 92, 81, 76, 67, 161, 191, 56, 13, 146, 100, 130, 168, 106], "out_group_a_strength": 14.285714285714286, "in_group_a_strength": 20, "radius": 0.3, "in_group_a_range": 2.8, "target": [16.0, -39.0], "in_group_r_strength": 40}, {"out_group_r_strength": 56.0, "out_group_r_range": 2.0, "target_a_range": 435, "out_group_a_range": 2.8, "group_id": 0, "pedestrian_id": 197, "in_group_r_range": 2.0, "target_a_strength": 22000000000, "attractor_count": 98, "position": [11.15372381737157, 57.92096269622657], "friend_zone": [177, 81, 71, 127, 16, 14, 111, 175, 9, 50, 12, 172, 169, 112, 1, 147, 124, 41, 188, 100, 146, 38, 98, 152, 8, 74, 67, 70, 27, 29, 116, 129, 132, 107, 186, 95, 174, 150, 102, 47, 180, 160, 62, 97, 93, 42, 151, 80, 114, 185, 125, 83, 69, 145, 87, 144, 25, 104, 157, 120, 60, 123, 135, 187, 156, 183, 166, 130, 92, 163, 190, 96, 59, 43, 115, 167, 113, 78, 106, 13, 39, 121, 54, 89, 139, 103, 110, 15, 176, 148, 40, 155, 161, 49, 46, 165, 33, 122], "out_group_a_strength": 14.285714285714286, "in_group_a_strength": 20, "radius": 0.3, "in_group_a_range": 2.8, "target": [16.0, -39.0], "in_group_r_strength": 40}, {"out_group_r_strength": 56.0, "out_group_r_range": 2.0, "target_a_range": 435, "out_group_a_range": 2.8, "group_id": 1, "pedestrian_id": 198, "in_group_r_range": 2.0, "target_a_strength": 22000000000, "attractor_count": 98, "position": [9.858483654575378, 61.168702172970214], "friend_zone": [138, 4, 29, 110, 141, 43, 57, 153, 177, 75, 142, 2, 70, 5, 81, 91, 181, 165, 56, 33, 169, 87, 3, 92, 80, 21, 42, 26, 103, 28, 108, 47, 173, 19, 140, 93, 49, 44, 161, 95, 117, 6, 149, 123, 144, 152, 172, 107, 104, 99, 71, 68, 23, 12, 61, 192, 131, 64, 191, 55, 94, 160, 7, 111, 1, 8, 67, 51, 113, 128, 189, 155, 114, 54, 34, 119, 130, 20, 143, 178, 164, 14, 139, 46, 86, 22, 25, 40, 124, 31, 79, 184, 16, 134, 120, 90, 102, 101], "out_group_a_strength": 14.285714285714286, "in_group_a_strength": 20, "radius": 0.3, "in_group_a_range": 2.8, "target": [16.0, -39.0], "in_group_r_strength": 40}, {"out_group_r_strength": 56.0, "out_group_r_range": 2.0, "target_a_range": 435, "out_group_a_range": 2.8, "group_id": 1, "pedestrian_id": 199, "in_group_r_range": 2.0, "target_a_strength": 22000000000, "attractor_count": 98, "position": [-8.315063053077465, 50.12163477519799], "friend_zone": [128, 177, 70, 57, 167, 58, 56, 166, 135, 163, 53, 46, 157, 11, 132, 110, 86, 2, 169, 170, 44, 92, 96, 161, 152, 24, 136, 4, 84, 80, 40, 185, 138, 107, 10, 133, 1, 146, 114, 156, 189, 108, 116, 134, 111, 140, 168, 173, 48, 26, 95, 87, 103, 89, 23, 179, 59, 158, 0, 12, 160, 105, 60, 69, 76, 75, 144, 6, 162, 18, 32, 118, 68, 182, 45, 150, 98, 25, 20, 183, 30, 188, 3, 159, 37, 190, 15, 193, 67, 145, 28, 7, 175, 153, 113, 78, 109, 115], "out_group_a_strength": 14.285714285714286, "in_group_a_strength": 20, "radius": 0.3, "in_group_a_range": 2.8, "target": [16.0, -39.0], "in_group_r_strength": 40}], "frame_second": "4400", "additional_id_existed_ped": {"0": [198, 199], "1": [198], "2": [196], "3": [197], "4": [197, 198, 199], "5": [198, 199], "6": [199], "7": [196], "8": [197, 198], "9": [196, 199], "10": [196, 198, 199], "11": [199], "12": [196, 199], "13": [197, 198], "14": [197, 198], "15": [196, 197], "16": [196, 199], "17": [196, 197, 198], "18": [], "19": [], "20": [197, 198], "21": [], "22": [197, 198], "23": [196, 197, 199], "24": [196], "25": [196, 197, 198, 199], "26": [197, 198], "27": [198, 199], "28": [], "29": [197, 198, 199], "30": [196, 198], "31": [196, 198], "32": [196, 199], "33": [198, 199], "34": [196, 198], "35": [197, 198, 199], "36": [196, 197, 199], "37": [196, 197, 199], "38": [196, 197, 199], "39": [196, 198], "40": [196], "41": [], "42": [196, 198, 199], "43": [], "44": [199], "45": [196, 197, 199], "46": [196, 197, 198, 199], "47": [199], "48": [196, 197, 198, 199], "49": [198], "50": [197, 198, 199], "51": [197, 198], "52": [196, 198], "53": [196, 197, 199], "54": [196, 197, 198, 199], "55": [196, 197, 198], "56": [196, 198, 199], "57": [196, 198, 199], "58": [196, 197, 199], "59": [196, 198, 199], "60": [198], "61": [197, 199], "62": [197, 199], "63": [196, 197], "64": [198, 199], "65": [196, 197, 198], "66": [196, 197, 198], "67": [198], "68": [196, 197, 199], "69": [196, 198, 199], "70": [199], "71": [196, 197, 198, 199], "72": [198], "73": [196, 198], "74": [197, 199], "75": [196, 199], "76": [196, 197, 198, 199], "77": [196], "78": [], "79": [197, 199], "80": [196, 198], "81": [197, 198, 199], "82": [196, 197], "83": [199], "84": [196, 199], "85": [197], "86": [196, 197], "87": [197], "88": [196, 198, 199], "89": [198], "90": [199], "91": [197, 199], "92": [196, 197, 198], "93": [196, 197, 199], "94": [199], "95": [199], "96": [196, 198, 199], "97": [196, 197, 198], "98": [196, 197, 199], "99": [197, 199], "100": [196, 198, 199], "101": [196, 197, 199], "102": [199], "103": [198], "104": [196, 198], "105": [], "106": [196, 197, 199], "107": [196, 197], "108": [197, 198], "109": [196, 197, 198], "110": [196, 197, 198], "111": [197, 198], "112": [197], "113": [197, 198], "114": [197], "115": [], "116": [197, 198, 199], "117": [], "118": [196], "119": [198], "120": [199], "121": [197, 198], "122": [197, 198], "123": [196, 197, 198, 199], "124": [196, 199], "125": [198], "126": [196, 199], "127": [196, 197, 198], "128": [196, 198, 199], "129": [197, 198], "130": [197], "131": [199], "132": [196], "133": [197, 198], "134": [198], "135": [196, 198], "136": [196, 197, 198, 199], "137": [197, 198], "138": [197, 199], "139": [196], "140": [196, 197, 198], "141": [196, 198], "142": [196, 197, 198, 199], "143": [], "144": [196, 197, 198, 199], "145": [197], "146": [197, 198, 199], "147": [196, 197, 199], "148": [196, 198, 199], "149": [196, 199], "150": [197, 198], "151": [196, 197], "152": [197, 198, 199], "153": [196, 197, 199], "154": [198, 199], "155": [197, 199], "156": [196, 198], "157": [199], "158": [198, 199], "159": [197], "160": [], "161": [196, 197, 199], "162": [196], "163": [197, 199], "164": [196, 198], "165": [196, 197, 198, 199], "166": [196, 198, 199], "167": [197, 199], "168": [196, 197], "169": [196, 198, 199], "170": [196, 197, 198, 199], "171": [199], "172": [], "173": [199], "174": [196, 198, 199], "175": [197], "176": [196, 199], "177": [196], "178": [], "179": [197, 198, 199], "180": [196, 197], "181": [197, 198, 199], "182": [196, 197, 198], "183": [198], "184": [196, 197], "185": [197], "186": [197], "187": [198, 199], "188": [196, 198, 199], "189": [196, 198], "190": [196, 197], "191": [196, 197, 198, 199], "192": [198, 199], "193": [197], "194": [196, 197], "195": [199]}}