{"pedestrian_list": [{"out_group_r_strength": 56.0, "out_group_r_range": 2.0, "target_a_range": 435, "out_group_a_range": 2.8, "group_id": 0, "pedestrian_id": 128, "in_group_r_range": 2.0, "target_a_strength": 22000000000, "attractor_count": 64, "position": [-7.67480626929993, 40.335286423783295], "friend_zone": [67, 70, 86, 96, 71, 84, 87, 105, 113, 117, 59, 37, 78, 31, 60, 111, 114, 12, 46, 126, 53, 1, 25, 66, 75, 63, 76, 112, 74, 2, 35, 56, 48, 42, 81, 14, 9, 4, 99, 98, 62, 27, 58, 17, 61, 104, 65, 120, 109, 101, 33, 28, 108, 118, 93, 49, 79, 73, 100, 6, 115, 32, 16, 21], "out_group_a_strength": 14.285714285714286, "in_group_a_strength": 20, "radius": 0.3, "in_group_a_range": 2.8, "target": [16.0, -39.0], "in_group_r_strength": 40}, {"out_group_r_strength": 56.0, "out_group_r_range": 2.0, "target_a_range": 435, "out_group_a_range": 2.8, "group_id": 0, "pedestrian_id": 129, "in_group_r_range": 2.0, "target_a_strength": 22000000000, "attractor_count": 64, "position": [5.307791716858533, 42.300054212424655], "friend_zone": [12, 43, 3, 61, 66, 37, 52, 62, 28, 39, 46, 32, 34, 74, 16, 119, 31, 126, 98, 84, 94, 90, 123, 87, 15, 63, 89, 9, 70, 110, 4, 20, 82, 64, 122, 50, 86, 57, 118, 27, 97, 117, 21, 49, 29, 47, 103, 35, 104, 114, 72, 111, 44, 6, 14, 73, 116, 68, 25, 60, 13, 107, 30, 55], "out_group_a_strength": 14.285714285714286, "in_group_a_strength": 20, "radius": 0.3, "in_group_a_range": 2.8, "target": [16.0, -39.0], "in_group_r_strength": 40}, {"out_group_r_strength": 56.0, "out_group_r_range": 2.0, "target_a_range": 435, "out_group_a_range": 2.8, "group_id": 1, "pedestrian_id": 130, "in_group_r_range": 2.0, "target_a_strength": 22000000000, "attractor_count": 64, "position": [8.581254463194435, 57.238022050142966], "friend_zone": [89, 46, 4, 82, 94, 84, 53, 64, 32, 44, 33, 76, 40, 11, 87, 42, 43, 2, 66, 35, 6, 70, 108, 18, 98, 119, 38, 114, 86, 28, 15, 39, 77, 58, 17, 51, 92, 69, 55, 120, 83, 60, 101, 63, 107, 115, 109, 54, 48, 10, 30, 21, 100, 23, 88, 47, 12, 14, 127, 90, 36, 121, 1, 113], "out_group_a_strength": 14.285714285714286, "in_group_a_strength": 20, "radius": 0.3, "in_group_a_range": 2.8, "target": [16.0, -39.0], "in_group_r_strength": 40}, {"out_group_r_strength": 56.0, "out_group_r_range": 2.0, "target_a_range": 435, "out_group_a_range": 2.8, "group_id": 1, "pedestrian_id": 131, "in_group_r_range": 2.0, "target_a_strength": 22000000000, "attractor_count": 64, "position": [5.980056415780168, 59.84855179254225], "friend_zone": [47, 101, 118, 22, 7, 68, 114, 46, 66, 6, 117, 62, 1, 81, 57, 99, 18, 80, 96, 52, 49, 112, 26, 93, 30, 87, 63, 34, 23, 64, 115, 41, 84, 8, 124, 24, 2, 15, 35, 79, 9, 105, 5, 60, 97, 90, 106, 31, 0, 98, 59, 53, 110, 55, 120, 45, 4, 72, 85, 116, 38, 82, 119, 14], "out_group_a_strength": 14.285714285714286, "in_group_a_strength": 20, "radius": 0.3, "in_group_a_range": 2.8, "target": [16.0, -39.0], "in_group_r_strength": 40}], "frame_second": "2700", "additional_id_existed_ped": {"0": [128, 129, 131], "1": [129, 130], "2": [130], "3": [128, 129, 131], "4": [129], "5": [128, 131], "6": [128, 130, 131], "7": [128], "8": [130, 131], "9": [128, 129, 130, 131], "10": [128, 129], "11": [131], "12": [128, 130], "13": [128, 130, 131], "14": [128, 129], "15": [129], "16": [128, 131], "17": [130], "18": [128, 129, 130], "19": [128, 129, 131], "20": [128, 129, 131], "21": [], "22": [128, 129, 130, 131], "23": [129, 130, 131], "24": [128, 130, 131], "25": [130, 131], "26": [130], "27": [128, 129, 130], "28": [128, 130, 131], "29": [128, 129, 130, 131], "30": [], "31": [], "32": [129, 131], "33": [129], "34": [128], "35": [128, 131], "36": [129, 130], "37": [128], "38": [129, 131], "39": [130, 131], "40": [128, 130], "41": [130], "42": [129], "43": [128, 130, 131], "44": [128, 130, 131], "45": [128, 130, 131], "46": [129, 130, 131], "47": [129], "48": [128, 129, 131], "49": [129, 130, 131], "50": [128, 130], "51": [130], "52": [130, 131], "53": [129, 130], "54": [128, 130, 131], "55": [128, 131], "56": [128], "57": [129, 130, 131], "58": [128, 130], "59": [128, 129, 130, 131], "60": [128, 131], "61": [128, 129, 131], "62": [128, 131], "63": [], "64": [130], "65": [129], "66": [128, 129], "67": [128, 129, 131], "68": [128, 129, 130], "69": [], "70": [131], "71": [130, 131], "72": [129, 131], "73": [129], "74": [], "75": [130], "76": [129, 130], "77": [131], "78": [128, 129, 130], "79": [129, 130, 131], "80": [], "81": [129], "82": [128, 129, 130, 131], "83": [129], "84": [128, 129, 130], "85": [128, 130], "86": [128, 131], "87": [128, 129, 131], "88": [], "89": [130], "90": [128, 130, 131], "91": [128, 129], "92": [129], "93": [129], "94": [129], "95": [128, 129, 131], "96": [128, 130], "97": [128, 129, 130, 131], "98": [128, 129, 130], "99": [131], "100": [128, 130, 131], "101": [128, 130, 131], "102": [129, 131], "103": [129, 130], "104": [129, 130, 131], "105": [130, 131], "106": [128, 129, 130], "107": [129, 130, 131], "108": [130], "109": [129, 130], "110": [128, 130, 131], "111": [128], "112": [128, 129], "113": [], "114": [129, 130], "115": [131], "116": [128], "117": [128, 129, 130, 131], "118": [128, 131], "119": [129], "120": [128, 130, 131], "121": [128, 129, 131], "122": [128, 129, 131], "123": [131], "124": [129, 130], "125": [], "126": [128, 129, 130, 131], "127": [129, 131]}}