{"pedestrian_list": [{"out_group_r_strength": 56.0, "out_group_r_range": 2.0, "target_a_range": 435, "out_group_a_range": 2.8, "group_id": 0, "pedestrian_id": 148, "in_group_r_range": 2.0, "target_a_strength": 22000000000, "attractor_count": 74, "position": [11.172881186325212, 50.727960059281685], "friend_zone": [102, 82, 44, 131, 146, 70, 114, 137, 128, 4, 46, 35, 43, 126, 29, 36, 49, 76, 42, 117, 23, 2, 73, 98, 33, 19, 50, 136, 5, 15, 138, 92, 34, 45, 64, 106, 58, 53, 65, 89, 142, 16, 30, 101, 1, 60, 125, 52, 96, 145, 3, 103, 144, 26, 141, 79, 120, 100, 18, 54, 139, 130, 81, 83, 55, 71, 67, 124, 94, 86, 74, 8, 108, 61], "out_group_a_strength": 14.285714285714286, "in_group_a_strength": 20, "radius": 0.3, "in_group_a_range": 2.8, "target": [16.0, -39.0], "in_group_r_strength": 40}, {"out_group_r_strength": 56.0, "out_group_r_range": 2.0, "target_a_range": 435, "out_group_a_range": 2.8, "group_id": 0, "pedestrian_id": 149, "in_group_r_range": 2.0, "target_a_strength": 22000000000, "attractor_count": 74, "position": [15.733388795662313, 40.98350979074417], "friend_zone": [108, 75, 104, 144, 7, 138, 91, 122, 57, 26, 25, 22, 15, 62, 77, 14, 136, 107, 70, 97, 143, 4, 51, 48, 90, 0, 115, 131, 61, 9, 20, 13, 6, 43, 130, 5, 88, 30, 123, 2, 133, 53, 21, 59, 86, 24, 33, 114, 56, 81, 47, 16, 31, 49, 55, 39, 85, 66, 17, 65, 45, 134, 27, 63, 109, 94, 121, 119, 83, 106, 100, 99, 113, 102], "out_group_a_strength": 14.285714285714286, "in_group_a_strength": 20, "radius": 0.3, "in_group_a_range": 2.8, "target": [16.0, -39.0], "in_group_r_strength": 40}, {"out_group_r_strength": 56.0, "out_group_r_range": 2.0, "target_a_range": 435, "out_group_a_range": 2.8, "group_id": 1, "pedestrian_id": 150, "in_group_r_range": 2.0, "target_a_strength": 22000000000, "attractor_count": 74, "position": [4.68102620698174, 49.44906292159554], "friend_zone": [38, 46, 106, 34, 61, 101, 0, 51, 143, 18, 5, 87, 117, 45, 53, 66, 124, 22, 69, 72, 65, 11, 121, 119, 140, 33, 108, 9, 81, 131, 67, 56, 19, 125, 83, 39, 136, 48, 89, 44, 76, 111, 114, 41, 123, 137, 91, 92, 98, 26, 8, 62, 132, 112, 68, 128, 3, 52, 107, 147, 116, 71, 77, 4, 17, 138, 144, 103, 23, 84, 86, 142, 109, 27], "out_group_a_strength": 14.285714285714286, "in_group_a_strength": 20, "radius": 0.3, "in_group_a_range": 2.8, "target": [16.0, -39.0], "in_group_r_strength": 40}, {"out_group_r_strength": 56.0, "out_group_r_range": 2.0, "target_a_range": 435, "out_group_a_range": 2.8, "group_id": 1, "pedestrian_id": 151, "in_group_r_range": 2.0, "target_a_strength": 22000000000, "attractor_count": 74, "position": [-4.425459337965002, 64.3976920158951], "friend_zone": [15, 44, 135, 22, 14, 96, 29, 40, 130, 95, 88, 100, 79, 63, 111, 114, 126, 86, 59, 147, 118, 70, 71, 41, 26, 25, 6, 13, 120, 39, 112, 17, 67, 85, 127, 121, 94, 108, 42, 31, 129, 81, 50, 116, 7, 45, 124, 5, 0, 75, 142, 137, 104, 98, 24, 102, 47, 119, 35, 19, 123, 34, 134, 51, 43, 20, 33, 122, 57, 65, 140, 92, 76, 12], "out_group_a_strength": 14.285714285714286, "in_group_a_strength": 20, "radius": 0.3, "in_group_a_range": 2.8, "target": [16.0, -39.0], "in_group_r_strength": 40}], "frame_second": "3200", "additional_id_existed_ped": {"0": [149, 151], "1": [148], "2": [149, 150], "3": [149], "4": [148, 149], "5": [148, 150], "6": [148, 150, 151], "7": [149, 150, 151], "8": [150], "9": [149, 150], "10": [148, 149], "11": [148, 149, 151], "12": [148, 149, 150, 151], "13": [148], "14": [149, 150, 151], "15": [148, 149, 151], "16": [151], "17": [151], "18": [151], "19": [148, 149, 150, 151], "20": [148, 150, 151], "21": [148], "22": [151], "23": [148, 150], "24": [149, 150, 151], "25": [149, 150, 151], "26": [148, 149, 151], "27": [149, 150], "28": [149, 150, 151], "29": [148, 149, 150, 151], "30": [148], "31": [149], "32": [148, 151], "33": [149, 150], "34": [149, 151], "35": [149, 150], "36": [148, 149, 150, 151], "37": [148, 149], "38": [149, 151], "39": [149], "40": [148, 151], "41": [149], "42": [149, 150], "43": [148, 149, 150], "44": [150, 151], "45": [148, 149, 150, 151], "46": [148, 150, 151], "47": [148, 150], "48": [], "49": [149, 150], "50": [148, 149], "51": [148, 149, 150, 151], "52": [148, 149, 151], "53": [151], "54": [149], "55": [150, 151], "56": [149, 151], "57": [148, 150], "58": [149], "59": [149, 150], "60": [148], "61": [148, 149, 151], "62": [148], "63": [148, 151], "64": [148, 149, 151], "65": [149, 151], "66": [148, 149], "67": [149], "68": [148, 150], "69": [150, 151], "70": [148, 150, 151], "71": [149, 150], "72": [148, 150, 151], "73": [148, 149, 151], "74": [150, 151], "75": [151], "76": [151], "77": [148, 149], "78": [148, 150], "79": [150], "80": [148, 150, 151], "81": [148, 150], "82": [149, 151], "83": [148, 150], "84": [150, 151], "85": [148], "86": [150], "87": [], "88": [148, 149, 150, 151], "89": [149, 150, 151], "90": [148, 150], "91": [148, 149], "92": [148, 149, 150, 151], "93": [148, 149], "94": [148, 149, 150], "95": [148], "96": [151], "97": [148, 150], "98": [148, 151], "99": [148, 149], "100": [148, 150], "101": [151], "102": [151], "103": [150, 151], "104": [149, 151], "105": [148, 150], "106": [], "107": [], "108": [149], "109": [148, 149, 150], "110": [149, 150], "111": [148, 150, 151], "112": [149, 150, 151], "113": [150, 151], "114": [149, 150, 151], "115": [149, 151], "116": [150], "117": [148, 150], "118": [148], "119": [148, 149], "120": [], "121": [148, 150], "122": [148, 149], "123": [148, 150, 151], "124": [149], "125": [150, 151], "126": [150, 151], "127": [148, 150], "128": [148, 150, 151], "129": [148, 150, 151], "130": [148, 149, 150], "131": [148, 150, 151], "132": [151], "133": [148, 149], "134": [149, 150], "135": [150, 151], "136": [], "137": [149, 150, 151], "138": [149, 151], "139": [149, 151], "140": [148], "141": [148, 151], "142": [149, 151], "143": [149], "144": [149, 150], "145": [148, 151], "146": [148, 149, 150, 151], "147": []}}