{"pedestrian_list": [{"out_group_r_strength": 56.0, "out_group_r_range": 2.0, "target_a_range": 435, "out_group_a_range": 2.8, "group_id": 0, "pedestrian_id": 108, "in_group_r_range": 2.0, "target_a_strength": 22000000000, "attractor_count": 54, "position": [2.7381804921422455, 64.42492484694931], "friend_zone": [104, 61, 76, 11, 21, 49, 41, 66, 27, 2, 17, 64, 60, 107, 9, 38, 0, 28, 75, 98, 89, 105, 62, 83, 90, 95, 7, 19, 100, 91, 53, 92, 51, 5, 45, 44, 20, 81, 87, 18, 97, 43, 22, 94, 70, 4, 23, 52, 86, 24, 8, 63, 67, 84], "out_group_a_strength": 14.285714285714286, "in_group_a_strength": 20, "radius": 0.3, "in_group_a_range": 2.8, "target": [16.0, -39.0], "in_group_r_strength": 40}, {"out_group_r_strength": 56.0, "out_group_r_range": 2.0, "target_a_range": 435, "out_group_a_range": 2.8, "group_id": 0, "pedestrian_id": 109, "in_group_r_range": 2.0, "target_a_strength": 22000000000, "attractor_count": 54, "position": [-8.984297915535212, 37.09507899539011], "friend_zone": [36, 51, 61, 22, 30, 65, 106, 81, 97, 38, 16, 49, 62, 64, 18, 85, 68, 92, 33, 71, 84, 83, 1, 72, 35, 11, 76, 9, 66, 8, 31, 26, 56, 40, 42, 67, 19, 15, 20, 82, 60, 93, 95, 53, 103, 0, 99, 79, 14, 105, 88, 41, 28, 2], "out_group_a_strength": 14.285714285714286, "in_group_a_strength": 20, "radius": 0.3, "in_group_a_range": 2.8, "target": [16.0, -39.0], "in_group_r_strength": 40}, {"out_group_r_strength": 56.0, "out_group_r_range": 2.0, "target_a_range": 435, "out_group_a_range": 2.8, "group_id": 1, "pedestrian_id": 110, "in_group_r_range": 2.0, "target_a_strength": 22000000000, "attractor_count": 54, "position": [15.72214838598635, 65.72297014435578], "friend_zone": [58, 19, 71, 77, 95, 56, 65, 10, 6, 34, 79, 80, 45, 24, 81, 99, 9, 50, 12, 46, 86, 16, 63, 48, 2, 1, 37, 27, 25, 44, 29, 96, 93, 90, 32, 31, 75, 82, 92, 22, 85, 88, 106, 51, 17, 72, 28, 59, 107, 84, 103, 68, 76, 61], "out_group_a_strength": 14.285714285714286, "in_group_a_strength": 20, "radius": 0.3, "in_group_a_range": 2.8, "target": [16.0, -39.0], "in_group_r_strength": 40}, {"out_group_r_strength": 56.0, "out_group_r_range": 2.0, "target_a_range": 435, "out_group_a_range": 2.8, "group_id": 1, "pedestrian_id": 111, "in_group_r_range": 2.0, "target_a_strength": 22000000000, "attractor_count": 54, "position": [3.3714175265698763, 44.9026899232688], "friend_zone": [52, 50, 3, 30, 83, 56, 92, 1, 64, 2, 76, 7, 35, 69, 38, 32, 31, 78, 48, 70, 98, 34, 79, 65, 16, 57, 20, 28, 44, 59, 84, 49, 18, 55, 40, 41, 91, 60, 27, 4, 102, 62, 51, 68, 107, 53, 39, 23, 0, 43, 86, 5, 89, 95], "out_group_a_strength": 14.285714285714286, "in_group_a_strength": 20, "radius": 0.3, "in_group_a_range": 2.8, "target": [16.0, -39.0], "in_group_r_strength": 40}], "frame_second": "2200", "additional_id_existed_ped": {"0": [109, 110], "1": [], "2": [109, 110, 111], "3": [108, 110], "4": [109, 110], "5": [109, 110], "6": [108], "7": [108, 110, 111], "8": [109, 110, 111], "9": [108, 109, 111], "10": [109, 110, 111], "11": [108, 111], "12": [110, 111], "13": [108], "14": [109], "15": [108], "16": [109, 111], "17": [108, 109], "18": [109, 111], "19": [108, 109], "20": [110], "21": [108], "22": [108, 109], "23": [108, 110, 111], "24": [108, 109, 110, 111], "25": [108, 111], "26": [108, 110, 111], "27": [109, 111], "28": [109, 110], "29": [110], "30": [108, 109, 111], "31": [], "32": [111], "33": [108, 110], "34": [108], "35": [108, 109], "36": [108, 110, 111], "37": [110, 111], "38": [108], "39": [108, 109, 110, 111], "40": [110, 111], "41": [108, 111], "42": [108, 109, 111], "43": [109, 110, 111], "44": [108, 109, 111], "45": [], "46": [108], "47": [108, 110, 111], "48": [108, 110], "49": [110], "50": [108], "51": [110, 111], "52": [108], "53": [110], "54": [108, 110, 111], "55": [108], "56": [109, 111], "57": [111], "58": [108, 109, 110, 111], "59": [108, 110, 111], "60": [108, 110, 111], "61": [111], "62": [], "63": [109], "64": [108, 110], "65": [108, 110], "66": [108, 109, 110], "67": [109, 110], "68": [109, 110], "69": [108, 111], "70": [109, 110], "71": [], "72": [108, 109, 110, 111], "73": [109, 110, 111], "74": [109], "75": [108, 110], "76": [109, 110, 111], "77": [108, 109, 110], "78": [109, 111], "79": [108, 109, 110, 111], "80": [109], "81": [111], "82": [108], "83": [109, 111], "84": [109, 110, 111], "85": [108, 109, 111], "86": [108, 109], "87": [110, 111], "88": [109, 110], "89": [108, 110, 111], "90": [108, 109, 110, 111], "91": [110], "92": [108, 109], "93": [109], "94": [109, 110], "95": [108, 109, 111], "96": [109, 110], "97": [109, 111], "98": [110, 111], "99": [111], "100": [109, 111], "101": [108, 109, 111], "102": [111], "103": [108, 110], "104": [109], "105": [109, 111], "106": [108, 109, 110], "107": [108, 110]}}