{"pedestrian_list": [{"out_group_r_strength": 56.0, "out_group_r_range": 2.0, "target_a_range": 435, "out_group_a_range": 2.8, "group_id": 0, "pedestrian_id": 40, "in_group_r_range": 2.0, "target_a_strength": 22000000000, "attractor_count": 20, "position": [7.908238046767941, 42.969240635959764], "friend_zone": [14, 7, 2, 27, 28, 4, 10, 16, 39, 21, 5, 29, 23, 34, 6, 20, 11, 36, 31, 32], "out_group_a_strength": 14.285714285714286, "in_group_a_strength": 20, "radius": 0.3, "in_group_a_range": 2.8, "target": [16.0, -39.0], "in_group_r_strength": 40}, {"out_group_r_strength": 56.0, "out_group_r_range": 2.0, "target_a_range": 435, "out_group_a_range": 2.8, "group_id": 0, "pedestrian_id": 41, "in_group_r_range": 2.0, "target_a_strength": 22000000000, "attractor_count": 20, "position": [9.237342627020565, 68.938483050362], "friend_zone": [20, 5, 3, 15, 21, 29, 4, 7, 39, 31, 6, 23, 17, 1, 9, 27, 22, 14, 2, 13], "out_group_a_strength": 14.285714285714286, "in_group_a_strength": 20, "radius": 0.3, "in_group_a_range": 2.8, "target": [16.0, -39.0], "in_group_r_strength": 40}, {"out_group_r_strength": 56.0, "out_group_r_range": 2.0, "target_a_range": 435, "out_group_a_range": 2.8, "group_id": 1, "pedestrian_id": 42, "in_group_r_range": 2.0, "target_a_strength": 22000000000, "attractor_count": 20, "position": [-7.6839216056624045, 56.57524562139637], "friend_zone": [35, 14, 11, 33, 22, 10, 30, 8, 7, 15, 6, 37, 27, 36, 29, 1, 17, 21, 13, 9], "out_group_a_strength": 14.285714285714286, "in_group_a_strength": 20, "radius": 0.3, "in_group_a_range": 2.8, "target": [16.0, -39.0], "in_group_r_strength": 40}, {"out_group_r_strength": 56.0, "out_group_r_range": 2.0, "target_a_range": 435, "out_group_a_range": 2.8, "group_id": 1, "pedestrian_id": 43, "in_group_r_range": 2.0, "target_a_strength": 22000000000, "attractor_count": 20, "position": [2.7417204504511052, 52.03947010015883], "friend_zone": [35, 34, 11, 39, 24, 5, 10, 29, 28, 17, 26, 15, 3, 38, 1, 0, 7, 22, 27, 19], "out_group_a_strength": 14.285714285714286, "in_group_a_strength": 20, "radius": 0.3, "in_group_a_range": 2.8, "target": [16.0, -39.0], "in_group_r_strength": 40}], "frame_second": "500", "additional_id_existed_ped": {"0": [41, 43], "1": [41, 42], "2": [40], "3": [40, 42], "4": [40, 43], "5": [40, 41, 42, 43], "6": [40, 42], "7": [40], "8": [41], "9": [43], "10": [42], "11": [40], "12": [40, 41, 42, 43], "13": [], "14": [41, 43], "15": [40, 41, 42, 43], "16": [41], "17": [], "18": [40, 41, 42], "19": [40, 42, 43], "20": [41, 42], "21": [41, 42, 43], "22": [42], "23": [41, 43], "24": [40, 41, 42, 43], "25": [40], "26": [40, 41, 43], "27": [40, 41, 42, 43], "28": [40, 43], "29": [], "30": [], "31": [40, 41, 42], "32": [40, 41, 42], "33": [40, 41, 43], "34": [42], "35": [41, 43], "36": [40, 43], "37": [42, 43], "38": [41, 42, 43], "39": [42, 43]}}