{"pedestrian_list": [{"out_group_r_strength": 56.0, "out_group_r_range": 2.0, "target_a_range": 435, "out_group_a_range": 2.8, "group_id": 0, "pedestrian_id": 212, "in_group_r_range": 2.0, "target_a_strength": 22000000000, "attractor_count": 106, "position": [2.7305106341064405, 58.56264878345555], "friend_zone": [143, 21, 146, 83, 42, 133, 52, 29, 108, 38, 134, 155, 171, 54, 182, 89, 159, 11, 100, 79, 178, 67, 2, 201, 15, 41, 169, 66, 110, 13, 119, 130, 50, 203, 18, 63, 77, 157, 140, 44, 111, 136, 26, 88, 164, 193, 57, 7, 98, 96, 12, 16, 64, 60, 81, 180, 5, 129, 118, 87, 92, 154, 4, 55, 93, 56, 70, 160, 68, 163, 200, 172, 156, 20, 177, 69, 116, 187, 209, 117, 37, 144, 61, 137, 145, 189, 202, 112, 71, 36, 138, 197, 166, 8, 199, 65, 74, 90, 97, 53, 179, 148, 150, 82, 58, 30], "out_group_a_strength": 14.285714285714286, "in_group_a_strength": 20, "radius": 0.3, "in_group_a_range": 2.8, "target": [16.0, -39.0], "in_group_r_strength": 40}, {"out_group_r_strength": 56.0, "out_group_r_range": 2.0, "target_a_range": 435, "out_group_a_range": 2.8, "group_id": 0, "pedestrian_id": 213, "in_group_r_range": 2.0, "target_a_strength": 22000000000, "attractor_count": 106, "position": [-0.5261566201235988, 48.785917590308195], "friend_zone": [149, 103, 174, 45, 195, 73, 22, 52, 194, 190, 82, 61, 184, 140, 8, 10, 9, 207, 138, 133, 146, 104, 3, 23, 164, 204, 76, 183, 201, 56, 176, 171, 210, 93, 100, 44, 127, 5, 186, 206, 179, 17, 69, 80, 181, 101, 19, 191, 131, 114, 129, 67, 35, 21, 160, 30, 7, 65, 68, 112, 37, 109, 62, 50, 115, 2, 29, 135, 118, 47, 185, 31, 159, 113, 55, 14, 125, 25, 122, 141, 16, 189, 134, 77, 75, 85, 163, 203, 48, 94, 54, 102, 143, 120, 0, 130, 106, 12, 139, 168, 49, 99, 57, 198, 123, 166], "out_group_a_strength": 14.285714285714286, "in_group_a_strength": 20, "radius": 0.3, "in_group_a_range": 2.8, "target": [16.0, -39.0], "in_group_r_strength": 40}, {"out_group_r_strength": 56.0, "out_group_r_range": 2.0, "target_a_range": 435, "out_group_a_range": 2.8, "group_id": 1, "pedestrian_id": 214, "in_group_r_range": 2.0, "target_a_strength": 22000000000, "attractor_count": 106, "position": [-5.745338184812025, 58.55667649396558], "friend_zone": [57, 198, 192, 116, 143, 187, 28, 48, 208, 80, 158, 155, 147, 95, 139, 61, 31, 112, 140, 184, 176, 169, 193, 40, 32, 110, 11, 16, 79, 199, 167, 9, 131, 82, 179, 21, 138, 166, 65, 186, 146, 23, 170, 45, 136, 164, 67, 134, 189, 0, 30, 175, 50, 52, 180, 101, 151, 188, 3, 149, 5, 71, 87, 8, 7, 14, 114, 2, 38, 33, 168, 200, 118, 56, 196, 178, 49, 6, 99, 78, 171, 123, 194, 63, 159, 160, 81, 89, 181, 84, 148, 107, 207, 69, 129, 206, 190, 122, 94, 106, 58, 195, 108, 13, 18, 127], "out_group_a_strength": 14.285714285714286, "in_group_a_strength": 20, "radius": 0.3, "in_group_a_range": 2.8, "target": [16.0, -39.0], "in_group_r_strength": 40}, {"out_group_r_strength": 56.0, "out_group_r_range": 2.0, "target_a_range": 435, "out_group_a_range": 2.8, "group_id": 1, "pedestrian_id": 215, "in_group_r_range": 2.0, "target_a_strength": 22000000000, "attractor_count": 106, "position": [16.374861901101838, 60.50065502738975], "friend_zone": [52, 113, 207, 144, 85, 86, 182, 204, 68, 110, 62, 201, 63, 60, 88, 147, 36, 12, 5, 25, 97, 157, 206, 123, 95, 210, 19, 199, 10, 32, 131, 116, 153, 87, 149, 190, 133, 202, 3, 47, 82, 7, 26, 150, 46, 114, 191, 81, 211, 92, 73, 174, 135, 165, 50, 185, 106, 184, 71, 75, 137, 6, 163, 1, 66, 192, 173, 151, 72, 42, 125, 176, 84, 22, 175, 189, 124, 115, 141, 53, 20, 45, 187, 41, 146, 193, 83, 122, 78, 126, 9, 43, 119, 18, 77, 51, 142, 17, 64, 30, 55, 31, 15, 94, 130, 101], "out_group_a_strength": 14.285714285714286, "in_group_a_strength": 20, "radius": 0.3, "in_group_a_range": 2.8, "target": [16.0, -39.0], "in_group_r_strength": 40}], "frame_second": "4800", "additional_id_existed_ped": {"0": [212, 215], "1": [212, 214, 215], "2": [212, 215], "3": [214], "4": [212, 213, 214, 215], "5": [212, 214, 215], "6": [], "7": [214, 215], "8": [212], "9": [214, 215], "10": [214], "11": [213], "12": [212, 213], "13": [215], "14": [213, 215], "15": [212, 213, 214, 215], "16": [212, 214], "17": [212, 213, 214, 215], "18": [212, 213, 214], "19": [214], "20": [214, 215], "21": [212, 213], "22": [214, 215], "23": [212], "24": [213], "25": [212, 215], "26": [213], "27": [212, 214, 215], "28": [212, 215], "29": [], "30": [214], "31": [212, 215], "32": [212], "33": [212, 215], "34": [212, 213, 214], "35": [212], "36": [215], "37": [213, 214, 215], "38": [213, 214], "39": [213], "40": [214, 215], "41": [214, 215], "42": [212, 213], "43": [213], "44": [214, 215], "45": [215], "46": [212, 215], "47": [213, 215], "48": [213, 214], "49": [212, 214, 215], "50": [212, 213, 214], "51": [212], "52": [212, 213, 214, 215], "53": [213, 214, 215], "54": [213, 214, 215], "55": [213], "56": [213, 214], "57": [212, 213], "58": [212, 213], "59": [212, 215], "60": [212, 214], "61": [213], "62": [213, 214, 215], "63": [212, 213, 215], "64": [213], "65": [], "66": [212, 213], "67": [213], "68": [213, 214], "69": [212, 214, 215], "70": [212], "71": [212, 215], "72": [212, 213, 214], "73": [212, 214], "74": [212, 213, 214, 215], "75": [212, 214], "76": [213, 214], "77": [212, 215], "78": [214, 215], "79": [], "80": [212, 214], "81": [213, 215], "82": [212, 214], "83": [212, 213], "84": [212, 213, 214], "85": [214], "86": [212], "87": [212, 214], "88": [213], "89": [213], "90": [213, 214, 215], "91": [213, 215], "92": [213], "93": [212, 213, 214, 215], "94": [212, 213], "95": [212, 214], "96": [214, 215], "97": [212, 214, 215], "98": [212, 213, 214, 215], "99": [213, 214, 215], "100": [213, 214, 215], "101": [214, 215], "102": [212, 215], "103": [212, 213, 214, 215], "104": [212, 213, 214, 215], "105": [212, 214], "106": [214], "107": [212], "108": [213], "109": [213, 214, 215], "110": [213], "111": [213], "112": [212, 214, 215], "113": [212, 214], "114": [212, 215], "115": [212, 214, 215], "116": [212, 213, 215], "117": [213, 214, 215], "118": [213, 214, 215], "119": [212, 213, 214, 215], "120": [213, 214], "121": [214, 215], "122": [212, 213], "123": [212, 213, 214], "124": [213, 214], "125": [213, 214], "126": [212, 213, 215], "127": [], "128": [213], "129": [213], "130": [214, 215], "131": [213, 215], "132": [212, 214, 215], "133": [212, 213, 215], "134": [212, 213, 214], "135": [213], "136": [212, 213, 214, 215], "137": [213, 214, 215], "138": [213, 214, 215], "139": [212, 213], "140": [212, 214], "141": [213], "142": [212, 213, 214, 215], "143": [213, 214], "144": [212, 213], "145": [212, 215], "146": [212, 213], "147": [], "148": [212, 214, 215], "149": [213, 215], "150": [213, 215], "151": [213], "152": [213], "153": [213, 214, 215], "154": [212, 214, 215], "155": [213, 214, 215], "156": [214, 215], "157": [213, 214], "158": [212, 213, 214, 215], "159": [212, 215], "160": [212, 214, 215], "161": [], "162": [215], "163": [212, 214, 215], "164": [213, 215], "165": [213], "166": [214, 215], "167": [212, 215], "168": [212, 215], "169": [212, 214], "170": [213, 215], "171": [212], "172": [212], "173": [212], "174": [212, 213, 214, 215], "175": [214], "176": [], "177": [212, 213, 215], "178": [212, 214], "179": [212, 214, 215], "180": [212], "181": [], "182": [213, 214], "183": [213, 215], "184": [212, 214], "185": [213, 214], "186": [213, 215], "187": [212, 215], "188": [214], "189": [213, 215], "190": [213, 215], "191": [212, 213, 215], "192": [212, 214], "193": [212, 215], "194": [213], "195": [212, 215], "196": [214, 215], "197": [212, 214], "198": [212, 213, 215], "199": [212, 213, 214], "200": [], "201": [212, 213, 214], "202": [], "203": [], "204": [212, 215], "205": [215], "206": [212, 214, 215], "207": [213, 214, 215], "208": [212, 213], "209": [214, 215], "210": [215], "211": [214]}}