{"pedestrian_list": [{"out_group_r_strength": 56.0, "out_group_r_range": 2.0, "target_a_range": 435, "out_group_a_range": 2.8, "group_id": 0, "pedestrian_id": 316, "in_group_r_range": 2.0, "target_a_strength": 22000000000, "attractor_count": 158, "position": [7.926249734834653, 39.05826723156285], "friend_zone": [97, 189, 261, 81, 266, 23, 226, 163, 46, 234, 151, 186, 6, 118, 108, 289, 13, 206, 3, 114, 65, 237, 5, 123, 209, 242, 281, 207, 22, 199, 147, 310, 227, 144, 274, 314, 153, 196, 152, 149, 194, 269, 279, 48, 36, 155, 12, 99, 101, 156, 107, 67, 60, 285, 294, 130, 39, 115, 92, 172, 205, 250, 145, 75, 41, 190, 304, 4, 221, 15, 183, 277, 47, 103, 128, 17, 24, 215, 300, 104, 230, 96, 29, 168, 93, 219, 91, 122, 113, 121, 98, 276, 27, 253, 124, 32, 185, 106, 109, 273, 25, 33, 232, 38, 299, 249, 309, 188, 82, 26, 69, 110, 70, 1, 229, 132, 187, 202, 85, 212, 210, 80, 116, 83, 308, 265, 148, 142, 297, 50, 302, 263, 120, 275, 178, 88, 305, 170, 66, 139, 225, 301, 134, 246, 224, 79, 18, 315, 311, 272, 0, 257, 176, 184, 73, 10, 211, 45], "out_group_a_strength": 14.285714285714286, "in_group_a_strength": 20, "radius": 0.3, "in_group_a_range": 2.8, "target": [16.0, -39.0], "in_group_r_strength": 40}, {"out_group_r_strength": 56.0, "out_group_r_range": 2.0, "target_a_range": 435, "out_group_a_range": 2.8, "group_id": 0, "pedestrian_id": 317, "in_group_r_range": 2.0, "target_a_strength": 22000000000, "attractor_count": 158, "position": [15.098693479717635, 41.00127147192318], "friend_zone": [97, 193, 275, 66, 196, 170, 288, 52, 111, 39, 257, 202, 214, 120, 190, 239, 155, 70, 263, 234, 232, 260, 201, 112, 44, 56, 88, 148, 244, 45, 215, 161, 167, 313, 247, 218, 99, 84, 168, 281, 63, 83, 246, 253, 119, 224, 105, 96, 90, 259, 101, 166, 40, 269, 5, 282, 184, 297, 226, 130, 32, 204, 100, 59, 89, 284, 149, 158, 69, 174, 71, 154, 191, 182, 183, 23, 289, 110, 73, 308, 68, 231, 138, 185, 10, 29, 251, 162, 245, 286, 177, 65, 164, 128, 78, 51, 38, 152, 206, 127, 19, 186, 43, 145, 146, 241, 50, 122, 109, 26, 181, 210, 287, 198, 142, 147, 126, 171, 160, 72, 103, 91, 153, 7, 262, 141, 188, 256, 77, 258, 129, 208, 312, 49, 278, 25, 207, 53, 4, 35, 14, 115, 13, 295, 140, 1, 242, 279, 135, 304, 11, 74, 192, 220, 315, 55, 271, 117], "out_group_a_strength": 14.285714285714286, "in_group_a_strength": 20, "radius": 0.3, "in_group_a_range": 2.8, "target": [16.0, -39.0], "in_group_r_strength": 40}, {"out_group_r_strength": 56.0, "out_group_r_range": 2.0, "target_a_range": 435, "out_group_a_range": 2.8, "group_id": 1, "pedestrian_id": 318, "in_group_r_range": 2.0, "target_a_strength": 22000000000, "attractor_count": 158, "position": [2.084361262560955, 70.2523149031895], "friend_zone": [264, 196, 247, 228, 277, 305, 97, 59, 132, 68, 32, 135, 150, 222, 126, 52, 84, 141, 29, 69, 121, 128, 169, 312, 170, 26, 117, 112, 248, 174, 271, 307, 124, 193, 296, 163, 58, 198, 110, 74, 44, 177, 107, 229, 101, 184, 36, 306, 256, 142, 71, 108, 186, 27, 180, 160, 292, 17, 269, 54, 123, 199, 129, 299, 257, 28, 34, 49, 144, 63, 87, 43, 230, 134, 81, 109, 3, 179, 267, 231, 45, 294, 241, 23, 100, 13, 146, 130, 12, 234, 120, 274, 220, 283, 215, 244, 11, 93, 76, 18, 118, 309, 168, 31, 147, 304, 195, 4, 162, 46, 310, 55, 279, 183, 7, 301, 237, 131, 41, 252, 261, 42, 143, 25, 91, 172, 260, 263, 270, 116, 152, 125, 207, 297, 35, 80, 238, 211, 240, 111, 115, 77, 253, 6, 190, 50, 225, 181, 136, 245, 159, 53, 208, 185, 273, 82, 214, 206], "out_group_a_strength": 14.285714285714286, "in_group_a_strength": 20, "radius": 0.3, "in_group_a_range": 2.8, "target": [16.0, -39.0], "in_group_r_strength": 40}, {"out_group_r_strength": 56.0, "out_group_r_range": 2.0, "target_a_range": 435, "out_group_a_range": 2.8, "group_id": 1, "pedestrian_id": 319, "in_group_r_range": 2.0, "target_a_strength": 22000000000, "attractor_count": 158, "position": [15.061589637509087, 50.761006972791], "friend_zone": [259, 166, 310, 17, 304, 127, 155, 243, 87, 36, 3, 51, 96, 92, 194, 312, 35, 226, 101, 110, 130, 188, 266, 158, 191, 305, 38, 269, 257, 94, 76, 178, 215, 71, 9, 149, 198, 44, 175, 100, 26, 56, 65, 82, 307, 202, 18, 21, 183, 119, 7, 251, 299, 278, 189, 270, 69, 236, 91, 254, 233, 63, 261, 315, 281, 234, 273, 184, 174, 15, 22, 102, 265, 179, 286, 128, 81, 207, 111, 159, 153, 185, 117, 11, 246, 34, 57, 302, 272, 72, 85, 187, 289, 27, 256, 216, 157, 123, 210, 180, 143, 131, 137, 228, 150, 126, 30, 121, 258, 134, 277, 145, 70, 104, 303, 253, 93, 313, 295, 212, 213, 139, 64, 49, 154, 209, 211, 311, 135, 60, 309, 50, 31, 208, 274, 306, 113, 147, 165, 136, 203, 308, 47, 55, 293, 62, 109, 146, 5, 108, 224, 250, 268, 164, 141, 287, 229, 52], "out_group_a_strength": 14.285714285714286, "in_group_a_strength": 20, "radius": 0.3, "in_group_a_range": 2.8, "target": [16.0, -39.0], "in_group_r_strength": 40}], "frame_second": "7400", "additional_id_existed_ped": {"0": [318, 319], "1": [316, 317, 318], "2": [317, 319], "3": [316, 318, 319], "4": [317, 318], "5": [316, 318, 319], "6": [316], "7": [317, 318], "8": [316, 317, 318], "9": [317], "10": [318, 319], "11": [318], "12": [318, 319], "13": [317, 318, 319], "14": [], "15": [317, 319], "16": [318, 319], "17": [316], "18": [317, 318], "19": [316, 317, 319], "20": [316, 317], "21": [316, 317], "22": [316, 319], "23": [316, 317], "24": [316, 317, 319], "25": [316, 317, 319], "26": [316], "27": [316, 319], "28": [318, 319], "29": [316, 319], "30": [316], "31": [317, 318, 319], "32": [317], "33": [316, 318, 319], "34": [317], "35": [316, 318], "36": [316, 317], "37": [316, 317, 318], "38": [318, 319], "39": [317, 318], "40": [319], "41": [316, 319], "42": [316, 317, 319], "43": [316, 318], "44": [317, 318], "45": [317, 319], "46": [316, 319], "47": [316, 317], "48": [316, 318, 319], "49": [316, 317], "50": [317, 319], "51": [318], "52": [317, 319], "53": [316, 317, 318, 319], "54": [318, 319], "55": [316, 319], "56": [318, 319], "57": [319], "58": [319], "59": [316], "60": [], "61": [316, 319], "62": [317, 318, 319], "63": [316, 318, 319], "64": [317], "65": [317], "66": [319], "67": [316, 317, 318], "68": [317], "69": [316], "70": [316, 317, 318, 319], "71": [318], "72": [319], "73": [319], "74": [316, 317], "75": [317, 318, 319], "76": [316, 319], "77": [318, 319], "78": [316, 318], "79": [316, 317, 318, 319], "80": [317], "81": [317, 319], "82": [316, 318, 319], "83": [316, 317, 319], "84": [], "85": [316], "86": [], "87": [317], "88": [317, 318], "89": [316, 319], "90": [317, 319], "91": [316, 318], "92": [317, 318, 319], "93": [317, 319], "94": [316, 318], "95": [318], "96": [318], "97": [316, 318, 319], "98": [317, 319], "99": [316, 318], "100": [316, 318, 319], "101": [316, 317, 318, 319], "102": [316, 318], "103": [317, 318], "104": [316], "105": [316, 317, 319], "106": [318], "107": [318], "108": [318, 319], "109": [], "110": [317, 318], "111": [316], "112": [317], "113": [316, 317, 318, 319], "114": [317, 319], "115": [316, 317, 318], "116": [317, 318, 319], "117": [317, 318], "118": [318], "119": [316, 319], "120": [317], "121": [317, 318, 319], "122": [316, 318, 319], "123": [317, 318], "124": [316, 317, 319], "125": [316, 319], "126": [317, 318], "127": [317], "128": [317, 318], "129": [318, 319], "130": [318], "131": [316, 319], "132": [316, 318], "133": [317, 318], "134": [316, 318], "135": [], "136": [316, 317, 318], "137": [317, 318], "138": [316, 317], "139": [317, 319], "140": [316, 317], "141": [316, 317, 318, 319], "142": [316, 319], "143": [316, 317, 319], "144": [316, 317, 318, 319], "145": [316, 318, 319], "146": [317, 318], "147": [316], "148": [318], "149": [316, 318], "150": [316, 319], "151": [318, 319], "152": [318, 319], "153": [317, 318, 319], "154": [316, 318], "155": [], "156": [316, 317], "157": [], "158": [316, 318], "159": [318, 319], "160": [317, 318, 319], "161": [317], "162": [319], "163": [316, 317, 318], "164": [319], "165": [316, 317, 318], "166": [316, 317, 318], "167": [317, 318], "168": [317, 319], "169": [316, 317, 318, 319], "170": [317],