{"pedestrian_list": [{"out_group_r_strength": 56.0, "out_group_r_range": 2.0, "target_a_range": 435, "out_group_a_range": 2.8, "group_id": 0, "pedestrian_id": 104, "in_group_r_range": 2.0, "target_a_strength": 22000000000, "attractor_count": 52, "position": [-7.651875718674355, 50.73721092200998], "friend_zone": [62, 99, 12, 37, 38, 32, 29, 36, 1, 90, 4, 49, 70, 2, 9, 19, 57, 10, 50, 76, 68, 69, 21, 75, 0, 40, 84, 101, 42, 55, 83, 65, 54, 16, 66, 3, 97, 30, 24, 27, 28, 73, 22, 103, 20, 80, 34, 64, 48, 60, 5, 53], "out_group_a_strength": 14.285714285714286, "in_group_a_strength": 20, "radius": 0.3, "in_group_a_range": 2.8, "target": [16.0, -39.0], "in_group_r_strength": 40}, {"out_group_r_strength": 56.0, "out_group_r_range": 2.0, "target_a_range": 435, "out_group_a_range": 2.8, "group_id": 0, "pedestrian_id": 105, "in_group_r_range": 2.0, "target_a_strength": 22000000000, "attractor_count": 52, "position": [2.7074069818532545, 39.04498856956871], "friend_zone": [65, 61, 15, 55, 87, 7, 102, 93, 95, 71, 9, 19, 12, 69, 2, 80, 4, 76, 14, 13, 36, 40, 94, 37, 63, 73, 91, 90, 83, 35, 31, 54, 1, 26, 49, 59, 8, 18, 92, 72, 101, 22, 70, 3, 16, 48, 66, 20, 78, 50, 42, 41], "out_group_a_strength": 14.285714285714286, "in_group_a_strength": 20, "radius": 0.3, "in_group_a_range": 2.8, "target": [16.0, -39.0], "in_group_r_strength": 40}, {"out_group_r_strength": 56.0, "out_group_r_range": 2.0, "target_a_range": 435, "out_group_a_range": 2.8, "group_id": 1, "pedestrian_id": 106, "in_group_r_range": 2.0, "target_a_strength": 22000000000, "attractor_count": 52, "position": [9.859803744146832, 54.62941109445182], "friend_zone": [73, 9, 81, 79, 75, 89, 36, 54, 18, 50, 60, 64, 34, 35, 68, 80, 5, 67, 98, 1, 76, 78, 16, 7, 45, 65, 53, 58, 41, 11, 47, 4, 72, 59, 95, 30, 100, 42, 44, 96, 90, 71, 52, 38, 8, 103, 2, 10, 84, 101, 56, 19], "out_group_a_strength": 14.285714285714286, "in_group_a_strength": 20, "radius": 0.3, "in_group_a_range": 2.8, "target": [16.0, -39.0], "in_group_r_strength": 40}, {"out_group_r_strength": 56.0, "out_group_r_range": 2.0, "target_a_range": 435, "out_group_a_range": 2.8, "group_id": 1, "pedestrian_id": 107, "in_group_r_range": 2.0, "target_a_strength": 22000000000, "attractor_count": 52, "position": [1.4467106187197014, 61.133304368646776], "friend_zone": [36, 95, 39, 84, 18, 73, 4, 72, 78, 69, 17, 24, 42, 52, 61, 28, 100, 37, 2, 59, 89, 98, 77, 81, 1, 58, 23, 91, 86, 34, 76, 65, 56, 41, 62, 79, 80, 44, 64, 13, 97, 3, 74, 71, 82, 88, 11, 12, 75, 92, 9, 10], "out_group_a_strength": 14.285714285714286, "in_group_a_strength": 20, "radius": 0.3, "in_group_a_range": 2.8, "target": [16.0, -39.0], "in_group_r_strength": 40}], "frame_second": "2100", "additional_id_existed_ped": {"0": [106, 107], "1": [104, 106], "2": [105, 106, 107], "3": [104, 106], "4": [104, 105, 106], "5": [105, 107], "6": [105], "7": [104, 106], "8": [104, 107], "9": [104, 105, 106, 107], "10": [105], "11": [104], "12": [104, 105, 106, 107], "13": [104], "14": [104, 106, 107], "15": [105, 107], "16": [104, 106, 107], "17": [104, 106], "18": [104, 107], "19": [106, 107], "20": [105, 107], "21": [], "22": [104, 106, 107], "23": [], "24": [], "25": [105, 106, 107], "26": [104, 106], "27": [104, 105, 106, 107], "28": [105, 106, 107], "29": [105, 107], "30": [104, 105, 107], "31": [104, 105, 106, 107], "32": [104, 106, 107], "33": [], "34": [106], "35": [105, 106, 107], "36": [104, 106, 107], "37": [104, 105], "38": [104], "39": [107], "40": [104, 105, 107], "41": [104, 105, 106], "42": [106, 107], "43": [104, 106], "44": [105], "45": [105, 107], "46": [104, 106], "47": [104, 106, 107], "48": [104, 105, 107], "49": [105], "50": [107], "51": [104, 105, 106, 107], "52": [107], "53": [105, 106], "54": [104, 105], "55": [105, 107], "56": [105, 106], "57": [104], "58": [105, 106, 107], "59": [104, 105], "60": [106], "61": [104, 107], "62": [104], "63": [105], "64": [104, 106, 107], "65": [107], "66": [104, 105, 106, 107], "67": [104, 105], "68": [105, 107], "69": [106, 107], "70": [104, 105], "71": [104], "72": [105, 107], "73": [106], "74": [104, 106], "75": [107], "76": [104, 106], "77": [105], "78": [105], "79": [105, 106], "80": [104, 105, 107], "81": [105, 106], "82": [106, 107], "83": [104, 105, 106, 107], "84": [104, 106], "85": [105, 106, 107], "86": [104, 105, 106], "87": [104, 105, 107], "88": [106, 107], "89": [105, 106], "90": [104], "91": [106], "92": [105, 107], "93": [104, 105, 106], "94": [104, 106], "95": [], "96": [107], "97": [106, 107], "98": [104, 105], "99": [104, 105, 107], "100": [], "101": [], "102": [105], "103": [104, 105, 106, 107]}}