{"pedestrian_list": [{"out_group_r_strength": 56.0, "out_group_r_range": 2.0, "target_a_range": 435, "out_group_a_range": 2.8, "group_id": 0, "pedestrian_id": 184, "in_group_r_range": 2.0, "target_a_strength": 22000000000, "attractor_count": 92, "position": [-7.038618522062078, 42.93962619223624], "friend_zone": [113, 179, 57, 130, 139, 158, 95, 65, 91, 41, 122, 168, 121, 97, 64, 115, 114, 71, 26, 22, 176, 178, 99, 14, 105, 136, 60, 125, 53, 31, 81, 21, 76, 154, 108, 77, 37, 135, 155, 123, 144, 25, 34, 74, 120, 30, 82, 44, 171, 55, 87, 177, 12, 128, 180, 151, 170, 75, 63, 42, 116, 43, 150, 161, 47, 59, 58, 109, 1, 15, 56, 124, 90, 145, 61, 164, 107, 89, 68, 29, 46, 156, 169, 67, 93, 137, 102, 167, 153, 84, 9, 92], "out_group_a_strength": 14.285714285714286, "in_group_a_strength": 20, "radius": 0.3, "in_group_a_range": 2.8, "target": [16.0, -39.0], "in_group_r_strength": 40}, {"out_group_r_strength": 56.0, "out_group_r_range": 2.0, "target_a_range": 435, "out_group_a_range": 2.8, "group_id": 0, "pedestrian_id": 185, "in_group_r_range": 2.0, "target_a_strength": 22000000000, "attractor_count": 92, "position": [6.61457787918562, 46.189244711116224], "friend_zone": [164, 136, 165, 22, 8, 71, 15, 9, 127, 115, 174, 50, 89, 46, 79, 130, 6, 176, 58, 168, 167, 17, 82, 51, 144, 63, 32, 95, 42, 139, 26, 138, 152, 107, 66, 60, 49, 14, 173, 155, 110, 116, 90, 54, 121, 52, 175, 68, 112, 18, 35, 118, 102, 133, 151, 69, 141, 19, 37, 3, 7, 84, 123, 125, 156, 5, 100, 80, 153, 20, 126, 169, 21, 64, 157, 97, 85, 146, 40, 65, 124, 106, 182, 41, 53, 77, 150, 93, 148, 143, 166, 172], "out_group_a_strength": 14.285714285714286, "in_group_a_strength": 20, "radius": 0.3, "in_group_a_range": 2.8, "target": [16.0, -39.0], "in_group_r_strength": 40}, {"out_group_r_strength": 56.0, "out_group_r_range": 2.0, "target_a_range": 435, "out_group_a_range": 2.8, "group_id": 1, "pedestrian_id": 186, "in_group_r_range": 2.0, "target_a_strength": 22000000000, "attractor_count": 92, "position": [19.646726073213454, 59.863464729969515], "friend_zone": [1, 109, 59, 42, 33, 76, 136, 94, 128, 91, 132, 123, 121, 168, 75, 58, 157, 182, 20, 28, 159, 21, 46, 111, 67, 163, 90, 173, 39, 142, 50, 40, 14, 85, 117, 145, 153, 125, 26, 154, 101, 164, 106, 86, 3, 148, 160, 176, 97, 120, 11, 37, 56, 146, 6, 17, 107, 102, 105, 81, 135, 150, 73, 74, 130, 134, 22, 167, 165, 12, 45, 66, 122, 52, 13, 24, 44, 0, 137, 64, 5, 140, 18, 9, 139, 51, 79, 32, 114, 38, 143, 161], "out_group_a_strength": 14.285714285714286, "in_group_a_strength": 20, "radius": 0.3, "in_group_a_range": 2.8, "target": [16.0, -39.0], "in_group_r_strength": 40}, {"out_group_r_strength": 56.0, "out_group_r_range": 2.0, "target_a_range": 435, "out_group_a_range": 2.8, "group_id": 1, "pedestrian_id": 187, "in_group_r_range": 2.0, "target_a_strength": 22000000000, "attractor_count": 92, "position": [5.300867886229964, 45.54510727057489], "friend_zone": [25, 16, 76, 83, 74, 112, 152, 8, 102, 39, 48, 47, 132, 131, 86, 71, 29, 137, 34, 60, 135, 127, 44, 111, 33, 24, 66, 168, 79, 180, 52, 63, 164, 155, 139, 18, 121, 51, 15, 65, 101, 5, 0, 81, 105, 91, 148, 75, 10, 147, 56, 170, 144, 113, 136, 55, 97, 177, 181, 141, 126, 108, 54, 178, 183, 116, 161, 11, 85, 90, 153, 62, 118, 173, 94, 163, 172, 78, 114, 150, 95, 53, 45, 98, 142, 120, 38, 160, 179, 123, 13, 96], "out_group_a_strength": 14.285714285714286, "in_group_a_strength": 20, "radius": 0.3, "in_group_a_range": 2.8, "target": [16.0, -39.0], "in_group_r_strength": 40}], "frame_second": "4100", "additional_id_existed_ped": {"0": [184, 187], "1": [186], "2": [187], "3": [184, 187], "4": [184, 187], "5": [184, 185, 187], "6": [184, 187], "7": [184], "8": [186], "9": [184, 186], "10": [184], "11": [185], "12": [185, 187], "13": [184, 187], "14": [184], "15": [], "16": [184, 187], "17": [184, 185, 186, 187], "18": [184, 185, 186, 187], "19": [184], "20": [185, 186, 187], "21": [185, 186], "22": [185], "23": [184, 185, 186], "24": [184, 185], "25": [186], "26": [184], "27": [185, 187], "28": [184, 185, 186, 187], "29": [185, 186], "30": [184, 185, 187], "31": [185, 186, 187], "32": [184, 185, 186, 187], "33": [185, 186], "34": [184, 187], "35": [], "36": [184, 186, 187], "37": [185, 186], "38": [184, 186], "39": [184, 185, 186], "40": [186, 187], "41": [184, 186, 187], "42": [184, 185, 186], "43": [184, 186, 187], "44": [184, 185, 187], "45": [185, 186, 187], "46": [184, 187], "47": [184, 185], "48": [186], "49": [184, 187], "50": [185], "51": [184, 185, 186, 187], "52": [184, 185], "53": [185, 186, 187], "54": [186, 187], "55": [184, 186], "56": [187], "57": [184, 185], "58": [186], "59": [184, 187], "60": [184, 185, 187], "61": [184, 185, 186], "62": [184], "63": [185], "64": [185, 186], "65": [186], "66": [], "67": [185, 186, 187], "68": [184, 187], "69": [185, 186], "70": [185, 186, 187], "71": [184, 185, 186], "72": [184, 187], "73": [184, 185], "74": [184, 186], "75": [184, 185], "76": [184, 187], "77": [185, 186], "78": [], "79": [], "80": [184, 187], "81": [184, 185, 187], "82": [185, 186, 187], "83": [184, 186, 187], "84": [185], "85": [], "86": [185, 186], "87": [184], "88": [185, 186, 187], "89": [186, 187], "90": [185, 186], "91": [186], "92": [187], "93": [184, 185, 186, 187], "94": [185, 186], "95": [], "96": [184], "97": [185, 186, 187], "98": [184, 186, 187], "99": [185], "100": [184, 185, 186, 187], "101": [185, 186], "102": [185, 187], "103": [], "104": [185, 186], "105": [185, 186, 187], "106": [185, 186, 187], "107": [185, 186], "108": [], "109": [184, 185, 186, 187], "110": [187], "111": [184, 185], "112": [184, 185, 186, 187], "113": [184], "114": [184], "115": [184, 185, 187], "116": [184, 185], "117": [], "118": [184, 185, 187], "119": [184, 186], "120": [185, 186], "121": [185, 186, 187], "122": [186], "123": [185, 187], "124": [184, 187], "125": [184, 185, 187], "126": [185, 186, 187], "127": [184, 185, 187], "128": [184, 185], "129": [185, 186, 187], "130": [187], "131": [184, 185, 187], "132": [185], "133": [186], "134": [185, 186, 187], "135": [187], "136": [185], "137": [184, 186, 187], "138": [185, 186], "139": [185, 186, 187], "140": [184, 186], "141": [185, 186], "142": [], "143": [184, 185], "144": [184, 187], "145": [184, 185, 186], "146": [186], "147": [187], "148": [185], "149": [186], "150": [184, 185, 187], "151": [184, 185, 186, 187], "152": [186], "153": [184, 187], "154": [184, 186], "155": [186, 187], "156": [186], "157": [185, 187], "158": [186, 187], "159": [184, 187], "160": [184, 185, 186, 187], "161": [187], "162": [186], "163": [184, 186], "164": [184, 185], "165": [184, 186, 187], "166": [184, 186], "167": [], "168": [184, 185, 187], "169": [186], "170": [185, 187], "171": [184, 185, 187], "172": [184, 186], "173": [184, 186, 187], "174": [185, 187], "175": [184], "176": [186, 187], "177": [184, 187], "178": [186], "179": [184, 185, 186, 187], "180": [185, 186, 187], "181": [184, 187], "182": [185, 187], "183": [184, 186]}}