{"pedestrian_list": [{"out_group_r_strength": 56.0, "out_group_r_range": 2.0, "target_a_range": 435, "out_group_a_range": 2.8, "group_id": 0, "pedestrian_id": 88, "in_group_r_range": 2.0, "target_a_strength": 22000000000, "attractor_count": 44, "position": [-6.357245023839115, 61.16542594299004], "friend_zone": [34, 60, 69, 6, 4, 8, 62, 31, 54, 26, 1, 50, 85, 87, 63, 27, 84, 28, 0, 37, 19, 40, 83, 7, 81, 39, 56, 16, 78, 38, 59, 61, 74, 52, 58, 71, 64, 68, 44, 75, 82, 12, 36, 24], "out_group_a_strength": 14.285714285714286, "in_group_a_strength": 20, "radius": 0.3, "in_group_a_range": 2.8, "target": [16.0, -39.0], "in_group_r_strength": 40}, {"out_group_r_strength": 56.0, "out_group_r_range": 2.0, "target_a_range": 435, "out_group_a_range": 2.8, "group_id": 0, "pedestrian_id": 89, "in_group_r_range": 2.0, "target_a_strength": 22000000000, "attractor_count": 44, "position": [-6.387848040207863, 70.2663322905737], "friend_zone": [80, 65, 75, 25, 24, 79, 84, 17, 23, 87, 71, 11, 16, 38, 56, 15, 34, 50, 66, 59, 3, 72, 54, 55, 42, 5, 63, 81, 53, 76, 48, 49, 18, 13, 74, 2, 36, 67, 51, 10, 22, 28, 40, 62], "out_group_a_strength": 14.285714285714286, "in_group_a_strength": 20, "radius": 0.3, "in_group_a_range": 2.8, "target": [16.0, -39.0], "in_group_r_strength": 40}, {"out_group_r_strength": 56.0, "out_group_r_range": 2.0, "target_a_range": 435, "out_group_a_range": 2.8, "group_id": 1, "pedestrian_id": 90, "in_group_r_range": 2.0, "target_a_strength": 22000000000, "attractor_count": 44, "position": [0.13029958182061985, 36.437455878270484], "friend_zone": [31, 42, 83, 52, 7, 4, 23, 75, 82, 33, 85, 13, 1, 80, 87, 49, 53, 40, 76, 57, 35, 45, 66, 60, 56, 65, 48, 2, 68, 86, 32, 0, 8, 78, 72, 19, 29, 59, 14, 17, 73, 11, 61, 58], "out_group_a_strength": 14.285714285714286, "in_group_a_strength": 20, "radius": 0.3, "in_group_a_range": 2.8, "target": [16.0, -39.0], "in_group_r_strength": 40}, {"out_group_r_strength": 56.0, "out_group_r_range": 2.0, "target_a_range": 435, "out_group_a_range": 2.8, "group_id": 1, "pedestrian_id": 91, "in_group_r_range": 2.0, "target_a_strength": 22000000000, "attractor_count": 44, "position": [15.70804315524358, 40.36134772064312], "friend_zone": [26, 48, 67, 37, 10, 31, 38, 79, 5, 71, 36, 32, 20, 47, 75, 14, 80, 45, 41, 46, 78, 61, 59, 52, 74, 85, 30, 27, 19, 1, 60, 8, 81, 17, 77, 66, 63, 29, 0, 51, 33, 18, 16, 28], "out_group_a_strength": 14.285714285714286, "in_group_a_strength": 20, "radius": 0.3, "in_group_a_range": 2.8, "target": [16.0, -39.0], "in_group_r_strength": 40}], "frame_second": "1700", "additional_id_existed_ped": {"0": [88, 90, 91], "1": [88, 91], "2": [88], "3": [], "4": [], "5": [88, 91], "6": [89, 90, 91], "7": [88, 89, 90], "8": [88, 90], "9": [89, 90, 91], "10": [90, 91], "11": [88, 89, 90], "12": [90], "13": [88, 91], "14": [89], "15": [89, 90], "16": [88, 89, 91], "17": [88, 89, 91], "18": [89, 91], "19": [88, 89], "20": [90, 91], "21": [89, 91], "22": [88, 89, 90, 91], "23": [], "24": [89, 91], "25": [88, 89], "26": [88, 89], "27": [90], "28": [90, 91], "29": [88, 91], "30": [88, 91], "31": [90, 91], "32": [88, 89, 91], "33": [88, 89, 90, 91], "34": [88, 89], "35": [88, 90, 91], "36": [88, 89], "37": [91], "38": [88, 89, 90, 91], "39": [88, 89, 90], "40": [90], "41": [90, 91], "42": [88, 89], "43": [88, 89, 90], "44": [88], "45": [88, 90], "46": [88], "47": [88, 89, 90], "48": [], "49": [88, 90], "50": [88, 90, 91], "51": [90, 91], "52": [91], "53": [88, 90, 91], "54": [89, 90, 91], "55": [89, 91], "56": [89, 90], "57": [88, 89], "58": [88, 90, 91], "59": [91], "60": [89, 90, 91], "61": [88, 89, 91], "62": [88, 89, 90], "63": [89, 90], "64": [88, 89, 90, 91], "65": [89, 90], "66": [88, 89], "67": [], "68": [88, 91], "69": [89, 91], "70": [89], "71": [91], "72": [89, 90], "73": [88], "74": [90, 91], "75": [90, 91], "76": [90, 91], "77": [88, 89], "78": [89, 90, 91], "79": [90], "80": [88], "81": [88, 90], "82": [88, 90], "83": [89, 91], "84": [89], "85": [89, 90], "86": [89, 91], "87": []}}