{"pedestrian_list": [{"out_group_r_strength": 56.0, "out_group_r_range": 2.0, "target_a_range": 435, "out_group_a_range": 2.8, "group_id": 0, "pedestrian_id": 280, "in_group_r_range": 2.0, "target_a_strength": 22000000000, "attractor_count": 140, "position": [4.038272461009169, 52.692713042989375], "friend_zone": [2, 118, 269, 24, 34, 49, 173, 28, 248, 73, 219, 185, 109, 108, 207, 176, 114, 182, 113, 247, 81, 175, 194, 266, 5, 52, 150, 244, 249, 7, 165, 274, 44, 167, 162, 42, 260, 153, 65, 151, 21, 230, 116, 84, 164, 122, 187, 143, 127, 141, 204, 76, 144, 172, 69, 234, 218, 20, 9, 40, 199, 263, 197, 99, 115, 87, 95, 112, 75, 15, 275, 63, 271, 96, 123, 98, 227, 30, 278, 78, 131, 86, 145, 38, 12, 268, 136, 19, 51, 102, 37, 82, 3, 56, 203, 55, 196, 224, 80, 205, 22, 0, 14, 170, 208, 138, 171, 72, 133, 270, 103, 241, 41, 258, 279, 251, 10, 229, 156, 276, 17, 240, 160, 121, 168, 130, 79, 225, 161, 27, 264, 262, 128, 228, 105, 159, 91, 62, 212, 120], "out_group_a_strength": 14.285714285714286, "in_group_a_strength": 20, "radius": 0.3, "in_group_a_range": 2.8, "target": [16.0, -39.0], "in_group_r_strength": 40}, {"out_group_r_strength": 56.0, "out_group_r_range": 2.0, "target_a_range": 435, "out_group_a_range": 2.8, "group_id": 0, "pedestrian_id": 281, "in_group_r_range": 2.0, "target_a_strength": 22000000000, "attractor_count": 140, "position": [0.7887970853638626, 40.98559569526316], "friend_zone": [169, 27, 259, 255, 48, 114, 111, 67, 15, 61, 10, 134, 86, 233, 260, 163, 181, 36, 14, 93, 205, 185, 248, 241, 151, 24, 5, 218, 32, 51, 42, 273, 41, 87, 30, 159, 223, 107, 80, 83, 271, 71, 58, 35, 242, 206, 214, 216, 119, 43, 194, 272, 68, 156, 31, 186, 138, 39, 131, 182, 46, 249, 90, 6, 125, 246, 275, 267, 221, 52, 165, 116, 8, 213, 211, 94, 81, 225, 82, 191, 135, 78, 65, 245, 45, 278, 161, 40, 88, 177, 178, 183, 89, 152, 137, 64, 167, 101, 139, 60, 132, 109, 85, 227, 69, 130, 204, 59, 56, 240, 222, 7, 210, 148, 143, 17, 238, 277, 276, 262, 91, 124, 202, 199, 77, 236, 174, 44, 127, 95, 254, 175, 200, 263, 117, 243, 209, 170, 21, 224], "out_group_a_strength": 14.285714285714286, "in_group_a_strength": 20, "radius": 0.3, "in_group_a_range": 2.8, "target": [16.0, -39.0], "in_group_r_strength": 40}, {"out_group_r_strength": 56.0, "out_group_r_range": 2.0, "target_a_range": 435, "out_group_a_range": 2.8, "group_id": 1, "pedestrian_id": 282, "in_group_r_range": 2.0, "target_a_strength": 22000000000, "attractor_count": 140, "position": [-8.95174876872689, 71.5328446000869], "friend_zone": [103, 71, 130, 234, 138, 225, 67, 104, 172, 74, 146, 267, 121, 95, 93, 90, 117, 110, 194, 98, 134, 201, 43, 235, 221, 184, 82, 253, 60, 169, 149, 214, 46, 212, 22, 277, 119, 185, 128, 273, 45, 161, 153, 27, 58, 44, 139, 251, 125, 158, 144, 245, 102, 151, 176, 199, 59, 87, 241, 97, 53, 23, 88, 106, 72, 211, 218, 140, 94, 26, 64, 38, 123, 33, 164, 28, 135, 232, 159, 92, 9, 86, 170, 196, 166, 202, 108, 224, 222, 68, 79, 180, 272, 24, 54, 206, 271, 30, 3, 47, 276, 37, 81, 260, 244, 61, 132, 116, 154, 41, 261, 239, 188, 78, 237, 179, 265, 150, 31, 17, 152, 181, 278, 209, 36, 2, 52, 168, 51, 19, 275, 69, 6, 142, 114, 91, 115, 7, 279, 70], "out_group_a_strength": 14.285714285714286, "in_group_a_strength": 20, "radius": 0.3, "in_group_a_range": 2.8, "target": [16.0, -39.0], "in_group_r_strength": 40}, {"out_group_r_strength": 56.0, "out_group_r_range": 2.0, "target_a_range": 435, "out_group_a_range": 2.8, "group_id": 1, "pedestrian_id": 283, "in_group_r_range": 2.0, "target_a_strength": 22000000000, "attractor_count": 140, "position": [4.654497713511427, 40.98300180449636], "friend_zone": [252, 73, 154, 234, 112, 91, 141, 213, 263, 239, 46, 170, 148, 116, 65, 150, 194, 178, 223, 209, 75, 84, 128, 47, 201, 179, 237, 66, 158, 244, 127, 273, 156, 226, 208, 135, 77, 114, 68, 147, 207, 151, 64, 245, 85, 110, 94, 199, 276, 255, 272, 210, 70, 267, 206, 88, 195, 7, 129, 27, 171, 165, 233, 34, 72, 212, 97, 8, 25, 12, 180, 219, 157, 106, 81, 269, 121, 262, 249, 232, 257, 231, 90, 59, 200, 9, 228, 115, 152, 24, 40, 101, 117, 142, 98, 225, 215, 122, 0, 159, 229, 224, 259, 138, 196, 274, 56, 144, 202, 71, 214, 22, 254, 173, 95, 103, 89, 13, 41, 192, 247, 125, 204, 203, 133, 246, 78, 3, 162, 10, 177, 220, 197, 186, 14, 54, 61, 32, 258, 53], "out_group_a_strength": 14.285714285714286, "in_group_a_strength": 20, "radius": 0.3, "in_group_a_range": 2.8, "target": [16.0, -39.0], "in_group_r_strength": 40}], "frame_second": "6500", "additional_id_existed_ped": {"0": [280, 281, 283], "1": [281, 282], "2": [283], "3": [280, 282, 283], "4": [280, 281, 282], "5": [], "6": [281, 282], "7": [280, 281, 282], "8": [], "9": [282], "10": [283], "11": [], "12": [283], "13": [280], "14": [280, 283], "15": [281, 282], "16": [280, 281, 282, 283], "17": [282, 283], "18": [280, 281, 282, 283], "19": [281], "20": [280, 282], "21": [281, 282], "22": [280, 283], "23": [280, 283], "24": [281, 283], "25": [281, 282], "26": [281, 283], "27": [281, 282, 283], "28": [281, 283], "29": [280, 282, 283], "30": [280, 283], "31": [281, 283], "32": [281, 283], "33": [280, 281, 283], "34": [280, 282], "35": [280, 281, 282, 283], "36": [280, 281, 282, 283], "37": [281, 282, 283], "38": [281, 282], "39": [280, 283], "40": [280, 282, 283], "41": [280, 281, 282], "42": [280, 281, 283], "43": [280, 281, 283], "44": [282], "45": [], "46": [282], "47": [280, 281, 283], "48": [281, 283], "49": [280, 282], "50": [282], "51": [280], "52": [280, 282, 283], "53": [281, 283], "54": [280, 282], "55": [280, 283], "56": [280, 282, 283], "57": [281, 283], "58": [280], "59": [282], "60": [282, 283], "61": [283], "62": [280, 283], "63": [282, 283], "64": [281, 282], "65": [280, 282], "66": [280, 283], "67": [281], "68": [281, 283], "69": [282, 283], "70": [280, 281, 283], "71": [280, 282, 283], "72": [281], "73": [283], "74": [281, 282, 283], "75": [282], "76": [280, 281], "77": [280, 282], "78": [280], "79": [281, 283], "80": [280, 282, 283], "81": [], "82": [281, 282, 283], "83": [280, 281, 282], "84": [280, 281, 283], "85": [280], "86": [280, 282, 283], "87": [281, 282], "88": [280, 281, 283], "89": [280, 281], "90": [280], "91": [282], "92": [281, 282, 283], "93": [280, 283], "94": [282], "95": [280, 281, 283], "96": [282], "97": [280, 282, 283], "98": [280, 281, 282, 283], "99": [282], "100": [283], "101": [281, 282, 283], "102": [280], "103": [], "104": [281, 282, 283], "105": [280], "106": [280, 282, 283], "107": [280], "108": [282, 283], "109": [280, 281, 282], "110": [280, 281], "111": [280, 281, 282, 283], "112": [281, 282, 283], "113": [], "114": [280, 282], "115": [280, 283], "116": [280, 283], "117": [281], "118": [281], "119": [280, 281, 282], "120": [280, 281, 282], "121": [280, 281, 283], "122": [280], "123": [281, 282], "124": [], "125": [280, 281], "126": [280, 281], "127": [280, 282, 283], "128": [280, 281, 282], "129": [280, 281, 282, 283], "130": [282, 283], "131": [280, 281], "132": [280, 281, 283], "133": [283], "134": [280, 282], "135": [281, 282], "136": [280, 281, 282], "137": [282], "138": [283], "139": [282, 283], "140": [280, 282], "141": [280, 281, 282, 283], "142": [280, 283], "143": [282, 283], "144": [281, 283], "145": [280, 283], "146": [280, 282], "147": [281, 283], "148": [283], "149": [280, 281], "150": [281, 282, 283], "151": [280], "152": [281, 283], "153": [281], "154": [280, 281, 283], "155": [280, 283], "156": [280, 281, 283], "157": [281, 282], "158": [283], "159": [280, 281, 282, 283], "160": [281, 283], "161": [281, 282, 283], "162": [280, 281, 283], "163": [282, 283], "164": [280, 281, 283], "165": [280, 282], "166": [280, 281, 282, 283], "167": [282, 283], "168": [280, 282], "169": [280, 281, 282, 283], "170": [280, 281], "171": [280, 281, 282], "172": [280, 281], "173": [280, 281, 283], "174": [281, 282, 283], "175": [280, 281, 283], "176": [282, 283], "177": [282], "178": [281, 282], "179": [281, 283], "180": [280, 281, 283], "181": [282], "182": [282, 283], "183": [280, 282, 283], "184": [282],