{"pedestrian_list": [{"out_group_r_strength": 56.0, "out_group_r_range": 2.0, "target_a_range": 435, "out_group_a_range": 2.8, "group_id": 0, "pedestrian_id": 248, "in_group_r_range": 2.0, "target_a_strength": 22000000000, "attractor_count": 124, "position": [2.0515819310626586, 55.97393556963819], "friend_zone": [76, 219, 180, 93, 189, 24, 169, 159, 4, 185, 200, 233, 88, 243, 14, 121, 80, 192, 32, 41, 60, 234, 165, 136, 54, 25, 232, 148, 182, 114, 116, 197, 105, 20, 37, 242, 91, 113, 61, 144, 0, 176, 34, 221, 86, 199, 3, 49, 222, 43, 79, 72, 78, 8, 62, 179, 140, 160, 87, 53, 6, 52, 158, 15, 70, 39, 35, 228, 97, 64, 90, 184, 183, 223, 246, 19, 7, 109, 108, 122, 96, 128, 134, 117, 57, 235, 167, 30, 181, 115, 162, 51, 26, 172, 89, 99, 152, 85, 92, 170, 16, 75, 48, 58, 17, 28, 226, 204, 247, 111, 65, 209, 103, 224, 155, 125, 230, 18, 239, 168, 9, 95, 227, 210], "out_group_a_strength": 14.285714285714286, "in_group_a_strength": 20, "radius": 0.3, "in_group_a_range": 2.8, "target": [16.0, -39.0], "in_group_r_strength": 40}, {"out_group_r_strength": 56.0, "out_group_r_range": 2.0, "target_a_range": 435, "out_group_a_range": 2.8, "group_id": 0, "pedestrian_id": 249, "in_group_r_range": 2.0, "target_a_strength": 22000000000, "attractor_count": 124, "position": [-8.977923326425495, 61.13742245249184], "friend_zone": [197, 170, 118, 140, 59, 92, 142, 53, 40, 62, 230, 114, 182, 45, 25, 17, 69, 162, 91, 51, 78, 106, 60, 10, 5, 209, 137, 11, 2, 84, 146, 213, 49, 224, 80, 72, 46, 16, 133, 94, 124, 181, 158, 122, 109, 155, 90, 225, 240, 82, 29, 117, 135, 206, 187, 125, 111, 101, 177, 26, 37, 171, 87, 131, 23, 4, 138, 214, 156, 243, 50, 196, 152, 99, 43, 120, 144, 165, 161, 68, 227, 238, 113, 75, 136, 102, 219, 97, 38, 12, 30, 175, 21, 174, 179, 126, 189, 14, 231, 18, 199, 24, 9, 234, 96, 178, 215, 121, 27, 8, 166, 20, 183, 160, 88, 31, 185, 129, 13, 42, 34, 207, 63, 115], "out_group_a_strength": 14.285714285714286, "in_group_a_strength": 20, "radius": 0.3, "in_group_a_range": 2.8, "target": [16.0, -39.0], "in_group_r_strength": 40}, {"out_group_r_strength": 56.0, "out_group_r_range": 2.0, "target_a_range": 435, "out_group_a_range": 2.8, "group_id": 1, "pedestrian_id": 250, "in_group_r_range": 2.0, "target_a_strength": 22000000000, "attractor_count": 124, "position": [-5.706137698621165, 53.36850954032403], "friend_zone": [200, 163, 44, 187, 199, 137, 25, 92, 181, 218, 76, 156, 209, 215, 114, 40, 17, 217, 147, 74, 89, 35, 22, 32, 236, 172, 11, 83, 119, 128, 64, 102, 98, 225, 121, 195, 161, 54, 79, 122, 242, 62, 234, 160, 169, 235, 197, 63, 49, 12, 226, 101, 10, 211, 27, 66, 127, 155, 28, 190, 189, 154, 126, 30, 149, 52, 148, 229, 24, 7, 157, 43, 184, 88, 238, 19, 151, 112, 239, 3, 94, 153, 116, 142, 246, 97, 51, 129, 138, 232, 228, 183, 214, 117, 65, 159, 53, 91, 135, 170, 203, 227, 245, 106, 204, 57, 67, 56, 115, 1, 162, 173, 61, 23, 60, 36, 9, 231, 247, 58, 175, 140, 50, 46], "out_group_a_strength": 14.285714285714286, "in_group_a_strength": 20, "radius": 0.3, "in_group_a_range": 2.8, "target": [16.0, -39.0], "in_group_r_strength": 40}, {"out_group_r_strength": 56.0, "out_group_r_range": 2.0, "target_a_range": 435, "out_group_a_range": 2.8, "group_id": 1, "pedestrian_id": 251, "in_group_r_range": 2.0, "target_a_strength": 22000000000, "attractor_count": 124, "position": [3.3535750679920073, 66.33895267482232], "friend_zone": [40, 99, 232, 8, 197, 53, 96, 235, 196, 119, 181, 228, 85, 214, 192, 95, 64, 77, 87, 37, 208, 9, 198, 47, 121, 210, 93, 33, 233, 100, 186, 219, 61, 203, 15, 42, 195, 90, 94, 211, 225, 18, 163, 174, 159, 57, 175, 104, 67, 126, 213, 156, 118, 169, 160, 120, 146, 124, 13, 111, 11, 179, 55, 49, 244, 200, 149, 237, 36, 59, 239, 54, 187, 97, 184, 106, 199, 48, 129, 73, 115, 123, 207, 201, 171, 50, 1, 178, 113, 35, 27, 4, 102, 58, 98, 155, 180, 229, 0, 177, 86, 206, 189, 223, 31, 141, 21, 76, 243, 19, 142, 185, 5, 137, 63, 81, 132, 32, 226, 182, 84, 12, 44, 10], "out_group_a_strength": 14.285714285714286, "in_group_a_strength": 20, "radius": 0.3, "in_group_a_range": 2.8, "target": [16.0, -39.0], "in_group_r_strength": 40}], "frame_second": "5700", "additional_id_existed_ped": {"0": [248], "1": [250], "2": [249, 251], "3": [], "4": [250], "5": [248, 249, 251], "6": [], "7": [], "8": [248, 249], "9": [248, 249, 250, 251], "10": [248, 250, 251], "11": [251], "12": [], "13": [248, 250], "14": [248, 250, 251], "15": [249, 250, 251], "16": [248, 249, 250, 251], "17": [248, 250, 251], "18": [250, 251], "19": [248, 249], "20": [249, 250, 251], "21": [248, 250], "22": [249, 250], "23": [], "24": [248, 249, 250], "25": [251], "26": [249, 251], "27": [250], "28": [249, 250, 251], "29": [248, 249, 251], "30": [249, 251], "31": [249, 250, 251], "32": [], "33": [249], "34": [249], "35": [249], "36": [249, 251], "37": [248, 249, 250], "38": [250, 251], "39": [249, 250, 251], "40": [248], "41": [248, 249, 251], "42": [248], "43": [248, 250], "44": [250, 251], "45": [248, 250, 251], "46": [250, 251], "47": [248, 249, 250, 251], "48": [248, 250], "49": [249, 250], "50": [249, 251], "51": [251], "52": [248, 249, 250], "53": [249, 250, 251], "54": [251], "55": [251], "56": [248, 250, 251], "57": [248, 249, 251], "58": [249, 250], "59": [248, 250, 251], "60": [249, 250], "61": [248, 249, 250, 251], "62": [248], "63": [249], "64": [248], "65": [249], "66": [248, 249, 250], "67": [249, 251], "68": [248, 249], "69": [248], "70": [248, 251], "71": [248], "72": [248, 251], "73": [249], "74": [248, 249], "75": [250, 251], "76": [249, 250], "77": [248, 250, 251], "78": [250, 251], "79": [], "80": [249, 251], "81": [248], "82": [248, 249, 251], "83": [249, 250], "84": [248, 251], "85": [249, 250], "86": [250], "87": [248, 250], "88": [248, 249, 250, 251], "89": [248, 250, 251], "90": [249], "91": [249, 250, 251], "92": [248, 249], "93": [250, 251], "94": [248, 250, 251], "95": [248, 251], "96": [248, 249, 250], "97": [249, 251], "98": [248, 249, 251], "99": [249], "100": [251], "101": [248, 249, 250], "102": [248], "103": [248, 249], "104": [249], "105": [248, 249, 250], "106": [248], "107": [248, 249, 250], "108": [250], "109": [249], "110": [249], "111": [248, 249, 251], "112": [250], "113": [248], "114": [250, 251], "115": [248, 250, 251], "116": [249, 251], "117": [], "118": [248], "119": [248, 249, 250, 251], "120": [248], "121": [250], "122": [248, 249, 250], "123": [], "124": [248], "125": [248, 249, 250], "126": [248, 249, 250, 251], "127": [250, 251], "128": [250], "129": [248], "130": [248, 249], "131": [249, 251], "132": [250, 251], "133": [249, 251], "134": [249, 250, 251], "135": [], "136": [249], "137": [248, 249, 250], "138": [250], "139": [248, 249, 250], "140": [249, 250], "141": [248], "142": [250, 251], "143": [250, 251], "144": [249, 250], "145": [248], "146": [250, 251], "147": [250], "148": [249], "149": [248, 249, 250], "150": [248, 250], "151": [249, 250, 251], "152": [248, 249, 250], "153": [248, 249, 250, 251], "154": [250], "155": [248, 251], "156": [250, 251], "157": [248, 249, 251], "158": [248, 249, 251], "159": [248, 251], "160": [249, 251], "161": [249], "162": [249], "163": [248, 251], "164": [248, 249], "165": [248, 249, 251], "166": [248, 250], "167": [248, 249], "168": [249, 250], "169": [248], "170": [249, 250, 251], "171": [248], "172": [250], "173": [248, 251], "174": [250], "175": [251], "176": [249], "177": [248, 250, 251], "178": [248, 250], "179": [251], "180": [248, 249], "181": [251], "182": [249], "183": [248, 249, 250, 251], "184": [248, 249, 250], "185": [250, 251], "186": [249, 251], "187": [250], "188": [249, 250], "189": [248, 249, 250, 251], "190": [250], "191": [251], "192": [248, 251], "193": [], "194": [249, 251], "195": [248, 249], "196": [248, 249, 251], "197": [248, 249, 251], "198": [248, 250], "199": [], "200": [248, 249, 250], "201": [250], "202": [249, 250, 251], "203": [248, 249, 250, 251], "204": [248, 249, 250, 251], "205": [250], "206": [248, 250, 251], "207": [250, 251], "208": [248, 249], "209": [248, 251],