{"pedestrian_list": [{"out_group_r_strength": 56.0, "out_group_r_range": 2.0, "target_a_range": 435, "out_group_a_range": 2.8, "group_id": 0, "pedestrian_id": 228, "in_group_r_range": 2.0, "target_a_strength": 22000000000, "attractor_count": 114, "position": [18.326316293608183, 59.86895107734931], "friend_zone": [122, 45, 201, 147, 22, 109, 20, 66, 131, 164, 218, 129, 103, 15, 134, 91, 71, 69, 41, 50, 82, 197, 29, 170, 182, 162, 96, 166, 59, 18, 199, 51, 187, 195, 68, 95, 32, 106, 221, 101, 177, 110, 49, 43, 3, 161, 60, 14, 189, 115, 125, 2, 23, 123, 196, 97, 88, 119, 178, 183, 160, 215, 150, 46, 169, 176, 99, 63, 137, 181, 171, 111, 148, 6, 98, 0, 11, 145, 27, 83, 172, 84, 132, 108, 90, 227, 53, 168, 73, 214, 21, 107, 62, 75, 34, 61, 194, 203, 174, 81, 163, 146, 93, 35, 200, 64, 47, 141, 159, 8, 94, 188, 80, 126], "out_group_a_strength": 14.285714285714286, "in_group_a_strength": 20, "radius": 0.3, "in_group_a_range": 2.8, "target": [16.0, -39.0], "in_group_r_strength": 40}, {"out_group_r_strength": 56.0, "out_group_r_range": 2.0, "target_a_range": 435, "out_group_a_range": 2.8, "group_id": 0, "pedestrian_id": 229, "in_group_r_range": 2.0, "target_a_strength": 22000000000, "attractor_count": 114, "position": [11.18198942813721, 49.451112021396305], "friend_zone": [194, 227, 133, 40, 53, 23, 221, 55, 66, 210, 151, 45, 112, 139, 206, 124, 41, 226, 99, 138, 61, 119, 15, 172, 88, 77, 200, 57, 104, 178, 171, 167, 106, 223, 131, 195, 207, 29, 187, 60, 20, 161, 35, 182, 127, 19, 73, 189, 132, 211, 144, 16, 154, 44, 202, 216, 142, 170, 63, 193, 94, 120, 80, 128, 10, 13, 199, 140, 33, 64, 150, 101, 164, 85, 177, 213, 0, 22, 113, 30, 28, 100, 91, 47, 84, 97, 159, 39, 197, 32, 107, 162, 5, 21, 185, 141, 203, 90, 111, 217, 192, 181, 156, 204, 75, 134, 157, 69, 12, 51, 152, 148, 1, 122], "out_group_a_strength": 14.285714285714286, "in_group_a_strength": 20, "radius": 0.3, "in_group_a_range": 2.8, "target": [16.0, -39.0], "in_group_r_strength": 40}, {"out_group_r_strength": 56.0, "out_group_r_range": 2.0, "target_a_range": 435, "out_group_a_range": 2.8, "group_id": 1, "pedestrian_id": 230, "in_group_r_range": 2.0, "target_a_strength": 22000000000, "attractor_count": 114, "position": [4.688129452065763, 41.66890479339807], "friend_zone": [130, 81, 124, 28, 227, 51, 89, 134, 64, 46, 223, 212, 205, 183, 80, 74, 60, 63, 16, 69, 185, 208, 72, 44, 98, 2, 111, 207, 115, 146, 137, 107, 20, 55, 91, 141, 126, 165, 225, 218, 65, 175, 78, 87, 145, 127, 109, 144, 153, 106, 86, 45, 163, 41, 40, 173, 110, 42, 154, 129, 19, 118, 224, 59, 68, 56, 156, 206, 204, 33, 7, 0, 85, 182, 214, 119, 151, 209, 138, 132, 48, 100, 57, 219, 170, 32, 139, 168, 120, 36, 202, 142, 27, 136, 158, 177, 38, 26, 84, 211, 131, 113, 194, 193, 5, 49, 35, 162, 6, 128, 160, 150, 121, 140], "out_group_a_strength": 14.285714285714286, "in_group_a_strength": 20, "radius": 0.3, "in_group_a_range": 2.8, "target": [16.0, -39.0], "in_group_r_strength": 40}, {"out_group_r_strength": 56.0, "out_group_r_range": 2.0, "target_a_range": 435, "out_group_a_range": 2.8, "group_id": 1, "pedestrian_id": 231, "in_group_r_range": 2.0, "target_a_strength": 22000000000, "attractor_count": 114, "position": [4.010476271969867, 37.74710844505809], "friend_zone": [49, 165, 36, 225, 45, 27, 100, 164, 179, 30, 131, 127, 19, 196, 177, 133, 112, 182, 0, 154, 158, 20, 136, 38, 210, 162, 141, 153, 187, 104, 87, 51, 121, 111, 16, 82, 193, 64, 31, 163, 195, 116, 142, 222, 144, 173, 68, 92, 101, 191, 180, 24, 208, 188, 114, 54, 67, 214, 96, 9, 139, 34, 62, 143, 11, 14, 189, 134, 88, 120, 106, 186, 227, 97, 109, 126, 145, 151, 103, 122, 47, 135, 99, 73, 218, 63, 140, 17, 40, 224, 107, 178, 55, 44, 190, 123, 18, 159, 6, 2, 115, 113, 13, 25, 171, 56, 75, 221, 168, 50, 161, 194, 91, 211], "out_group_a_strength": 14.285714285714286, "in_group_a_strength": 20, "radius": 0.3, "in_group_a_range": 2.8, "target": [16.0, -39.0], "in_group_r_strength": 40}], "frame_second": "5200", "additional_id_existed_ped": {"0": [228, 230, 231], "1": [229, 230], "2": [228, 229, 230], "3": [], "4": [230, 231], "5": [228, 229, 230], "6": [228, 230, 231], "7": [229], "8": [228, 230], "9": [228], "10": [228, 230, 231], "11": [229, 230, 231], "12": [230, 231], "13": [228, 229], "14": [228, 231], "15": [230, 231], "16": [228], "17": [228, 229, 230], "18": [230, 231], "19": [231], "20": [228, 229], "21": [228, 229], "22": [230], "23": [228, 229], "24": [228, 231], "25": [230, 231], "26": [229, 231], "27": [228, 229, 230, 231], "28": [228, 231], "29": [228], "30": [228, 230], "31": [228], "32": [229], "33": [230], "34": [230], "35": [228], "36": [230, 231], "37": [], "38": [228, 229, 230, 231], "39": [228, 229, 231], "40": [229, 230], "41": [231], "42": [228, 229], "43": [228, 229, 230, 231], "44": [228, 229, 231], "45": [228, 229, 230], "46": [229, 231], "47": [], "48": [228, 229, 230], "49": [229, 231], "50": [228, 229, 231], "51": [228], "52": [230, 231], "53": [228, 229, 230], "54": [230, 231], "55": [228, 230, 231], "56": [228], "57": [229, 230, 231], "58": [228, 231], "59": [228, 229], "60": [228], "61": [228, 229, 230], "62": [228, 230, 231], "63": [229], "64": [228, 229, 230, 231], "65": [229, 231], "66": [229, 230], "67": [229, 231], "68": [228, 231], "69": [228, 229, 230, 231], "70": [228, 229], "71": [228, 229, 230, 231], "72": [228, 229, 231], "73": [229, 230, 231], "74": [228, 230, 231], "75": [229, 230, 231], "76": [230, 231], "77": [228, 229], "78": [229], "79": [231], "80": [229, 230], "81": [228, 229, 230], "82": [228, 231], "83": [228], "84": [228, 229, 231], "85": [228, 230, 231], "86": [228, 229, 230, 231], "87": [228], "88": [229, 231], "89": [229], "90": [228, 229, 230, 231], "91": [228], "92": [229, 230], "93": [228, 230, 231], "94": [228, 229, 230, 231], "95": [231], "96": [228, 229], "97": [228, 229, 231], "98": [230, 231], "99": [230, 231], "100": [229, 231], "101": [229, 230], "102": [230], "103": [230], "104": [229, 230], "105": [229, 230, 231], "106": [], "107": [228, 229, 230], "108": [230, 231], "109": [230], "110": [228, 231], "111": [230, 231], "112": [228, 230], "113": [229, 231], "114": [228, 230, 231], "115": [228, 231], "116": [228, 230], "117": [229, 231], "118": [228, 229, 230, 231], "119": [230], "120": [228, 229], "121": [228, 229, 231], "122": [228, 229], "123": [228, 231], "124": [231], "125": [228], "126": [230], "127": [229], "128": [228, 230, 231], "129": [228, 229], "130": [229, 230], "131": [], "132": [229], "133": [230, 231], "134": [230, 231], "135": [229, 230, 231], "136": [228, 230, 231], "137": [231], "138": [229], "139": [228, 229], "140": [229, 231], "141": [228], "142": [229], "143": [], "144": [228, 229, 231], "145": [229, 230], "146": [228, 229], "147": [229, 230, 231], "148": [], "149": [228], "150": [228, 229, 230], "151": [229, 231], "152": [228, 229], "153": [229, 231], "154": [231], "155": [228, 229, 230], "156": [229, 230], "157": [231], "158": [228, 229, 230, 231], "159": [229, 231], "160": [229, 230, 231], "161": [231], "162": [], "163": [228, 230], "164": [229, 230, 231], "165": [229, 230], "166": [231], "167": [228, 229, 230, 231], "168": [230, 231], "169": [228, 230], "170": [230, 231], "171": [228], "172": [230, 231], "173": [229, 231], "174": [228, 230, 231], "175": [231], "176": [231], "177": [228, 230, 231], "178": [230, 231], "179": [230, 231], "180": [228], "181": [228, 229, 230], "182": [229], "183": [228, 229, 230], "184": [], "185": [229, 230, 231], "186": [229], "187": [229, 230, 231], "188": [228, 230], "189": [], "190": [228, 229, 231], "191": [228, 229, 231], "192": [229, 230], "193": [228, 231], "194": [228, 229, 231], "195": [230], "196": [230], "197": [228, 229], "198": [228, 229, 231], "199": [229, 230], "200": [229, 230, 231], "201": [230], "202": [229, 231], "203": [229, 231], "204": [230], "205": [229], "206": [228, 229, 230, 231], "207": [228, 230], "208": [228, 230], "209": [228], "210": [228, 229, 230], "211": [228, 229], "212": [228, 229, 230], "213": [228, 229, 230, 231],