{"pedestrian_list": [{"out_group_r_strength": 56.0, "out_group_r_range": 2.0, "target_a_range": 435, "out_group_a_range": 2.8, "group_id": 0, "pedestrian_id": 20, "in_group_r_range": 2.0, "target_a_strength": 22000000000, "attractor_count": 10, "position": [-1.1656857810446164, 41.012519750332466], "friend_zone": [18, 1, 17, 4, 5, 0, 11, 12, 2, 14], "out_group_a_strength": 14.285714285714286, "in_group_a_strength": 20, "radius": 0.3, "in_group_a_range": 2.8, "target": [16.0, -39.0], "in_group_r_strength": 40}, {"out_group_r_strength": 56.0, "out_group_r_range": 2.0, "target_a_range": 435, "out_group_a_range": 2.8, "group_id": 0, "pedestrian_id": 21, "in_group_r_range": 2.0, "target_a_strength": 22000000000, "attractor_count": 10, "position": [15.714515998790667, 56.602500939057585], "friend_zone": [11, 18, 19, 5, 17, 6, 12, 10, 8, 9], "out_group_a_strength": 14.285714285714286, "in_group_a_strength": 20, "radius": 0.3, "in_group_a_range": 2.8, "target": [16.0, -39.0], "in_group_r_strength": 40}, {"out_group_r_strength": 56.0, "out_group_r_range": 2.0, "target_a_range": 435, "out_group_a_range": 2.8, "group_id": 1, "pedestrian_id": 22, "in_group_r_range": 2.0, "target_a_strength": 22000000000, "attractor_count": 10, "position": [-5.071949219257747, 45.556264230948486], "friend_zone": [0, 9, 5, 8, 17, 6, 1, 14, 4, 7], "out_group_a_strength": 14.285714285714286, "in_group_a_strength": 20, "radius": 0.3, "in_group_a_range": 2.8, "target": [16.0, -39.0], "in_group_r_strength": 40}, {"out_group_r_strength": 56.0, "out_group_r_range": 2.0, "target_a_range": 435, "out_group_a_range": 2.8, "group_id": 1, "pedestrian_id": 23, "in_group_r_range": 2.0, "target_a_strength": 22000000000, "attractor_count": 10, "position": [-1.831481960503529, 46.841488655988265], "friend_zone": [7, 5, 4, 6, 19, 3, 2, 1, 15, 8], "out_group_a_strength": 14.285714285714286, "in_group_a_strength": 20, "radius": 0.3, "in_group_a_range": 2.8, "target": [16.0, -39.0], "in_group_r_strength": 40}], "frame_second": "0", "additional_id_existed_ped": {"0": [23], "1": [21], "2": [20, 21], "3": [], "4": [20, 21, 23], "5": [21, 22], "6": [20, 21], "7": [20, 21, 22, 23], "8": [21, 22, 23], "9": [21, 22, 23], "10": [20, 22], "11": [20, 23], "12": [20, 21, 22, 23], "13": [20, 22, 23], "14": [23], "15": [20, 23], "16": [20, 22], "17": [], "18": [22], "19": [21, 22]}}