{"pedestrian_list": [{"out_group_r_strength": 56.0, "out_group_r_range": 2.0, "target_a_range": 435, "out_group_a_range": 2.8, "group_id": 0, "pedestrian_id": 56, "in_group_r_range": 2.0, "target_a_strength": 22000000000, "attractor_count": 28, "position": [7.9324581765979865, 39.051234114537344], "friend_zone": [21, 34, 30, 2, 48, 8, 20, 53, 14, 4, 54, 24, 50, 9, 27, 55, 11, 51, 5, 26, 43, 25, 10, 52, 13, 3, 37, 33], "out_group_a_strength": 14.285714285714286, "in_group_a_strength": 20, "radius": 0.3, "in_group_a_range": 2.8, "target": [16.0, -39.0], "in_group_r_strength": 40}, {"out_group_r_strength": 56.0, "out_group_r_range": 2.0, "target_a_range": 435, "out_group_a_range": 2.8, "group_id": 0, "pedestrian_id": 57, "in_group_r_range": 2.0, "target_a_strength": 22000000000, "attractor_count": 28, "position": [15.733315466658297, 63.093561408333336], "friend_zone": [31, 47, 6, 46, 19, 33, 20, 24, 49, 27, 4, 55, 5, 36, 25, 37, 43, 30, 52, 44, 17, 15, 7, 14, 0, 34, 11, 22], "out_group_a_strength": 14.285714285714286, "in_group_a_strength": 20, "radius": 0.3, "in_group_a_range": 2.8, "target": [16.0, -39.0], "in_group_r_strength": 40}, {"out_group_r_strength": 56.0, "out_group_r_range": 2.0, "target_a_range": 435, "out_group_a_range": 2.8, "group_id": 1, "pedestrian_id": 58, "in_group_r_range": 2.0, "target_a_strength": 22000000000, "attractor_count": 28, "position": [9.245150702420169, 56.58073351147349], "friend_zone": [32, 48, 27, 37, 8, 26, 24, 33, 34, 46, 1, 20, 4, 36, 15, 14, 30, 31, 41, 38, 16, 10, 51, 5, 19, 25, 49, 40], "out_group_a_strength": 14.285714285714286, "in_group_a_strength": 20, "radius": 0.3, "in_group_a_range": 2.8, "target": [16.0, -39.0], "in_group_r_strength": 40}, {"out_group_r_strength": 56.0, "out_group_r_range": 2.0, "target_a_range": 435, "out_group_a_range": 2.8, "group_id": 1, "pedestrian_id": 59, "in_group_r_range": 2.0, "target_a_strength": 22000000000, "attractor_count": 28, "position": [19.642547599550685, 47.49909738362865], "friend_zone": [37, 31, 43, 41, 32, 16, 12, 19, 25, 22, 15, 14, 49, 42, 18, 21, 47, 33, 3, 45, 24, 29, 39, 48, 28, 52, 5, 8], "out_group_a_strength": 14.285714285714286, "in_group_a_strength": 20, "radius": 0.3, "in_group_a_range": 2.8, "target": [16.0, -39.0], "in_group_r_strength": 40}], "frame_second": "900", "additional_id_existed_ped": {"0": [57, 58], "1": [57, 58], "2": [56, 57, 59], "3": [57], "4": [56, 58], "5": [56, 58, 59], "6": [57, 58], "7": [56, 57], "8": [59], "9": [56, 57, 58, 59], "10": [], "11": [56, 57, 58, 59], "12": [56, 57], "13": [], "14": [58, 59], "15": [56, 57, 59], "16": [57, 58, 59], "17": [56, 58], "18": [56, 58, 59], "19": [56, 58, 59], "20": [56, 57, 58], "21": [56], "22": [58], "23": [56, 59], "24": [], "25": [58], "26": [57, 58, 59], "27": [], "28": [56, 58], "29": [56, 57, 58, 59], "30": [56, 57], "31": [57], "32": [56, 57], "33": [59], "34": [57, 59], "35": [58], "36": [56, 57, 59], "37": [57, 58], "38": [57, 58], "39": [58, 59], "40": [56, 57, 58], "41": [59], "42": [56, 59], "43": [56, 57, 59], "44": [57], "45": [56, 59], "46": [58, 59], "47": [59], "48": [57, 59], "49": [56, 58], "50": [58, 59], "51": [56, 57], "52": [56, 57, 58, 59], "53": [56, 57, 58, 59], "54": [56], "55": [59]}}