{"pedestrian_list": [{"out_group_r_strength": 56.0, "out_group_r_range": 2.0, "target_a_range": 435, "out_group_a_range": 2.8, "group_id": 0, "pedestrian_id": 216, "in_group_r_range": 2.0, "target_a_strength": 22000000000, "attractor_count": 108, "position": [13.771947172205905, 68.2876863894827], "friend_zone": [59, 208, 178, 1, 6, 113, 179, 114, 126, 115, 172, 24, 185, 34, 129, 199, 193, 79, 206, 75, 32, 171, 147, 70, 23, 116, 46, 42, 213, 160, 43, 88, 106, 175, 162, 66, 44, 151, 53, 5, 62, 69, 94, 157, 169, 148, 187, 182, 85, 107, 51, 48, 111, 163, 158, 58, 142, 124, 109, 202, 29, 205, 64, 73, 86, 91, 40, 41, 71, 50, 28, 110, 49, 196, 210, 212, 164, 30, 192, 134, 22, 138, 180, 82, 136, 146, 120, 72, 31, 186, 214, 168, 145, 149, 166, 156, 17, 8, 76, 161, 176, 209, 207, 14, 188, 7, 170, 89], "out_group_a_strength": 14.285714285714286, "in_group_a_strength": 20, "radius": 0.3, "in_group_a_range": 2.8, "target": [16.0, -39.0], "in_group_r_strength": 40}, {"out_group_r_strength": 56.0, "out_group_r_range": 2.0, "target_a_range": 435, "out_group_a_range": 2.8, "group_id": 0, "pedestrian_id": 217, "in_group_r_range": 2.0, "target_a_strength": 22000000000, "attractor_count": 108, "position": [2.7042627574367124, 43.60666746712479], "friend_zone": [194, 19, 212, 186, 97, 114, 42, 29, 107, 89, 130, 214, 183, 174, 46, 161, 121, 211, 215, 143, 78, 24, 193, 199, 88, 158, 83, 31, 204, 108, 17, 64, 59, 55, 5, 90, 169, 52, 137, 27, 85, 34, 147, 144, 156, 201, 182, 129, 22, 53, 51, 93, 138, 197, 116, 192, 179, 210, 67, 7, 142, 184, 96, 99, 152, 195, 80, 145, 40, 132, 39, 98, 0, 106, 102, 167, 65, 72, 87, 84, 43, 58, 30, 200, 32, 11, 122, 8, 113, 14, 172, 111, 36, 77, 2, 151, 190, 191, 56, 175, 74, 109, 134, 70, 81, 133, 61, 126], "out_group_a_strength": 14.285714285714286, "in_group_a_strength": 20, "radius": 0.3, "in_group_a_range": 2.8, "target": [16.0, -39.0], "in_group_r_strength": 40}, {"out_group_r_strength": 56.0, "out_group_r_range": 2.0, "target_a_range": 435, "out_group_a_range": 2.8, "group_id": 1, "pedestrian_id": 218, "in_group_r_range": 2.0, "target_a_strength": 22000000000, "attractor_count": 108, "position": [19.64150285337202, 39.06120700139845], "friend_zone": [12, 70, 111, 6, 18, 134, 135, 142, 211, 126, 176, 118, 149, 175, 66, 89, 180, 50, 21, 10, 69, 95, 139, 40, 122, 157, 53, 131, 154, 80, 177, 110, 160, 174, 162, 159, 185, 181, 94, 87, 86, 93, 155, 108, 71, 116, 11, 120, 35, 56, 183, 42, 88, 62, 179, 23, 123, 182, 48, 188, 169, 4, 189, 129, 138, 156, 209, 72, 37, 112, 200, 46, 206, 117, 212, 13, 76, 52, 192, 29, 198, 74, 103, 201, 115, 194, 105, 203, 168, 39, 167, 67, 151, 41, 184, 5, 132, 199, 97, 205, 165, 91, 121, 197, 196, 65, 2, 43], "out_group_a_strength": 14.285714285714286, "in_group_a_strength": 20, "radius": 0.3, "in_group_a_range": 2.8, "target": [16.0, -39.0], "in_group_r_strength": 40}, {"out_group_r_strength": 56.0, "out_group_r_range": 2.0, "target_a_range": 435, "out_group_a_range": 2.8, "group_id": 1, "pedestrian_id": 219, "in_group_r_range": 2.0, "target_a_strength": 22000000000, "attractor_count": 108, "position": [4.032708122144116, 55.29744369213664], "friend_zone": [190, 38, 98, 86, 27, 10, 172, 193, 143, 134, 115, 205, 123, 139, 211, 192, 173, 127, 26, 51, 80, 148, 58, 118, 4, 149, 135, 120, 166, 30, 6, 107, 145, 160, 206, 131, 167, 188, 61, 40, 34, 20, 64, 146, 162, 55, 126, 197, 36, 14, 189, 2, 169, 71, 183, 81, 73, 194, 1, 201, 75, 78, 159, 147, 175, 165, 33, 136, 187, 103, 191, 18, 154, 116, 57, 196, 5, 31, 45, 42, 130, 151, 185, 13, 87, 19, 39, 125, 68, 82, 96, 22, 97, 25, 15, 213, 12, 95, 179, 83, 177, 168, 3, 140, 200, 37, 195, 41], "out_group_a_strength": 14.285714285714286, "in_group_a_strength": 20, "radius": 0.3, "in_group_a_range": 2.8, "target": [16.0, -39.0], "in_group_r_strength": 40}], "frame_second": "4900", "additional_id_existed_ped": {"0": [], "1": [217, 218], "2": [216, 218, 219], "3": [217, 218, 219], "4": [217, 218, 219], "5": [216], "6": [219], "7": [217], "8": [217, 218, 219], "9": [218], "10": [], "11": [217], "12": [216, 217, 218], "13": [], "14": [216, 217, 218, 219], "15": [218, 219], "16": [219], "17": [216, 218, 219], "18": [219], "19": [216, 217], "20": [], "21": [216, 217, 218, 219], "22": [216, 217], "23": [216, 217], "24": [216, 218, 219], "25": [217, 218, 219], "26": [217, 218], "27": [218, 219], "28": [216, 218, 219], "29": [219], "30": [217, 218], "31": [], "32": [216, 219], "33": [216, 218], "34": [217, 218], "35": [216], "36": [217, 218], "37": [216, 217, 218], "38": [216, 217, 219], "39": [216, 218, 219], "40": [217], "41": [218, 219], "42": [217, 219], "43": [216], "44": [216, 217, 219], "45": [216, 217, 219], "46": [216, 217, 219], "47": [217], "48": [216, 217, 219], "49": [217, 218, 219], "50": [216, 218, 219], "51": [216], "52": [216, 217, 218, 219], "53": [216, 217, 219], "54": [216, 219], "55": [216], "56": [216, 218, 219], "57": [216, 217, 218, 219], "58": [], "59": [216, 218, 219], "60": [216, 218, 219], "61": [216, 219], "62": [], "63": [216, 218, 219], "64": [216, 219], "65": [217, 219], "66": [216, 217, 218], "67": [217, 218, 219], "68": [219], "69": [219], "70": [217, 218], "71": [218], "72": [], "73": [216, 219], "74": [217], "75": [216, 217, 218], "76": [217, 219], "77": [217, 219], "78": [216, 217, 218, 219], "79": [216, 217], "80": [216, 217, 218, 219], "81": [219], "82": [217], "83": [217, 218, 219], "84": [216, 218, 219], "85": [216, 219], "86": [217, 218, 219], "87": [216, 218, 219], "88": [217, 218], "89": [216], "90": [216, 219], "91": [217, 218, 219], "92": [], "93": [216, 217, 219], "94": [217, 219], "95": [216, 218, 219], "96": [], "97": [], "98": [217], "99": [217], "100": [219], "101": [218], "102": [216, 217, 218], "103": [219], "104": [217], "105": [216, 217, 218], "106": [216, 217, 218], "107": [217, 219], "108": [217, 218], "109": [217, 219], "110": [216, 218, 219], "111": [], "112": [218, 219], "113": [218, 219], "114": [217], "115": [216, 219], "116": [217, 218, 219], "117": [217], "118": [218, 219], "119": [216, 218], "120": [217, 218, 219], "121": [217], "122": [217], "123": [216, 217, 218], "124": [216, 217], "125": [216, 217, 218], "126": [216, 217], "127": [217, 218, 219], "128": [216, 218], "129": [216, 218], "130": [], "131": [216, 217, 218], "132": [216, 217, 219], "133": [216, 217, 218, 219], "134": [216], "135": [216, 218, 219], "136": [219], "137": [216, 217, 218], "138": [216, 217, 218], "139": [216, 217, 218, 219], "140": [216, 218, 219], "141": [217, 218], "142": [216], "143": [219], "144": [218, 219], "145": [216, 217, 218, 219], "146": [216, 217, 219], "147": [218, 219], "148": [218, 219], "149": [216, 217, 218, 219], "150": [], "151": [216, 217, 218], "152": [217], "153": [218], "154": [216, 219], "155": [], "156": [218], "157": [216], "158": [216, 218], "159": [217, 218, 219], "160": [218], "161": [216, 217, 219], "162": [216, 217, 218, 219], "163": [216, 219], "164": [217, 219], "165": [216, 217, 218], "166": [217, 218], "167": [216, 217], "168": [216, 217], "169": [217], "170": [216, 218], "171": [], "172": [216, 219], "173": [217, 218, 219], "174": [217, 218], "175": [], "176": [216, 218], "177": [218], "178": [216, 218], "179": [217, 218], "180": [216, 217, 218], "181": [218], "182": [216], "183": [216, 217], "184": [216, 219], "185": [217, 219], "186": [216], "187": [216, 217, 219], "188": [216, 217, 218, 219], "189": [219], "190": [217, 218], "191": [219], "192": [216], "193": [219], "194": [216, 217, 218], "195": [216, 218], "196": [216, 217, 218], "197": [216, 217, 219], "198": [216, 218], "199": [216, 219], "200": [219], "201": [216, 217], "202": [216, 218, 219], "203": [218], "204": [218, 219], "205": [216, 218, 219], "206": [217, 219], "207": [217], "208": [216, 217], "209": [219], "210": [218], "211": [218], "212": [216, 217, 218, 219], "213": [216, 218, 219], "214": [217, 219], "215": [216, 217, 218]}}