{"pedestrian_list": [{"out_group_r_strength": 56.0, "out_group_r_range": 2.0, "target_a_range": 435, "out_group_a_range": 2.8, "group_id": 0, "pedestrian_id": 36, "in_group_r_range": 2.0, "target_a_strength": 22000000000, "attractor_count": 18, "position": [-1.8360784517968114, 43.59921150546599], "friend_zone": [7, 3, 0, 23, 34, 1, 29, 33, 24, 10, 19, 6, 14, 12, 21, 15, 30, 5], "out_group_a_strength": 14.285714285714286, "in_group_a_strength": 20, "radius": 0.3, "in_group_a_range": 2.8, "target": [16.0, -39.0], "in_group_r_strength": 40}, {"out_group_r_strength": 56.0, "out_group_r_range": 2.0, "target_a_range": 435, "out_group_a_range": 2.8, "group_id": 0, "pedestrian_id": 37, "in_group_r_range": 2.0, "target_a_strength": 22000000000, "attractor_count": 18, "position": [4.045132156859301, 38.421675151832424], "friend_zone": [28, 6, 18, 26, 2, 24, 13, 8, 27, 11, 5, 17, 32, 14, 21, 15, 23, 4], "out_group_a_strength": 14.285714285714286, "in_group_a_strength": 20, "radius": 0.3, "in_group_a_range": 2.8, "target": [16.0, -39.0], "in_group_r_strength": 40}, {"out_group_r_strength": 56.0, "out_group_r_range": 2.0, "target_a_range": 435, "out_group_a_range": 2.8, "group_id": 1, "pedestrian_id": 38, "in_group_r_range": 2.0, "target_a_strength": 22000000000, "attractor_count": 18, "position": [17.023896161746254, 62.42643018043224], "friend_zone": [25, 0, 21, 34, 22, 7, 11, 13, 30, 3, 23, 6, 35, 20, 2, 15, 18, 8], "out_group_a_strength": 14.285714285714286, "in_group_a_strength": 20, "radius": 0.3, "in_group_a_range": 2.8, "target": [16.0, -39.0], "in_group_r_strength": 40}, {"out_group_r_strength": 56.0, "out_group_r_range": 2.0, "target_a_range": 435, "out_group_a_range": 2.8, "group_id": 1, "pedestrian_id": 39, "in_group_r_range": 2.0, "target_a_strength": 22000000000, "attractor_count": 18, "position": [-8.336505626035128, 67.66159755979598], "friend_zone": [20, 7, 31, 3, 22, 17, 0, 18, 14, 13, 19, 23, 11, 8, 29, 34, 10, 16], "out_group_a_strength": 14.285714285714286, "in_group_a_strength": 20, "radius": 0.3, "in_group_a_range": 2.8, "target": [16.0, -39.0], "in_group_r_strength": 40}], "frame_second": "400", "additional_id_existed_ped": {"0": [], "1": [36, 38, 39], "2": [37, 38, 39], "3": [36, 38, 39], "4": [36, 39], "5": [36, 37, 38], "6": [], "7": [37], "8": [36, 37], "9": [37], "10": [37, 38, 39], "11": [37, 38], "12": [36, 38], "13": [36], "14": [38, 39], "15": [36, 37], "16": [37, 38, 39], "17": [37, 38, 39], "18": [36], "19": [], "20": [38], "21": [36, 37, 38], "22": [36, 37], "23": [39], "24": [36, 37, 38, 39], "25": [37, 38], "26": [39], "27": [36, 37], "28": [39], "29": [36, 38, 39], "30": [36, 37, 39], "31": [36, 38, 39], "32": [39], "33": [36, 37, 38, 39], "34": [36, 39], "35": [37, 38]}}