{"pedestrian_list": [{"out_group_r_strength": 56.0, "out_group_r_range": 2.0, "target_a_range": 435, "out_group_a_range": 2.8, "group_id": 0, "pedestrian_id": 296, "in_group_r_range": 2.0, "target_a_strength": 22000000000, "attractor_count": 148, "position": [1.4078668767852125, 54.01936011513061], "friend_zone": [163, 248, 107, 53, 99, 15, 13, 231, 41, 118, 50, 66, 195, 112, 29, 61, 98, 146, 165, 283, 70, 236, 293, 273, 171, 183, 11, 143, 178, 26, 280, 32, 105, 89, 229, 34, 208, 184, 16, 278, 225, 214, 123, 129, 218, 175, 65, 59, 227, 150, 265, 126, 174, 9, 190, 47, 235, 85, 23, 97, 141, 120, 114, 133, 93, 251, 21, 44, 292, 157, 136, 79, 286, 210, 295, 130, 117, 25, 3, 161, 100, 90, 176, 148, 274, 86, 68, 82, 91, 233, 192, 144, 109, 45, 67, 60, 121, 137, 122, 35, 155, 131, 291, 203, 207, 164, 156, 101, 103, 180, 196, 243, 140, 230, 72, 209, 30, 264, 40, 197, 154, 221, 167, 239, 19, 247, 276, 160, 6, 168, 5, 255, 240, 43, 275, 206, 220, 199, 159, 228, 268, 252, 33, 39, 279, 270, 166, 173], "out_group_a_strength": 14.285714285714286, "in_group_a_strength": 20, "radius": 0.3, "in_group_a_range": 2.8, "target": [16.0, -39.0], "in_group_r_strength": 40}, {"out_group_r_strength": 56.0, "out_group_r_range": 2.0, "target_a_range": 435, "out_group_a_range": 2.8, "group_id": 0, "pedestrian_id": 297, "in_group_r_range": 2.0, "target_a_strength": 22000000000, "attractor_count": 148, "position": [-7.002198321371673, 39.05762011162488], "friend_zone": [27, 187, 158, 254, 127, 165, 202, 217, 173, 121, 70, 48, 57, 157, 226, 283, 262, 71, 10, 34, 260, 185, 134, 146, 175, 238, 85, 136, 123, 112, 26, 236, 192, 207, 42, 295, 132, 271, 96, 177, 294, 119, 110, 284, 13, 32, 19, 186, 264, 276, 182, 120, 290, 50, 68, 33, 21, 248, 179, 0, 145, 259, 17, 90, 246, 214, 164, 216, 153, 14, 255, 130, 235, 29, 237, 93, 161, 282, 94, 181, 25, 227, 196, 159, 5, 8, 191, 6, 118, 114, 223, 107, 218, 287, 269, 250, 135, 230, 200, 163, 166, 203, 244, 273, 292, 247, 225, 280, 12, 22, 188, 178, 212, 72, 15, 87, 176, 47, 228, 113, 194, 86, 128, 18, 240, 143, 45, 257, 243, 195, 35, 106, 205, 239, 148, 220, 77, 265, 151, 256, 103, 167, 138, 267, 155, 222, 100, 36], "out_group_a_strength": 14.285714285714286, "in_group_a_strength": 20, "radius": 0.3, "in_group_a_range": 2.8, "target": [16.0, -39.0], "in_group_r_strength": 40}, {"out_group_r_strength": 56.0, "out_group_r_range": 2.0, "target_a_range": 435, "out_group_a_range": 2.8, "group_id": 1, "pedestrian_id": 298, "in_group_r_range": 2.0, "target_a_strength": 22000000000, "attractor_count": 148, "position": [16.38882771387888, 50.73904489848333], "friend_zone": [133, 189, 245, 86, 136, 26, 75, 25, 212, 113, 194, 145, 78, 127, 282, 150, 160, 195, 242, 83, 138, 42, 287, 90, 15, 261, 51, 173, 257, 73, 49, 39, 3, 143, 0, 71, 35, 179, 170, 16, 40, 254, 292, 144, 67, 12, 237, 20, 137, 176, 191, 165, 208, 106, 266, 240, 28, 172, 44, 99, 279, 92, 281, 121, 220, 206, 139, 119, 295, 186, 80, 184, 177, 1, 91, 158, 284, 55, 33, 43, 161, 185, 205, 274, 77, 46, 109, 200, 65, 130, 207, 256, 125, 104, 223, 68, 270, 84, 246, 59, 32, 190, 218, 34, 13, 61, 95, 255, 229, 290, 289, 219, 202, 82, 167, 124, 216, 271, 154, 110, 214, 134, 159, 30, 198, 60, 196, 85, 264, 89, 18, 129, 23, 64, 31, 70, 201, 69, 293, 6, 151, 197, 241, 17, 285, 54, 193, 62], "out_group_a_strength": 14.285714285714286, "in_group_a_strength": 20, "radius": 0.3, "in_group_a_range": 2.8, "target": [16.0, -39.0], "in_group_r_strength": 40}, {"out_group_r_strength": 56.0, "out_group_r_range": 2.0, "target_a_range": 435, "out_group_a_range": 2.8, "group_id": 1, "pedestrian_id": 299, "in_group_r_range": 2.0, "target_a_strength": 22000000000, "attractor_count": 148, "position": [15.74868761895527, 45.55437395145783], "friend_zone": [158, 38, 136, 4, 67, 120, 93, 24, 90, 203, 163, 118, 218, 233, 226, 139, 49, 200, 115, 181, 17, 195, 209, 292, 205, 1, 268, 178, 75, 57, 116, 28, 266, 204, 99, 113, 269, 214, 84, 44, 45, 150, 166, 240, 76, 216, 89, 247, 287, 257, 92, 82, 83, 2, 159, 20, 253, 224, 15, 58, 0, 225, 180, 7, 201, 48, 220, 151, 229, 66, 30, 111, 164, 196, 54, 285, 39, 70, 227, 133, 261, 295, 81, 188, 242, 19, 276, 213, 69, 73, 267, 182, 255, 256, 60, 65, 86, 190, 52, 271, 100, 137, 35, 140, 160, 191, 25, 174, 289, 74, 251, 202, 5, 263, 270, 64, 78, 77, 221, 265, 284, 167, 125, 36, 199, 232, 103, 106, 22, 102, 169, 156, 179, 123, 277, 130, 279, 14, 138, 12, 10, 59, 290, 146, 80, 258, 264, 134], "out_group_a_strength": 14.285714285714286, "in_group_a_strength": 20, "radius": 0.3, "in_group_a_range": 2.8, "target": [16.0, -39.0], "in_group_r_strength": 40}], "frame_second": "6900", "additional_id_existed_ped": {"0": [296, 297, 298, 299], "1": [296, 297], "2": [], "3": [296, 297, 298], "4": [298, 299], "5": [296], "6": [296, 297, 299], "7": [296, 299], "8": [297, 298], "9": [299], "10": [299], "11": [298], "12": [297, 298], "13": [296, 298, 299], "14": [298], "15": [297, 298], "16": [296, 297], "17": [299], "18": [299], "19": [298, 299], "20": [296, 298, 299], "21": [296, 299], "22": [296, 298], "23": [296, 297, 299], "24": [296, 297, 298], "25": [297, 299], "26": [296, 297, 298], "27": [297, 298, 299], "28": [297, 298], "29": [296, 297], "30": [297], "31": [], "32": [296, 297, 299], "33": [296, 297, 298], "34": [], "35": [296, 297, 298, 299], "36": [297], "37": [297, 298, 299], "38": [298, 299], "39": [297, 298], "40": [296, 297, 298], "41": [296, 297, 298, 299], "42": [296, 297, 298], "43": [296, 298, 299], "44": [], "45": [296, 298, 299], "46": [297, 299], "47": [296, 298, 299], "48": [296], "49": [297, 298], "50": [298, 299], "51": [296, 299], "52": [297], "53": [296, 297, 298, 299], "54": [296, 297, 299], "55": [297, 298], "56": [296, 297, 298], "57": [296, 298, 299], "58": [297], "59": [298], "60": [297, 299], "61": [296, 298], "62": [297, 299], "63": [296], "64": [297, 298], "65": [296, 298, 299], "66": [297, 298], "67": [297, 298], "68": [296, 299], "69": [298], "70": [296], "71": [297, 298], "72": [], "73": [296, 297], "74": [], "75": [296, 298], "76": [298, 299], "77": [296, 298], "78": [296, 297, 298, 299], "79": [297, 298, 299], "80": [299], "81": [296, 297], "82": [297], "83": [296, 297, 298], "84": [296, 298, 299], "85": [296, 297, 299], "86": [296, 298, 299], "87": [299], "88": [297, 299], "89": [298, 299], "90": [297], "91": [296, 298, 299], "92": [296, 298, 299], "93": [298, 299], "94": [296, 298], "95": [296, 298], "96": [296, 297, 298], "97": [298], "98": [299], "99": [296, 297, 298], "100": [296], "101": [297, 299], "102": [297, 298, 299], "103": [296, 297, 298, 299], "104": [296, 297, 298], "105": [299], "106": [296, 297, 299], "107": [296, 299], "108": [296, 297, 299], "109": [297, 298, 299], "110": [297], "111": [297, 298], "112": [297, 299], "113": [297, 298, 299], "114": [296, 297], "115": [297, 298], "116": [296, 297, 298, 299], "117": [298], "118": [298], "119": [296, 299], "120": [297, 299], "121": [297, 298, 299], "122": [296, 298, 299], "123": [297, 298, 299], "124": [297], "125": [], "126": [297, 299], "127": [298], "128": [299], "129": [296, 298, 299], "130": [296, 297], "131": [296, 298, 299], "132": [297, 298, 299], "133": [298, 299], "134": [298], "135": [296, 298], "136": [296, 298], "137": [296, 297, 299], "138": [], "139": [296, 298], "140": [296, 298], "141": [298, 299], "142": [296, 297, 298], "143": [296, 297], "144": [296, 297, 299], "145": [296, 297, 299], "146": [297, 298, 299], "147": [297, 298, 299], "148": [296, 297, 298, 299], "149": [296, 299], "150": [297, 299], "151": [296, 297, 299], "152": [296, 298, 299], "153": [296], "154": [299], "155": [296], "156": [296, 297], "157": [296, 297, 299], "158": [296, 297, 298, 299], "159": [297], "160": [296, 297, 298], "161": [296], "162": [296, 298, 299], "163": [297], "164": [], "165": [296], "166": [297], "167": [296, 297], "168": [297, 298, 299], "169": [299], "170": [296, 298, 299], "171": [297], "172": [298, 299], "173": [296, 298, 299], "174": [298, 299], "175": [298, 299], "176": [296, 297, 299],