{"pedestrian_list": [{"out_group_r_strength": 56.0, "out_group_r_range": 2.0, "target_a_range": 435, "out_group_a_range": 2.8, "group_id": 0, "pedestrian_id": 268, "in_group_r_range": 2.0, "target_a_strength": 22000000000, "attractor_count": 134, "position": [5.31450094512611, 68.96796802368645], "friend_zone": [263, 117, 242, 229, 255, 198, 154, 249, 4, 172, 59, 100, 10, 101, 168, 206, 197, 203, 173, 181, 204, 111, 30, 75, 196, 175, 85, 90, 121, 224, 86, 49, 113, 253, 200, 252, 77, 50, 189, 219, 217, 97, 178, 123, 83, 205, 166, 171, 184, 135, 70, 246, 87, 149, 126, 23, 78, 191, 215, 151, 52, 259, 238, 134, 188, 3, 266, 39, 141, 183, 56, 140, 153, 44, 210, 8, 150, 133, 106, 108, 58, 199, 98, 99, 57, 1, 220, 29, 179, 122, 163, 114, 51, 79, 65, 232, 36, 0, 142, 89, 240, 146, 109, 187, 144, 155, 257, 251, 33, 124, 165, 6, 256, 227, 127, 160, 34, 54, 15, 207, 13, 138, 254, 185, 177, 244, 26, 19, 261, 192, 234, 143, 247, 208], "out_group_a_strength": 14.285714285714286, "in_group_a_strength": 20, "radius": 0.3, "in_group_a_range": 2.8, "target": [16.0, -39.0], "in_group_r_strength": 40}, {"out_group_r_strength": 56.0, "out_group_r_range": 2.0, "target_a_range": 435, "out_group_a_range": 2.8, "group_id": 0, "pedestrian_id": 269, "in_group_r_range": 2.0, "target_a_strength": 22000000000, "attractor_count": 134, "position": [14.402783951511722, 38.380910524088115], "friend_zone": [169, 89, 201, 166, 224, 16, 98, 129, 241, 124, 210, 158, 14, 92, 58, 237, 186, 24, 17, 147, 193, 176, 41, 42, 2, 68, 104, 15, 97, 251, 258, 20, 172, 79, 157, 6, 76, 259, 128, 116, 260, 19, 33, 30, 195, 235, 4, 182, 65, 142, 117, 256, 183, 141, 100, 120, 78, 102, 153, 227, 252, 35, 54, 81, 199, 149, 108, 113, 245, 148, 101, 146, 136, 67, 115, 134, 187, 110, 194, 50, 11, 266, 1, 93, 209, 39, 177, 85, 49, 150, 197, 123, 250, 64, 96, 212, 28, 131, 56, 246, 175, 8, 204, 29, 119, 53, 0, 190, 140, 132, 60, 165, 154, 239, 3, 229, 12, 23, 82, 233, 208, 80, 207, 44, 234, 221, 31, 167, 225, 138, 196, 202, 162, 55], "out_group_a_strength": 14.285714285714286, "in_group_a_strength": 20, "radius": 0.3, "in_group_a_range": 2.8, "target": [16.0, -39.0], "in_group_r_strength": 40}, {"out_group_r_strength": 56.0, "out_group_r_range": 2.0, "target_a_range": 435, "out_group_a_range": 2.8, "group_id": 1, "pedestrian_id": 270, "in_group_r_range": 2.0, "target_a_strength": 22000000000, "attractor_count": 134, "position": [-5.729186221622793, 54.67011867540659], "friend_zone": [78, 72, 123, 210, 56, 246, 221, 67, 172, 99, 95, 52, 198, 223, 257, 196, 68, 194, 143, 26, 193, 115, 105, 145, 201, 141, 64, 169, 116, 211, 166, 254, 259, 218, 128, 200, 213, 202, 244, 137, 14, 214, 88, 4, 10, 167, 100, 87, 217, 131, 258, 21, 171, 184, 118, 27, 86, 65, 148, 182, 267, 9, 62, 29, 164, 188, 106, 239, 249, 129, 76, 203, 208, 165, 255, 80, 47, 136, 162, 98, 43, 135, 186, 252, 49, 60, 122, 16, 85, 102, 15, 237, 185, 256, 183, 113, 232, 132, 253, 147, 51, 251, 262, 17, 243, 59, 191, 58, 187, 1, 133, 229, 155, 103, 227, 83, 181, 34, 50, 159, 94, 205, 81, 140, 189, 89, 114, 97, 234, 79, 45, 37, 215, 264], "out_group_a_strength": 14.285714285714286, "in_group_a_strength": 20, "radius": 0.3, "in_group_a_range": 2.8, "target": [16.0, -39.0], "in_group_r_strength": 40}, {"out_group_r_strength": 56.0, "out_group_r_range": 2.0, "target_a_range": 435, "out_group_a_range": 2.8, "group_id": 1, "pedestrian_id": 271, "in_group_r_range": 2.0, "target_a_strength": 22000000000, "attractor_count": 134, "position": [8.578261302326737, 50.76251870084834], "friend_zone": [19, 4, 190, 1, 157, 256, 51, 254, 59, 101, 44, 188, 212, 68, 154, 105, 170, 48, 226, 249, 232, 89, 204, 36, 178, 231, 126, 265, 110, 73, 80, 12, 250, 38, 132, 236, 123, 107, 169, 168, 3, 227, 32, 81, 141, 252, 253, 20, 209, 134, 26, 130, 35, 21, 220, 224, 49, 159, 194, 228, 195, 8, 114, 57, 229, 142, 30, 259, 161, 118, 95, 116, 63, 67, 222, 96, 150, 153, 242, 136, 191, 148, 248, 58, 155, 151, 15, 147, 210, 31, 100, 128, 56, 167, 2, 108, 138, 99, 66, 85, 239, 196, 257, 106, 258, 41, 46, 203, 261, 189, 264, 18, 113, 47, 61, 74, 64, 129, 54, 10, 230, 243, 34, 156, 39, 183, 215, 221, 69, 50, 200, 177, 205, 98], "out_group_a_strength": 14.285714285714286, "in_group_a_strength": 20, "radius": 0.3, "in_group_a_range": 2.8, "target": [16.0, -39.0], "in_group_r_strength": 40}], "frame_second": "6200", "additional_id_existed_ped": {"0": [268, 269], "1": [268, 269], "2": [269, 270, 271], "3": [268, 269, 270], "4": [268, 269, 270], "5": [], "6": [268], "7": [270], "8": [269, 270, 271], "9": [269], "10": [268, 271], "11": [], "12": [268, 269], "13": [271], "14": [268, 269, 270], "15": [268, 269, 270, 271], "16": [271], "17": [269, 270], "18": [270, 271], "19": [268], "20": [268, 269], "21": [268, 269], "22": [269], "23": [270], "24": [], "25": [268], "26": [], "27": [268], "28": [268, 269, 270, 271], "29": [268, 270], "30": [], "31": [268, 270, 271], "32": [270], "33": [270], "34": [269, 270, 271], "35": [269, 271], "36": [268, 270], "37": [268, 269, 270], "38": [268, 270], "39": [269, 270, 271], "40": [268, 270, 271], "41": [270, 271], "42": [268, 270, 271], "43": [268, 270, 271], "44": [268, 269, 270, 271], "45": [268, 269, 270, 271], "46": [270, 271], "47": [269, 271], "48": [268, 270, 271], "49": [268, 271], "50": [268, 269, 270], "51": [268, 270, 271], "52": [271], "53": [268, 269, 270, 271], "54": [268], "55": [270, 271], "56": [270, 271], "57": [268], "58": [269, 270, 271], "59": [270], "60": [268, 269, 270, 271], "61": [], "62": [268, 269, 270], "63": [268, 270, 271], "64": [270, 271], "65": [268], "66": [268, 271], "67": [268, 269, 270], "68": [271], "69": [269, 270], "70": [268], "71": [268], "72": [270, 271], "73": [268], "74": [], "75": [269, 270], "76": [269, 270], "77": [269, 270, 271], "78": [269, 271], "79": [270], "80": [268, 269, 271], "81": [269, 270], "82": [268, 270, 271], "83": [270, 271], "84": [268, 269], "85": [269], "86": [271], "87": [269], "88": [269, 270, 271], "89": [268, 270, 271], "90": [268, 271], "91": [268, 271], "92": [268, 270], "93": [], "94": [269, 270, 271], "95": [268, 269], "96": [268, 269, 271], "97": [268, 269, 270], "98": [268, 271], "99": [], "100": [269, 270, 271], "101": [271], "102": [268, 269, 270, 271], "103": [269, 271], "104": [270], "105": [268, 269, 270], "106": [268, 271], "107": [], "108": [268, 269, 270, 271], "109": [268, 269, 270, 271], "110": [269, 270], "111": [268, 269, 271], "112": [271], "113": [269], "114": [268, 269, 271], "115": [], "116": [268, 270], "117": [268, 269, 270, 271], "118": [268], "119": [], "120": [271], "121": [269, 271], "122": [268, 270, 271], "123": [268], "124": [268, 269, 271], "125": [269, 270, 271], "126": [268, 271], "127": [268, 269, 270], "128": [268, 269, 270, 271], "129": [269, 270, 271], "130": [268, 270], "131": [268, 269], "132": [270, 271], "133": [268, 269, 271], "134": [269, 270, 271], "135": [270, 271], "136": [269, 270], "137": [269], "138": [268, 269, 270], "139": [269, 271], "140": [268, 269, 270], "141": [269], "142": [268], "143": [270, 271], "144": [268, 271], "145": [269, 270], "146": [268, 269, 270, 271], "147": [269, 271], "148": [269], "149": [269, 271], "150": [268, 269, 271], "151": [269, 271], "152": [269, 270], "153": [269, 270], "154": [269], "155": [268, 271], "156": [], "157": [268, 270], "158": [268, 269, 270, 271], "159": [269], "160": [271], "161": [270, 271], "162": [268, 269], "163": [269], "164": [268, 270], "165": [268, 269, 270, 271], "166": [269, 271], "167": [269, 270], "168": [269], "169": [269], "170": [270, 271], "171": [270, 271], "172": [268], "173": [270, 271], "174": [268, 270, 271], "175": [271], "176": [269, 270], "177": [268, 270, 271], "178": [268, 269], "179": [270, 271], "180": [269, 270], "181": [268, 269], "182": [268, 269, 270, 271], "183": [268, 269, 270], "184": [270], "185": [268, 269], "186": [268, 269], "187": [268, 269, 271], "188": [270, 271], "189": [271], "190": [269, 271], "191": [268, 270], "192": [268, 269, 270, 271],