{"pedestrian_list": [{"out_group_r_strength": 56.0, "out_group_r_range": 2.0, "target_a_range": 435, "out_group_a_range": 2.8, "group_id": 0, "pedestrian_id": 260, "in_group_r_range": 2.0, "target_a_strength": 22000000000, "attractor_count": 130, "position": [18.954602193946457, 39.67639952785317], "friend_zone": [136, 4, 252, 45, 82, 79, 232, 33, 257, 256, 91, 81, 21, 0, 150, 129, 100, 185, 205, 237, 199, 102, 207, 68, 250, 67, 12, 122, 253, 52, 195, 113, 156, 13, 215, 18, 133, 142, 258, 154, 50, 168, 39, 107, 196, 222, 110, 127, 155, 217, 251, 220, 143, 31, 115, 112, 233, 137, 7, 41, 25, 242, 167, 97, 71, 124, 62, 29, 44, 24, 3, 208, 165, 99, 194, 111, 38, 224, 177, 147, 118, 64, 187, 27, 214, 186, 72, 158, 206, 181, 65, 225, 235, 26, 22, 6, 88, 35, 200, 241, 69, 189, 247, 255, 209, 145, 94, 229, 109, 30, 231, 141, 218, 180, 47, 90, 149, 98, 144, 60, 106, 43, 92, 125, 54, 161, 61, 202, 216, 86], "out_group_a_strength": 14.285714285714286, "in_group_a_strength": 20, "radius": 0.3, "in_group_a_range": 2.8, "target": [16.0, -39.0], "in_group_r_strength": 40}, {"out_group_r_strength": 56.0, "out_group_r_range": 2.0, "target_a_range": 435, "out_group_a_range": 2.8, "group_id": 0, "pedestrian_id": 261, "in_group_r_range": 2.0, "target_a_strength": 22000000000, "attractor_count": 130, "position": [-6.3939016297616975, 36.468497584389276], "friend_zone": [115, 192, 213, 18, 259, 231, 180, 89, 1, 222, 193, 230, 52, 41, 152, 77, 181, 147, 172, 184, 39, 143, 199, 125, 150, 67, 164, 48, 187, 145, 209, 118, 156, 6, 171, 8, 44, 207, 14, 133, 210, 138, 208, 107, 149, 120, 43, 54, 245, 237, 79, 64, 28, 63, 61, 129, 190, 173, 158, 155, 92, 22, 88, 26, 31, 159, 66, 40, 127, 177, 206, 65, 233, 45, 86, 236, 170, 80, 216, 227, 196, 19, 166, 224, 4, 99, 234, 203, 249, 163, 27, 167, 148, 42, 212, 232, 91, 188, 220, 116, 165, 178, 128, 34, 121, 130, 102, 240, 200, 131, 5, 81, 141, 104, 36, 90, 95, 23, 195, 243, 2, 72, 204, 191, 136, 83, 168, 258, 97, 106], "out_group_a_strength": 14.285714285714286, "in_group_a_strength": 20, "radius": 0.3, "in_group_a_range": 2.8, "target": [16.0, -39.0], "in_group_r_strength": 40}, {"out_group_r_strength": 56.0, "out_group_r_range": 2.0, "target_a_range": 435, "out_group_a_range": 2.8, "group_id": 1, "pedestrian_id": 262, "in_group_r_range": 2.0, "target_a_strength": 22000000000, "attractor_count": 130, "position": [13.126695589611638, 46.8408363293363], "friend_zone": [20, 198, 112, 100, 117, 219, 228, 37, 256, 121, 36, 212, 97, 42, 7, 83, 59, 88, 255, 40, 230, 246, 126, 226, 89, 98, 257, 62, 38, 233, 19, 113, 108, 162, 258, 210, 251, 185, 125, 132, 187, 181, 9, 120, 207, 45, 179, 129, 33, 206, 8, 160, 168, 102, 235, 211, 11, 231, 138, 34, 91, 208, 227, 53, 50, 22, 239, 21, 197, 99, 124, 28, 146, 48, 148, 123, 26, 203, 142, 135, 86, 30, 184, 68, 103, 31, 23, 244, 15, 249, 76, 241, 147, 80, 71, 52, 140, 57, 18, 73, 43, 216, 114, 85, 32, 27, 218, 133, 209, 165, 222, 158, 122, 67, 171, 253, 16, 13, 72, 137, 189, 77, 127, 143, 199, 51, 109, 232, 204, 149], "out_group_a_strength": 14.285714285714286, "in_group_a_strength": 20, "radius": 0.3, "in_group_a_range": 2.8, "target": [16.0, -39.0], "in_group_r_strength": 40}, {"out_group_r_strength": 56.0, "out_group_r_range": 2.0, "target_a_range": 435, "out_group_a_range": 2.8, "group_id": 1, "pedestrian_id": 263, "in_group_r_range": 2.0, "target_a_strength": 22000000000, "attractor_count": 130, "position": [8.598868336674128, 59.82804061350148], "friend_zone": [246, 114, 76, 8, 259, 215, 130, 90, 67, 46, 198, 43, 168, 113, 86, 22, 38, 73, 35, 209, 133, 40, 47, 160, 33, 211, 200, 214, 138, 173, 126, 251, 26, 192, 171, 112, 82, 125, 29, 15, 245, 80, 122, 220, 12, 110, 241, 109, 27, 224, 145, 250, 141, 99, 59, 217, 175, 142, 247, 187, 115, 14, 49, 23, 9, 93, 199, 96, 205, 229, 191, 62, 248, 137, 120, 7, 144, 151, 155, 83, 0, 172, 20, 28, 95, 91, 239, 16, 1, 210, 235, 226, 75, 71, 78, 100, 154, 48, 123, 143, 212, 116, 97, 157, 106, 17, 53, 94, 216, 165, 30, 10, 225, 44, 189, 177, 208, 202, 66, 129, 204, 102, 196, 51, 45, 257, 65, 128, 57, 108], "out_group_a_strength": 14.285714285714286, "in_group_a_strength": 20, "radius": 0.3, "in_group_a_range": 2.8, "target": [16.0, -39.0], "in_group_r_strength": 40}], "frame_second": "6000", "additional_id_existed_ped": {"0": [261], "1": [263], "2": [262], "3": [], "4": [263], "5": [260, 261, 263], "6": [262, 263], "7": [260, 261, 263], "8": [260, 261, 262], "9": [260, 263], "10": [263], "11": [261, 262, 263], "12": [261, 262, 263], "13": [], "14": [261, 262, 263], "15": [260, 261, 262], "16": [261], "17": [260], "18": [263], "19": [262], "20": [261, 262, 263], "21": [260, 261, 262, 263], "22": [261, 263], "23": [262], "24": [261, 262, 263], "25": [260, 263], "26": [260, 261, 262], "27": [260, 263], "28": [260, 261, 262], "29": [263], "30": [260, 263], "31": [262, 263], "32": [260, 262], "33": [260], "34": [260], "35": [260, 261, 262], "36": [260, 263], "37": [260, 261, 263], "38": [260, 262, 263], "39": [261, 263], "40": [], "41": [261, 262, 263], "42": [263], "43": [260, 261, 263], "44": [], "45": [260, 261], "46": [260, 263], "47": [260, 261, 262], "48": [260, 261], "49": [260, 263], "50": [260, 262], "51": [260, 261, 262, 263], "52": [260, 261, 262], "53": [260, 261, 262], "54": [260, 262], "55": [260, 261, 262, 263], "56": [260, 263], "57": [263], "58": [262], "59": [260, 261], "60": [260, 262, 263], "61": [261, 263], "62": [260, 261, 263], "63": [262, 263], "64": [261, 262], "65": [260, 262], "66": [262, 263], "67": [261, 263], "68": [263], "69": [262, 263], "70": [260, 261, 262], "71": [260], "72": [261, 262, 263], "73": [263], "74": [260, 261], "75": [261, 262], "76": [261, 262, 263], "77": [262, 263], "78": [260, 261], "79": [261, 262], "80": [260, 261, 262], "81": [260, 261, 262], "82": [261, 263], "83": [260, 261, 262], "84": [261, 262, 263], "85": [260, 261, 263], "86": [260, 262, 263], "87": [260, 261, 262, 263], "88": [], "89": [260], "90": [262, 263], "91": [260, 261, 262, 263], "92": [], "93": [260, 262], "94": [261, 262], "95": [], "96": [260, 262], "97": [], "98": [260], "99": [261, 262, 263], "100": [263], "101": [261, 263], "102": [260, 261], "103": [260, 262], "104": [260, 262], "105": [260, 261, 262, 263], "106": [261, 262], "107": [261, 262], "108": [260, 261, 262], "109": [261, 262, 263], "110": [260, 261], "111": [261, 262, 263], "112": [260, 262], "113": [261, 262, 263], "114": [260, 261, 263], "115": [261, 262, 263], "116": [260, 263], "117": [261, 262], "118": [261, 262, 263], "119": [263], "120": [260, 262], "121": [], "122": [260, 262], "123": [261, 263], "124": [260, 262], "125": [260, 261, 263], "126": [], "127": [262], "128": [263], "129": [261, 262], "130": [261, 262], "131": [260, 261, 262, 263], "132": [263], "133": [261, 262], "134": [260, 261, 263], "135": [260, 261, 262], "136": [260, 261, 263], "137": [260, 262], "138": [260, 263], "139": [262, 263], "140": [260], "141": [262], "142": [262, 263], "143": [260, 262, 263], "144": [262], "145": [260, 261, 262], "146": [], "147": [262, 263], "148": [261, 263], "149": [261], "150": [260, 261, 263], "151": [], "152": [260], "153": [261, 263], "154": [260, 263], "155": [261, 262, 263], "156": [262], "157": [261, 263], "158": [260, 262], "159": [260, 261, 263], "160": [261, 262, 263], "161": [260, 261, 262, 263], "162": [260], "163": [261], "164": [262], "165": [], "166": [262], "167": [262, 263], "168": [260], "169": [260, 263], "170": [260], "171": [261, 262, 263], "172": [260], "173": [263], "174": [263], "175": [262], "176": [260, 262, 263], "177": [260, 261, 263], "178": [260, 262], "179": [261], "180": [262, 263], "181": [260, 261, 262, 263], "182": [260, 263], "183": [260, 261], "184": [260, 261, 262], "185": [260, 261, 263], "186": [260, 261, 262, 263], "187": [261, 263], "188": [261], "189": [260, 263], "190": [261, 262, 263], "191": [260, 261, 262, 263], "192": [262], "193": [260, 262], "194": [260], "195": [261], "196": [260, 263], "197": [260, 262], "198": [260],