{"pedestrian_list": [{"out_group_r_strength": 56.0, "out_group_r_range": 2.0, "target_a_range": 435, "out_group_a_range": 2.8, "group_id": 0, "pedestrian_id": 272, "in_group_r_range": 2.0, "target_a_strength": 22000000000, "attractor_count": 136, "position": [-1.1963081454430258, 38.40472196894238], "friend_zone": [175, 60, 244, 132, 27, 173, 7, 28, 6, 243, 245, 108, 103, 212, 177, 152, 79, 255, 232, 257, 202, 224, 65, 32, 56, 131, 185, 253, 260, 90, 129, 36, 201, 170, 22, 21, 207, 250, 179, 66, 12, 181, 256, 220, 77, 16, 180, 13, 230, 104, 139, 168, 105, 240, 269, 135, 138, 46, 120, 23, 15, 76, 217, 239, 235, 270, 194, 111, 163, 141, 237, 162, 144, 37, 147, 158, 196, 85, 57, 262, 215, 183, 119, 271, 81, 117, 55, 164, 45, 44, 31, 47, 88, 226, 64, 227, 112, 80, 133, 18, 264, 188, 84, 263, 166, 149, 171, 91, 189, 83, 174, 8, 159, 267, 3, 25, 182, 40, 29, 61, 41, 38, 33, 142, 48, 110, 178, 43, 241, 19, 205, 134, 51, 165, 206, 70], "out_group_a_strength": 14.285714285714286, "in_group_a_strength": 20, "radius": 0.3, "in_group_a_range": 2.8, "target": [16.0, -39.0], "in_group_r_strength": 40}, {"out_group_r_strength": 56.0, "out_group_r_range": 2.0, "target_a_range": 435, "out_group_a_range": 2.8, "group_id": 0, "pedestrian_id": 273, "in_group_r_range": 2.0, "target_a_strength": 22000000000, "attractor_count": 136, "position": [-7.669407563615558, 48.14871184317056], "friend_zone": [163, 95, 185, 192, 204, 199, 240, 26, 128, 8, 243, 0, 138, 77, 118, 110, 266, 12, 262, 58, 149, 25, 14, 11, 123, 221, 150, 140, 116, 35, 209, 254, 69, 22, 171, 105, 206, 196, 244, 68, 236, 179, 100, 85, 56, 242, 120, 232, 16, 99, 175, 43, 73, 154, 57, 36, 245, 21, 122, 135, 270, 246, 216, 3, 38, 1, 93, 136, 121, 200, 241, 6, 264, 54, 224, 147, 184, 137, 225, 42, 174, 131, 218, 164, 259, 190, 83, 235, 219, 139, 119, 197, 45, 74, 202, 155, 108, 13, 70, 94, 71, 145, 86, 212, 124, 72, 161, 15, 250, 252, 166, 19, 27, 29, 198, 157, 207, 226, 130, 59, 80, 78, 208, 143, 62, 64, 228, 223, 169, 90, 104, 249, 152, 193, 238, 24], "out_group_a_strength": 14.285714285714286, "in_group_a_strength": 20, "radius": 0.3, "in_group_a_range": 2.8, "target": [16.0, -39.0], "in_group_r_strength": 40}, {"out_group_r_strength": 56.0, "out_group_r_range": 2.0, "target_a_range": 435, "out_group_a_range": 2.8, "group_id": 1, "pedestrian_id": 274, "in_group_r_range": 2.0, "target_a_strength": 22000000000, "attractor_count": 136, "position": [9.247579765063351, 45.57446364462498], "friend_zone": [31, 258, 139, 219, 99, 50, 75, 241, 69, 157, 210, 251, 207, 61, 183, 57, 79, 53, 59, 206, 151, 256, 228, 223, 246, 120, 45, 77, 15, 86, 145, 182, 118, 208, 71, 179, 131, 197, 240, 205, 165, 93, 252, 259, 147, 190, 160, 114, 33, 265, 23, 142, 35, 218, 12, 6, 238, 263, 46, 110, 186, 177, 153, 26, 156, 58, 51, 18, 0, 87, 36, 30, 27, 76, 84, 52, 124, 49, 255, 242, 11, 185, 141, 226, 231, 28, 25, 170, 1, 155, 24, 203, 143, 247, 81, 96, 168, 44, 133, 162, 204, 95, 111, 100, 202, 220, 237, 63, 213, 107, 214, 189, 178, 116, 146, 138, 115, 97, 209, 267, 60, 55, 70, 194, 106, 42, 198, 104, 19, 187, 94, 144, 167, 98, 175, 224], "out_group_a_strength": 14.285714285714286, "in_group_a_strength": 20, "radius": 0.3, "in_group_a_range": 2.8, "target": [16.0, -39.0], "in_group_r_strength": 40}, {"out_group_r_strength": 56.0, "out_group_r_range": 2.0, "target_a_range": 435, "out_group_a_range": 2.8, "group_id": 1, "pedestrian_id": 275, "in_group_r_range": 2.0, "target_a_strength": 22000000000, "attractor_count": 136, "position": [-5.728968878164947, 67.62732680648709], "friend_zone": [69, 253, 59, 227, 43, 168, 208, 70, 235, 97, 248, 67, 7, 209, 218, 110, 75, 237, 240, 243, 24, 172, 122, 156, 52, 32, 139, 61, 123, 144, 196, 231, 199, 121, 0, 91, 114, 178, 194, 83, 177, 12, 99, 183, 192, 197, 113, 212, 87, 252, 180, 78, 10, 187, 146, 5, 210, 241, 6, 103, 265, 4, 267, 188, 107, 157, 145, 30, 106, 141, 90, 169, 53, 195, 25, 236, 193, 120, 47, 8, 257, 132, 202, 23, 162, 201, 98, 130, 2, 64, 77, 1, 220, 9, 234, 137, 165, 125, 80, 238, 214, 21, 79, 149, 268, 14, 223, 57, 68, 191, 152, 242, 221, 128, 124, 112, 171, 11, 126, 133, 29, 129, 207, 261, 96, 198, 127, 246, 211, 92, 154, 35, 245, 26, 213, 249], "out_group_a_strength": 14.285714285714286, "in_group_a_strength": 20, "radius": 0.3, "in_group_a_range": 2.8, "target": [16.0, -39.0], "in_group_r_strength": 40}], "frame_second": "6300", "additional_id_existed_ped": {"0": [272], "1": [274], "2": [272, 273], "3": [272], "4": [272, 273, 274, 275], "5": [273, 274], "6": [272, 273], "7": [275], "8": [273, 274], "9": [275], "10": [273], "11": [272, 274, 275], "12": [272, 275], "13": [274], "14": [272, 273, 275], "15": [272, 274, 275], "16": [273], "17": [272, 273, 275], "18": [274], "19": [272, 273, 275], "20": [273, 274], "21": [273], "22": [272, 274], "23": [272, 273, 274, 275], "24": [274, 275], "25": [272, 274], "26": [273, 274, 275], "27": [273], "28": [272, 273, 274, 275], "29": [273, 275], "30": [273, 274], "31": [272, 275], "32": [272, 273, 275], "33": [273], "34": [272], "35": [272, 273, 275], "36": [], "37": [275], "38": [274], "39": [272, 273, 274, 275], "40": [], "41": [273, 275], "42": [272, 273], "43": [272, 273, 275], "44": [273, 274, 275], "45": [273, 274, 275], "46": [273], "47": [], "48": [272], "49": [272, 273, 274], "50": [273, 274, 275], "51": [274, 275], "52": [272], "53": [274, 275], "54": [272, 275], "55": [272, 275], "56": [272, 275], "57": [272, 275], "58": [273, 274, 275], "59": [273, 274], "60": [272, 274], "61": [272, 273, 274, 275], "62": [274, 275], "63": [273, 274, 275], "64": [272, 273, 275], "65": [272, 274], "66": [273, 275], "67": [273, 274, 275], "68": [272], "69": [273], "70": [273], "71": [273], "72": [272, 275], "73": [272, 274, 275], "74": [272, 274, 275], "75": [274], "76": [272, 274, 275], "77": [274, 275], "78": [272, 273], "79": [275], "80": [272], "81": [273, 274, 275], "82": [273, 275], "83": [272, 273], "84": [272, 273, 274], "85": [275], "86": [274], "87": [272, 274, 275], "88": [274], "89": [273, 274], "90": [272, 274], "91": [273], "92": [273, 274, 275], "93": [274], "94": [272], "95": [], "96": [272, 273, 274, 275], "97": [272, 273, 274], "98": [273], "99": [272, 273, 275], "100": [273], "101": [272, 273, 275], "102": [], "103": [274, 275], "104": [272, 274], "105": [272, 273], "106": [274, 275], "107": [272, 273, 274, 275], "108": [272, 273, 274, 275], "109": [], "110": [274, 275], "111": [272, 274], "112": [272, 273, 275], "113": [272, 273], "114": [272, 273, 274], "115": [272, 275], "116": [272, 273, 274, 275], "117": [274], "118": [273], "119": [272, 273, 274], "120": [272, 273, 275], "121": [274, 275], "122": [274, 275], "123": [275], "124": [], "125": [273, 275], "126": [], "127": [272, 274], "128": [274], "129": [272, 274], "130": [275], "131": [274], "132": [273], "133": [272, 273], "134": [272], "135": [274, 275], "136": [274], "137": [272, 273, 274], "138": [272, 273], "139": [272, 274, 275], "140": [274, 275], "141": [272, 273, 274, 275], "142": [273], "143": [272, 273, 274], "144": [273], "145": [273, 274, 275], "146": [273, 274], "147": [273], "148": [274, 275], "149": [274, 275], "150": [272, 273, 274], "151": [275], "152": [272, 274], "153": [273, 274, 275], "154": [275], "155": [], "156": [273], "157": [273, 275], "158": [275], "159": [272, 273, 274], "160": [272, 273, 274, 275], "161": [272, 273, 275], "162": [273], "163": [274], "164": [272, 274, 275], "165": [], "166": [273, 275], "167": [], "168": [272, 273, 275], "169": [272, 273, 275], "170": [275], "171": [273, 274], "172": [272, 274, 275], "173": [272, 273, 274], "174": [273, 274, 275], "175": [272, 274], "176": [272], "177": [272, 273, 274, 275], "178": [], "179": [272, 273, 275], "180": [272], "181": [272, 274], "182": [], "183": [272, 273], "184": [273, 274], "185": [272, 274], "186": [272, 273, 275], "187": [275], "188": [272, 275], "189": [272, 274], "190": [274, 275], "191": [274], "192": [272, 275], "193": [274, 275], "194": [272, 273, 275],