{"pedestrian_list": [{"out_group_r_strength": 56.0, "out_group_r_range": 2.0, "target_a_range": 435, "out_group_a_range": 2.8, "group_id": 0, "pedestrian_id": 252, "in_group_r_range": 2.0, "target_a_strength": 22000000000, "attractor_count": 126, "position": [-9.61388587210983, 53.34816275820211], "friend_zone": [245, 110, 90, 78, 13, 87, 70, 233, 139, 55, 29, 190, 212, 114, 28, 21, 226, 82, 218, 32, 163, 237, 54, 15, 127, 125, 132, 206, 178, 33, 9, 35, 198, 200, 79, 166, 210, 88, 144, 141, 20, 4, 250, 143, 60, 66, 12, 157, 161, 204, 6, 128, 72, 184, 36, 195, 113, 151, 63, 197, 201, 177, 85, 249, 45, 106, 202, 241, 203, 240, 170, 251, 2, 56, 146, 97, 14, 39, 137, 92, 180, 187, 231, 238, 117, 194, 193, 86, 224, 31, 76, 18, 192, 124, 135, 91, 239, 80, 122, 61, 65, 167, 168, 213, 223, 108, 41, 94, 118, 121, 30, 22, 105, 0, 73, 19, 171, 183, 191, 53, 126, 75, 120, 156, 101, 83], "out_group_a_strength": 14.285714285714286, "in_group_a_strength": 20, "radius": 0.3, "in_group_a_range": 2.8, "target": [16.0, -39.0], "in_group_r_strength": 40}, {"out_group_r_strength": 56.0, "out_group_r_range": 2.0, "target_a_range": 435, "out_group_a_range": 2.8, "group_id": 0, "pedestrian_id": 253, "in_group_r_range": 2.0, "target_a_strength": 22000000000, "attractor_count": 126, "position": [4.023139395635024, 58.530824517840294], "friend_zone": [122, 165, 158, 147, 85, 198, 133, 76, 72, 220, 174, 202, 237, 166, 238, 131, 34, 45, 243, 59, 29, 175, 187, 56, 163, 211, 41, 235, 115, 111, 181, 230, 75, 79, 62, 183, 160, 125, 110, 204, 20, 194, 8, 100, 139, 107, 42, 54, 203, 164, 134, 171, 155, 173, 130, 89, 118, 242, 4, 152, 229, 249, 109, 192, 80, 14, 205, 209, 33, 58, 121, 188, 11, 50, 63, 108, 78, 246, 60, 47, 212, 112, 36, 208, 184, 53, 201, 141, 51, 46, 94, 123, 170, 144, 52, 250, 26, 70, 234, 227, 140, 136, 18, 114, 22, 16, 162, 129, 73, 69, 236, 25, 90, 150, 145, 21, 38, 55, 207, 178, 15, 67, 71, 168, 81, 191], "out_group_a_strength": 14.285714285714286, "in_group_a_strength": 20, "radius": 0.3, "in_group_a_range": 2.8, "target": [16.0, -39.0], "in_group_r_strength": 40}, {"out_group_r_strength": 56.0, "out_group_r_range": 2.0, "target_a_range": 435, "out_group_a_range": 2.8, "group_id": 1, "pedestrian_id": 254, "in_group_r_range": 2.0, "target_a_strength": 22000000000, "attractor_count": 126, "position": [-6.356281358597471, 70.22644373364935], "friend_zone": [33, 135, 174, 42, 228, 67, 98, 180, 45, 206, 116, 247, 20, 2, 32, 136, 106, 125, 47, 39, 104, 38, 242, 210, 78, 22, 95, 187, 165, 23, 183, 27, 91, 144, 97, 92, 15, 35, 99, 112, 49, 43, 44, 21, 188, 139, 107, 69, 152, 191, 175, 185, 128, 26, 5, 123, 12, 71, 151, 209, 8, 63, 189, 169, 110, 201, 36, 214, 160, 133, 195, 231, 186, 60, 200, 90, 94, 229, 197, 28, 56, 130, 251, 77, 166, 193, 29, 222, 76, 149, 50, 132, 150, 9, 10, 205, 68, 168, 73, 111, 236, 155, 233, 64, 192, 6, 158, 138, 225, 3, 129, 208, 173, 147, 24, 66, 70, 240, 119, 17, 137, 244, 181, 215, 196, 75], "out_group_a_strength": 14.285714285714286, "in_group_a_strength": 20, "radius": 0.3, "in_group_a_range": 2.8, "target": [16.0, -39.0], "in_group_r_strength": 40}, {"out_group_r_strength": 56.0, "out_group_r_range": 2.0, "target_a_range": 435, "out_group_a_range": 2.8, "group_id": 1, "pedestrian_id": 255, "in_group_r_range": 2.0, "target_a_strength": 22000000000, "attractor_count": 126, "position": [18.97311613401811, 44.889167678679264], "friend_zone": [199, 64, 144, 58, 147, 66, 13, 157, 35, 102, 70, 117, 91, 129, 107, 226, 143, 114, 140, 160, 179, 164, 158, 69, 25, 99, 71, 247, 228, 95, 75, 123, 180, 21, 86, 37, 241, 250, 190, 29, 133, 104, 240, 121, 42, 10, 177, 204, 116, 191, 171, 36, 24, 230, 224, 146, 141, 154, 211, 161, 68, 5, 195, 6, 222, 210, 234, 105, 149, 214, 249, 201, 218, 205, 17, 242, 79, 43, 22, 185, 235, 60, 30, 178, 248, 46, 153, 100, 216, 56, 23, 206, 112, 51, 61, 1, 106, 128, 7, 194, 118, 183, 169, 217, 203, 62, 15, 126, 55, 231, 14, 142, 213, 189, 239, 53, 225, 76, 135, 89, 88, 155, 52, 145, 120, 97], "out_group_a_strength": 14.285714285714286, "in_group_a_strength": 20, "radius": 0.3, "in_group_a_range": 2.8, "target": [16.0, -39.0], "in_group_r_strength": 40}], "frame_second": "5800", "additional_id_existed_ped": {"0": [252, 254, 255], "1": [], "2": [252, 253, 255], "3": [252, 254, 255], "4": [253], "5": [252, 253, 255], "6": [252, 255], "7": [253, 255], "8": [252], "9": [255], "10": [255], "11": [252, 253, 254, 255], "12": [254], "13": [252, 254, 255], "14": [253, 254], "15": [252, 255], "16": [255], "17": [254, 255], "18": [252, 255], "19": [254], "20": [252, 253], "21": [252, 253, 255], "22": [252, 255], "23": [252, 253, 254], "24": [253, 254], "25": [252], "26": [253, 254], "27": [252, 254, 255], "28": [252, 253, 254, 255], "29": [252], "30": [253, 255], "31": [252, 253, 254, 255], "32": [], "33": [252, 253], "34": [252, 253, 254], "35": [252, 255], "36": [252, 254], "37": [252, 254], "38": [], "39": [252, 254, 255], "40": [252], "41": [253], "42": [252, 253, 254], "43": [252, 253], "44": [253, 254], "45": [252, 255], "46": [252, 253, 254, 255], "47": [254, 255], "48": [252, 255], "49": [252], "50": [253, 255], "51": [252, 255], "52": [252, 253], "53": [252, 253, 254], "54": [], "55": [252, 254], "56": [253, 254], "57": [252, 253, 254], "58": [252, 254, 255], "59": [252, 253], "60": [252, 253, 254, 255], "61": [253], "62": [252, 253, 254], "63": [252, 253], "64": [253, 254, 255], "65": [252, 255], "66": [252, 253, 255], "67": [254, 255], "68": [252, 253, 254, 255], "69": [252, 254, 255], "70": [252], "71": [254], "72": [252, 253, 254, 255], "73": [252, 253, 255], "74": [253, 254, 255], "75": [252, 253, 255], "76": [252, 253, 255], "77": [252, 253], "78": [252, 254], "79": [252, 253, 255], "80": [252, 255], "81": [254, 255], "82": [253, 254, 255], "83": [255], "84": [252, 253, 255], "85": [252, 253, 254], "86": [255], "87": [252, 254], "88": [253, 254], "89": [252], "90": [253, 254], "91": [253], "92": [254], "93": [252, 253, 254, 255], "94": [254], "95": [252, 254], "96": [254, 255], "97": [254, 255], "98": [252], "99": [253, 254], "100": [252, 254, 255], "101": [252, 253, 255], "102": [252, 255], "103": [254, 255], "104": [255], "105": [252, 255], "106": [253, 255], "107": [253], "108": [253, 255], "109": [253, 254, 255], "110": [253, 255], "111": [252], "112": [254], "113": [252, 253], "114": [252, 253, 255], "115": [], "116": [253, 254], "117": [253, 255], "118": [252, 255], "119": [252, 255], "120": [252, 253, 255], "121": [253, 254], "122": [253, 255], "123": [254, 255], "124": [253, 255], "125": [253, 255], "126": [252, 255], "127": [252, 253, 255], "128": [253, 254, 255], "129": [252, 253, 255], "130": [255], "131": [254], "132": [253, 254, 255], "133": [254, 255], "134": [253, 255], "135": [253], "136": [253, 254], "137": [252, 254], "138": [254, 255], "139": [252, 253], "140": [252, 253, 254], "141": [253, 254, 255], "142": [], "143": [252, 254], "144": [253], "145": [253, 254, 255], "146": [254], "147": [252, 255], "148": [254], "149": [253], "150": [], "151": [252, 253, 254], "152": [252, 253, 255], "153": [], "154": [253], "155": [253, 254], "156": [252, 253, 254], "157": [252, 253], "158": [252, 253, 254, 255], "159": [253, 255], "160": [252, 253], "161": [254, 255], "162": [252, 254, 255], "163": [253, 254], "164": [255], "165": [252, 253, 254, 255], "166": [252, 253], "167": [253], "168": [255], "169": [252, 253, 254], "170": [252], "171": [253, 254], "172": [254, 255], "173": [253, 254], "174": [252, 254, 255], "175": [253], "176": [253, 254, 255], "177": [252, 254], "178": [252, 253, 254], "179": [252, 254, 255], "180": [252, 255], "181": [], "182": [252, 254, 255], "183": [253], "184": [252, 253], "185": [252, 253, 254], "186": [253, 254], "187": [253, 254], "188": [252, 254], "189": [254, 255], "190": [254, 255], "191": [254, 255], "192": [253, 254, 255], "193": [], "194": [252, 255], "195": [252, 253], "196": [252, 253, 255], "197": [255], "198": [255], "199": [254, 255], "200": [252],