{"pedestrian_list": [{"out_group_r_strength": 56.0, "out_group_r_range": 2.0, "target_a_range": 435, "out_group_a_range": 2.8, "group_id": 0, "pedestrian_id": 92, "in_group_r_range": 2.0, "target_a_strength": 22000000000, "attractor_count": 46, "position": [-1.1877253150855334, 36.45465622929493], "friend_zone": [15, 83, 20, 31, 37, 18, 48, 54, 1, 33, 10, 26, 80, 55, 21, 6, 9, 45, 68, 14, 60, 50, 7, 77, 27, 29, 56, 82, 32, 35, 24, 51, 19, 41, 57, 0, 46, 78, 44, 73, 71, 74, 87, 30, 22, 8], "out_group_a_strength": 14.285714285714286, "in_group_a_strength": 20, "radius": 0.3, "in_group_a_range": 2.8, "target": [16.0, -39.0], "in_group_r_strength": 40}, {"out_group_r_strength": 56.0, "out_group_r_range": 2.0, "target_a_range": 435, "out_group_a_range": 2.8, "group_id": 0, "pedestrian_id": 93, "in_group_r_range": 2.0, "target_a_strength": 22000000000, "attractor_count": 46, "position": [17.67899933957705, 57.25177720257085], "friend_zone": [88, 29, 18, 26, 9, 45, 85, 81, 60, 19, 12, 89, 79, 62, 55, 74, 21, 30, 8, 47, 64, 70, 46, 65, 0, 41, 42, 35, 57, 5, 16, 1, 43, 20, 66, 58, 39, 44, 69, 3, 84, 50, 23, 61, 14, 34], "out_group_a_strength": 14.285714285714286, "in_group_a_strength": 20, "radius": 0.3, "in_group_a_range": 2.8, "target": [16.0, -39.0], "in_group_r_strength": 40}, {"out_group_r_strength": 56.0, "out_group_r_range": 2.0, "target_a_range": 435, "out_group_a_range": 2.8, "group_id": 1, "pedestrian_id": 94, "in_group_r_range": 2.0, "target_a_strength": 22000000000, "attractor_count": 46, "position": [8.554004446119828, 64.38420377746814], "friend_zone": [7, 62, 53, 91, 56, 28, 34, 6, 80, 41, 10, 38, 49, 74, 72, 87, 35, 50, 47, 66, 78, 79, 52, 24, 12, 51, 26, 30, 46, 1, 25, 15, 18, 43, 83, 32, 82, 90, 58, 29, 61, 64, 70, 88, 63, 5], "out_group_a_strength": 14.285714285714286, "in_group_a_strength": 20, "radius": 0.3, "in_group_a_range": 2.8, "target": [16.0, -39.0], "in_group_r_strength": 40}, {"out_group_r_strength": 56.0, "out_group_r_range": 2.0, "target_a_range": 435, "out_group_a_range": 2.8, "group_id": 1, "pedestrian_id": 95, "in_group_r_range": 2.0, "target_a_strength": 22000000000, "attractor_count": 46, "position": [2.0548022128582772, 40.97696612554902], "friend_zone": [58, 0, 43, 60, 6, 25, 90, 35, 31, 4, 33, 83, 11, 85, 88, 19, 66, 78, 56, 67, 14, 62, 29, 42, 22, 47, 20, 13, 46, 10, 39, 69, 76, 30, 8, 71, 27, 70, 55, 68, 87, 80, 53, 75, 79, 73], "out_group_a_strength": 14.285714285714286, "in_group_a_strength": 20, "radius": 0.3, "in_group_a_range": 2.8, "target": [16.0, -39.0], "in_group_r_strength": 40}], "frame_second": "1800", "additional_id_existed_ped": {"0": [92, 93, 94], "1": [93], "2": [92], "3": [92, 94], "4": [92], "5": [93, 95], "6": [93], "7": [94, 95], "8": [92], "9": [92, 93], "10": [92, 94, 95], "11": [93, 94, 95], "12": [94], "13": [92, 95], "14": [93, 94], "15": [93, 94], "16": [94], "17": [95], "18": [92, 94], "19": [93, 94], "20": [93, 95], "21": [94, 95], "22": [92, 95], "23": [92, 93, 94, 95], "24": [94, 95], "25": [93, 94, 95], "26": [], "27": [92, 95], "28": [93, 95], "29": [92, 93, 95], "30": [94], "31": [92, 94], "32": [95], "33": [92, 94, 95], "34": [92, 93], "35": [94], "36": [92, 93, 94], "37": [92, 94, 95], "38": [92, 93, 95], "39": [], "40": [93], "41": [92, 93], "42": [94, 95], "43": [93, 94, 95], "44": [], "45": [93], "46": [94, 95], "47": [92, 93, 94, 95], "48": [92, 94], "49": [94], "50": [93], "51": [92], "52": [92, 93, 94, 95], "53": [94], "54": [92, 93, 95], "55": [92, 94], "56": [93], "57": [92, 93], "58": [92, 94], "59": [92, 93], "60": [95], "61": [92, 95], "62": [93, 94], "63": [92, 95], "64": [92, 93], "65": [92, 94, 95], "66": [93, 94], "67": [92, 94, 95], "68": [93, 94, 95], "69": [92, 95], "70": [], "71": [92, 94], "72": [92, 93], "73": [92, 94], "74": [93, 95], "75": [92, 93, 94, 95], "76": [92, 94, 95], "77": [92, 93, 94, 95], "78": [93, 94], "79": [95], "80": [95], "81": [92, 95], "82": [93], "83": [92, 93, 94, 95], "84": [93, 95], "85": [92, 93, 94], "86": [92, 95], "87": [93, 94, 95], "88": [92, 93], "89": [93, 95], "90": [93, 95], "91": [93, 94, 95]}}