{"pedestrian_list": [{"out_group_r_strength": 56.0, "out_group_r_range": 2.0, "target_a_range": 435, "out_group_a_range": 2.8, "group_id": 0, "pedestrian_id": 244, "in_group_r_range": 2.0, "target_a_strength": 22000000000, "attractor_count": 122, "position": [9.87212401433003, 68.96902292929262], "friend_zone": [193, 125, 30, 68, 156, 76, 214, 54, 157, 9, 127, 228, 218, 237, 213, 148, 65, 149, 24, 136, 56, 49, 98, 61, 101, 160, 177, 82, 235, 83, 207, 123, 93, 176, 182, 79, 89, 53, 179, 12, 194, 106, 203, 180, 198, 196, 209, 150, 170, 47, 231, 111, 13, 121, 128, 223, 39, 211, 32, 70, 242, 55, 240, 234, 188, 7, 2, 74, 226, 34, 90, 233, 130, 174, 8, 29, 122, 31, 229, 113, 230, 152, 212, 222, 18, 116, 97, 0, 162, 75, 96, 48, 71, 15, 26, 41, 3, 210, 178, 44, 217, 43, 66, 52, 158, 59, 86, 33, 189, 77, 6, 144, 1, 42, 87, 199, 192, 85, 143, 172, 153, 221], "out_group_a_strength": 14.285714285714286, "in_group_a_strength": 20, "radius": 0.3, "in_group_a_range": 2.8, "target": [16.0, -39.0], "in_group_r_strength": 40}, {"out_group_r_strength": 56.0, "out_group_r_range": 2.0, "target_a_range": 435, "out_group_a_range": 2.8, "group_id": 0, "pedestrian_id": 245, "in_group_r_range": 2.0, "target_a_strength": 22000000000, "attractor_count": 122, "position": [15.733377070170343, 50.76462364004765], "friend_zone": [159, 22, 111, 39, 142, 206, 213, 138, 120, 64, 84, 26, 95, 107, 27, 109, 104, 230, 141, 80, 182, 71, 126, 140, 178, 180, 117, 225, 28, 125, 233, 219, 43, 139, 36, 199, 165, 193, 173, 40, 94, 81, 55, 237, 201, 85, 155, 62, 65, 136, 90, 114, 54, 0, 226, 185, 187, 135, 101, 34, 212, 147, 112, 129, 11, 131, 66, 122, 146, 229, 234, 8, 228, 96, 224, 10, 134, 207, 232, 41, 149, 192, 190, 241, 148, 133, 223, 33, 220, 93, 25, 211, 5, 79, 52, 130, 203, 154, 179, 156, 103, 87, 76, 196, 73, 153, 191, 189, 221, 13, 6, 227, 63, 57, 23, 82, 222, 98, 218, 108, 69, 123], "out_group_a_strength": 14.285714285714286, "in_group_a_strength": 20, "radius": 0.3, "in_group_a_range": 2.8, "target": [16.0, -39.0], "in_group_r_strength": 40}, {"out_group_r_strength": 56.0, "out_group_r_range": 2.0, "target_a_range": 435, "out_group_a_range": 2.8, "group_id": 1, "pedestrian_id": 246, "in_group_r_range": 2.0, "target_a_strength": 22000000000, "attractor_count": 122, "position": [18.33939202582039, 67.64937876637653], "friend_zone": [203, 169, 61, 4, 183, 40, 223, 65, 16, 52, 87, 159, 174, 115, 30, 231, 85, 93, 146, 225, 100, 66, 62, 200, 105, 145, 224, 97, 44, 39, 110, 91, 134, 47, 184, 121, 127, 7, 188, 240, 118, 226, 98, 165, 111, 220, 243, 34, 142, 229, 198, 77, 164, 153, 205, 140, 95, 173, 168, 89, 82, 19, 24, 43, 209, 176, 218, 150, 21, 189, 8, 138, 136, 76, 124, 161, 180, 137, 192, 50, 155, 190, 41, 90, 46, 99, 15, 210, 3, 217, 103, 132, 1, 88, 208, 67, 191, 156, 106, 108, 170, 187, 11, 5, 20, 122, 94, 81, 133, 45, 151, 79, 70, 51, 235, 199, 125, 107, 160, 73, 25, 207], "out_group_a_strength": 14.285714285714286, "in_group_a_strength": 20, "radius": 0.3, "in_group_a_range": 2.8, "target": [16.0, -39.0], "in_group_r_strength": 40}, {"out_group_r_strength": 56.0, "out_group_r_range": 2.0, "target_a_range": 435, "out_group_a_range": 2.8, "group_id": 1, "pedestrian_id": 247, "in_group_r_range": 2.0, "target_a_strength": 22000000000, "attractor_count": 122, "position": [4.660300440026399, 53.99187821953887], "friend_zone": [81, 29, 165, 80, 98, 176, 144, 230, 34, 188, 210, 151, 163, 243, 116, 129, 10, 112, 229, 150, 93, 8, 110, 227, 187, 55, 90, 226, 179, 115, 238, 181, 201, 49, 225, 97, 218, 153, 94, 140, 117, 17, 231, 111, 122, 173, 33, 216, 241, 133, 164, 62, 21, 53, 2, 61, 85, 142, 130, 103, 96, 5, 152, 100, 195, 89, 92, 219, 45, 52, 75, 137, 168, 207, 3, 183, 193, 18, 70, 190, 146, 182, 104, 156, 23, 82, 175, 223, 95, 16, 180, 127, 154, 114, 200, 198, 124, 105, 83, 11, 212, 209, 237, 20, 101, 228, 6, 30, 139, 148, 120, 57, 131, 178, 191, 54, 43, 126, 170, 107, 184, 221], "out_group_a_strength": 14.285714285714286, "in_group_a_strength": 20, "radius": 0.3, "in_group_a_range": 2.8, "target": [16.0, -39.0], "in_group_r_strength": 40}], "frame_second": "5600", "additional_id_existed_ped": {"0": [244, 247], "1": [245], "2": [245, 247], "3": [246], "4": [244, 245, 246], "5": [245], "6": [245], "7": [244, 245, 246, 247], "8": [246], "9": [], "10": [244, 245, 246, 247], "11": [244, 245, 247], "12": [244, 245], "13": [], "14": [246], "15": [246], "16": [245, 246], "17": [245, 246, 247], "18": [244, 245, 246, 247], "19": [244], "20": [244], "21": [244, 245, 246, 247], "22": [245, 246], "23": [244, 246, 247], "24": [245, 246, 247], "25": [245], "26": [247], "27": [247], "28": [246], "29": [], "30": [246, 247], "31": [246, 247], "32": [245], "33": [244, 246], "34": [244, 245, 246], "35": [244, 245], "36": [245, 246], "37": [245], "38": [244, 246, 247], "39": [246], "40": [247], "41": [245], "42": [244, 247], "43": [244, 245, 246], "44": [245, 247], "45": [246], "46": [245, 247], "47": [246], "48": [244, 245, 246, 247], "49": [247], "50": [], "51": [244, 246], "52": [244, 245, 246, 247], "53": [246], "54": [], "55": [244, 247], "56": [244, 245, 247], "57": [245], "58": [245, 246, 247], "59": [244, 245], "60": [246, 247], "61": [247], "62": [244, 245, 246, 247], "63": [244, 246, 247], "64": [245, 247], "65": [244, 245], "66": [244, 245, 247], "67": [247], "68": [], "69": [245, 247], "70": [244, 245, 247], "71": [246, 247], "72": [246], "73": [245, 247], "74": [244, 247], "75": [244, 245, 246, 247], "76": [245, 247], "77": [245, 246, 247], "78": [244, 245, 246, 247], "79": [244, 245, 246, 247], "80": [244], "81": [245], "82": [247], "83": [244, 245], "84": [244, 245, 246, 247], "85": [245, 246, 247], "86": [245, 246, 247], "87": [244, 246, 247], "88": [244], "89": [244, 246, 247], "90": [244, 245, 246, 247], "91": [246, 247], "92": [244, 245, 246], "93": [244, 245, 247], "94": [245, 246, 247], "95": [244, 245, 246, 247], "96": [244], "97": [245, 246, 247], "98": [244], "99": [244, 245, 246], "100": [244, 247], "101": [245, 246, 247], "102": [244, 245, 247], "103": [244, 245, 246, 247], "104": [247], "105": [244, 245, 247], "106": [244, 245, 246, 247], "107": [246], "108": [244, 246], "109": [245, 247], "110": [], "111": [244, 245, 246], "112": [245, 247], "113": [244], "114": [246], "115": [246], "116": [244, 245, 246], "117": [244, 245, 246, 247], "118": [245, 247], "119": [245, 247], "120": [245, 247], "121": [245, 247], "122": [245, 246, 247], "123": [244, 246, 247], "124": [244, 245, 246], "125": [247], "126": [244, 246, 247], "127": [], "128": [244, 246, 247], "129": [244, 246], "130": [], "131": [244, 245], "132": [], "133": [245, 246], "134": [246], "135": [246, 247], "136": [246], "137": [244, 246], "138": [246], "139": [244, 246], "140": [244, 245, 247], "141": [244, 247], "142": [], "143": [246, 247], "144": [245, 247], "145": [244, 245, 246, 247], "146": [244, 246], "147": [244, 247], "148": [], "149": [245], "150": [246], "151": [244, 246], "152": [245, 247], "153": [247], "154": [244, 245], "155": [245, 246, 247], "156": [244, 246, 247], "157": [244, 245], "158": [245, 246], "159": [247], "160": [244, 245, 246], "161": [245], "162": [244, 247], "163": [244, 246], "164": [247], "165": [244, 247], "166": [244, 246, 247], "167": [244], "168": [244, 247], "169": [245, 247], "170": [244, 246, 247], "171": [246], "172": [244, 245, 246], "173": [244, 247], "174": [244, 245], "175": [245, 247], "176": [245, 246, 247], "177": [244], "178": [244, 245, 246], "179": [244, 245], "180": [], "181": [245], "182": [], "183": [247], "184": [244, 247], "185": [245], "186": [], "187": [], "188": [244, 245, 246, 247], "189": [244, 245, 246, 247], "190": [245, 247], "191": [244, 245, 246], "192": [244], "193": [244, 245, 246, 247], "194": [244, 245, 246, 247], "195": [245, 246], "196": [245, 246, 247], "197": [244, 245], "198": [244, 245, 247], "199": [245, 246], "200": [244, 245], "201": [246], "202": [245], "203": [245, 246, 247], "204": [245], "205": [245, 246, 247], "206": [244],