{"pedestrian_list": [{"out_group_r_strength": 56.0, "out_group_r_range": 2.0, "target_a_range": 435, "out_group_a_range": 2.8, "group_id": 0, "pedestrian_id": 52, "in_group_r_range": 2.0, "target_a_strength": 22000000000, "attractor_count": 26, "position": [14.411220143475532, 45.56641871798399], "friend_zone": [6, 15, 29, 10, 49, 28, 47, 5, 33, 3, 24, 20, 18, 26, 25, 9, 8, 11, 16, 41, 35, 51, 14, 21, 39, 34], "out_group_a_strength": 14.285714285714286, "in_group_a_strength": 20, "radius": 0.3, "in_group_a_range": 2.8, "target": [16.0, -39.0], "in_group_r_strength": 40}, {"out_group_r_strength": 56.0, "out_group_r_range": 2.0, "target_a_range": 435, "out_group_a_range": 2.8, "group_id": 0, "pedestrian_id": 53, "in_group_r_range": 2.0, "target_a_strength": 22000000000, "attractor_count": 26, "position": [17.67025156402934, 61.78476131257616], "friend_zone": [41, 4, 3, 44, 47, 48, 31, 24, 13, 51, 34, 19, 10, 16, 9, 39, 21, 49, 43, 14, 42, 12, 7, 50, 2, 33], "out_group_a_strength": 14.285714285714286, "in_group_a_strength": 20, "radius": 0.3, "in_group_a_range": 2.8, "target": [16.0, -39.0], "in_group_r_strength": 40}, {"out_group_r_strength": 56.0, "out_group_r_range": 2.0, "target_a_range": 435, "out_group_a_range": 2.8, "group_id": 1, "pedestrian_id": 54, "in_group_r_range": 2.0, "target_a_strength": 22000000000, "attractor_count": 26, "position": [-1.1622671689384452, 71.57171941615348], "friend_zone": [17, 14, 13, 4, 31, 43, 6, 37, 38, 10, 0, 51, 46, 7, 2, 42, 5, 3, 11, 25, 18, 16, 36, 35, 23, 26], "out_group_a_strength": 14.285714285714286, "in_group_a_strength": 20, "radius": 0.3, "in_group_a_range": 2.8, "target": [16.0, -39.0], "in_group_r_strength": 40}, {"out_group_r_strength": 56.0, "out_group_r_range": 2.0, "target_a_range": 435, "out_group_a_range": 2.8, "group_id": 1, "pedestrian_id": 55, "in_group_r_range": 2.0, "target_a_strength": 22000000000, "attractor_count": 26, "position": [15.727655970604209, 57.89146847604946], "friend_zone": [18, 4, 12, 44, 34, 36, 26, 46, 30, 48, 43, 51, 42, 47, 8, 9, 25, 7, 11, 31, 20, 28, 21, 35, 16, 6], "out_group_a_strength": 14.285714285714286, "in_group_a_strength": 20, "radius": 0.3, "in_group_a_range": 2.8, "target": [16.0, -39.0], "in_group_r_strength": 40}], "frame_second": "800", "additional_id_existed_ped": {"0": [], "1": [52, 55], "2": [52, 54], "3": [52, 53, 55], "4": [54, 55], "5": [52, 54], "6": [54], "7": [53, 55], "8": [53, 55], "9": [53], "10": [52, 53, 54, 55], "11": [53, 54], "12": [], "13": [52, 53, 54, 55], "14": [53, 54, 55], "15": [52, 53, 55], "16": [52, 54], "17": [53], "18": [54, 55], "19": [52, 54], "20": [53], "21": [53, 55], "22": [52, 53], "23": [55], "24": [52, 55], "25": [53, 54], "26": [54, 55], "27": [54], "28": [52, 54, 55], "29": [52, 54, 55], "30": [52, 53], "31": [52, 53], "32": [52, 53, 54, 55], "33": [52, 53, 54], "34": [53], "35": [55], "36": [54, 55], "37": [52, 53, 54, 55], "38": [54], "39": [52, 55], "40": [52, 54], "41": [52, 53, 55], "42": [], "43": [52, 53, 55], "44": [53, 54, 55], "45": [53], "46": [52, 54], "47": [54], "48": [52, 55], "49": [53, 55], "50": [52, 53], "51": [52, 54]}}