{"pedestrian_list": [{"out_group_r_strength": 56.0, "out_group_r_range": 2.0, "target_a_range": 435, "out_group_a_range": 2.8, "group_id": 0, "pedestrian_id": 232, "in_group_r_range": 2.0, "target_a_strength": 22000000000, "attractor_count": 116, "position": [15.071568142420567, 71.5368950397881], "friend_zone": [115, 87, 140, 20, 137, 226, 36, 23, 210, 53, 199, 218, 60, 56, 40, 58, 89, 211, 207, 117, 108, 105, 162, 93, 33, 15, 8, 84, 138, 85, 180, 135, 132, 228, 13, 217, 54, 62, 112, 129, 48, 7, 63, 175, 72, 190, 64, 213, 71, 43, 12, 216, 122, 231, 5, 109, 155, 124, 113, 52, 130, 195, 0, 126, 81, 225, 151, 159, 157, 76, 4, 100, 114, 88, 18, 42, 220, 176, 50, 65, 107, 98, 147, 69, 97, 161, 201, 183, 142, 212, 202, 205, 46, 79, 34, 160, 80, 92, 78, 145, 61, 215, 170, 119, 144, 166, 141, 111, 30, 116, 11, 19, 189, 121, 152, 221], "out_group_a_strength": 14.285714285714286, "in_group_a_strength": 20, "radius": 0.3, "in_group_a_range": 2.8, "target": [16.0, -39.0], "in_group_r_strength": 40}, {"out_group_r_strength": 56.0, "out_group_r_range": 2.0, "target_a_range": 435, "out_group_a_range": 2.8, "group_id": 0, "pedestrian_id": 233, "in_group_r_range": 2.0, "target_a_strength": 22000000000, "attractor_count": 116, "position": [6.619998765320805, 54.00264517723198], "friend_zone": [99, 230, 78, 50, 196, 122, 41, 228, 225, 70, 125, 164, 150, 183, 60, 34, 51, 176, 163, 76, 54, 229, 30, 1, 2, 222, 13, 6, 35, 19, 100, 210, 72, 134, 53, 143, 215, 52, 42, 166, 105, 220, 124, 115, 36, 92, 231, 74, 20, 154, 95, 101, 179, 66, 113, 188, 44, 83, 110, 137, 102, 0, 161, 39, 120, 24, 9, 75, 203, 58, 192, 65, 177, 195, 165, 7, 63, 172, 98, 157, 167, 57, 4, 213, 221, 14, 173, 207, 3, 93, 45, 37, 25, 56, 8, 223, 5, 226, 71, 64, 205, 227, 200, 38, 31, 69, 103, 86, 148, 117, 32, 94, 84, 96, 138, 198], "out_group_a_strength": 14.285714285714286, "in_group_a_strength": 20, "radius": 0.3, "in_group_a_range": 2.8, "target": [16.0, -39.0], "in_group_r_strength": 40}, {"out_group_r_strength": 56.0, "out_group_r_range": 2.0, "target_a_range": 435, "out_group_a_range": 2.8, "group_id": 1, "pedestrian_id": 234, "in_group_r_range": 2.0, "target_a_strength": 22000000000, "attractor_count": 116, "position": [-6.388754405664522, 62.462538976314015], "friend_zone": [148, 28, 210, 198, 171, 149, 81, 161, 183, 41, 98, 189, 6, 226, 50, 145, 101, 85, 43, 25, 121, 192, 214, 37, 3, 64, 52, 111, 54, 103, 133, 227, 204, 219, 154, 200, 177, 202, 92, 174, 163, 36, 30, 67, 114, 39, 215, 78, 123, 136, 100, 108, 61, 9, 13, 44, 220, 110, 212, 208, 129, 150, 216, 184, 11, 12, 70, 89, 138, 49, 51, 151, 179, 24, 230, 119, 87, 69, 42, 160, 35, 79, 34, 59, 22, 162, 191, 102, 80, 17, 153, 21, 84, 118, 66, 63, 20, 140, 7, 86, 40, 218, 188, 2, 90, 115, 206, 33, 60, 156, 93, 125, 187, 164, 0, 207], "out_group_a_strength": 14.285714285714286, "in_group_a_strength": 20, "radius": 0.3, "in_group_a_range": 2.8, "target": [16.0, -39.0], "in_group_r_strength": 40}, {"out_group_r_strength": 56.0, "out_group_r_range": 2.0, "target_a_range": 435, "out_group_a_range": 2.8, "group_id": 1, "pedestrian_id": 235, "in_group_r_range": 2.0, "target_a_strength": 22000000000, "attractor_count": 116, "position": [15.055601565357135, 59.837960311659145], "friend_zone": [9, 195, 124, 16, 13, 217, 181, 88, 7, 155, 209, 83, 127, 80, 70, 223, 153, 197, 68, 93, 149, 58, 19, 126, 28, 27, 37, 120, 230, 131, 87, 183, 6, 142, 33, 32, 77, 5, 111, 79, 39, 74, 46, 103, 121, 45, 227, 214, 89, 98, 105, 212, 172, 99, 213, 31, 204, 112, 167, 123, 174, 194, 26, 44, 78, 36, 175, 57, 50, 69, 188, 104, 11, 106, 65, 38, 173, 193, 14, 49, 95, 211, 107, 22, 94, 186, 12, 24, 118, 67, 143, 202, 8, 75, 199, 179, 64, 219, 41, 125, 3, 182, 215, 59, 129, 177, 115, 137, 92, 72, 160, 15, 208, 156, 84, 85], "out_group_a_strength": 14.285714285714286, "in_group_a_strength": 20, "radius": 0.3, "in_group_a_range": 2.8, "target": [16.0, -39.0], "in_group_r_strength": 40}], "frame_second": "5300", "additional_id_existed_ped": {"0": [235], "1": [234], "2": [233, 235], "3": [234], "4": [232, 233, 235], "5": [232, 235], "6": [233, 234], "7": [233, 235], "8": [232, 234, 235], "9": [], "10": [233, 235], "11": [232], "12": [234, 235], "13": [232, 233, 234], "14": [232, 233, 234], "15": [233, 234, 235], "16": [232, 234, 235], "17": [233, 234], "18": [235], "19": [234], "20": [232], "21": [233, 234, 235], "22": [233], "23": [232, 233, 235], "24": [232, 233, 234, 235], "25": [232, 234], "26": [232, 234], "27": [233], "28": [235], "29": [235], "30": [232, 233], "31": [234], "32": [232, 233, 235], "33": [232, 234, 235], "34": [234, 235], "35": [233, 234, 235], "36": [233], "37": [232, 235], "38": [232, 233, 234, 235], "39": [235], "40": [232, 233, 234, 235], "41": [232, 233, 235], "42": [232, 234], "43": [232, 233, 235], "44": [232], "45": [232, 235], "46": [233, 235], "47": [234, 235], "48": [232, 235], "49": [235], "50": [233, 234], "51": [233, 234], "52": [232, 233], "53": [232, 233], "54": [233, 234], "55": [], "56": [], "57": [232, 233], "58": [232, 234], "59": [232, 235], "60": [232, 234, 235], "61": [232, 233, 235], "62": [233], "63": [233, 235], "64": [232, 233, 235], "65": [232, 233, 234], "66": [232, 234, 235], "67": [234], "68": [232, 234], "69": [235], "70": [232, 233], "71": [232, 235], "72": [233], "73": [232, 233, 234, 235], "74": [232, 234], "75": [233], "76": [232, 234, 235], "77": [233, 235], "78": [232, 233], "79": [233, 234], "80": [235], "81": [232], "82": [233, 235], "83": [232, 233, 234], "84": [232], "85": [], "86": [232, 233], "87": [232, 234], "88": [234, 235], "89": [232, 235], "90": [233, 234], "91": [233, 235], "92": [233, 234], "93": [234], "94": [232], "95": [233, 235], "96": [], "97": [232, 235], "98": [233, 234], "99": [233], "100": [232, 233], "101": [233, 235], "102": [234], "103": [232, 234, 235], "104": [], "105": [233, 234], "106": [233, 234], "107": [234], "108": [233, 235], "109": [232, 235], "110": [233, 234, 235], "111": [233, 234], "112": [232], "113": [233, 234], "114": [232], "115": [233], "116": [234], "117": [232, 233, 234, 235], "118": [232, 233, 234], "119": [235], "120": [234, 235], "121": [232, 233, 235], "122": [], "123": [233, 235], "124": [232, 233, 235], "125": [], "126": [232, 233], "127": [234], "128": [233, 235], "129": [234], "130": [233], "131": [234, 235], "132": [232, 234], "133": [232], "134": [232, 233, 234, 235], "135": [235], "136": [233, 235], "137": [232, 233, 234], "138": [233, 234, 235], "139": [233, 235], "140": [232, 233, 234], "141": [235], "142": [232, 233, 234, 235], "143": [], "144": [232, 234, 235], "145": [232, 234], "146": [234, 235], "147": [232, 235], "148": [233, 234], "149": [232, 235], "150": [232, 233, 234, 235], "151": [234, 235], "152": [233, 234, 235], "153": [233, 234], "154": [232, 234, 235], "155": [232, 233, 235], "156": [232, 234], "157": [232, 234, 235], "158": [233, 234, 235], "159": [234], "160": [232, 234, 235], "161": [233, 234], "162": [232, 233, 234, 235], "163": [232, 233, 234], "164": [232, 233, 234], "165": [232, 235], "166": [233, 235], "167": [234], "168": [232, 234, 235], "169": [232, 233], "170": [232, 235], "171": [232, 233, 234], "172": [232, 234], "173": [233], "174": [233, 234, 235], "175": [232, 233, 234, 235], "176": [235], "177": [232, 233, 235], "178": [232, 233, 234], "179": [232, 234], "180": [232, 234, 235], "181": [233, 234], "182": [232, 233, 234, 235], "183": [233, 234, 235], "184": [234], "185": [233, 234, 235], "186": [232, 233, 234], "187": [233, 234], "188": [234, 235], "189": [232, 235], "190": [232, 234], "191": [232, 235], "192": [232], "193": [234], "194": [232, 233, 235], "195": [232], "196": [232], "197": [232, 234], "198": [235], "199": [233, 234], "200": [235], "201": [232, 233, 234], "202": [232, 234, 235], "203": [233, 234, 235], "204": [233], "205": [232], "206": [232, 235], "207": [232, 233, 234, 235], "208": [232, 233], "209": [234], "210": [232], "211": [232, 234, 235], "212": [235], "213": [232, 235], "214": [232, 234, 235], "215": [235],