{"pedestrian_list": [{"out_group_r_strength": 56.0, "out_group_r_range": 2.0, "target_a_range": 435, "out_group_a_range": 2.8, "group_id": 0, "pedestrian_id": 96, "in_group_r_range": 2.0, "target_a_strength": 22000000000, "attractor_count": 48, "position": [11.162426240525871, 50.759087114825746], "friend_zone": [35, 40, 79, 36, 81, 8, 12, 16, 69, 85, 49, 82, 94, 55, 1, 9, 53, 58, 5, 38, 72, 73, 83, 60, 18, 68, 88, 25, 50, 54, 32, 42, 20, 76, 57, 14, 11, 26, 34, 22, 17, 86, 75, 28, 90, 92, 91, 23], "out_group_a_strength": 14.285714285714286, "in_group_a_strength": 20, "radius": 0.3, "in_group_a_range": 2.8, "target": [16.0, -39.0], "in_group_r_strength": 40}, {"out_group_r_strength": 56.0, "out_group_r_range": 2.0, "target_a_range": 435, "out_group_a_range": 2.8, "group_id": 0, "pedestrian_id": 97, "in_group_r_range": 2.0, "target_a_strength": 22000000000, "attractor_count": 48, "position": [19.605328569005273, 53.33883016492099], "friend_zone": [32, 46, 65, 59, 2, 67, 31, 12, 40, 6, 42, 15, 55, 14, 33, 34, 45, 72, 8, 35, 69, 27, 74, 83, 16, 44, 48, 17, 49, 77, 30, 62, 39, 18, 88, 21, 26, 79, 1, 73, 95, 93, 38, 81, 47, 24, 80, 54], "out_group_a_strength": 14.285714285714286, "in_group_a_strength": 20, "radius": 0.3, "in_group_a_range": 2.8, "target": [16.0, -39.0], "in_group_r_strength": 40}, {"out_group_r_strength": 56.0, "out_group_r_range": 2.0, "target_a_range": 435, "out_group_a_range": 2.8, "group_id": 1, "pedestrian_id": 98, "in_group_r_range": 2.0, "target_a_strength": 22000000000, "attractor_count": 48, "position": [0.11683451851573906, 42.92650323244525], "friend_zone": [15, 46, 28, 71, 51, 82, 34, 49, 17, 76, 37, 68, 80, 56, 39, 94, 64, 78, 8, 50, 25, 42, 84, 72, 4, 85, 38, 47, 65, 12, 31, 48, 41, 6, 32, 74, 9, 88, 40, 60, 23, 44, 45, 55, 73, 79, 14, 75], "out_group_a_strength": 14.285714285714286, "in_group_a_strength": 20, "radius": 0.3, "in_group_a_range": 2.8, "target": [16.0, -39.0], "in_group_r_strength": 40}, {"out_group_r_strength": 56.0, "out_group_r_range": 2.0, "target_a_range": 435, "out_group_a_range": 2.8, "group_id": 1, "pedestrian_id": 99, "in_group_r_range": 2.0, "target_a_strength": 22000000000, "attractor_count": 48, "position": [-0.5145432918880763, 56.61405692898657], "friend_zone": [77, 27, 20, 29, 34, 36, 1, 93, 95, 53, 83, 86, 11, 16, 3, 64, 2, 38, 35, 94, 68, 89, 8, 56, 84, 47, 6, 22, 19, 33, 90, 30, 82, 78, 65, 14, 73, 28, 81, 17, 10, 66, 75, 72, 9, 40, 62, 67], "out_group_a_strength": 14.285714285714286, "in_group_a_strength": 20, "radius": 0.3, "in_group_a_range": 2.8, "target": [16.0, -39.0], "in_group_r_strength": 40}], "frame_second": "1900", "additional_id_existed_ped": {"0": [96, 99], "1": [98, 99], "2": [96, 97, 99], "3": [96, 98, 99], "4": [96], "5": [97], "6": [97, 98, 99], "7": [96, 99], "8": [97, 98], "9": [97, 99], "10": [96, 97, 98, 99], "11": [98], "12": [96], "13": [97], "14": [96], "15": [96, 97, 99], "16": [97, 98, 99], "17": [96], "18": [98, 99], "19": [96, 98], "20": [98], "21": [], "22": [96, 98, 99], "23": [97], "24": [], "25": [96, 98, 99], "26": [97, 98], "27": [99], "28": [], "29": [97, 98], "30": [96, 97, 98], "31": [96, 97], "32": [96, 97, 98, 99], "33": [99], "34": [96, 97], "35": [96, 97], "36": [97], "37": [97, 98], "38": [96, 97, 98, 99], "39": [97, 98], "40": [97, 98, 99], "41": [96, 97], "42": [96, 98], "43": [96, 97, 98], "44": [96, 97, 99], "45": [96, 98, 99], "46": [97, 99], "47": [96, 99], "48": [97, 98, 99], "49": [96, 98, 99], "50": [99], "51": [99], "52": [96, 98, 99], "53": [96, 97, 99], "54": [96], "55": [96], "56": [98], "57": [96, 97, 98, 99], "58": [98, 99], "59": [96, 97], "60": [96], "61": [98, 99], "62": [98], "63": [96, 98, 99], "64": [97], "65": [96, 97, 98], "66": [98, 99], "67": [98], "68": [98], "69": [96, 99], "70": [98, 99], "71": [96, 97, 98], "72": [96, 97, 99], "73": [96, 98], "74": [96, 97, 98], "75": [98, 99], "76": [98, 99], "77": [96, 98, 99], "78": [97], "79": [96, 97], "80": [96], "81": [97], "82": [97], "83": [97, 99], "84": [96, 97, 98, 99], "85": [96, 97, 98, 99], "86": [99], "87": [96, 98], "88": [97, 98, 99], "89": [97], "90": [96, 99], "91": [98], "92": [97, 99], "93": [97, 99], "94": [97], "95": [96, 97, 99]}}