{"pedestrian_list": [{"out_group_r_strength": 56.0, "out_group_r_range": 2.0, "target_a_range": 435, "out_group_a_range": 2.8, "group_id": 0, "pedestrian_id": 288, "in_group_r_range": 2.0, "target_a_strength": 22000000000, "attractor_count": 144, "position": [2.0699834970643964, 55.935296121631055], "friend_zone": [83, 99, 75, 43, 272, 142, 16, 263, 100, 27, 167, 104, 136, 121, 173, 189, 214, 183, 122, 234, 185, 171, 76, 106, 118, 166, 10, 44, 103, 223, 146, 149, 228, 128, 175, 4, 25, 145, 204, 41, 174, 165, 50, 141, 46, 277, 265, 21, 237, 235, 227, 241, 253, 125, 107, 186, 29, 65, 88, 95, 45, 159, 245, 160, 285, 276, 286, 220, 218, 55, 7, 6, 153, 257, 90, 261, 252, 105, 74, 172, 251, 143, 51, 138, 275, 0, 61, 192, 238, 81, 85, 62, 53, 49, 151, 266, 180, 126, 91, 37, 132, 284, 196, 287, 280, 97, 72, 135, 57, 194, 269, 267, 150, 24, 14, 164, 158, 131, 129, 63, 40, 152, 71, 19, 229, 67, 15, 239, 282, 94, 93, 170, 96, 156, 108, 17, 23, 250, 69, 77, 273, 260, 271, 222], "out_group_a_strength": 14.285714285714286, "in_group_a_strength": 20, "radius": 0.3, "in_group_a_range": 2.8, "target": [16.0, -39.0], "in_group_r_strength": 40}, {"out_group_r_strength": 56.0, "out_group_r_range": 2.0, "target_a_range": 435, "out_group_a_range": 2.8, "group_id": 0, "pedestrian_id": 289, "in_group_r_range": 2.0, "target_a_strength": 22000000000, "attractor_count": 144, "position": [6.603624388442726, 67.64817257855417], "friend_zone": [157, 109, 137, 2, 95, 152, 45, 64, 150, 17, 246, 58, 232, 205, 156, 213, 15, 155, 179, 269, 22, 181, 174, 30, 277, 266, 103, 271, 241, 180, 61, 245, 53, 167, 96, 107, 258, 100, 191, 141, 142, 190, 86, 125, 66, 223, 8, 10, 220, 164, 178, 88, 149, 268, 145, 171, 158, 256, 118, 221, 267, 278, 243, 135, 75, 240, 72, 6, 23, 193, 233, 48, 276, 4, 3, 218, 163, 70, 140, 219, 192, 216, 51, 120, 185, 187, 104, 254, 237, 234, 132, 49, 18, 202, 134, 261, 21, 263, 90, 115, 57, 31, 208, 239, 9, 286, 93, 117, 154, 11, 283, 83, 73, 119, 110, 13, 12, 225, 146, 74, 175, 173, 52, 126, 101, 284, 281, 262, 99, 197, 242, 279, 78, 131, 248, 47, 32, 184, 16, 63, 102, 1, 214, 0], "out_group_a_strength": 14.285714285714286, "in_group_a_strength": 20, "radius": 0.3, "in_group_a_range": 2.8, "target": [16.0, -39.0], "in_group_r_strength": 40}, {"out_group_r_strength": 56.0, "out_group_r_range": 2.0, "target_a_range": 435, "out_group_a_range": 2.8, "group_id": 1, "pedestrian_id": 290, "in_group_r_range": 2.0, "target_a_strength": 22000000000, "attractor_count": 144, "position": [4.650172921269865, 57.90347128405699], "friend_zone": [158, 281, 179, 107, 272, 7, 254, 204, 284, 127, 186, 220, 133, 56, 206, 34, 183, 5, 130, 88, 102, 20, 59, 58, 283, 161, 75, 33, 111, 61, 117, 263, 172, 200, 221, 23, 50, 116, 188, 35, 202, 163, 69, 199, 135, 43, 16, 185, 137, 40, 128, 223, 279, 95, 89, 230, 94, 264, 101, 285, 114, 120, 110, 134, 170, 141, 14, 182, 126, 109, 252, 251, 195, 157, 176, 47, 104, 203, 87, 280, 219, 187, 78, 274, 131, 216, 77, 138, 146, 148, 275, 208, 65, 70, 222, 142, 26, 213, 38, 237, 207, 270, 39, 277, 6, 253, 149, 227, 249, 25, 175, 28, 145, 29, 123, 244, 11, 159, 258, 268, 67, 154, 211, 180, 193, 19, 122, 257, 273, 178, 136, 240, 278, 63, 247, 55, 4, 174, 118, 30, 236, 53, 245, 48], "out_group_a_strength": 14.285714285714286, "in_group_a_strength": 20, "radius": 0.3, "in_group_a_range": 2.8, "target": [16.0, -39.0], "in_group_r_strength": 40}, {"out_group_r_strength": 56.0, "out_group_r_range": 2.0, "target_a_range": 435, "out_group_a_range": 2.8, "group_id": 1, "pedestrian_id": 291, "in_group_r_range": 2.0, "target_a_strength": 22000000000, "attractor_count": 144, "position": [2.715610255797843, 68.9378245686722], "friend_zone": [1, 71, 110, 131, 26, 27, 116, 10, 9, 214, 164, 224, 278, 253, 162, 287, 204, 249, 67, 273, 104, 113, 105, 54, 267, 240, 31, 271, 109, 238, 207, 29, 82, 14, 158, 12, 103, 85, 146, 245, 154, 121, 144, 125, 180, 102, 130, 243, 281, 44, 203, 215, 157, 56, 219, 50, 46, 88, 218, 230, 115, 53, 171, 272, 42, 24, 197, 236, 73, 201, 270, 251, 139, 210, 223, 66, 255, 128, 211, 177, 59, 34, 221, 259, 280, 75, 43, 151, 268, 213, 265, 127, 78, 39, 169, 194, 89, 185, 172, 225, 18, 237, 153, 216, 119, 184, 235, 8, 126, 63, 87, 205, 84, 90, 192, 36, 124, 106, 257, 263, 163, 62, 101, 277, 187, 264, 134, 261, 195, 60, 74, 79, 49, 233, 183, 83, 48, 16, 258, 266, 114, 6, 155, 47], "out_group_a_strength": 14.285714285714286, "in_group_a_strength": 20, "radius": 0.3, "in_group_a_range": 2.8, "target": [16.0, -39.0], "in_group_r_strength": 40}], "frame_second": "6700", "additional_id_existed_ped": {"0": [289, 291], "1": [290, 291], "2": [288, 289, 290, 291], "3": [288, 290, 291], "4": [288, 290, 291], "5": [290, 291], "6": [289, 290, 291], "7": [289, 290], "8": [288, 289, 290, 291], "9": [289, 290], "10": [288, 290, 291], "11": [290], "12": [288, 290, 291], "13": [], "14": [288], "15": [288], "16": [288, 289, 291], "17": [288, 290], "18": [291], "19": [290], "20": [290], "21": [288, 291], "22": [288, 289], "23": [288, 289, 291], "24": [288], "25": [288, 289, 291], "26": [289, 290], "27": [288, 289, 290], "28": [288, 290], "29": [288, 289, 290], "30": [288, 290], "31": [288, 291], "32": [289, 290], "33": [289, 291], "34": [289, 290, 291], "35": [289], "36": [289, 290, 291], "37": [289, 290], "38": [288], "39": [], "40": [288, 289, 290], "41": [289], "42": [], "43": [288, 289, 291], "44": [288], "45": [288, 289, 291], "46": [288, 289], "47": [288], "48": [288, 289, 290], "49": [290], "50": [288, 289, 290], "51": [291], "52": [290, 291], "53": [288, 289], "54": [289, 290, 291], "55": [288, 290, 291], "56": [288, 290, 291], "57": [288, 290, 291], "58": [291], "59": [290], "60": [289, 290, 291], "61": [288], "62": [290], "63": [289, 290], "64": [291], "65": [289], "66": [288, 290, 291], "67": [288, 289], "68": [288, 289], "69": [290, 291], "70": [288], "71": [289, 291], "72": [289], "73": [290, 291], "74": [288, 291], "75": [288], "76": [288, 290, 291], "77": [288, 291], "78": [289, 290, 291], "79": [288, 289, 291], "80": [288, 290, 291], "81": [290], "82": [288, 289], "83": [], "84": [289, 290], "85": [288, 289, 290], "86": [290], "87": [290, 291], "88": [288, 289, 290], "89": [288, 291], "90": [288, 289, 290], "91": [288, 289, 291], "92": [291], "93": [289], "94": [288, 290, 291], "95": [290], "96": [288, 289, 290, 291], "97": [290, 291], "98": [289, 290, 291], "99": [291], "100": [289, 290], "101": [288, 289], "102": [288, 289, 291], "103": [288, 289, 290], "104": [288, 290], "105": [289, 291], "106": [288, 290], "107": [289], "108": [288, 289, 290], "109": [288], "110": [290, 291], "111": [288, 289, 291], "112": [288, 289, 291], "113": [289, 290], "114": [290, 291], "115": [289, 290, 291], "116": [288, 289, 290, 291], "117": [288, 289], "118": [288, 289, 290], "119": [288, 289, 290], "120": [288, 289, 291], "121": [289, 290, 291], "122": [288, 289, 290], "123": [], "124": [], "125": [288, 290], "126": [288, 289], "127": [289, 291], "128": [288, 291], "129": [288, 289, 291], "130": [288, 289, 291], "131": [288, 289, 290], "132": [289, 290, 291], "133": [289, 290, 291], "134": [289, 290, 291], "135": [289, 291], "136": [288, 289, 291], "137": [288, 291], "138": [291], "139": [288, 289, 290, 291], "140": [290], "141": [288, 289], "142": [289, 290, 291], "143": [290], "144": [288, 289, 290, 291], "145": [288, 290], "146": [289, 290], "147": [290, 291], "148": [288, 291], "149": [288, 291], "150": [290], "151": [288, 289, 291], "152": [290], "153": [], "154": [], "155": [288, 290], "156": [288, 289], "157": [288, 290], "158": [288, 289, 290, 291], "159": [288, 289], "160": [288, 289], "161": [288], "162": [289, 290, 291], "163": [288, 289, 290], "164": [291], "165": [288], "166": [288, 290], "167": [289, 291], "168": [290], "169": [288, 289], "170": [288], "171": [288, 291], "172": [289, 290, 291], "173": [288, 291], "174": [291], "175": [288, 289, 291], "176": [288, 290, 291], "177": [289, 291], "178": [288], "179": [288, 291], "180": [288, 289],