{"pedestrian_list": [{"out_group_r_strength": 56.0, "out_group_r_range": 2.0, "target_a_range": 435, "out_group_a_range": 2.8, "group_id": 0, "pedestrian_id": 256, "in_group_r_range": 2.0, "target_a_strength": 22000000000, "attractor_count": 128, "position": [11.193768444107526, 70.88049930760711], "friend_zone": [181, 31, 20, 19, 132, 247, 91, 145, 171, 58, 119, 137, 226, 12, 54, 189, 187, 144, 129, 63, 115, 50, 234, 222, 223, 230, 193, 228, 245, 154, 42, 184, 207, 73, 203, 201, 39, 121, 106, 139, 173, 250, 0, 142, 48, 45, 101, 47, 237, 122, 130, 21, 72, 109, 81, 126, 61, 182, 156, 220, 59, 32, 38, 94, 37, 100, 243, 110, 104, 199, 133, 46, 221, 232, 95, 143, 188, 202, 240, 60, 43, 136, 86, 118, 76, 29, 204, 177, 205, 68, 111, 22, 149, 128, 3, 53, 97, 134, 208, 194, 79, 124, 99, 102, 117, 103, 28, 123, 165, 96, 175, 218, 198, 27, 52, 159, 162, 227, 215, 92, 163, 89, 17, 56, 155, 238, 180, 192], "out_group_a_strength": 14.285714285714286, "in_group_a_strength": 20, "radius": 0.3, "in_group_a_range": 2.8, "target": [16.0, -39.0], "in_group_r_strength": 40}, {"out_group_r_strength": 56.0, "out_group_r_range": 2.0, "target_a_range": 435, "out_group_a_range": 2.8, "group_id": 0, "pedestrian_id": 257, "in_group_r_range": 2.0, "target_a_strength": 22000000000, "attractor_count": 128, "position": [15.086244572334195, 48.169069839946545], "friend_zone": [100, 25, 70, 148, 26, 188, 254, 2, 195, 119, 120, 7, 38, 213, 203, 169, 86, 248, 97, 144, 220, 222, 99, 43, 77, 104, 45, 146, 40, 143, 187, 58, 142, 118, 155, 112, 181, 211, 202, 151, 216, 241, 117, 51, 96, 208, 193, 244, 49, 184, 22, 159, 219, 12, 88, 39, 145, 68, 50, 92, 161, 79, 158, 8, 48, 156, 137, 33, 19, 83, 106, 128, 54, 34, 162, 154, 57, 149, 129, 113, 199, 37, 253, 206, 217, 87, 147, 0, 56, 126, 250, 75, 121, 185, 65, 61, 13, 20, 67, 3, 175, 234, 205, 233, 55, 52, 196, 27, 32, 14, 46, 105, 98, 44, 231, 62, 78, 209, 232, 198, 243, 134, 122, 174, 133, 190, 214, 71], "out_group_a_strength": 14.285714285714286, "in_group_a_strength": 20, "radius": 0.3, "in_group_a_range": 2.8, "target": [16.0, -39.0], "in_group_r_strength": 40}, {"out_group_r_strength": 56.0, "out_group_r_range": 2.0, "target_a_range": 435, "out_group_a_range": 2.8, "group_id": 1, "pedestrian_id": 258, "in_group_r_range": 2.0, "target_a_strength": 22000000000, "attractor_count": 128, "position": [-1.1895454580716647, 47.5196038040964], "friend_zone": [225, 202, 208, 74, 152, 129, 159, 3, 127, 51, 213, 88, 245, 181, 64, 161, 25, 53, 200, 138, 226, 227, 162, 170, 177, 84, 175, 144, 168, 132, 246, 105, 90, 2, 154, 156, 93, 45, 63, 57, 254, 122, 249, 231, 96, 234, 255, 47, 62, 48, 41, 251, 130, 11, 58, 203, 80, 191, 141, 167, 209, 149, 185, 39, 182, 125, 6, 253, 247, 180, 239, 235, 18, 173, 43, 42, 126, 151, 67, 143, 4, 169, 70, 108, 26, 60, 252, 199, 217, 171, 222, 206, 146, 172, 134, 120, 112, 136, 100, 158, 38, 23, 30, 61, 183, 31, 1, 211, 219, 77, 52, 9, 65, 153, 223, 157, 214, 28, 89, 21, 188, 210, 228, 207, 133, 142, 68, 85], "out_group_a_strength": 14.285714285714286, "in_group_a_strength": 20, "radius": 0.3, "in_group_a_range": 2.8, "target": [16.0, -39.0], "in_group_r_strength": 40}, {"out_group_r_strength": 56.0, "out_group_r_range": 2.0, "target_a_range": 435, "out_group_a_range": 2.8, "group_id": 1, "pedestrian_id": 259, "in_group_r_range": 2.0, "target_a_strength": 22000000000, "attractor_count": 128, "position": [-3.759170817842448, 42.974553010559646], "friend_zone": [4, 186, 10, 153, 110, 150, 83, 188, 154, 36, 22, 166, 126, 55, 238, 165, 88, 41, 210, 86, 183, 173, 146, 112, 132, 24, 9, 90, 27, 160, 246, 79, 177, 201, 170, 157, 152, 247, 130, 151, 251, 137, 234, 235, 64, 219, 51, 253, 15, 48, 199, 191, 7, 144, 107, 209, 13, 139, 105, 172, 42, 163, 102, 54, 5, 221, 66, 44, 37, 104, 131, 158, 138, 197, 70, 115, 231, 71, 20, 198, 38, 241, 29, 63, 2, 61, 16, 30, 3, 142, 243, 140, 47, 97, 143, 223, 230, 21, 174, 217, 192, 171, 141, 49, 147, 75, 227, 193, 25, 95, 118, 76, 122, 50, 212, 40, 190, 111, 155, 208, 120, 222, 244, 148, 91, 26, 46, 57], "out_group_a_strength": 14.285714285714286, "in_group_a_strength": 20, "radius": 0.3, "in_group_a_range": 2.8, "target": [16.0, -39.0], "in_group_r_strength": 40}], "frame_second": "5900", "additional_id_existed_ped": {"0": [256], "1": [258], "2": [256, 258], "3": [258], "4": [256, 258, 259], "5": [258], "6": [258, 259], "7": [259], "8": [257, 258], "9": [257, 258, 259], "10": [256, 257, 258, 259], "11": [257, 258], "12": [259], "13": [257, 258, 259], "14": [256, 257, 258], "15": [256], "16": [257], "17": [257, 259], "18": [258, 259], "19": [256, 257], "20": [256, 259], "21": [258], "22": [256, 257, 258, 259], "23": [258, 259], "24": [256], "25": [257, 258, 259], "26": [257, 258, 259], "27": [256, 257, 258], "28": [256, 258, 259], "29": [], "30": [256, 257, 258, 259], "31": [257], "32": [257, 258, 259], "33": [256, 258], "34": [256, 257], "35": [257], "36": [256, 257, 258, 259], "37": [256, 258], "38": [258], "39": [257, 258, 259], "40": [256, 257, 258], "41": [256, 258], "42": [257, 259], "43": [256, 257, 258, 259], "44": [256], "45": [258, 259], "46": [256, 259], "47": [257, 258, 259], "48": [257, 259], "49": [258], "50": [256, 258, 259], "51": [258, 259], "52": [256, 257], "53": [256, 258, 259], "54": [258, 259], "55": [], "56": [256, 257, 259], "57": [256, 257, 258], "58": [257, 258, 259], "59": [257], "60": [256, 257, 258, 259], "61": [257, 259], "62": [256, 258], "63": [257, 258], "64": [256, 258, 259], "65": [], "66": [256, 257, 258], "67": [256, 258, 259], "68": [256, 259], "69": [256], "70": [256, 257, 259], "71": [257], "72": [258, 259], "73": [257, 259], "74": [256, 257], "75": [257, 258, 259], "76": [256, 258, 259], "77": [257, 258, 259], "78": [257], "79": [256, 257, 258, 259], "80": [257, 259], "81": [259], "82": [256, 258, 259], "83": [258, 259], "84": [256, 257], "85": [257, 259], "86": [257, 258, 259], "87": [256, 257, 258], "88": [257, 259], "89": [257, 259], "90": [258, 259], "91": [256, 257], "92": [258, 259], "93": [257, 258], "94": [258, 259], "95": [257, 259], "96": [256, 257, 259], "97": [257, 259], "98": [256, 259], "99": [257, 258], "100": [256, 257], "101": [256, 258], "102": [256, 257, 258], "103": [], "104": [], "105": [256, 257], "106": [], "107": [256, 258], "108": [256, 257, 258, 259], "109": [256, 259], "110": [256, 259], "111": [256, 257], "112": [256, 258], "113": [], "114": [256, 259], "115": [256, 258, 259], "116": [], "117": [], "118": [], "119": [256], "120": [257, 258], "121": [258, 259], "122": [256, 257, 258, 259], "123": [257, 259], "124": [256, 257, 258], "125": [258], "126": [256, 257, 258], "127": [256, 257, 258], "128": [256, 257, 258, 259], "129": [256, 258], "130": [256, 259], "131": [256, 259], "132": [256, 257, 258], "133": [257], "134": [256, 257], "135": [256, 257], "136": [256, 257], "137": [256, 257, 259], "138": [257, 258, 259], "139": [257, 258], "140": [257], "141": [257, 259], "142": [], "143": [256], "144": [256, 258, 259], "145": [256, 257], "146": [258], "147": [256, 257, 258], "148": [256], "149": [256], "150": [257], "151": [256, 259], "152": [257], "153": [256, 259], "154": [], "155": [256, 257, 258], "156": [259], "157": [257], "158": [256, 257], "159": [259], "160": [256, 258], "161": [259], "162": [256, 257, 259], "163": [256, 259], "164": [257, 258], "165": [257], "166": [], "167": [256, 259], "168": [259], "169": [256, 257], "170": [257], "171": [258, 259], "172": [256, 259], "173": [257], "174": [257], "175": [259], "176": [257, 258, 259], "177": [259], "178": [257, 258, 259], "179": [257], "180": [256, 259], "181": [257, 259], "182": [258, 259], "183": [256, 257, 258], "184": [257, 258, 259], "185": [256, 258], "186": [257, 259], "187": [257, 258, 259], "188": [256], "189": [256, 257, 258], "190": [257, 258, 259], "191": [257, 259], "192": [256, 257, 258], "193": [256, 258, 259], "194": [256, 257, 259], "195": [], "196": [259], "197": [258, 259], "198": [257], "199": [256, 258, 259], "200": [256, 259], "201": [257],