{"pedestrian_list": [{"out_group_r_strength": 56.0, "out_group_r_range": 2.0, "target_a_range": 435, "out_group_a_range": 2.8, "group_id": 0, "pedestrian_id": 60, "in_group_r_range": 2.0, "target_a_strength": 22000000000, "attractor_count": 30, "position": [8.570435027349909, 40.32926887214868], "friend_zone": [49, 35, 51, 23, 3, 22, 1, 50, 14, 28, 53, 39, 58, 21, 19, 37, 45, 30, 34, 44, 18, 12, 7, 9, 0, 24, 13, 54, 17, 43], "out_group_a_strength": 14.285714285714286, "in_group_a_strength": 20, "radius": 0.3, "in_group_a_range": 2.8, "target": [16.0, -39.0], "in_group_r_strength": 40}, {"out_group_r_strength": 56.0, "out_group_r_range": 2.0, "target_a_range": 435, "out_group_a_range": 2.8, "group_id": 0, "pedestrian_id": 61, "in_group_r_range": 2.0, "target_a_strength": 22000000000, "attractor_count": 30, "position": [7.282830171553096, 66.97876229857667], "friend_zone": [59, 31, 0, 32, 14, 53, 4, 12, 51, 16, 28, 37, 26, 54, 2, 7, 44, 40, 6, 43, 35, 33, 48, 20, 23, 57, 50, 36, 15, 42], "out_group_a_strength": 14.285714285714286, "in_group_a_strength": 20, "radius": 0.3, "in_group_a_range": 2.8, "target": [16.0, -39.0], "in_group_r_strength": 40}, {"out_group_r_strength": 56.0, "out_group_r_range": 2.0, "target_a_range": 435, "out_group_a_range": 2.8, "group_id": 1, "pedestrian_id": 62, "in_group_r_range": 2.0, "target_a_strength": 22000000000, "attractor_count": 30, "position": [0.7715214414208887, 68.93129195276876], "friend_zone": [52, 5, 19, 18, 8, 22, 10, 46, 0, 28, 31, 33, 41, 42, 49, 48, 27, 25, 34, 7, 54, 56, 16, 30, 15, 32, 17, 44, 4, 24], "out_group_a_strength": 14.285714285714286, "in_group_a_strength": 20, "radius": 0.3, "in_group_a_range": 2.8, "target": [16.0, -39.0], "in_group_r_strength": 40}, {"out_group_r_strength": 56.0, "out_group_r_range": 2.0, "target_a_range": 435, "out_group_a_range": 2.8, "group_id": 1, "pedestrian_id": 63, "in_group_r_range": 2.0, "target_a_strength": 22000000000, "attractor_count": 30, "position": [2.0823924913639322, 68.28923023802149], "friend_zone": [41, 5, 48, 52, 44, 18, 19, 11, 28, 36, 46, 43, 15, 45, 0, 10, 27, 6, 34, 38, 31, 56, 35, 7, 14, 33, 42, 21, 2, 8], "out_group_a_strength": 14.285714285714286, "in_group_a_strength": 20, "radius": 0.3, "in_group_a_range": 2.8, "target": [16.0, -39.0], "in_group_r_strength": 40}], "frame_second": "1000", "additional_id_existed_ped": {"0": [62], "1": [62, 63], "2": [60], "3": [61, 62, 63], "4": [61, 63], "5": [62], "6": [60, 61, 63], "7": [61], "8": [60, 61], "9": [61], "10": [60, 61, 62, 63], "11": [60, 62], "12": [], "13": [61], "14": [61, 62], "15": [60, 61, 62, 63], "16": [60, 62], "17": [63], "18": [60, 63], "19": [61], "20": [60, 63], "21": [60, 61, 62], "22": [60, 61, 62, 63], "23": [61], "24": [61], "25": [61, 62, 63], "26": [61, 63], "27": [61, 62], "28": [60, 61], "29": [60, 61, 63], "30": [], "31": [61, 63], "32": [60, 61], "33": [60, 61, 63], "34": [], "35": [60, 61, 62, 63], "36": [62], "37": [62], "38": [60, 61, 63], "39": [60, 62], "40": [60, 62, 63], "41": [60, 62, 63], "42": [62], "43": [60, 62, 63], "44": [62, 63], "45": [60, 63], "46": [60, 62, 63], "47": [61, 62, 63], "48": [62], "49": [62], "50": [60], "51": [60, 61, 62, 63], "52": [60], "53": [60, 62, 63], "54": [61, 62], "55": [60, 61, 63], "56": [62, 63], "57": [63], "58": [60, 63], "59": [60, 61]}}