{"pedestrian_list": [{"out_group_r_strength": 56.0, "out_group_r_range": 2.0, "target_a_range": 435, "out_group_a_range": 2.8, "group_id": 0, "pedestrian_id": 276, "in_group_r_range": 2.0, "target_a_strength": 22000000000, "attractor_count": 138, "position": [7.907980059086224, 68.2812895613881], "friend_zone": [74, 76, 46, 242, 6, 174, 2, 5, 72, 246, 222, 87, 92, 31, 199, 15, 41, 240, 115, 232, 49, 34, 27, 62, 85, 33, 214, 153, 159, 195, 29, 228, 13, 143, 181, 140, 256, 158, 198, 138, 106, 208, 223, 24, 271, 97, 245, 272, 259, 110, 146, 200, 189, 149, 129, 22, 217, 176, 65, 60, 136, 263, 238, 121, 156, 56, 218, 12, 191, 101, 19, 108, 57, 239, 55, 73, 188, 154, 82, 133, 53, 30, 80, 151, 201, 207, 225, 20, 124, 18, 224, 98, 236, 126, 11, 241, 148, 95, 86, 178, 58, 268, 209, 91, 257, 155, 258, 7, 112, 125, 99, 127, 252, 204, 249, 14, 187, 69, 137, 114, 104, 196, 261, 37, 212, 162, 177, 52, 1, 237, 83, 120, 63, 123, 90, 179, 9, 202], "out_group_a_strength": 14.285714285714286, "in_group_a_strength": 20, "radius": 0.3, "in_group_a_range": 2.8, "target": [16.0, -39.0], "in_group_r_strength": 40}, {"out_group_r_strength": 56.0, "out_group_r_range": 2.0, "target_a_range": 435, "out_group_a_range": 2.8, "group_id": 0, "pedestrian_id": 277, "in_group_r_range": 2.0, "target_a_strength": 22000000000, "attractor_count": 138, "position": [12.480954695485508, 55.94493082589069], "friend_zone": [170, 91, 245, 205, 209, 219, 234, 94, 271, 36, 79, 26, 243, 233, 204, 54, 216, 263, 115, 107, 83, 247, 8, 19, 262, 207, 60, 2, 167, 34, 24, 105, 217, 225, 187, 86, 14, 57, 223, 155, 175, 165, 230, 89, 102, 109, 123, 201, 199, 130, 119, 142, 62, 58, 46, 49, 269, 202, 174, 238, 23, 72, 156, 116, 194, 196, 140, 113, 93, 63, 210, 28, 191, 132, 7, 100, 220, 30, 131, 212, 273, 253, 33, 190, 55, 208, 222, 75, 161, 31, 182, 149, 25, 183, 17, 215, 101, 188, 181, 88, 134, 171, 41, 122, 150, 211, 66, 67, 218, 256, 103, 43, 64, 251, 92, 272, 10, 184, 214, 21, 135, 154, 124, 56, 261, 141, 157, 98, 126, 40, 32, 133, 87, 39, 128, 78, 241, 35], "out_group_a_strength": 14.285714285714286, "in_group_a_strength": 20, "radius": 0.3, "in_group_a_range": 2.8, "target": [16.0, -39.0], "in_group_r_strength": 40}, {"out_group_r_strength": 56.0, "out_group_r_range": 2.0, "target_a_range": 435, "out_group_a_range": 2.8, "group_id": 1, "pedestrian_id": 278, "in_group_r_range": 2.0, "target_a_strength": 22000000000, "attractor_count": 138, "position": [-5.099123757247901, 44.88687333650025], "friend_zone": [36, 157, 238, 245, 224, 104, 3, 103, 15, 9, 131, 107, 248, 204, 123, 250, 23, 210, 61, 74, 178, 169, 106, 84, 64, 142, 111, 151, 16, 223, 76, 211, 150, 187, 102, 230, 71, 92, 41, 241, 254, 168, 236, 55, 201, 147, 58, 141, 195, 275, 172, 12, 66, 96, 216, 114, 243, 270, 177, 212, 109, 136, 70, 164, 205, 90, 222, 167, 127, 67, 129, 91, 271, 116, 119, 228, 240, 265, 77, 130, 184, 153, 18, 28, 145, 242, 165, 197, 1, 235, 163, 208, 263, 39, 75, 86, 105, 37, 231, 24, 6, 214, 95, 219, 93, 140, 152, 159, 69, 132, 190, 11, 49, 112, 244, 237, 251, 128, 50, 88, 25, 139, 30, 124, 202, 186, 83, 194, 213, 261, 264, 20, 268, 173, 274, 98, 249, 256], "out_group_a_strength": 14.285714285714286, "in_group_a_strength": 20, "radius": 0.3, "in_group_a_range": 2.8, "target": [16.0, -39.0], "in_group_r_strength": 40}, {"out_group_r_strength": 56.0, "out_group_r_range": 2.0, "target_a_range": 435, "out_group_a_range": 2.8, "group_id": 1, "pedestrian_id": 279, "in_group_r_range": 2.0, "target_a_strength": 22000000000, "attractor_count": 138, "position": [11.152784356360709, 68.92528998506076], "friend_zone": [91, 15, 57, 224, 173, 112, 8, 152, 207, 227, 193, 217, 261, 270, 228, 47, 155, 71, 214, 119, 234, 255, 216, 242, 78, 88, 164, 5, 153, 274, 165, 222, 21, 32, 166, 46, 180, 76, 3, 256, 22, 115, 195, 20, 56, 133, 99, 25, 34, 130, 185, 275, 69, 162, 7, 200, 127, 140, 245, 210, 177, 169, 264, 6, 23, 258, 194, 9, 79, 145, 206, 232, 52, 199, 273, 147, 198, 84, 65, 48, 68, 170, 118, 163, 203, 123, 132, 161, 233, 249, 260, 24, 235, 38, 113, 208, 100, 160, 156, 114, 98, 267, 111, 86, 135, 82, 10, 4, 187, 36, 254, 14, 154, 126, 134, 186, 251, 237, 202, 18, 138, 252, 44, 188, 189, 253, 107, 66, 1, 128, 230, 191, 42, 176, 172, 108, 94, 50], "out_group_a_strength": 14.285714285714286, "in_group_a_strength": 20, "radius": 0.3, "in_group_a_range": 2.8, "target": [16.0, -39.0], "in_group_r_strength": 40}], "frame_second": "6400", "additional_id_existed_ped": {"0": [277, 278], "1": [277, 278, 279], "2": [276, 277, 278, 279], "3": [277, 279], "4": [276, 279], "5": [276, 277, 278], "6": [279], "7": [276, 277, 278, 279], "8": [277, 278], "9": [276, 277, 278], "10": [277, 278], "11": [276, 277], "12": [276, 277, 278], "13": [], "14": [277, 278], "15": [276, 278, 279], "16": [276, 277, 279], "17": [276, 279], "18": [276, 277, 278], "19": [], "20": [276, 277], "21": [276, 277, 278], "22": [276, 278], "23": [278, 279], "24": [279], "25": [], "26": [276, 278, 279], "27": [276, 277], "28": [277], "29": [276, 279], "30": [276, 277], "31": [276, 278], "32": [276, 277], "33": [276, 277, 279], "34": [278], "35": [276, 277, 278], "36": [277], "37": [278, 279], "38": [276], "39": [278], "40": [276, 277, 278], "41": [277, 278], "42": [276, 278, 279], "43": [], "44": [276, 277], "45": [276, 277, 279], "46": [276, 277], "47": [276, 279], "48": [276, 277, 278, 279], "49": [276, 278, 279], "50": [277, 278, 279], "51": [276, 277, 278], "52": [], "53": [276, 279], "54": [276], "55": [276, 278], "56": [], "57": [277], "58": [278], "59": [276, 277, 279], "60": [276, 277], "61": [276, 277], "62": [276, 279], "63": [276, 278, 279], "64": [278, 279], "65": [278], "66": [276, 277, 278], "67": [276, 278, 279], "68": [276], "69": [277, 278, 279], "70": [278, 279], "71": [276, 278, 279], "72": [276, 277, 278], "73": [277, 279], "74": [], "75": [279], "76": [277, 278], "77": [278, 279], "78": [277, 279], "79": [276, 279], "80": [277, 278, 279], "81": [278, 279], "82": [276, 277, 278], "83": [276, 278, 279], "84": [277, 278], "85": [276, 277, 278, 279], "86": [276, 277], "87": [277], "88": [276, 277, 278, 279], "89": [278, 279], "90": [277, 279], "91": [278], "92": [276, 279], "93": [278, 279], "94": [277, 278], "95": [279], "96": [276, 277], "97": [276, 277, 279], "98": [], "99": [277, 278, 279], "100": [276, 277, 278], "101": [276, 279], "102": [277, 279], "103": [276, 278, 279], "104": [278], "105": [277], "106": [276], "107": [], "108": [277, 278], "109": [278], "110": [276, 277, 279], "111": [276, 278], "112": [276, 277, 278], "113": [277, 278], "114": [276, 277, 278], "115": [278, 279], "116": [278, 279], "117": [276, 277, 278, 279], "118": [276, 277], "119": [278], "120": [277], "121": [276], "122": [276], "123": [277, 278, 279], "124": [276, 277, 278, 279], "125": [], "126": [278], "127": [276, 277], "128": [276, 279], "129": [278], "130": [276, 277], "131": [276], "132": [276, 278], "133": [276, 277, 279], "134": [277, 278], "135": [279], "136": [276], "137": [278, 279], "138": [276, 279], "139": [276, 277, 279], "140": [276, 277, 279], "141": [276, 278], "142": [276, 278, 279], "143": [276, 278], "144": [276, 277, 278, 279], "145": [276, 278], "146": [277, 278, 279], "147": [276], "148": [277, 278, 279], "149": [279], "150": [279], "151": [277, 279], "152": [276, 278, 279], "153": [277], "154": [279], "155": [277], "156": [277, 279], "157": [276, 277], "158": [], "159": [278], "160": [], "161": [277, 279], "162": [276, 279], "163": [276, 277, 279], "164": [277, 278, 279], "165": [277], "166": [278], "167": [279], "168": [278, 279], "169": [277], "170": [277, 279], "171": [276, 277], "172": [277, 279], "173": [279], "174": [276, 279], "175": [278], "176": [279], "177": [276, 278], "178": [277, 279], "179": [276, 277, 278, 279], "180": [277, 278], "181": [276, 277, 278, 279], "182": [278, 279], "183": [278, 279], "184": [277, 278, 279], "185": [279], "186": [276, 277, 279], "187": [276, 277, 278], "188": [276, 278], "189": [276, 279], "190": [277, 278],