{"pedestrian_list": [{"out_group_r_strength": 56.0, "out_group_r_range": 2.0, "target_a_range": 435, "out_group_a_range": 2.8, "group_id": 0, "pedestrian_id": 284, "in_group_r_range": 2.0, "target_a_strength": 22000000000, "attractor_count": 142, "position": [-0.5325006387599633, 48.790465861811334], "friend_zone": [37, 61, 127, 265, 254, 108, 7, 75, 145, 226, 30, 243, 224, 133, 105, 177, 217, 57, 167, 270, 139, 94, 92, 107, 81, 125, 157, 211, 73, 53, 161, 171, 199, 209, 111, 272, 124, 25, 261, 13, 266, 234, 221, 11, 65, 196, 39, 31, 146, 115, 132, 180, 16, 149, 131, 32, 251, 8, 195, 18, 82, 216, 138, 230, 118, 250, 104, 282, 71, 214, 163, 144, 276, 76, 268, 271, 236, 79, 28, 173, 273, 274, 99, 137, 114, 89, 110, 109, 78, 119, 136, 182, 70, 245, 227, 43, 240, 141, 101, 55, 95, 90, 5, 206, 147, 14, 269, 58, 26, 190, 128, 27, 6, 258, 202, 36, 191, 215, 244, 88, 40, 193, 48, 130, 72, 278, 152, 46, 24, 255, 62, 169, 283, 231, 142, 154, 256, 210, 263, 34, 29, 198], "out_group_a_strength": 14.285714285714286, "in_group_a_strength": 20, "radius": 0.3, "in_group_a_range": 2.8, "target": [16.0, -39.0], "in_group_r_strength": 40}, {"out_group_r_strength": 56.0, "out_group_r_range": 2.0, "target_a_range": 435, "out_group_a_range": 2.8, "group_id": 0, "pedestrian_id": 285, "in_group_r_range": 2.0, "target_a_strength": 22000000000, "attractor_count": 142, "position": [17.671224809235923, 69.59001820578318], "friend_zone": [163, 31, 64, 159, 26, 115, 70, 27, 79, 151, 230, 268, 240, 105, 5, 60, 74, 9, 106, 48, 38, 177, 124, 247, 75, 110, 59, 210, 225, 180, 218, 12, 92, 220, 107, 119, 109, 196, 261, 171, 168, 192, 255, 214, 182, 234, 147, 260, 83, 213, 13, 125, 209, 274, 63, 160, 166, 181, 283, 275, 84, 215, 184, 15, 221, 89, 158, 123, 132, 10, 140, 24, 272, 162, 136, 129, 37, 47, 185, 155, 226, 212, 211, 149, 51, 94, 257, 178, 61, 101, 279, 69, 7, 2, 139, 164, 282, 267, 197, 39, 235, 153, 156, 216, 207, 271, 190, 250, 53, 20, 222, 42, 237, 246, 188, 45, 186, 223, 138, 112, 241, 133, 200, 121, 202, 117, 231, 229, 174, 179, 34, 46, 99, 103, 68, 104, 49, 22, 152, 62, 40, 217], "out_group_a_strength": 14.285714285714286, "in_group_a_strength": 20, "radius": 0.3, "in_group_a_range": 2.8, "target": [16.0, -39.0], "in_group_r_strength": 40}, {"out_group_r_strength": 56.0, "out_group_r_range": 2.0, "target_a_range": 435, "out_group_a_range": 2.8, "group_id": 1, "pedestrian_id": 286, "in_group_r_range": 2.0, "target_a_strength": 22000000000, "attractor_count": 142, "position": [18.3121392970772, 57.90781519387927], "friend_zone": [188, 0, 44, 242, 97, 46, 261, 103, 53, 95, 203, 17, 107, 243, 78, 110, 25, 166, 129, 20, 154, 134, 152, 92, 254, 250, 225, 266, 112, 269, 183, 222, 214, 67, 138, 167, 99, 262, 232, 263, 169, 68, 24, 1, 94, 86, 208, 40, 257, 234, 63, 58, 265, 34, 248, 136, 259, 39, 240, 180, 3, 133, 153, 71, 279, 179, 236, 117, 126, 27, 164, 168, 84, 150, 56, 91, 18, 26, 128, 212, 140, 221, 273, 22, 118, 32, 219, 45, 260, 165, 125, 61, 215, 48, 137, 195, 102, 241, 275, 2, 172, 255, 51, 55, 223, 145, 96, 151, 13, 76, 127, 80, 111, 21, 247, 198, 60, 160, 89, 216, 85, 209, 16, 177, 37, 98, 108, 272, 185, 205, 239, 194, 224, 29, 174, 141, 35, 235, 271, 227, 104, 171], "out_group_a_strength": 14.285714285714286, "in_group_a_strength": 20, "radius": 0.3, "in_group_a_range": 2.8, "target": [16.0, -39.0], "in_group_r_strength": 40}, {"out_group_r_strength": 56.0, "out_group_r_range": 2.0, "target_a_range": 435, "out_group_a_range": 2.8, "group_id": 1, "pedestrian_id": 287, "in_group_r_range": 2.0, "target_a_strength": 22000000000, "attractor_count": 142, "position": [-7.025817456414616, 44.27480693548319], "friend_zone": [86, 121, 228, 34, 192, 225, 260, 43, 94, 142, 14, 98, 169, 235, 253, 163, 150, 264, 277, 175, 262, 250, 177, 229, 232, 115, 179, 202, 0, 69, 199, 99, 234, 31, 131, 73, 54, 168, 107, 273, 248, 76, 233, 267, 130, 135, 184, 217, 3, 252, 230, 24, 122, 282, 180, 158, 164, 165, 35, 265, 22, 223, 126, 4, 278, 266, 242, 74, 32, 13, 79, 224, 75, 274, 207, 106, 81, 78, 243, 133, 205, 67, 240, 227, 140, 18, 222, 36, 112, 59, 239, 247, 105, 87, 281, 7, 173, 251, 17, 208, 72, 71, 220, 214, 249, 151, 117, 226, 95, 221, 178, 268, 172, 174, 157, 29, 197, 246, 201, 138, 236, 91, 210, 111, 104, 283, 120, 47, 80, 128, 190, 100, 153, 62, 162, 64, 255, 102, 167, 186, 52, 141], "out_group_a_strength": 14.285714285714286, "in_group_a_strength": 20, "radius": 0.3, "in_group_a_range": 2.8, "target": [16.0, -39.0], "in_group_r_strength": 40}], "frame_second": "6600", "additional_id_existed_ped": {"0": [284, 285], "1": [285], "2": [286, 287], "3": [284, 286, 287], "4": [], "5": [285, 286], "6": [284, 285], "7": [], "8": [285], "9": [285, 287], "10": [284], "11": [284, 287], "12": [284], "13": [285, 286], "14": [284, 285, 287], "15": [287], "16": [284, 285, 286], "17": [285], "18": [284, 285], "19": [286, 287], "20": [286], "21": [285, 286, 287], "22": [284, 287], "23": [286, 287], "24": [284, 286, 287], "25": [284, 286, 287], "26": [286, 287], "27": [286, 287], "28": [285, 286], "29": [286, 287], "30": [284], "31": [], "32": [285, 286, 287], "33": [285, 287], "34": [286, 287], "35": [285, 286], "36": [284, 285], "37": [286, 287], "38": [284, 285], "39": [286, 287], "40": [], "41": [284, 287], "42": [286], "43": [284, 285, 286], "44": [284, 286, 287], "45": [284, 286, 287], "46": [284, 285], "47": [285, 286], "48": [287], "49": [284, 285, 286], "50": [285], "51": [286], "52": [286, 287], "53": [284, 285], "54": [285], "55": [285, 287], "56": [284, 285, 286, 287], "57": [284, 285, 286, 287], "58": [286], "59": [284, 287], "60": [286, 287], "61": [284, 286], "62": [284, 285, 286, 287], "63": [284, 286, 287], "64": [284, 287], "65": [284, 285], "66": [284], "67": [285, 286], "68": [285, 287], "69": [285, 287], "70": [286], "71": [284, 285, 287], "72": [], "73": [284, 285, 286, 287], "74": [285, 286, 287], "75": [284], "76": [284, 285, 286], "77": [285, 286, 287], "78": [284, 286], "79": [284], "80": [286, 287], "81": [285, 286, 287], "82": [284, 286, 287], "83": [285, 286, 287], "84": [284, 285, 286], "85": [286, 287], "86": [284], "87": [284, 286, 287], "88": [284, 285, 287], "89": [], "90": [286, 287], "91": [286], "92": [284, 286], "93": [285, 287], "94": [286], "95": [284, 285], "96": [286], "97": [], "98": [284, 286], "99": [284, 286], "100": [285], "101": [284, 285], "102": [284, 285, 286, 287], "103": [284, 287], "104": [284, 285, 286, 287], "105": [284, 285, 287], "106": [284, 285], "107": [284, 285], "108": [284, 287], "109": [286], "110": [], "111": [285], "112": [286], "113": [285, 286], "114": [286, 287], "115": [], "116": [285, 286], "117": [284], "118": [284, 285, 287], "119": [285, 286], "120": [284, 285, 286], "121": [286], "122": [284, 285, 286], "123": [286, 287], "124": [285, 286], "125": [285, 286, 287], "126": [284, 285, 286, 287], "127": [286, 287], "128": [286], "129": [], "130": [287], "131": [284, 285, 287], "132": [284, 287], "133": [284], "134": [284, 285, 286, 287], "135": [285, 286], "136": [284], "137": [286], "138": [284, 285], "139": [284, 285], "140": [284], "141": [284, 286], "142": [], "143": [284, 287], "144": [284, 285, 287], "145": [284, 287], "146": [284, 285, 287], "147": [284, 287], "148": [284, 285, 286], "149": [287], "150": [287], "151": [285], "152": [284, 285, 287], "153": [285, 286], "154": [], "155": [284, 285, 286], "156": [285, 286], "157": [284], "158": [284, 285, 286, 287], "159": [284, 285, 287], "160": [285, 287], "161": [284, 285, 287], "162": [286], "163": [284, 285], "164": [284, 285], "165": [286, 287], "166": [], "167": [284, 286, 287], "168": [], "169": [286], "170": [284, 285, 286, 287], "171": [285, 286], "172": [284, 287], "173": [287], "174": [285, 287], "175": [284], "176": [284, 286, 287], "177": [285, 286], "178": [285, 286, 287], "179": [285, 286, 287], "180": [286, 287], "181": [284], "182": [284, 285, 287], "183": [285, 286, 287], "184": [284, 285, 286, 287], "185": [284, 285], "186": [284, 285, 287], "187": [285],