{"pedestrian_list": [{"out_group_r_strength": 56.0, "out_group_r_range": 2.0, "target_a_range": 435, "out_group_a_range": 2.8, "group_id": 0, "pedestrian_id": 220, "in_group_r_range": 2.0, "target_a_strength": 22000000000, "attractor_count": 110, "position": [18.997255214193032, 55.948425611634754], "friend_zone": [123, 159, 99, 38, 33, 64, 26, 66, 116, 131, 83, 219, 192, 6, 145, 165, 166, 19, 93, 53, 182, 212, 154, 175, 15, 22, 92, 62, 51, 94, 32, 41, 52, 185, 115, 133, 12, 8, 17, 153, 75, 60, 168, 59, 184, 122, 74, 90, 141, 27, 73, 207, 218, 130, 150, 142, 105, 183, 139, 37, 134, 209, 191, 199, 186, 119, 35, 120, 205, 177, 188, 157, 143, 198, 146, 170, 91, 163, 108, 61, 4, 178, 80, 81, 213, 82, 47, 100, 57, 109, 128, 9, 102, 71, 127, 28, 69, 217, 21, 151, 202, 211, 7, 98, 197, 95, 152, 111, 34, 54], "out_group_a_strength": 14.285714285714286, "in_group_a_strength": 20, "radius": 0.3, "in_group_a_range": 2.8, "target": [16.0, -39.0], "in_group_r_strength": 40}, {"out_group_r_strength": 56.0, "out_group_r_range": 2.0, "target_a_range": 435, "out_group_a_range": 2.8, "group_id": 0, "pedestrian_id": 221, "in_group_r_range": 2.0, "target_a_strength": 22000000000, "attractor_count": 110, "position": [-3.7554729700550036, 37.74400447063064], "friend_zone": [38, 39, 108, 134, 192, 157, 132, 25, 135, 87, 143, 59, 115, 53, 30, 9, 15, 219, 17, 159, 136, 90, 123, 23, 180, 98, 46, 79, 158, 80, 41, 141, 89, 63, 190, 182, 36, 43, 44, 149, 170, 111, 0, 94, 217, 138, 214, 194, 104, 21, 83, 82, 172, 174, 102, 4, 183, 156, 128, 72, 146, 203, 64, 10, 206, 196, 14, 187, 33, 106, 197, 29, 139, 218, 20, 207, 210, 152, 93, 171, 65, 113, 1, 215, 68, 145, 42, 112, 88, 188, 19, 3, 178, 208, 48, 120, 57, 69, 110, 162, 95, 160, 76, 66, 84, 137, 34, 26, 116, 198], "out_group_a_strength": 14.285714285714286, "in_group_a_strength": 20, "radius": 0.3, "in_group_a_range": 2.8, "target": [16.0, -39.0], "in_group_r_strength": 40}, {"out_group_r_strength": 56.0, "out_group_r_range": 2.0, "target_a_range": 435, "out_group_a_range": 2.8, "group_id": 1, "pedestrian_id": 222, "in_group_r_range": 2.0, "target_a_strength": 22000000000, "attractor_count": 110, "position": [9.881977169039503, 53.991728866316905], "friend_zone": [183, 61, 111, 66, 145, 219, 164, 136, 197, 98, 139, 83, 11, 17, 103, 151, 188, 52, 119, 91, 207, 40, 124, 54, 177, 72, 60, 201, 120, 9, 42, 196, 29, 79, 121, 58, 198, 200, 129, 157, 163, 19, 4, 10, 30, 209, 137, 92, 73, 49, 71, 68, 170, 116, 105, 191, 205, 161, 106, 142, 80, 204, 176, 133, 215, 138, 38, 104, 70, 21, 132, 217, 180, 35, 76, 213, 90, 193, 2, 86, 127, 150, 166, 126, 190, 34, 87, 115, 114, 208, 65, 94, 6, 37, 88, 143, 202, 203, 159, 192, 160, 23, 185, 214, 178, 156, 101, 102, 5, 7], "out_group_a_strength": 14.285714285714286, "in_group_a_strength": 20, "radius": 0.3, "in_group_a_range": 2.8, "target": [16.0, -39.0], "in_group_r_strength": 40}, {"out_group_r_strength": 56.0, "out_group_r_range": 2.0, "target_a_range": 435, "out_group_a_range": 2.8, "group_id": 1, "pedestrian_id": 223, "in_group_r_range": 2.0, "target_a_strength": 22000000000, "attractor_count": 110, "position": [3.3505119578211886, 52.034107088694256], "friend_zone": [76, 7, 219, 197, 87, 200, 30, 99, 144, 79, 177, 124, 181, 179, 112, 103, 40, 111, 80, 155, 28, 173, 176, 10, 162, 158, 108, 143, 117, 58, 82, 23, 130, 91, 39, 32, 65, 171, 150, 190, 120, 27, 212, 204, 184, 203, 195, 2, 196, 185, 121, 141, 12, 109, 135, 113, 148, 187, 104, 194, 166, 49, 105, 34, 131, 114, 192, 206, 1, 157, 59, 60, 160, 207, 11, 52, 97, 139, 8, 168, 86, 191, 96, 84, 66, 215, 170, 75, 93, 16, 53, 55, 140, 134, 45, 208, 20, 21, 43, 107, 182, 38, 193, 216, 77, 98, 133, 15, 17, 201], "out_group_a_strength": 14.285714285714286, "in_group_a_strength": 20, "radius": 0.3, "in_group_a_range": 2.8, "target": [16.0, -39.0], "in_group_r_strength": 40}], "frame_second": "5000", "additional_id_existed_ped": {"0": [220, 221, 222, 223], "1": [221], "2": [223], "3": [220], "4": [222], "5": [220, 221, 222], "6": [223], "7": [220, 222, 223], "8": [220, 222], "9": [221, 222], "10": [223], "11": [221, 222], "12": [220, 223], "13": [220, 221, 222], "14": [220, 221, 222], "15": [221, 223], "16": [221, 222, 223], "17": [220, 222], "18": [220, 222, 223], "19": [221, 222], "20": [220, 222], "21": [220, 222, 223], "22": [220, 222], "23": [222], "24": [220, 221, 222, 223], "25": [221], "26": [220, 221, 222, 223], "27": [], "28": [220, 221, 222], "29": [], "30": [220], "31": [220, 221, 222], "32": [], "33": [221, 222], "34": [220, 221, 222, 223], "35": [], "36": [221, 222], "37": [220, 221, 222, 223], "38": [], "39": [220, 222], "40": [223], "41": [222, 223], "42": [220, 222, 223], "43": [], "44": [220, 221, 222], "45": [], "46": [220, 221, 222, 223], "47": [221, 223], "48": [220, 221, 222], "49": [220, 222], "50": [220, 221, 222], "51": [220, 223], "52": [221, 222], "53": [220, 223], "54": [220, 221, 222], "55": [221, 222, 223], "56": [221, 222], "57": [220, 223], "58": [220, 221], "59": [220, 221, 222], "60": [221, 222, 223], "61": [222, 223], "62": [220], "63": [220, 221, 222], "64": [220, 221, 222, 223], "65": [220], "66": [], "67": [221], "68": [220, 221], "69": [220, 223], "70": [221, 222, 223], "71": [220, 221, 223], "72": [223], "73": [220, 222, 223], "74": [221, 222], "75": [220, 221, 222, 223], "76": [221, 223], "77": [220, 221, 222], "78": [220, 223], "79": [220, 221], "80": [220, 221, 222], "81": [220, 221, 222], "82": [223], "83": [], "84": [221, 222, 223], "85": [221], "86": [221, 222, 223], "87": [222, 223], "88": [223], "89": [222], "90": [220, 221, 223], "91": [220, 221, 222], "92": [221, 222, 223], "93": [220, 221, 223], "94": [222], "95": [220, 221], "96": [221, 222], "97": [], "98": [], "99": [221, 223], "100": [220, 221, 223], "101": [220, 221], "102": [220, 223], "103": [220, 221, 222], "104": [220, 222], "105": [223], "106": [221, 222], "107": [221], "108": [223], "109": [220, 222], "110": [223], "111": [221, 222, 223], "112": [221, 222], "113": [221, 222, 223], "114": [221, 222, 223], "115": [220, 222, 223], "116": [220, 221, 223], "117": [220, 222], "118": [221, 222, 223], "119": [], "120": [221], "121": [220, 223], "122": [220, 221, 222], "123": [222], "124": [222, 223], "125": [220, 222, 223], "126": [223], "127": [222], "128": [222], "129": [221, 222, 223], "130": [220, 222], "131": [221, 222], "132": [220, 223], "133": [221], "134": [221, 223], "135": [221, 222, 223], "136": [221, 222, 223], "137": [222], "138": [220, 221, 222], "139": [220, 222], "140": [220], "141": [220, 221, 223], "142": [220], "143": [222, 223], "144": [223], "145": [221, 223], "146": [220, 221, 222], "147": [220, 223], "148": [223], "149": [220, 221], "150": [222], "151": [220, 221, 223], "152": [220, 221, 222, 223], "153": [221, 222, 223], "154": [222, 223], "155": [220, 221, 223], "156": [221, 222, 223], "157": [221], "158": [223], "159": [220, 221, 222], "160": [222, 223], "161": [220, 222], "162": [220, 221], "163": [220, 221, 222], "164": [220, 223], "165": [220], "166": [220], "167": [220, 221, 223], "168": [220, 222], "169": [222, 223], "170": [221, 223], "171": [222, 223], "172": [221, 223], "173": [222], "174": [221, 223], "175": [221, 223], "176": [221, 223], "177": [221, 223], "178": [220, 223], "179": [220, 223], "180": [220, 221, 223], "181": [220], "182": [220, 221, 223], "183": [220, 222, 223], "184": [220, 222], "185": [220, 221], "186": [220, 221, 223], "187": [220], "188": [222], "189": [221, 222], "190": [220, 222, 223], "191": [220, 221], "192": [220], "193": [222, 223], "194": [220, 223], "195": [221], "196": [221, 223], "197": [220, 221, 223], "198": [220, 223], "199": [223], "200": [220, 223], "201": [222, 223], "202": [], "203": [220], "204": [221, 222], "205": [220, 223], "206": [223], "207": [221], "208": [220, 222], "209": [223], "210": [221], "211": [222], "212": [220, 223], "213": [220, 221, 223], "214": [222], "215": [220, 221, 223], "216": [221, 223], "217": [220, 221, 222], "218": [],