{"pedestrian_list": [{"out_group_r_strength": 56.0, "out_group_r_range": 2.0, "target_a_range": 435, "out_group_a_range": 2.8, "group_id": 0, "pedestrian_id": 68, "in_group_r_range": 2.0, "target_a_strength": 22000000000, "attractor_count": 34, "position": [16.369254356776015, 58.55265949944989], "friend_zone": [52, 16, 13, 29, 64, 51, 58, 1, 57, 4, 24, 41, 10, 59, 5, 9, 3, 33, 55, 60, 11, 27, 53, 12, 37, 21, 46, 18, 36, 63, 2, 26, 15, 17], "out_group_a_strength": 14.285714285714286, "in_group_a_strength": 20, "radius": 0.3, "in_group_a_range": 2.8, "target": [16.0, -39.0], "in_group_r_strength": 40}, {"out_group_r_strength": 56.0, "out_group_r_range": 2.0, "target_a_range": 435, "out_group_a_range": 2.8, "group_id": 0, "pedestrian_id": 69, "in_group_r_range": 2.0, "target_a_strength": 22000000000, "attractor_count": 34, "position": [-0.5355669496121076, 54.66675463020501], "friend_zone": [61, 14, 4, 13, 8, 26, 9, 66, 56, 48, 43, 21, 52, 16, 6, 23, 19, 53, 32, 44, 67, 58, 30, 37, 38, 24, 28, 12, 2, 47, 31, 35, 15, 17], "out_group_a_strength": 14.285714285714286, "in_group_a_strength": 20, "radius": 0.3, "in_group_a_range": 2.8, "target": [16.0, -39.0], "in_group_r_strength": 40}, {"out_group_r_strength": 56.0, "out_group_r_range": 2.0, "target_a_range": 435, "out_group_a_range": 2.8, "group_id": 1, "pedestrian_id": 70, "in_group_r_range": 2.0, "target_a_strength": 22000000000, "attractor_count": 34, "position": [0.11792225961216016, 71.52595296138819], "friend_zone": [34, 37, 31, 16, 23, 43, 62, 65, 45, 49, 27, 21, 10, 51, 19, 52, 2, 57, 26, 5, 3, 6, 4, 55, 46, 20, 44, 14, 59, 39, 67, 58, 54, 7], "out_group_a_strength": 14.285714285714286, "in_group_a_strength": 20, "radius": 0.3, "in_group_a_range": 2.8, "target": [16.0, -39.0], "in_group_r_strength": 40}, {"out_group_r_strength": 56.0, "out_group_r_range": 2.0, "target_a_range": 435, "out_group_a_range": 2.8, "group_id": 1, "pedestrian_id": 71, "in_group_r_range": 2.0, "target_a_strength": 22000000000, "attractor_count": 34, "position": [5.3185612771621855, 51.39376859747164], "friend_zone": [7, 43, 40, 57, 11, 46, 32, 41, 62, 20, 42, 64, 25, 51, 49, 45, 54, 55, 34, 60, 35, 14, 17, 65, 1, 19, 48, 5, 2, 0, 27, 66, 21, 4], "out_group_a_strength": 14.285714285714286, "in_group_a_strength": 20, "radius": 0.3, "in_group_a_range": 2.8, "target": [16.0, -39.0], "in_group_r_strength": 40}], "frame_second": "1200", "additional_id_existed_ped": {"0": [68, 70], "1": [68, 71], "2": [69, 70, 71], "3": [68, 69], "4": [68], "5": [68, 69], "6": [68, 69, 71], "7": [70], "8": [71], "9": [68, 69, 70], "10": [68, 71], "11": [70], "12": [68, 69, 70, 71], "13": [69, 70, 71], "14": [69], "15": [68], "16": [71], "17": [69, 71], "18": [70, 71], "19": [68, 70, 71], "20": [70, 71], "21": [69, 70], "22": [71], "23": [69], "24": [71], "25": [68, 69, 70, 71], "26": [68, 69, 70, 71], "27": [68, 71], "28": [68, 69, 71], "29": [68, 70, 71], "30": [69], "31": [68, 70, 71], "32": [69, 70], "33": [68, 70], "34": [68, 69], "35": [71], "36": [69, 70], "37": [68, 70], "38": [69, 70, 71], "39": [69, 71], "40": [68, 69, 70, 71], "41": [68, 71], "42": [69, 70], "43": [68, 69, 70, 71], "44": [69], "45": [68, 69, 70], "46": [69, 70, 71], "47": [68], "48": [68, 70], "49": [69], "50": [69, 71], "51": [68], "52": [68, 71], "53": [], "54": [68, 71], "55": [69, 70], "56": [70], "57": [], "58": [69, 70], "59": [68, 69, 70], "60": [68, 69, 71], "61": [71], "62": [69, 71], "63": [70], "64": [68, 70], "65": [70], "66": [68], "67": [68, 69, 70, 71]}}