{"pedestrian_list": [{"out_group_r_strength": 56.0, "out_group_r_range": 2.0, "target_a_range": 435, "out_group_a_range": 2.8, "group_id": 0, "pedestrian_id": 156, "in_group_r_range": 2.0, "target_a_strength": 22000000000, "attractor_count": 78, "position": [1.4226121953954507, 42.29108094129997], "friend_zone": [20, 138, 0, 80, 98, 25, 43, 140, 103, 19, 69, 54, 79, 11, 50, 122, 72, 88, 73, 38, 133, 153, 48, 35, 52, 9, 106, 135, 111, 87, 94, 7, 109, 134, 150, 62, 30, 36, 125, 137, 5, 59, 6, 92, 13, 104, 70, 86, 102, 51, 121, 31, 93, 145, 110, 23, 65, 107, 128, 56, 29, 57, 146, 127, 108, 115, 41, 60, 99, 14, 132, 22, 155, 37, 10, 151, 33, 89], "out_group_a_strength": 14.285714285714286, "in_group_a_strength": 20, "radius": 0.3, "in_group_a_range": 2.8, "target": [16.0, -39.0], "in_group_r_strength": 40}, {"out_group_r_strength": 56.0, "out_group_r_range": 2.0, "target_a_range": 435, "out_group_a_range": 2.8, "group_id": 0, "pedestrian_id": 157, "in_group_r_range": 2.0, "target_a_strength": 22000000000, "attractor_count": 78, "position": [4.007772308857854, 50.121599335919456], "friend_zone": [21, 88, 107, 105, 124, 59, 154, 141, 39, 89, 101, 151, 40, 55, 32, 61, 131, 153, 52, 56, 2, 70, 24, 109, 136, 145, 149, 31, 115, 123, 100, 57, 86, 35, 1, 127, 114, 142, 106, 53, 144, 0, 82, 140, 95, 33, 34, 64, 150, 50, 85, 126, 91, 48, 20, 63, 47, 155, 84, 28, 81, 99, 90, 23, 110, 128, 46, 69, 130, 94, 138, 16, 117, 43, 54, 73, 68, 65], "out_group_a_strength": 14.285714285714286, "in_group_a_strength": 20, "radius": 0.3, "in_group_a_range": 2.8, "target": [16.0, -39.0], "in_group_r_strength": 40}, {"out_group_r_strength": 56.0, "out_group_r_range": 2.0, "target_a_range": 435, "out_group_a_range": 2.8, "group_id": 1, "pedestrian_id": 158, "in_group_r_range": 2.0, "target_a_strength": 22000000000, "attractor_count": 78, "position": [4.667281770359469, 66.35955886572819], "friend_zone": [113, 74, 58, 103, 110, 6, 117, 90, 88, 51, 40, 152, 36, 137, 83, 109, 30, 96, 89, 34, 26, 72, 42, 55, 148, 85, 62, 50, 97, 66, 79, 37, 1, 140, 114, 126, 76, 107, 133, 108, 53, 22, 2, 146, 71, 24, 155, 129, 127, 111, 44, 101, 95, 46, 99, 82, 93, 49, 80, 123, 32, 23, 20, 69, 131, 52, 63, 115, 7, 73, 9, 104, 142, 135, 119, 48, 3, 45], "out_group_a_strength": 14.285714285714286, "in_group_a_strength": 20, "radius": 0.3, "in_group_a_range": 2.8, "target": [16.0, -39.0], "in_group_r_strength": 40}, {"out_group_r_strength": 56.0, "out_group_r_range": 2.0, "target_a_range": 435, "out_group_a_range": 2.8, "group_id": 1, "pedestrian_id": 159, "in_group_r_range": 2.0, "target_a_strength": 22000000000, "attractor_count": 78, "position": [-7.661710237393009, 36.44563492707338], "friend_zone": [89, 149, 74, 130, 146, 76, 135, 147, 67, 92, 142, 123, 109, 148, 81, 51, 3, 21, 86, 50, 141, 18, 145, 69, 124, 4, 98, 62, 14, 155, 82, 96, 80, 37, 117, 129, 140, 105, 23, 84, 122, 118, 31, 125, 16, 35, 61, 24, 10, 126, 132, 119, 116, 41, 70, 30, 32, 49, 85, 121, 99, 111, 104, 48, 78, 133, 72, 0, 120, 25, 19, 90, 59, 8, 60, 17, 112, 6], "out_group_a_strength": 14.285714285714286, "in_group_a_strength": 20, "radius": 0.3, "in_group_a_range": 2.8, "target": [16.0, -39.0], "in_group_r_strength": 40}], "frame_second": "3400", "additional_id_existed_ped": {"0": [159], "1": [156, 158, 159], "2": [156, 158, 159], "3": [156, 157, 158], "4": [157, 159], "5": [156], "6": [156], "7": [157, 158], "8": [156, 157], "9": [156, 157, 158, 159], "10": [156, 158], "11": [156, 157, 159], "12": [156, 157], "13": [156, 157, 158], "14": [156, 157], "15": [156, 157], "16": [156, 157, 158, 159], "17": [158], "18": [157], "19": [156], "20": [157, 159], "21": [156, 157], "22": [156, 159], "23": [156, 159], "24": [156, 159], "25": [157, 158, 159], "26": [157], "27": [158], "28": [157, 158, 159], "29": [157, 158], "30": [156, 157, 159], "31": [156, 157], "32": [156, 157, 159], "33": [156, 157, 158, 159], "34": [157, 158, 159], "35": [156, 158, 159], "36": [157, 159], "37": [156, 158, 159], "38": [157, 159], "39": [158], "40": [156], "41": [157, 158], "42": [], "43": [157, 159], "44": [], "45": [157, 158, 159], "46": [156, 157, 159], "47": [156, 157, 158, 159], "48": [157, 158, 159], "49": [156, 157, 158, 159], "50": [156, 157, 158, 159], "51": [159], "52": [157], "53": [157, 158, 159], "54": [157], "55": [157, 158, 159], "56": [158], "57": [156, 157, 158, 159], "58": [158, 159], "59": [157], "60": [156], "61": [157, 158], "62": [158], "63": [156, 158], "64": [156, 157, 158, 159], "65": [156, 158], "66": [156, 158, 159], "67": [156, 157, 158, 159], "68": [156, 157, 158], "69": [156, 157], "70": [158], "71": [156, 157, 158], "72": [157, 159], "73": [156, 159], "74": [157, 158, 159], "75": [159], "76": [158, 159], "77": [157, 159], "78": [156], "79": [156, 157, 158], "80": [158], "81": [157], "82": [156], "83": [156, 158], "84": [156, 159], "85": [], "86": [157, 158], "87": [158, 159], "88": [156, 157, 158, 159], "89": [156, 157], "90": [156, 158], "91": [159], "92": [159], "93": [156, 157], "94": [156, 158, 159], "95": [156, 158], "96": [156, 157, 159], "97": [156, 159], "98": [156, 158], "99": [156, 157, 158], "100": [157, 158], "101": [157], "102": [156, 157, 158, 159], "103": [], "104": [158], "105": [], "106": [], "107": [156, 158, 159], "108": [156, 158, 159], "109": [156, 159], "110": [156, 158], "111": [158], "112": [156], "113": [158, 159], "114": [158], "115": [156, 157, 158, 159], "116": [156, 157], "117": [158], "118": [156, 158, 159], "119": [157, 158, 159], "120": [158], "121": [156], "122": [156, 157, 158], "123": [156, 157, 159], "124": [157], "125": [159], "126": [156, 158, 159], "127": [156], "128": [159], "129": [], "130": [157, 159], "131": [157, 159], "132": [158, 159], "133": [157, 158, 159], "134": [156, 158, 159], "135": [156, 158], "136": [158], "137": [156, 157, 159], "138": [156, 157], "139": [156, 157, 158], "140": [158, 159], "141": [156, 159], "142": [157], "143": [], "144": [158, 159], "145": [157, 159], "146": [157, 159], "147": [158, 159], "148": [156, 157], "149": [], "150": [157, 158], "151": [], "152": [159], "153": [157, 159], "154": [157, 159], "155": [156, 159]}}