{"pedestrian_list": [{"out_group_r_strength": 56.0, "out_group_r_range": 2.0, "target_a_range": 435, "out_group_a_range": 2.8, "group_id": 0, "pedestrian_id": 292, "in_group_r_range": 2.0, "target_a_strength": 22000000000, "attractor_count": 146, "position": [6.641763948723442, 69.61301252812348], "friend_zone": [111, 58, 17, 187, 207, 212, 190, 48, 176, 35, 261, 251, 51, 204, 157, 184, 183, 140, 87, 45, 254, 56, 75, 3, 118, 7, 131, 128, 0, 257, 107, 2, 30, 228, 163, 269, 103, 235, 178, 197, 64, 215, 210, 81, 129, 52, 195, 172, 229, 284, 95, 166, 16, 185, 217, 67, 101, 181, 143, 85, 165, 31, 160, 21, 79, 275, 86, 153, 4, 249, 169, 84, 290, 171, 59, 209, 205, 173, 288, 208, 112, 39, 55, 279, 98, 18, 127, 234, 72, 147, 283, 258, 12, 15, 8, 252, 124, 188, 25, 82, 233, 19, 280, 201, 193, 214, 22, 282, 244, 63, 168, 43, 13, 144, 141, 108, 213, 199, 34, 123, 158, 109, 142, 138, 126, 60, 192, 286, 202, 100, 191, 281, 104, 54, 27, 23, 242, 237, 239, 174, 276, 53, 134, 179, 230, 238], "out_group_a_strength": 14.285714285714286, "in_group_a_strength": 20, "radius": 0.3, "in_group_a_range": 2.8, "target": [16.0, -39.0], "in_group_r_strength": 40}, {"out_group_r_strength": 56.0, "out_group_r_range": 2.0, "target_a_range": 435, "out_group_a_range": 2.8, "group_id": 0, "pedestrian_id": 293, "in_group_r_range": 2.0, "target_a_strength": 22000000000, "attractor_count": 146, "position": [1.4300734142509044, 69.5997839538282], "friend_zone": [157, 207, 69, 81, 178, 97, 208, 84, 262, 268, 115, 132, 188, 79, 138, 86, 219, 6, 52, 240, 185, 57, 33, 176, 100, 26, 254, 122, 163, 243, 205, 274, 111, 96, 143, 116, 283, 41, 173, 256, 78, 168, 55, 142, 193, 184, 290, 133, 88, 104, 216, 89, 134, 189, 139, 92, 180, 287, 136, 10, 246, 23, 17, 74, 90, 255, 13, 195, 21, 117, 27, 199, 85, 278, 253, 107, 20, 214, 121, 282, 147, 105, 39, 14, 30, 232, 220, 250, 51, 161, 144, 236, 127, 44, 102, 45, 191, 204, 197, 66, 169, 109, 48, 25, 62, 95, 131, 99, 244, 202, 98, 83, 221, 200, 150, 259, 15, 277, 231, 87, 165, 242, 284, 58, 71, 7, 46, 42, 120, 54, 137, 112, 145, 0, 35, 113, 63, 235, 8, 275, 125, 286, 217, 18, 156, 266], "out_group_a_strength": 14.285714285714286, "in_group_a_strength": 20, "radius": 0.3, "in_group_a_range": 2.8, "target": [16.0, -39.0], "in_group_r_strength": 40}, {"out_group_r_strength": 56.0, "out_group_r_range": 2.0, "target_a_range": 435, "out_group_a_range": 2.8, "group_id": 1, "pedestrian_id": 294, "in_group_r_range": 2.0, "target_a_strength": 22000000000, "attractor_count": 146, "position": [7.252679520144711, 63.11393540603558], "friend_zone": [109, 25, 219, 91, 2, 104, 166, 240, 211, 61, 147, 105, 253, 130, 237, 101, 102, 245, 285, 171, 81, 266, 273, 24, 287, 262, 113, 202, 175, 197, 228, 227, 36, 0, 214, 195, 53, 15, 112, 150, 110, 141, 218, 97, 1, 76, 96, 107, 120, 234, 239, 10, 28, 177, 35, 50, 183, 115, 174, 57, 290, 66, 264, 220, 271, 143, 238, 281, 152, 3, 93, 6, 162, 161, 275, 217, 192, 168, 21, 79, 159, 160, 88, 190, 131, 156, 125, 92, 78, 272, 106, 246, 196, 229, 138, 39, 172, 80, 117, 73, 232, 128, 98, 129, 187, 215, 241, 26, 27, 256, 205, 54, 135, 70, 263, 127, 283, 121, 83, 142, 164, 42, 155, 48, 95, 286, 47, 179, 212, 123, 207, 203, 269, 248, 182, 7, 173, 244, 69, 64, 184, 189, 149, 209, 51, 139], "out_group_a_strength": 14.285714285714286, "in_group_a_strength": 20, "radius": 0.3, "in_group_a_range": 2.8, "target": [16.0, -39.0], "in_group_r_strength": 40}, {"out_group_r_strength": 56.0, "out_group_r_range": 2.0, "target_a_range": 435, "out_group_a_range": 2.8, "group_id": 1, "pedestrian_id": 295, "in_group_r_range": 2.0, "target_a_strength": 22000000000, "attractor_count": 146, "position": [14.417619057659188, 67.63682718358217], "friend_zone": [250, 5, 181, 56, 186, 208, 286, 86, 235, 119, 42, 277, 256, 164, 125, 103, 63, 207, 159, 17, 214, 203, 236, 178, 274, 114, 260, 162, 130, 30, 273, 72, 269, 118, 156, 53, 57, 102, 206, 80, 161, 169, 47, 196, 170, 165, 172, 245, 249, 112, 79, 171, 283, 7, 95, 192, 205, 211, 140, 198, 135, 107, 78, 209, 115, 137, 253, 88, 152, 188, 142, 225, 280, 91, 282, 62, 40, 8, 284, 87, 216, 89, 287, 126, 49, 67, 246, 160, 25, 74, 122, 248, 29, 276, 28, 226, 267, 83, 44, 262, 244, 149, 117, 213, 291, 279, 173, 128, 174, 38, 120, 26, 237, 18, 144, 147, 145, 50, 69, 240, 247, 48, 264, 151, 229, 46, 202, 217, 16, 154, 281, 54, 6, 224, 32, 4, 99, 97, 61, 190, 184, 1, 58, 189, 129, 232], "out_group_a_strength": 14.285714285714286, "in_group_a_strength": 20, "radius": 0.3, "in_group_a_range": 2.8, "target": [16.0, -39.0], "in_group_r_strength": 40}], "frame_second": "6800", "additional_id_existed_ped": {"0": [293, 295], "1": [292, 294, 295], "2": [292, 293, 294], "3": [292, 293, 294], "4": [293, 294, 295], "5": [], "6": [293, 294], "7": [292, 293, 295], "8": [292], "9": [293, 295], "10": [292, 293, 295], "11": [], "12": [292, 293, 294, 295], "13": [292, 293, 295], "14": [292], "15": [293, 294], "16": [295], "17": [294], "18": [292, 293, 294, 295], "19": [292, 293, 295], "20": [292, 293, 294, 295], "21": [294, 295], "22": [292, 295], "23": [292, 293, 295], "24": [292, 293, 294], "25": [292, 293, 294], "26": [294], "27": [292, 293], "28": [293, 294, 295], "29": [292, 293, 294, 295], "30": [292, 293, 294, 295], "31": [292, 295], "32": [295], "33": [292, 293], "34": [292, 294], "35": [292, 293], "36": [292, 294, 295], "37": [293, 294], "38": [292, 293, 294], "39": [292, 293], "40": [292, 294, 295], "41": [293], "42": [293, 295], "43": [292, 293], "44": [293, 295], "45": [292, 293], "46": [292, 294, 295], "47": [293, 294, 295], "48": [292, 294, 295], "49": [292, 293, 294], "50": [294, 295], "51": [294, 295], "52": [294], "53": [], "54": [293, 294, 295], "55": [295], "56": [293, 295], "57": [292, 294, 295], "58": [293, 294], "59": [292, 293], "60": [294, 295], "61": [292, 294], "62": [293, 294], "63": [293], "64": [293], "65": [292, 294, 295], "66": [292, 293, 295], "67": [], "68": [293], "69": [], "70": [293, 295], "71": [293, 295], "72": [293], "73": [294, 295], "74": [292, 294, 295], "75": [295], "76": [294], "77": [], "78": [292, 293, 294], "79": [292, 294], "80": [294, 295], "81": [292, 293, 294, 295], "82": [294, 295], "83": [292], "84": [292, 293, 294, 295], "85": [], "86": [292, 295], "87": [292, 293], "88": [292], "89": [], "90": [], "91": [293, 294, 295], "92": [295], "93": [292, 293, 295], "94": [292, 293, 294], "95": [293, 295], "96": [292, 295], "97": [294, 295], "98": [292, 293, 294], "99": [295], "100": [292, 293], "101": [], "102": [292, 293, 294, 295], "103": [292, 293, 294], "104": [292], "105": [293, 294], "106": [294, 295], "107": [293, 295], "108": [294, 295], "109": [293, 294, 295], "110": [292, 294], "111": [292, 293, 294, 295], "112": [294], "113": [293], "114": [292, 293, 294], "115": [294], "116": [292, 295], "117": [294], "118": [294, 295], "119": [295], "120": [294], "121": [292, 293, 294, 295], "122": [292, 294], "123": [292, 293], "124": [293, 295], "125": [292, 293, 295], "126": [292, 293, 295], "127": [293, 294], "128": [292], "129": [292, 293, 295], "130": [292, 293], "131": [293, 294], "132": [], "133": [292, 293, 294], "134": [293, 294], "135": [292, 295], "136": [], "137": [292, 293], "138": [292], "139": [295], "140": [295], "141": [292, 294, 295], "142": [292, 293, 294], "143": [292, 294, 295], "144": [292, 293], "145": [295], "146": [292, 294, 295], "147": [294], "148": [292], "149": [293, 294, 295], "150": [292, 294, 295], "151": [293, 294, 295], "152": [293, 294], "153": [292, 294], "154": [292], "155": [292, 295], "156": [294, 295], "157": [293, 294, 295], "158": [294], "159": [292, 295], "160": [294, 295], "161": [292, 293], "162": [293, 294], "163": [293, 295], "164": [293], "165": [294, 295], "166": [292, 293, 294, 295], "167": [294], "168": [292, 293, 294, 295], "169": [293], "170": [292, 293, 294, 295], "171": [295], "172": [292, 294], "173": [], "174": [293, 294], "175": [293], "176": [292, 293, 295], "177": [292, 293, 294], "178": [292, 293, 294, 295], "179": [292, 293, 294, 295],