{"pedestrian_list": [{"out_group_r_strength": 56.0, "out_group_r_range": 2.0, "target_a_range": 435, "out_group_a_range": 2.8, "group_id": 0, "pedestrian_id": 176, "in_group_r_range": 2.0, "target_a_strength": 22000000000, "attractor_count": 88, "position": [-7.680616098317734, 46.835884384926985], "friend_zone": [167, 131, 81, 155, 28, 67, 93, 112, 77, 44, 169, 174, 6, 55, 151, 165, 173, 47, 126, 57, 148, 50, 43, 164, 20, 4, 106, 114, 160, 129, 152, 65, 19, 163, 117, 1, 128, 139, 135, 21, 104, 53, 66, 46, 70, 78, 61, 82, 94, 97, 7, 109, 113, 9, 99, 88, 98, 58, 69, 162, 60, 154, 62, 103, 30, 15, 133, 110, 138, 130, 40, 59, 136, 122, 31, 86, 170, 14, 101, 95, 120, 16, 172, 85, 18, 79, 3, 137], "out_group_a_strength": 14.285714285714286, "in_group_a_strength": 20, "radius": 0.3, "in_group_a_range": 2.8, "target": [16.0, -39.0], "in_group_r_strength": 40}, {"out_group_r_strength": 56.0, "out_group_r_range": 2.0, "target_a_range": 435, "out_group_a_range": 2.8, "group_id": 0, "pedestrian_id": 177, "in_group_r_range": 2.0, "target_a_strength": 22000000000, "attractor_count": 88, "position": [17.045400100527722, 46.201257345888045], "friend_zone": [53, 23, 108, 170, 150, 116, 118, 36, 63, 110, 18, 30, 68, 107, 120, 84, 99, 80, 67, 41, 61, 75, 4, 101, 157, 173, 154, 131, 135, 94, 144, 10, 122, 70, 43, 128, 79, 44, 34, 164, 7, 151, 153, 47, 56, 73, 158, 133, 76, 25, 168, 174, 97, 109, 12, 125, 6, 14, 160, 112, 77, 81, 74, 37, 95, 49, 59, 117, 127, 145, 119, 21, 140, 89, 28, 20, 139, 175, 141, 15, 40, 148, 167, 38, 55, 142, 3, 98], "out_group_a_strength": 14.285714285714286, "in_group_a_strength": 20, "radius": 0.3, "in_group_a_range": 2.8, "target": [16.0, -39.0], "in_group_r_strength": 40}, {"out_group_r_strength": 56.0, "out_group_r_range": 2.0, "target_a_range": 435, "out_group_a_range": 2.8, "group_id": 1, "pedestrian_id": 178, "in_group_r_range": 2.0, "target_a_strength": 22000000000, "attractor_count": 88, "position": [15.089524306944938, 65.67563718510416], "friend_zone": [44, 64, 160, 84, 147, 103, 73, 136, 32, 16, 92, 71, 154, 58, 38, 133, 43, 93, 37, 172, 166, 123, 0, 70, 54, 106, 26, 142, 134, 114, 143, 33, 80, 162, 23, 12, 62, 132, 109, 155, 81, 163, 9, 10, 57, 144, 111, 56, 171, 165, 5, 145, 150, 60, 149, 17, 72, 139, 120, 152, 167, 41, 82, 20, 29, 83, 135, 112, 27, 128, 107, 124, 63, 116, 88, 113, 148, 130, 156, 30, 61, 45, 3, 131, 78, 47, 118, 50], "out_group_a_strength": 14.285714285714286, "in_group_a_strength": 20, "radius": 0.3, "in_group_a_range": 2.8, "target": [16.0, -39.0], "in_group_r_strength": 40}, {"out_group_r_strength": 56.0, "out_group_r_range": 2.0, "target_a_range": 435, "out_group_a_range": 2.8, "group_id": 1, "pedestrian_id": 179, "in_group_r_range": 2.0, "target_a_strength": 22000000000, "attractor_count": 88, "position": [-3.7917416016413945, 42.2835869940749], "friend_zone": [62, 140, 19, 141, 120, 0, 82, 65, 83, 92, 11, 128, 132, 63, 1, 15, 30, 111, 27, 138, 44, 58, 107, 43, 95, 121, 150, 133, 173, 117, 13, 123, 6, 99, 78, 50, 154, 152, 159, 89, 167, 100, 169, 153, 9, 35, 155, 171, 22, 72, 147, 97, 36, 165, 28, 103, 39, 57, 64, 162, 68, 38, 139, 81, 34, 73, 166, 124, 104, 49, 4, 54, 122, 164, 145, 116, 70, 131, 18, 96, 135, 88, 67, 113, 87, 172, 86, 130], "out_group_a_strength": 14.285714285714286, "in_group_a_strength": 20, "radius": 0.3, "in_group_a_range": 2.8, "target": [16.0, -39.0], "in_group_r_strength": 40}], "frame_second": "3900", "additional_id_existed_ped": {"0": [178, 179], "1": [176, 177], "2": [176, 177, 179], "3": [178], "4": [176, 178], "5": [176, 178, 179], "6": [176, 177, 178, 179], "7": [179], "8": [176, 177], "9": [179], "10": [176, 177, 178, 179], "11": [], "12": [176, 178], "13": [177], "14": [], "15": [176, 179], "16": [176], "17": [178, 179], "18": [178], "19": [177, 179], "20": [176, 177], "21": [177, 178], "22": [], "23": [176, 177, 179], "24": [177], "25": [176], "26": [176, 177, 179], "27": [176, 179], "28": [177], "29": [179], "30": [178, 179], "31": [178, 179], "32": [176], "33": [177, 178], "34": [178], "35": [176, 178, 179], "36": [178], "37": [178, 179], "38": [176, 178], "39": [176, 178], "40": [], "41": [178, 179], "42": [177, 178, 179], "43": [177], "44": [178, 179], "45": [177, 178], "46": [177, 179], "47": [178, 179], "48": [177, 178], "49": [176, 178], "50": [177], "51": [176, 178], "52": [177, 178, 179], "53": [176, 179], "54": [176, 179], "55": [177, 178, 179], "56": [176, 177], "57": [177, 178], "58": [176, 177, 178], "59": [177, 178, 179], "60": [176, 177, 178, 179], "61": [179], "62": [178], "63": [176, 177, 178, 179], "64": [177, 179], "65": [176], "66": [177, 178, 179], "67": [178], "68": [176, 177, 178], "69": [176, 177, 178], "70": [177, 179], "71": [177, 178], "72": [177, 178], "73": [176, 177], "74": [176, 179], "75": [177], "76": [177, 178, 179], "77": [176, 177, 179], "78": [176], "79": [176, 179], "80": [176], "81": [178], "82": [178], "83": [176, 177, 178, 179], "84": [176, 177, 179], "85": [176, 178, 179], "86": [176, 177, 178, 179], "87": [], "88": [176, 178, 179], "89": [176, 177, 178], "90": [177], "91": [176, 177, 179], "92": [177], "93": [179], "94": [177], "95": [177], "96": [178, 179], "97": [176, 178], "98": [176], "99": [176, 177], "100": [176, 177, 179], "101": [176, 178, 179], "102": [176, 177, 178, 179], "103": [178, 179], "104": [176, 179], "105": [178], "106": [176, 177, 179], "107": [177], "108": [176, 178, 179], "109": [176, 178], "110": [], "111": [177, 178], "112": [176], "113": [177, 178], "114": [176, 177], "115": [176, 177, 178, 179], "116": [176, 177], "117": [176, 178, 179], "118": [176, 177], "119": [178, 179], "120": [176], "121": [176, 177, 178, 179], "122": [], "123": [], "124": [177, 179], "125": [177, 179], "126": [177, 179], "127": [176, 177, 179], "128": [176, 177, 179], "129": [178, 179], "130": [178, 179], "131": [], "132": [176, 178, 179], "133": [177, 179], "134": [176, 177], "135": [177, 179], "136": [178, 179], "137": [176, 179], "138": [176, 177, 178, 179], "139": [176, 177, 179], "140": [178, 179], "141": [176], "142": [176, 177, 179], "143": [177, 179], "144": [178], "145": [176, 178], "146": [176, 177, 178], "147": [177], "148": [177, 179], "149": [176], "150": [176, 179], "151": [176, 178, 179], "152": [177, 178, 179], "153": [176], "154": [], "155": [176, 177, 178], "156": [176, 177], "157": [177, 178], "158": [176, 178, 179], "159": [176, 179], "160": [176, 177, 178, 179], "161": [176, 177, 178, 179], "162": [178, 179], "163": [176, 177, 179], "164": [177], "165": [177, 178], "166": [176, 177], "167": [176, 178], "168": [176, 178, 179], "169": [176, 177, 178], "170": [178], "171": [178], "172": [177, 178, 179], "173": [178, 179], "174": [177, 179], "175": [176]}}