{"pedestrian_list": [{"out_group_r_strength": 56.0, "out_group_r_range": 2.0, "target_a_range": 435, "out_group_a_range": 2.8, "group_id": 0, "pedestrian_id": 304, "in_group_r_range": 2.0, "target_a_strength": 22000000000, "attractor_count": 152, "position": [7.913164485321971, 47.504148495397956], "friend_zone": [139, 183, 221, 179, 5, 120, 193, 220, 263, 279, 301, 257, 106, 172, 2, 245, 146, 166, 285, 295, 239, 299, 283, 147, 130, 192, 23, 138, 54, 78, 230, 79, 118, 16, 158, 95, 97, 149, 7, 45, 237, 216, 197, 129, 98, 173, 293, 142, 218, 270, 85, 292, 77, 168, 128, 119, 288, 105, 249, 100, 184, 94, 271, 188, 153, 74, 71, 47, 76, 212, 34, 44, 33, 69, 143, 174, 10, 187, 296, 182, 70, 62, 0, 4, 115, 145, 51, 133, 282, 213, 294, 215, 267, 224, 58, 123, 32, 28, 72, 167, 65, 240, 144, 131, 171, 108, 204, 64, 284, 160, 135, 6, 281, 269, 275, 15, 165, 151, 36, 238, 163, 102, 255, 211, 155, 38, 55, 148, 73, 92, 226, 136, 53, 132, 186, 13, 26, 222, 236, 104, 21, 268, 176, 154, 253, 178, 31, 162, 256, 127, 122, 124], "out_group_a_strength": 14.285714285714286, "in_group_a_strength": 20, "radius": 0.3, "in_group_a_range": 2.8, "target": [16.0, -39.0], "in_group_r_strength": 40}, {"out_group_r_strength": 56.0, "out_group_r_range": 2.0, "target_a_range": 435, "out_group_a_range": 2.8, "group_id": 0, "pedestrian_id": 305, "in_group_r_range": 2.0, "target_a_strength": 22000000000, "attractor_count": 152, "position": [-5.0816108568613085, 48.814092345808355], "friend_zone": [115, 124, 72, 297, 17, 114, 35, 46, 235, 137, 249, 98, 272, 293, 43, 260, 285, 228, 3, 263, 191, 270, 166, 253, 117, 104, 222, 89, 193, 37, 71, 87, 216, 162, 265, 28, 31, 86, 56, 75, 164, 59, 301, 171, 157, 211, 38, 223, 100, 200, 243, 150, 11, 113, 105, 111, 275, 52, 143, 198, 158, 225, 129, 178, 271, 83, 119, 190, 99, 13, 241, 109, 287, 203, 96, 195, 10, 277, 92, 147, 185, 19, 233, 161, 29, 237, 268, 22, 90, 160, 255, 226, 213, 264, 280, 177, 189, 221, 217, 95, 180, 0, 126, 55, 239, 123, 201, 45, 58, 220, 70, 132, 5, 25, 240, 21, 26, 146, 50, 296, 128, 139, 7, 85, 48, 149, 291, 44, 118, 134, 62, 9, 68, 245, 174, 251, 64, 120, 152, 230, 49, 54, 199, 224, 65, 202, 168, 282, 246, 155, 78, 148], "out_group_a_strength": 14.285714285714286, "in_group_a_strength": 20, "radius": 0.3, "in_group_a_range": 2.8, "target": [16.0, -39.0], "in_group_r_strength": 40}, {"out_group_r_strength": 56.0, "out_group_r_range": 2.0, "target_a_range": 435, "out_group_a_range": 2.8, "group_id": 1, "pedestrian_id": 306, "in_group_r_range": 2.0, "target_a_strength": 22000000000, "attractor_count": 152, "position": [13.760528637008147, 62.435209536705344], "friend_zone": [209, 160, 287, 16, 178, 217, 11, 9, 211, 186, 62, 61, 184, 24, 218, 104, 298, 264, 3, 188, 106, 174, 241, 109, 259, 90, 235, 115, 300, 221, 15, 229, 1, 117, 130, 26, 208, 284, 38, 168, 223, 10, 8, 76, 226, 7, 233, 205, 194, 214, 35, 64, 159, 249, 89, 231, 163, 280, 245, 228, 206, 137, 70, 201, 86, 30, 79, 17, 47, 75, 21, 122, 193, 96, 66, 123, 200, 240, 282, 153, 198, 227, 113, 265, 110, 108, 57, 195, 294, 261, 181, 239, 102, 283, 289, 37, 128, 224, 150, 237, 202, 167, 55, 111, 142, 147, 203, 199, 144, 32, 97, 230, 99, 272, 268, 285, 182, 277, 176, 69, 258, 183, 302, 276, 197, 232, 151, 58, 18, 118, 162, 98, 286, 65, 139, 219, 103, 87, 251, 81, 0, 116, 27, 129, 34, 243, 246, 2, 213, 52, 71, 257], "out_group_a_strength": 14.285714285714286, "in_group_a_strength": 20, "radius": 0.3, "in_group_a_range": 2.8, "target": [16.0, -39.0], "in_group_r_strength": 40}, {"out_group_r_strength": 56.0, "out_group_r_range": 2.0, "target_a_range": 435, "out_group_a_range": 2.8, "group_id": 1, "pedestrian_id": 307, "in_group_r_range": 2.0, "target_a_strength": 22000000000, "attractor_count": 152, "position": [-4.416193791896855, 42.29512460508184], "friend_zone": [215, 278, 226, 300, 165, 175, 7, 17, 97, 219, 272, 169, 8, 121, 239, 245, 209, 140, 190, 277, 155, 207, 203, 273, 214, 244, 39, 164, 162, 51, 235, 224, 113, 159, 43, 264, 69, 280, 98, 49, 200, 146, 294, 70, 150, 95, 291, 197, 100, 174, 193, 110, 223, 94, 54, 163, 22, 84, 104, 187, 36, 58, 275, 63, 65, 108, 37, 266, 184, 130, 243, 208, 284, 59, 167, 23, 50, 72, 106, 44, 30, 46, 40, 26, 35, 139, 198, 204, 1, 45, 124, 295, 38, 229, 252, 60, 161, 156, 195, 71, 86, 142, 96, 52, 78, 118, 183, 185, 263, 13, 260, 192, 120, 236, 116, 62, 247, 79, 19, 4, 6, 137, 66, 32, 47, 290, 15, 301, 170, 196, 135, 153, 112, 67, 157, 18, 296, 299, 24, 138, 188, 85, 151, 129, 286, 3, 213, 289, 9, 115, 274, 218], "out_group_a_strength": 14.285714285714286, "in_group_a_strength": 20, "radius": 0.3, "in_group_a_range": 2.8, "target": [16.0, -39.0], "in_group_r_strength": 40}], "frame_second": "7100", "additional_id_existed_ped": {"0": [305, 307], "1": [], "2": [], "3": [305], "4": [305, 306, 307], "5": [304, 306, 307], "6": [305, 306], "7": [304, 306], "8": [305, 307], "9": [305, 306], "10": [307], "11": [304], "12": [305], "13": [304, 305, 306], "14": [304, 305, 307], "15": [306, 307], "16": [306], "17": [], "18": [306, 307], "19": [305, 306], "20": [], "21": [306], "22": [], "23": [304, 305, 306, 307], "24": [305], "25": [304, 307], "26": [304, 305, 307], "27": [304, 305, 306, 307], "28": [304, 305, 306, 307], "29": [304, 305, 306, 307], "30": [304, 306, 307], "31": [305, 307], "32": [], "33": [304, 305, 307], "34": [304, 305], "35": [304, 305], "36": [304, 306], "37": [305, 306], "38": [304], "39": [305, 306], "40": [305, 306, 307], "41": [304, 307], "42": [304, 306], "43": [304, 306], "44": [304, 306, 307], "45": [305, 306], "46": [304], "47": [304, 305], "48": [306], "49": [304, 306], "50": [305, 306], "51": [], "52": [306, 307], "53": [306], "54": [305, 306], "55": [304, 306, 307], "56": [], "57": [304, 305], "58": [305, 306], "59": [304], "60": [305, 306], "61": [305, 306], "62": [306], "63": [], "64": [304, 306], "65": [304, 305, 307], "66": [304, 305, 307], "67": [], "68": [305], "69": [305, 307], "70": [304], "71": [304, 305, 306, 307], "72": [], "73": [305, 306, 307], "74": [304, 305, 306], "75": [304, 307], "76": [304, 305], "77": [304, 305, 307], "78": [304, 305, 307], "79": [304, 306, 307], "80": [305, 306, 307], "81": [305], "82": [304, 306, 307], "83": [306, 307], "84": [304, 306], "85": [304], "86": [], "87": [305, 306], "88": [304, 305], "89": [304, 305, 307], "90": [305, 306, 307], "91": [306], "92": [304, 305, 306], "93": [], "94": [304], "95": [304, 307], "96": [304, 305], "97": [307], "98": [304, 305], "99": [305], "100": [306, 307], "101": [307], "102": [], "103": [304, 306, 307], "104": [304, 305, 306, 307], "105": [304, 305, 307], "106": [304, 306, 307], "107": [304, 307], "108": [305, 306], "109": [305, 306, 307], "110": [307], "111": [304, 305], "112": [], "113": [307], "114": [307], "115": [304, 305, 306], "116": [307], "117": [306], "118": [305, 306, 307], "119": [305, 306, 307], "120": [306, 307], "121": [304, 306, 307], "122": [304, 306, 307], "123": [304, 305, 307], "124": [304, 305], "125": [304, 306], "126": [304, 305, 307], "127": [304, 305, 307], "128": [304, 305, 307], "129": [304, 305], "130": [304, 306, 307], "131": [304, 305], "132": [304, 305, 306, 307], "133": [304, 305, 306, 307], "134": [305, 307], "135": [304, 306], "136": [305, 307], "137": [305, 306], "138": [305, 307], "139": [304], "140": [304, 305, 307], "141": [304, 306], "142": [305], "143": [304, 305, 306, 307], "144": [305], "145": [305], "146": [304], "147": [], "148": [306], "149": [304, 305], "150": [], "151": [305, 306], "152": [304, 305, 307], "153": [], "154": [306, 307], "155": [305, 307], "156": [305, 306, 307], "157": [305, 306, 307], "158": [305, 306], "159": [306, 307], "160": [304], "161": [304, 307], "162": [304, 307], "163": [304, 305, 306], "164": [305, 306, 307], "165": [304, 305, 306], "166": [305, 306], "167": [304, 305, 306], "168": [304, 306], "169": [304, 305], "170": [304], "171": [304, 305, 307], "172": [304, 305, 307], "173": [307], "174": [304, 307], "175": [304, 306], "176": [304, 307], "177": [304, 307],