{"pedestrian_list": [{"out_group_r_strength": 56.0, "out_group_r_range": 2.0, "target_a_range": 435, "out_group_a_range": 2.8, "group_id": 0, "pedestrian_id": 300, "in_group_r_range": 2.0, "target_a_strength": 22000000000, "attractor_count": 150, "position": [-0.5293185731738912, 65.0502894257399], "friend_zone": [274, 289, 128, 261, 26, 38, 213, 98, 96, 103, 0, 117, 218, 143, 223, 230, 245, 7, 244, 8, 262, 201, 164, 268, 51, 263, 290, 79, 257, 52, 159, 31, 200, 266, 113, 33, 43, 65, 134, 116, 197, 167, 102, 137, 71, 1, 284, 19, 208, 77, 253, 278, 189, 267, 120, 24, 124, 288, 99, 155, 156, 165, 280, 121, 227, 222, 40, 70, 251, 190, 149, 81, 61, 15, 176, 161, 60, 150, 206, 258, 182, 139, 229, 101, 265, 93, 186, 193, 107, 170, 249, 105, 272, 66, 122, 138, 29, 100, 154, 42, 4, 95, 271, 205, 108, 49, 5, 18, 44, 228, 299, 269, 35, 47, 92, 10, 114, 202, 248, 242, 294, 12, 232, 85, 298, 132, 157, 23, 91, 89, 28, 50, 32, 252, 82, 203, 184, 177, 174, 69, 131, 133, 246, 112, 62, 283, 240, 171, 217, 254], "out_group_a_strength": 14.285714285714286, "in_group_a_strength": 20, "radius": 0.3, "in_group_a_range": 2.8, "target": [16.0, -39.0], "in_group_r_strength": 40}, {"out_group_r_strength": 56.0, "out_group_r_range": 2.0, "target_a_range": 435, "out_group_a_range": 2.8, "group_id": 0, "pedestrian_id": 301, "in_group_r_range": 2.0, "target_a_strength": 22000000000, "attractor_count": 150, "position": [9.203270023521666, 70.91769340126318], "friend_zone": [68, 10, 244, 67, 61, 185, 132, 38, 162, 173, 41, 186, 251, 279, 224, 56, 238, 197, 80, 138, 292, 176, 119, 225, 69, 65, 270, 46, 74, 133, 116, 194, 9, 23, 60, 101, 240, 181, 8, 129, 34, 297, 227, 63, 7, 12, 47, 268, 156, 49, 54, 170, 113, 102, 43, 99, 196, 163, 272, 141, 261, 146, 137, 168, 35, 122, 293, 198, 249, 210, 106, 178, 144, 13, 72, 299, 28, 135, 90, 45, 55, 215, 172, 264, 91, 136, 257, 95, 128, 154, 75, 209, 160, 157, 17, 182, 15, 273, 288, 26, 229, 232, 14, 200, 266, 233, 51, 234, 222, 100, 153, 104, 226, 175, 271, 223, 187, 94, 36, 147, 27, 145, 235, 30, 211, 0, 284, 1, 184, 165, 66, 202, 118, 18, 287, 143, 50, 39, 219, 221, 85, 148, 76, 59, 220, 70, 64, 180, 6, 114], "out_group_a_strength": 14.285714285714286, "in_group_a_strength": 20, "radius": 0.3, "in_group_a_range": 2.8, "target": [16.0, -39.0], "in_group_r_strength": 40}, {"out_group_r_strength": 56.0, "out_group_r_range": 2.0, "target_a_range": 435, "out_group_a_range": 2.8, "group_id": 1, "pedestrian_id": 302, "in_group_r_range": 2.0, "target_a_strength": 22000000000, "attractor_count": 150, "position": [-7.049876802671192, 41.657425230933825], "friend_zone": [102, 136, 253, 174, 179, 286, 215, 18, 48, 290, 234, 58, 67, 104, 198, 105, 155, 274, 28, 187, 259, 205, 15, 184, 262, 232, 6, 271, 108, 144, 142, 267, 59, 296, 64, 19, 273, 111, 61, 235, 188, 264, 8, 93, 152, 279, 46, 119, 27, 115, 109, 76, 160, 285, 270, 11, 185, 218, 106, 103, 192, 157, 190, 31, 25, 5, 289, 200, 94, 84, 224, 33, 268, 209, 177, 3, 44, 43, 101, 68, 126, 65, 0, 275, 257, 243, 149, 237, 246, 29, 150, 245, 193, 211, 118, 266, 220, 265, 254, 81, 210, 37, 251, 248, 250, 181, 147, 127, 148, 47, 7, 39, 240, 124, 299, 202, 139, 230, 208, 145, 133, 199, 24, 50, 258, 112, 12, 175, 114, 292, 4, 141, 280, 272, 92, 276, 222, 219, 110, 143, 96, 212, 170, 129, 207, 89, 183, 186, 117, 214], "out_group_a_strength": 14.285714285714286, "in_group_a_strength": 20, "radius": 0.3, "in_group_a_range": 2.8, "target": [16.0, -39.0], "in_group_r_strength": 40}, {"out_group_r_strength": 56.0, "out_group_r_range": 2.0, "target_a_range": 435, "out_group_a_range": 2.8, "group_id": 1, "pedestrian_id": 303, "in_group_r_range": 2.0, "target_a_strength": 22000000000, "attractor_count": 150, "position": [13.795751128843797, 66.34584267597046], "friend_zone": [298, 217, 68, 30, 60, 219, 51, 211, 164, 136, 275, 99, 111, 4, 97, 245, 238, 253, 143, 278, 109, 191, 12, 114, 6, 89, 239, 244, 179, 267, 266, 32, 249, 228, 21, 227, 57, 148, 83, 209, 85, 69, 185, 118, 176, 237, 145, 117, 197, 295, 25, 42, 264, 225, 292, 37, 214, 258, 161, 213, 189, 171, 247, 79, 129, 180, 59, 271, 279, 254, 142, 49, 104, 54, 41, 277, 280, 152, 86, 70, 108, 8, 282, 138, 88, 174, 23, 291, 285, 221, 203, 105, 243, 157, 299, 110, 226, 27, 287, 47, 101, 212, 140, 195, 0, 268, 19, 196, 53, 147, 272, 240, 38, 172, 120, 205, 165, 207, 260, 229, 48, 22, 10, 222, 296, 235, 162, 265, 28, 130, 208, 190, 255, 119, 1, 65, 96, 290, 56, 250, 20, 113, 218, 102, 107, 232, 236, 44, 3, 168], "out_group_a_strength": 14.285714285714286, "in_group_a_strength": 20, "radius": 0.3, "in_group_a_range": 2.8, "target": [16.0, -39.0], "in_group_r_strength": 40}], "frame_second": "7000", "additional_id_existed_ped": {"0": [300, 301, 303], "1": [302, 303], "2": [], "3": [], "4": [300, 303], "5": [300, 303], "6": [300, 301, 302], "7": [301, 302, 303], "8": [300, 301, 302], "9": [300, 301, 302, 303], "10": [302], "11": [302], "12": [300], "13": [300, 301, 302, 303], "14": [303], "15": [300, 302], "16": [300, 301, 303], "17": [300, 303], "18": [300, 303], "19": [300, 301, 302], "20": [301, 303], "21": [300, 301, 302, 303], "22": [300, 301, 302], "23": [300, 302], "24": [], "25": [300, 302, 303], "26": [], "27": [300, 301, 303], "28": [301], "29": [302], "30": [303], "31": [300, 302, 303], "32": [300, 302, 303], "33": [], "34": [300, 301, 302], "35": [300, 301, 302], "36": [300, 302], "37": [], "38": [301, 302, 303], "39": [], "40": [300, 302, 303], "41": [301, 303], "42": [300], "43": [300, 302, 303], "44": [301], "45": [301, 302], "46": [300, 301, 303], "47": [300, 302], "48": [301], "49": [301, 302, 303], "50": [301, 303], "51": [303], "52": [302], "53": [301], "54": [302, 303], "55": [300, 301], "56": [302, 303], "57": [302], "58": [], "59": [300, 302], "60": [301, 302], "61": [300, 302], "62": [300], "63": [300], "64": [301, 303], "65": [300, 301, 302], "66": [301, 302, 303], "67": [303], "68": [302], "69": [300, 301, 302], "70": [300, 301, 302, 303], "71": [302], "72": [301, 302, 303], "73": [300, 301, 303], "74": [300, 301, 302], "75": [301], "76": [300, 301, 303], "77": [300, 301, 302], "78": [301], "79": [302, 303], "80": [301, 302], "81": [301], "82": [300, 302], "83": [301, 303], "84": [301, 302, 303], "85": [300, 301], "86": [301, 302, 303], "87": [302], "88": [301, 302], "89": [300, 303], "90": [300], "91": [300, 302, 303], "92": [], "93": [303], "94": [300, 301, 302], "95": [300], "96": [300, 301, 302], "97": [301], "98": [300, 302], "99": [301, 303], "100": [300, 301], "101": [300, 302], "102": [301, 302, 303], "103": [300, 302], "104": [300, 303], "105": [300, 301, 302, 303], "106": [302, 303], "107": [301, 303], "108": [300], "109": [301, 302, 303], "110": [301, 303], "111": [300, 303], "112": [301, 303], "113": [303], "114": [301], "115": [301, 302], "116": [301], "117": [300, 302, 303], "118": [300, 302, 303], "119": [301, 302], "120": [300, 301], "121": [301, 302, 303], "122": [301], "123": [301, 302, 303], "124": [], "125": [300, 301], "126": [303], "127": [300, 302, 303], "128": [303], "129": [301, 302, 303], "130": [300, 301], "131": [300, 301], "132": [], "133": [302], "134": [303], "135": [303], "136": [300, 303], "137": [303], "138": [301, 302], "139": [300], "140": [300], "141": [301, 302, 303], "142": [301, 302], "143": [302, 303], "144": [301, 302, 303], "145": [302, 303], "146": [300, 301], "147": [300, 302, 303], "148": [301, 302, 303], "149": [], "150": [300, 302], "151": [302], "152": [302], "153": [300], "154": [300, 301, 302, 303], "155": [300, 301], "156": [300, 303], "157": [300, 301, 302], "158": [301, 302, 303], "159": [300, 301, 302], "160": [], "161": [300, 301, 302], "162": [300, 301], "163": [300, 301], "164": [303], "165": [302], "166": [300, 303], "167": [300, 302], "168": [302, 303], "169": [300, 301, 303], "170": [300, 301], "171": [302, 303], "172": [], "173": [301], "174": [300, 301, 302, 303], "175": [301, 302, 303], "176": [301, 302, 303], "177": [300, 301], "178": [300, 301, 302], "179": [301, 302],