{"pedestrian_list": [{"out_group_r_strength": 56.0, "out_group_r_range": 2.0, "target_a_range": 435, "out_group_a_range": 2.8, "group_id": 0, "pedestrian_id": 80, "in_group_r_range": 2.0, "target_a_strength": 22000000000, "attractor_count": 40, "position": [-8.98163914254495, 50.12238433717865], "friend_zone": [68, 2, 44, 79, 31, 53, 51, 14, 3, 57, 35, 4, 33, 48, 16, 75, 5, 61, 24, 66, 46, 36, 15, 64, 27, 58, 54, 52, 34, 23, 43, 40, 50, 59, 45, 55, 65, 13, 73, 28], "out_group_a_strength": 14.285714285714286, "in_group_a_strength": 20, "radius": 0.3, "in_group_a_range": 2.8, "target": [16.0, -39.0], "in_group_r_strength": 40}, {"out_group_r_strength": 56.0, "out_group_r_range": 2.0, "target_a_range": 435, "out_group_a_range": 2.8, "group_id": 0, "pedestrian_id": 81, "in_group_r_range": 2.0, "target_a_strength": 22000000000, "attractor_count": 40, "position": [12.45802071275963, 61.81750248193117], "friend_zone": [76, 49, 28, 4, 60, 68, 37, 12, 79, 59, 25, 52, 24, 29, 32, 0, 6, 47, 33, 20, 78, 11, 41, 50, 15, 18, 77, 70, 53, 10, 3, 35, 14, 54, 45, 30, 61, 63, 34, 73], "out_group_a_strength": 14.285714285714286, "in_group_a_strength": 20, "radius": 0.3, "in_group_a_range": 2.8, "target": [16.0, -39.0], "in_group_r_strength": 40}, {"out_group_r_strength": 56.0, "out_group_r_range": 2.0, "target_a_range": 435, "out_group_a_range": 2.8, "group_id": 1, "pedestrian_id": 82, "in_group_r_range": 2.0, "target_a_strength": 22000000000, "attractor_count": 40, "position": [7.91969359179134, 61.804032663401024], "friend_zone": [48, 51, 29, 35, 28, 55, 44, 10, 0, 23, 7, 56, 24, 43, 41, 42, 8, 26, 46, 30, 33, 40, 11, 6, 78, 61, 63, 69, 66, 60, 38, 12, 5, 45, 4, 73, 76, 2, 3, 67], "out_group_a_strength": 14.285714285714286, "in_group_a_strength": 20, "radius": 0.3, "in_group_a_range": 2.8, "target": [16.0, -39.0], "in_group_r_strength": 40}, {"out_group_r_strength": 56.0, "out_group_r_range": 2.0, "target_a_range": 435, "out_group_a_range": 2.8, "group_id": 1, "pedestrian_id": 83, "in_group_r_range": 2.0, "target_a_strength": 22000000000, "attractor_count": 40, "position": [-8.988997047090233, 54.00948377879719], "friend_zone": [25, 22, 37, 68, 71, 67, 47, 21, 32, 6, 7, 13, 70, 31, 65, 10, 26, 79, 43, 66, 57, 27, 34, 23, 3, 38, 76, 61, 75, 59, 20, 62, 5, 72, 36, 78, 18, 33, 64, 54], "out_group_a_strength": 14.285714285714286, "in_group_a_strength": 20, "radius": 0.3, "in_group_a_range": 2.8, "target": [16.0, -39.0], "in_group_r_strength": 40}], "frame_second": "1500", "additional_id_existed_ped": {"0": [], "1": [80, 81, 82], "2": [82], "3": [83], "4": [80, 81, 82, 83], "5": [82, 83], "6": [80, 82], "7": [80, 81, 82, 83], "8": [80], "9": [81, 82], "10": [81], "11": [80, 82], "12": [80, 83], "13": [81], "14": [], "15": [80, 83], "16": [81, 82, 83], "17": [82, 83], "18": [81, 82, 83], "19": [80, 81], "20": [81, 82, 83], "21": [81, 83], "22": [81, 82], "23": [81, 82, 83], "24": [82, 83], "25": [80, 83], "26": [81, 83], "27": [80, 81], "28": [80, 82, 83], "29": [82, 83], "30": [80, 82], "31": [80, 81], "32": [82], "33": [80, 82, 83], "34": [81, 83], "35": [81, 82], "36": [80, 83], "37": [82, 83], "38": [80, 81, 82], "39": [80, 81], "40": [80, 81], "41": [81], "42": [81, 82], "43": [80, 83], "44": [80, 81, 82, 83], "45": [80, 81, 82], "46": [80, 83], "47": [81, 82, 83], "48": [80, 81, 83], "49": [80, 81], "50": [80, 81, 82, 83], "51": [80, 81, 82], "52": [82, 83], "53": [80, 82], "54": [80, 81, 82, 83], "55": [80, 82, 83], "56": [], "57": [80, 83], "58": [80, 82], "59": [81, 82, 83], "60": [80, 82, 83], "61": [81], "62": [], "63": [80], "64": [81], "65": [], "66": [81, 82], "67": [82], "68": [80, 81, 83], "69": [80, 81, 83], "70": [80, 83], "71": [], "72": [], "73": [80], "74": [80, 81, 82, 83], "75": [81, 83], "76": [83], "77": [], "78": [81, 82, 83], "79": [80]}}