{"pedestrian_list": [{"out_group_r_strength": 56.0, "out_group_r_range": 2.0, "target_a_range": 435, "out_group_a_range": 2.8, "group_id": 0, "pedestrian_id": 240, "in_group_r_range": 2.0, "target_a_strength": 22000000000, "attractor_count": 120, "position": [13.101533946537897, 64.38358656457295], "friend_zone": [125, 73, 216, 128, 0, 30, 55, 122, 103, 193, 96, 158, 120, 186, 203, 229, 165, 155, 172, 197, 189, 228, 177, 71, 93, 191, 61, 113, 152, 35, 85, 17, 156, 25, 91, 226, 210, 145, 192, 6, 21, 57, 221, 217, 157, 8, 124, 72, 190, 48, 108, 209, 141, 106, 62, 76, 178, 143, 237, 115, 19, 182, 65, 92, 196, 223, 153, 7, 70, 53, 42, 213, 144, 39, 58, 33, 236, 162, 140, 10, 126, 173, 101, 12, 46, 9, 22, 68, 230, 38, 37, 239, 233, 88, 222, 154, 188, 3, 137, 36, 199, 79, 174, 225, 13, 195, 32, 184, 179, 219, 132, 151, 86, 97, 204, 67, 18, 26, 105, 94], "out_group_a_strength": 14.285714285714286, "in_group_a_strength": 20, "radius": 0.3, "in_group_a_range": 2.8, "target": [16.0, -39.0], "in_group_r_strength": 40}, {"out_group_r_strength": 56.0, "out_group_r_range": 2.0, "target_a_range": 435, "out_group_a_range": 2.8, "group_id": 0, "pedestrian_id": 241, "in_group_r_range": 2.0, "target_a_strength": 22000000000, "attractor_count": 120, "position": [1.4275091744940827, 42.314010611274604], "friend_zone": [143, 195, 147, 191, 219, 111, 29, 41, 10, 113, 162, 66, 100, 68, 67, 32, 131, 22, 115, 14, 199, 122, 136, 221, 139, 130, 148, 61, 152, 232, 9, 220, 190, 154, 146, 189, 180, 213, 186, 7, 224, 201, 118, 91, 225, 38, 170, 234, 77, 40, 108, 145, 226, 99, 86, 62, 96, 49, 42, 56, 1, 27, 179, 217, 94, 110, 80, 129, 74, 157, 102, 184, 35, 151, 117, 200, 103, 51, 211, 81, 18, 82, 73, 53, 88, 95, 161, 235, 144, 166, 8, 120, 121, 165, 65, 153, 137, 89, 228, 182, 50, 150, 45, 156, 204, 124, 3, 60, 93, 101, 229, 55, 135, 47, 2, 4, 198, 236, 231, 194], "out_group_a_strength": 14.285714285714286, "in_group_a_strength": 20, "radius": 0.3, "in_group_a_range": 2.8, "target": [16.0, -39.0], "in_group_r_strength": 40}, {"out_group_r_strength": 56.0, "out_group_r_range": 2.0, "target_a_range": 435, "out_group_a_range": 2.8, "group_id": 1, "pedestrian_id": 242, "in_group_r_range": 2.0, "target_a_strength": 22000000000, "attractor_count": 120, "position": [17.6531344944119, 50.76274266490451], "friend_zone": [9, 13, 234, 228, 180, 201, 46, 236, 214, 164, 179, 74, 128, 62, 186, 209, 210, 176, 77, 237, 183, 41, 38, 203, 40, 47, 95, 16, 227, 91, 211, 172, 127, 101, 207, 45, 193, 70, 229, 33, 194, 163, 2, 58, 102, 42, 170, 43, 135, 197, 155, 49, 182, 121, 199, 157, 222, 100, 184, 206, 66, 173, 191, 109, 85, 116, 72, 152, 31, 48, 154, 160, 133, 60, 79, 119, 140, 224, 212, 153, 26, 110, 118, 208, 12, 137, 71, 29, 142, 122, 178, 124, 57, 232, 136, 213, 129, 19, 81, 134, 82, 156, 204, 158, 105, 86, 50, 238, 0, 181, 132, 76, 73, 165, 221, 168, 28, 94, 96, 225], "out_group_a_strength": 14.285714285714286, "in_group_a_strength": 20, "radius": 0.3, "in_group_a_range": 2.8, "target": [16.0, -39.0], "in_group_r_strength": 40}, {"out_group_r_strength": 56.0, "out_group_r_range": 2.0, "target_a_range": 435, "out_group_a_range": 2.8, "group_id": 1, "pedestrian_id": 243, "in_group_r_range": 2.0, "target_a_strength": 22000000000, "attractor_count": 120, "position": [-3.791247397831474, 47.5206986639136], "friend_zone": [1, 124, 93, 96, 119, 151, 120, 82, 221, 129, 225, 159, 92, 79, 173, 153, 69, 18, 22, 98, 80, 155, 51, 99, 201, 104, 207, 127, 114, 218, 73, 42, 208, 185, 142, 31, 110, 63, 194, 84, 60, 102, 238, 150, 2, 32, 72, 163, 3, 97, 111, 199, 228, 227, 21, 56, 74, 170, 66, 182, 50, 5, 83, 189, 215, 168, 193, 148, 166, 108, 212, 17, 234, 89, 41, 44, 180, 198, 220, 139, 133, 235, 175, 191, 9, 37, 214, 178, 85, 19, 232, 75, 70, 12, 187, 36, 76, 136, 223, 105, 186, 29, 190, 181, 211, 131, 219, 222, 171, 27, 154, 174, 195, 28, 4, 25, 122, 0, 125, 121], "out_group_a_strength": 14.285714285714286, "in_group_a_strength": 20, "radius": 0.3, "in_group_a_range": 2.8, "target": [16.0, -39.0], "in_group_r_strength": 40}], "frame_second": "5500", "additional_id_existed_ped": {"0": [242], "1": [], "2": [240, 242], "3": [240, 242, 243], "4": [241, 242], "5": [241, 243], "6": [240, 242], "7": [240, 242], "8": [240, 241], "9": [241, 242], "10": [242], "11": [240, 242, 243], "12": [241, 243], "13": [240, 241, 243], "14": [241, 242], "15": [240], "16": [240, 242, 243], "17": [240, 241, 242], "18": [240, 241, 242], "19": [241, 242], "20": [240, 242], "21": [241, 243], "22": [243], "23": [241], "24": [240, 242], "25": [242, 243], "26": [241, 243], "27": [241], "28": [240, 241], "29": [240, 243], "30": [243], "31": [241, 242], "32": [240], "33": [240, 241], "34": [240, 242], "35": [241, 243], "36": [240, 241, 242], "37": [241, 242, 243], "38": [240, 241], "39": [242, 243], "40": [243], "41": [240, 242], "42": [240, 241, 243], "43": [240], "44": [242], "45": [240, 241, 242, 243], "46": [242, 243], "47": [241], "48": [240, 242, 243], "49": [240, 243], "50": [240, 241, 243], "51": [240], "52": [240, 241, 242], "53": [240, 241, 243], "54": [240], "55": [240, 242, 243], "56": [240, 241], "57": [241, 243], "58": [243], "59": [241, 243], "60": [243], "61": [240, 241], "62": [240, 241, 243], "63": [240, 241, 242], "64": [242, 243], "65": [242], "66": [240, 241, 242], "67": [240, 241, 242, 243], "68": [240, 241, 243], "69": [241], "70": [], "71": [240, 241, 242, 243], "72": [240, 241], "73": [240, 242, 243], "74": [240, 243], "75": [241, 242, 243], "76": [241, 242, 243], "77": [241], "78": [240, 241, 242], "79": [240, 241, 242, 243], "80": [], "81": [242], "82": [240, 241, 243], "83": [240], "84": [240, 241, 242, 243], "85": [], "86": [241, 242], "87": [243], "88": [243], "89": [240, 243], "90": [243], "91": [241, 242], "92": [240, 241], "93": [241, 243], "94": [241, 242, 243], "95": [240, 242], "96": [240, 242], "97": [241], "98": [241, 243], "99": [240, 241, 243], "100": [241, 242, 243], "101": [241], "102": [241], "103": [241], "104": [240, 241, 243], "105": [], "106": [240, 243], "107": [241, 242], "108": [240, 242, 243], "109": [240, 241, 242], "110": [240, 241], "111": [240, 242], "112": [241, 242, 243], "113": [240, 243], "114": [240, 242], "115": [240, 241], "116": [240, 241], "117": [240, 242], "118": [240, 243], "119": [240, 242, 243], "120": [242, 243], "121": [243], "122": [241, 242, 243], "123": [241, 242, 243], "124": [243], "125": [242, 243], "126": [240, 241, 242], "127": [241, 242], "128": [241, 243], "129": [241, 242], "130": [240], "131": [241, 243], "132": [241, 242, 243], "133": [241, 243], "134": [], "135": [241, 242], "136": [240, 241, 242, 243], "137": [241, 242], "138": [240, 241], "139": [240, 241], "140": [242], "141": [241], "142": [243], "143": [241, 242], "144": [240], "145": [243], "146": [240], "147": [240, 241, 242], "148": [242], "149": [], "150": [243], "151": [241, 242], "152": [242, 243], "153": [240, 242, 243], "154": [242], "155": [241, 242], "156": [240, 241, 242, 243], "157": [242], "158": [240, 242, 243], "159": [240, 241, 243], "160": [240, 241, 242], "161": [], "162": [241, 242, 243], "163": [240, 241, 242], "164": [242], "165": [240, 241, 243], "166": [242], "167": [241, 243], "168": [241, 242, 243], "169": [240, 241, 243], "170": [], "171": [242, 243], "172": [240, 243], "173": [240], "174": [], "175": [241, 242], "176": [243], "177": [240], "178": [242, 243], "179": [241, 242, 243], "180": [240, 242, 243], "181": [240, 241, 242, 243], "182": [241, 243], "183": [243], "184": [241], "185": [240, 241, 242, 243], "186": [240, 242], "187": [240, 242], "188": [241, 243], "189": [240], "190": [240, 241], "191": [241, 242, 243], "192": [241, 242, 243], "193": [240, 241, 242, 243], "194": [240, 242], "195": [240, 241, 242, 243], "196": [240, 242], "197": [], "198": [240, 242, 243], "199": [240, 243], "200": [243], "201": [243], "202": [240, 242], "203": [], "204": [240, 242], "205": [240, 241], "206": [241], "207": [240, 243], "208": [242], "209": [240, 241, 242, 243], "210": [],