{"pedestrian_list": [{"out_group_r_strength": 56.0, "out_group_r_range": 2.0, "target_a_range": 435, "out_group_a_range": 2.8, "group_id": 0, "pedestrian_id": 308, "in_group_r_range": 2.0, "target_a_strength": 22000000000, "attractor_count": 154, "position": [-9.648247252433515, 54.650577894644066], "friend_zone": [232, 243, 234, 222, 201, 59, 142, 216, 215, 94, 136, 164, 55, 251, 196, 50, 223, 30, 18, 108, 132, 45, 261, 131, 163, 75, 168, 182, 41, 77, 258, 192, 197, 286, 123, 100, 125, 213, 158, 272, 159, 252, 115, 294, 274, 279, 263, 241, 79, 0, 27, 198, 84, 228, 98, 64, 177, 254, 66, 129, 21, 146, 10, 242, 172, 143, 48, 12, 155, 181, 93, 195, 239, 282, 244, 238, 33, 171, 186, 107, 287, 262, 81, 305, 174, 208, 299, 169, 301, 61, 86, 207, 297, 157, 145, 189, 23, 190, 149, 111, 183, 276, 199, 185, 137, 141, 117, 60, 4, 176, 122, 151, 14, 116, 229, 40, 51, 1, 152, 126, 219, 135, 277, 237, 44, 233, 178, 273, 29, 290, 6, 154, 206, 130, 71, 269, 210, 226, 47, 193, 224, 133, 56, 253, 13, 260, 211, 160, 7, 249, 188, 166, 173, 31], "out_group_a_strength": 14.285714285714286, "in_group_a_strength": 20, "radius": 0.3, "in_group_a_range": 2.8, "target": [16.0, -39.0], "in_group_r_strength": 40}, {"out_group_r_strength": 56.0, "out_group_r_range": 2.0, "target_a_range": 435, "out_group_a_range": 2.8, "group_id": 0, "pedestrian_id": 309, "in_group_r_range": 2.0, "target_a_strength": 22000000000, "attractor_count": 154, "position": [0.792909425489516, 59.82684259627874], "friend_zone": [178, 44, 99, 61, 173, 279, 214, 58, 128, 232, 167, 45, 304, 196, 146, 35, 277, 111, 52, 225, 33, 82, 25, 293, 170, 152, 272, 38, 14, 18, 60, 77, 165, 299, 251, 81, 104, 229, 3, 74, 98, 285, 80, 201, 248, 222, 54, 30, 100, 298, 296, 118, 94, 260, 8, 287, 47, 283, 290, 271, 51, 202, 12, 112, 253, 211, 172, 233, 237, 142, 215, 266, 68, 244, 282, 109, 183, 129, 49, 241, 224, 56, 9, 87, 179, 265, 238, 26, 256, 19, 203, 151, 228, 294, 303, 166, 307, 22, 226, 280, 261, 236, 24, 231, 15, 161, 131, 46, 207, 154, 171, 186, 264, 269, 134, 101, 89, 0, 254, 137, 84, 275, 217, 92, 156, 132, 246, 268, 31, 17, 164, 149, 93, 34, 292, 302, 223, 102, 220, 75, 162, 42, 252, 247, 212, 270, 20, 103, 39, 209, 234, 206, 90, 230], "out_group_a_strength": 14.285714285714286, "in_group_a_strength": 20, "radius": 0.3, "in_group_a_range": 2.8, "target": [16.0, -39.0], "in_group_r_strength": 40}, {"out_group_r_strength": 56.0, "out_group_r_range": 2.0, "target_a_range": 435, "out_group_a_range": 2.8, "group_id": 1, "pedestrian_id": 310, "in_group_r_range": 2.0, "target_a_strength": 22000000000, "attractor_count": 154, "position": [11.158592298702919, 67.63294440877605], "friend_zone": [142, 19, 162, 220, 152, 214, 257, 190, 45, 169, 305, 68, 254, 227, 245, 41, 269, 125, 71, 146, 36, 295, 186, 11, 298, 278, 208, 161, 263, 284, 261, 28, 159, 10, 85, 154, 232, 274, 148, 25, 51, 33, 53, 164, 230, 258, 16, 40, 302, 116, 87, 55, 174, 209, 107, 262, 121, 187, 24, 218, 236, 225, 62, 23, 191, 156, 21, 279, 52, 123, 120, 268, 18, 61, 129, 34, 273, 27, 219, 7, 56, 224, 179, 285, 14, 292, 168, 281, 139, 155, 82, 92, 73, 150, 275, 96, 39, 138, 231, 59, 157, 221, 303, 17, 117, 267, 217, 132, 119, 133, 183, 147, 203, 151, 3, 251, 44, 194, 233, 290, 271, 238, 12, 4, 13, 118, 241, 49, 205, 140, 6, 88, 216, 270, 101, 226, 239, 75, 253, 215, 111, 201, 149, 300, 222, 64, 167, 60, 242, 54, 299, 297, 178, 63], "out_group_a_strength": 14.285714285714286, "in_group_a_strength": 20, "radius": 0.3, "in_group_a_range": 2.8, "target": [16.0, -39.0], "in_group_r_strength": 40}, {"out_group_r_strength": 56.0, "out_group_r_range": 2.0, "target_a_range": 435, "out_group_a_range": 2.8, "group_id": 1, "pedestrian_id": 311, "in_group_r_range": 2.0, "target_a_strength": 22000000000, "attractor_count": 154, "position": [-1.197906034533476, 71.52984332206233], "friend_zone": [64, 73, 279, 16, 118, 193, 36, 290, 231, 93, 179, 184, 7, 41, 283, 291, 66, 146, 282, 98, 23, 197, 150, 262, 133, 111, 134, 143, 243, 54, 71, 157, 56, 46, 90, 63, 60, 208, 34, 174, 287, 72, 97, 306, 81, 222, 59, 86, 171, 274, 67, 117, 206, 217, 114, 116, 286, 189, 49, 270, 238, 131, 62, 302, 220, 85, 236, 126, 151, 180, 175, 227, 186, 307, 47, 303, 142, 255, 183, 221, 103, 298, 94, 240, 5, 125, 181, 76, 276, 281, 251, 284, 51, 260, 169, 144, 120, 110, 254, 25, 301, 280, 115, 187, 170, 246, 196, 252, 15, 294, 33, 289, 9, 275, 35, 55, 212, 89, 249, 192, 156, 21, 91, 229, 176, 190, 155, 242, 11, 129, 259, 207, 24, 278, 96, 191, 140, 264, 234, 123, 173, 6, 237, 273, 145, 162, 45, 77, 257, 132, 50, 128, 232, 122], "out_group_a_strength": 14.285714285714286, "in_group_a_strength": 20, "radius": 0.3, "in_group_a_range": 2.8, "target": [16.0, -39.0], "in_group_r_strength": 40}], "frame_second": "7200", "additional_id_existed_ped": {"0": [308, 309, 311], "1": [309, 310, 311], "2": [308, 309, 310, 311], "3": [308], "4": [308, 311], "5": [], "6": [308, 309], "7": [309, 311], "8": [309, 310, 311], "9": [309, 310], "10": [310, 311], "11": [309], "12": [308, 309, 310, 311], "13": [309, 310, 311], "14": [308, 309], "15": [310], "16": [308], "17": [311], "18": [309], "19": [309], "20": [308], "21": [310, 311], "22": [309, 311], "23": [308, 310], "24": [308, 309, 310], "25": [308, 309, 310], "26": [308, 310, 311], "27": [309, 310], "28": [308, 310], "29": [308, 309, 310], "30": [309, 310], "31": [308, 309, 311], "32": [309, 311], "33": [308, 309], "34": [308, 310], "35": [], "36": [308, 309, 311], "37": [311], "38": [309, 310], "39": [308, 310], "40": [309, 310], "41": [308, 310], "42": [308, 309, 310], "43": [311], "44": [308, 310, 311], "45": [308, 310], "46": [], "47": [309, 310, 311], "48": [308], "49": [308, 310, 311], "50": [308, 310, 311], "51": [310, 311], "52": [309, 311], "53": [308, 311], "54": [308, 309, 311], "55": [308, 309], "56": [310], "57": [309], "58": [308, 311], "59": [308, 309, 310], "60": [309], "61": [309, 310], "62": [309, 311], "63": [309, 310, 311], "64": [309, 310, 311], "65": [308, 309, 310], "66": [311], "67": [309], "68": [309], "69": [308], "70": [308, 311], "71": [308], "72": [], "73": [308, 309, 311], "74": [309, 310, 311], "75": [310], "76": [309, 310, 311], "77": [308, 309, 311], "78": [308, 309, 310, 311], "79": [311], "80": [308, 310], "81": [308, 309], "82": [308], "83": [309, 311], "84": [309], "85": [308, 310], "86": [308, 309], "87": [309, 311], "88": [310, 311], "89": [308, 309, 310, 311], "90": [309, 310, 311], "91": [308, 310], "92": [311], "93": [], "94": [308, 309], "95": [310], "96": [309, 311], "97": [308, 310], "98": [308, 310, 311], "99": [308, 310], "100": [308, 310, 311], "101": [309, 311], "102": [308, 310, 311], "103": [311], "104": [308, 311], "105": [309, 310], "106": [308, 310, 311], "107": [309, 310, 311], "108": [308, 310, 311], "109": [308, 309], "110": [308], "111": [], "112": [311], "113": [308, 311], "114": [309], "115": [308, 310, 311], "116": [308, 309, 310, 311], "117": [308, 309, 310, 311], "118": [308, 309, 311], "119": [], "120": [308, 310], "121": [308, 309], "122": [309], "123": [310], "124": [308, 309], "125": [308, 309, 310], "126": [309, 311], "127": [310, 311], "128": [311], "129": [310, 311], "130": [], "131": [309, 311], "132": [309, 311], "133": [308, 310, 311], "134": [308], "135": [308, 310, 311], "136": [310, 311], "137": [308, 310], "138": [308, 309, 311], "139": [309, 310], "140": [309, 310], "141": [309], "142": [310], "143": [308, 309], "144": [308, 311], "145": [308, 310], "146": [309, 310], "147": [308, 309], "148": [310, 311], "149": [308, 309], "150": [308, 309, 310, 311], "151": [308], "152": [308], "153": [309], "154": [308, 310], "155": [308, 310], "156": [310], "157": [308, 309, 311], "158": [309, 311], "159": [309, 310], "160": [309, 310, 311], "161": [309], "162": [308], "163": [310, 311], "164": [], "165": [308], "166": [308, 309, 310, 311], "167": [308, 311], "168": [309, 310], "169": [308], "170": [308, 310, 311], "171": [309, 311], "172": [310], "173": [308, 310], "174": [308, 309, 311],