{"pedestrian_list": [{"out_group_r_strength": 56.0, "out_group_r_range": 2.0, "target_a_range": 435, "out_group_a_range": 2.8, "group_id": 0, "pedestrian_id": 124, "in_group_r_range": 2.0, "target_a_strength": 22000000000, "attractor_count": 62, "position": [11.82673348270059, 55.95281583630358], "friend_zone": [70, 3, 116, 58, 43, 20, 19, 79, 22, 77, 23, 21, 55, 53, 25, 49, 87, 104, 103, 48, 66, 112, 119, 91, 12, 13, 63, 102, 2, 24, 5, 120, 106, 114, 92, 80, 123, 36, 117, 83, 42, 61, 95, 111, 17, 15, 90, 52, 1, 56, 51, 26, 109, 101, 110, 45, 81, 33, 73, 31, 64, 105], "out_group_a_strength": 14.285714285714286, "in_group_a_strength": 20, "radius": 0.3, "in_group_a_range": 2.8, "target": [16.0, -39.0], "in_group_r_strength": 40}, {"out_group_r_strength": 56.0, "out_group_r_range": 2.0, "target_a_range": 435, "out_group_a_range": 2.8, "group_id": 0, "pedestrian_id": 125, "in_group_r_range": 2.0, "target_a_strength": 22000000000, "attractor_count": 62, "position": [9.230761303631505, 39.67795629861188], "friend_zone": [109, 107, 103, 97, 45, 31, 90, 69, 44, 27, 28, 114, 115, 113, 24, 55, 96, 81, 1, 4, 7, 10, 64, 68, 47, 37, 93, 2, 104, 23, 85, 76, 100, 51, 57, 101, 62, 74, 11, 83, 29, 19, 3, 50, 118, 53, 9, 63, 82, 54, 86, 78, 34, 38, 22, 94, 58, 72, 17, 33, 99, 91], "out_group_a_strength": 14.285714285714286, "in_group_a_strength": 20, "radius": 0.3, "in_group_a_range": 2.8, "target": [16.0, -39.0], "in_group_r_strength": 40}, {"out_group_r_strength": 56.0, "out_group_r_range": 2.0, "target_a_range": 435, "out_group_a_range": 2.8, "group_id": 1, "pedestrian_id": 126, "in_group_r_range": 2.0, "target_a_strength": 22000000000, "attractor_count": 62, "position": [-8.95796256268119, 42.276359732445755], "friend_zone": [79, 51, 61, 113, 76, 94, 73, 14, 32, 86, 117, 11, 52, 97, 3, 101, 60, 37, 93, 25, 111, 105, 67, 9, 95, 123, 44, 89, 58, 106, 84, 57, 69, 0, 31, 26, 27, 104, 77, 59, 68, 38, 56, 63, 15, 45, 121, 120, 91, 43, 78, 80, 114, 74, 119, 100, 34, 17, 103, 112, 98, 10], "out_group_a_strength": 14.285714285714286, "in_group_a_strength": 20, "radius": 0.3, "in_group_a_range": 2.8, "target": [16.0, -39.0], "in_group_r_strength": 40}, {"out_group_r_strength": 56.0, "out_group_r_range": 2.0, "target_a_range": 435, "out_group_a_range": 2.8, "group_id": 1, "pedestrian_id": 127, "in_group_r_range": 2.0, "target_a_strength": 22000000000, "attractor_count": 62, "position": [-1.197392729867727, 40.337722062799685], "friend_zone": [104, 28, 88, 43, 110, 8, 40, 73, 106, 80, 58, 32, 37, 45, 59, 119, 2, 44, 1, 97, 35, 0, 117, 51, 83, 16, 25, 91, 38, 49, 121, 64, 98, 65, 78, 27, 4, 20, 13, 11, 109, 33, 115, 17, 5, 30, 61, 19, 55, 116, 7, 15, 6, 56, 86, 102, 70, 113, 50, 123, 93, 66], "out_group_a_strength": 14.285714285714286, "in_group_a_strength": 20, "radius": 0.3, "in_group_a_range": 2.8, "target": [16.0, -39.0], "in_group_r_strength": 40}], "frame_second": "2600", "additional_id_existed_ped": {"0": [124, 125, 126], "1": [127], "2": [125], "3": [124, 126], "4": [], "5": [124], "6": [124, 126, 127], "7": [124], "8": [124], "9": [126], "10": [124, 126, 127], "11": [124, 125, 127], "12": [127], "13": [124, 125, 126], "14": [126, 127], "15": [124, 125, 127], "16": [124, 125, 127], "17": [125, 126, 127], "18": [125], "19": [124, 125, 126], "20": [126], "21": [125], "22": [126], "23": [124, 125, 126], "24": [124, 125, 126], "25": [124, 125, 126], "26": [125, 126, 127], "27": [124, 125], "28": [125, 126], "29": [126, 127], "30": [124, 125, 126, 127], "31": [124, 126, 127], "32": [124, 127], "33": [124, 125], "34": [124, 125, 126, 127], "35": [125, 127], "36": [125, 126, 127], "37": [124, 126, 127], "38": [124, 125, 126], "39": [125], "40": [124, 127], "41": [124, 127], "42": [125, 127], "43": [125, 126], "44": [124, 127], "45": [], "46": [125, 126], "47": [], "48": [124, 127], "49": [124, 125, 127], "50": [127], "51": [125, 126], "52": [124, 125], "53": [125, 126, 127], "54": [127], "55": [124, 125, 126, 127], "56": [124, 126, 127], "57": [124, 127], "58": [126, 127], "59": [127], "60": [124, 125, 126, 127], "61": [124, 125, 127], "62": [125], "63": [124, 125], "64": [126, 127], "65": [124, 125, 126], "66": [125, 127], "67": [124, 126, 127], "68": [125, 127], "69": [125, 126], "70": [124, 125], "71": [125, 126, 127], "72": [126, 127], "73": [125], "74": [124, 125, 126, 127], "75": [], "76": [124, 127], "77": [126, 127], "78": [125, 126], "79": [124, 127], "80": [127], "81": [125], "82": [126, 127], "83": [126, 127], "84": [125, 126], "85": [124], "86": [124, 126, 127], "87": [124], "88": [124, 126, 127], "89": [124, 126, 127], "90": [124, 126], "91": [], "92": [124, 125, 127], "93": [125, 126, 127], "94": [125, 126, 127], "95": [124], "96": [124], "97": [126], "98": [124, 125, 126], "99": [125], "100": [125], "101": [125], "102": [124, 127], "103": [124, 127], "104": [126], "105": [124, 125], "106": [124, 125, 126], "107": [125, 126, 127], "108": [125, 127], "109": [124, 126, 127], "110": [124], "111": [124, 125], "112": [125, 126], "113": [124, 127], "114": [], "115": [125, 127], "116": [126], "117": [], "118": [124, 126], "119": [124, 125, 126], "120": [127], "121": [124, 126], "122": [125, 126], "123": [126, 127]}}