{"pedestrian_list": [{"out_group_r_strength": 56.0, "out_group_r_range": 2.0, "target_a_range": 435, "out_group_a_range": 2.8, "group_id": 0, "pedestrian_id": 112, "in_group_r_range": 2.0, "target_a_strength": 22000000000, "attractor_count": 56, "position": [19.640736748876357, 48.133522581539076], "friend_zone": [26, 22, 1, 102, 52, 91, 34, 19, 28, 75, 27, 110, 43, 42, 46, 68, 0, 97, 105, 79, 15, 62, 14, 31, 88, 94, 77, 23, 57, 29, 108, 100, 21, 96, 81, 54, 56, 38, 64, 106, 109, 58, 8, 70, 98, 60, 24, 16, 74, 90, 93, 35, 65, 4, 30, 66], "out_group_a_strength": 14.285714285714286, "in_group_a_strength": 20, "radius": 0.3, "in_group_a_range": 2.8, "target": [16.0, -39.0], "in_group_r_strength": 40}, {"out_group_r_strength": 56.0, "out_group_r_range": 2.0, "target_a_range": 435, "out_group_a_range": 2.8, "group_id": 0, "pedestrian_id": 113, "in_group_r_range": 2.0, "target_a_strength": 22000000000, "attractor_count": 56, "position": [13.103594865703505, 59.191670627524026], "friend_zone": [95, 49, 93, 7, 106, 56, 92, 19, 11, 32, 77, 110, 18, 48, 65, 51, 41, 103, 31, 94, 98, 40, 10, 13, 53, 3, 81, 69, 2, 25, 16, 55, 0, 1, 88, 99, 71, 42, 83, 67, 26, 20, 35, 34, 85, 28, 14, 12, 52, 76, 78, 63, 8, 79, 30, 87], "out_group_a_strength": 14.285714285714286, "in_group_a_strength": 20, "radius": 0.3, "in_group_a_range": 2.8, "target": [16.0, -39.0], "in_group_r_strength": 40}, {"out_group_r_strength": 56.0, "out_group_r_range": 2.0, "target_a_range": 435, "out_group_a_range": 2.8, "group_id": 1, "pedestrian_id": 114, "in_group_r_range": 2.0, "target_a_strength": 22000000000, "attractor_count": 56, "position": [-5.098866647176086, 57.897225200979975], "friend_zone": [53, 109, 89, 87, 22, 5, 72, 12, 49, 111, 23, 73, 21, 15, 34, 107, 83, 2, 26, 85, 39, 104, 82, 78, 76, 48, 59, 60, 32, 105, 81, 80, 103, 33, 6, 95, 62, 8, 88, 66, 50, 17, 91, 106, 20, 9, 19, 55, 68, 54, 1, 90, 28, 74, 13, 36], "out_group_a_strength": 14.285714285714286, "in_group_a_strength": 20, "radius": 0.3, "in_group_a_range": 2.8, "target": [16.0, -39.0], "in_group_r_strength": 40}, {"out_group_r_strength": 56.0, "out_group_r_range": 2.0, "target_a_range": 435, "out_group_a_range": 2.8, "group_id": 1, "pedestrian_id": 115, "in_group_r_range": 2.0, "target_a_strength": 22000000000, "attractor_count": 56, "position": [8.552624697061363, 59.224284178052024], "friend_zone": [86, 41, 0, 68, 62, 26, 81, 96, 7, 17, 9, 34, 93, 11, 70, 105, 107, 63, 64, 14, 97, 82, 31, 50, 72, 37, 10, 95, 87, 109, 1, 78, 84, 102, 28, 22, 53, 103, 13, 90, 2, 111, 100, 80, 85, 71, 104, 44, 47, 74, 75, 59, 32, 38, 94, 6], "out_group_a_strength": 14.285714285714286, "in_group_a_strength": 20, "radius": 0.3, "in_group_a_range": 2.8, "target": [16.0, -39.0], "in_group_r_strength": 40}], "frame_second": "2300", "additional_id_existed_ped": {"0": [112, 113, 115], "1": [112, 113], "2": [113, 115], "3": [114, 115], "4": [113, 114], "5": [114, 115], "6": [114], "7": [113, 114], "8": [112], "9": [113, 115], "10": [112, 113, 115], "11": [112, 115], "12": [112, 113], "13": [114, 115], "14": [112, 114], "15": [114, 115], "16": [112, 113], "17": [112, 113, 114], "18": [113, 114], "19": [112], "20": [112, 113, 115], "21": [112, 113, 114], "22": [112, 113, 114], "23": [112, 113, 114, 115], "24": [112, 114, 115], "25": [112, 113, 114, 115], "26": [114], "27": [], "28": [], "29": [114], "30": [114, 115], "31": [112, 115], "32": [112, 113], "33": [112], "34": [115], "35": [114], "36": [114], "37": [], "38": [112, 115], "39": [112, 113], "40": [113], "41": [112, 113, 115], "42": [115], "43": [113, 114, 115], "44": [112, 115], "45": [113, 114, 115], "46": [113, 114], "47": [112, 115], "48": [112, 113, 114], "49": [114], "50": [], "51": [], "52": [112], "53": [114, 115], "54": [112, 113, 115], "55": [113, 114, 115], "56": [114, 115], "57": [112], "58": [115], "59": [114, 115], "60": [112, 113, 115], "61": [113], "62": [115], "63": [112], "64": [113, 114], "65": [112, 113, 115], "66": [113, 115], "67": [112, 113, 115], "68": [112, 115], "69": [112, 113, 114], "70": [112, 114], "71": [112, 114, 115], "72": [112, 113], "73": [114, 115], "74": [114, 115], "75": [113, 114], "76": [113], "77": [113, 114, 115], "78": [112, 114], "79": [113], "80": [], "81": [114, 115], "82": [112, 113, 114, 115], "83": [112, 113, 114], "84": [112, 113, 114, 115], "85": [112, 113, 114], "86": [112, 113, 114, 115], "87": [112, 113, 114], "88": [114, 115], "89": [112, 113, 115], "90": [115], "91": [112, 114], "92": [112, 113], "93": [113, 115], "94": [113, 114], "95": [112, 115], "96": [113, 115], "97": [112, 115], "98": [112, 114], "99": [112, 113, 115], "100": [112, 115], "101": [113], "102": [113, 114, 115], "103": [114, 115], "104": [112, 114], "105": [113], "106": [], "107": [113, 114, 115], "108": [112, 114], "109": [113], "110": [112, 113, 114, 115], "111": [112, 114]}}