{"pedestrian_list": [{"out_group_r_strength": 56.0, "out_group_r_range": 2.0, "target_a_range": 435, "out_group_a_range": 2.8, "group_id": 0, "pedestrian_id": 84, "in_group_r_range": 2.0, "target_a_strength": 22000000000, "attractor_count": 42, "position": [9.856253794236025, 66.36391029786644], "friend_zone": [1, 77, 72, 73, 82, 12, 61, 24, 48, 28, 53, 21, 16, 6, 40, 5, 81, 13, 9, 58, 30, 33, 46, 38, 67, 60, 36, 52, 63, 37, 75, 31, 80, 4, 23, 2, 18, 54, 70, 45, 51, 39], "out_group_a_strength": 14.285714285714286, "in_group_a_strength": 20, "radius": 0.3, "in_group_a_range": 2.8, "target": [16.0, -39.0], "in_group_r_strength": 40}, {"out_group_r_strength": 56.0, "out_group_r_range": 2.0, "target_a_range": 435, "out_group_a_range": 2.8, "group_id": 0, "pedestrian_id": 85, "in_group_r_range": 2.0, "target_a_strength": 22000000000, "attractor_count": 42, "position": [2.0985078691454646, 68.31634707943108], "friend_zone": [69, 11, 64, 0, 13, 62, 46, 56, 19, 73, 28, 1, 5, 57, 34, 79, 47, 60, 15, 38, 39, 72, 27, 29, 51, 20, 68, 22, 75, 81, 83, 18, 70, 7, 58, 80, 40, 10, 21, 74, 4, 16], "out_group_a_strength": 14.285714285714286, "in_group_a_strength": 20, "radius": 0.3, "in_group_a_range": 2.8, "target": [16.0, -39.0], "in_group_r_strength": 40}, {"out_group_r_strength": 56.0, "out_group_r_range": 2.0, "target_a_range": 435, "out_group_a_range": 2.8, "group_id": 1, "pedestrian_id": 86, "in_group_r_range": 2.0, "target_a_strength": 22000000000, "attractor_count": 42, "position": [5.951548814352337, 49.45331437449156], "friend_zone": [38, 6, 39, 3, 12, 0, 77, 19, 58, 15, 73, 34, 42, 33, 26, 7, 53, 30, 23, 27, 20, 54, 43, 59, 4, 75, 63, 56, 74, 52, 13, 44, 82, 80, 25, 51, 79, 83, 57, 29, 48, 9], "out_group_a_strength": 14.285714285714286, "in_group_a_strength": 20, "radius": 0.3, "in_group_a_range": 2.8, "target": [16.0, -39.0], "in_group_r_strength": 40}, {"out_group_r_strength": 56.0, "out_group_r_range": 2.0, "target_a_range": 435, "out_group_a_range": 2.8, "group_id": 1, "pedestrian_id": 87, "in_group_r_range": 2.0, "target_a_strength": 22000000000, "attractor_count": 42, "position": [6.62027588228638, 50.085677785393564], "friend_zone": [25, 54, 56, 30, 55, 34, 26, 66, 58, 45, 60, 82, 43, 71, 0, 17, 6, 20, 2, 41, 48, 15, 37, 10, 65, 67, 44, 11, 38, 77, 83, 81, 57, 22, 61, 35, 76, 80, 64, 28, 32, 24], "out_group_a_strength": 14.285714285714286, "in_group_a_strength": 20, "radius": 0.3, "in_group_a_range": 2.8, "target": [16.0, -39.0], "in_group_r_strength": 40}], "frame_second": "1600", "additional_id_existed_ped": {"0": [87], "1": [84, 85, 86, 87], "2": [84, 85], "3": [84, 86, 87], "4": [86], "5": [85], "6": [84, 85, 86], "7": [84, 85, 86, 87], "8": [85, 87], "9": [86], "10": [84, 87], "11": [84, 85], "12": [85, 86], "13": [85], "14": [87], "15": [86, 87], "16": [86, 87], "17": [], "18": [86], "19": [86, 87], "20": [85, 87], "21": [84], "22": [], "23": [84, 85, 86, 87], "24": [85, 86], "25": [84], "26": [84, 85, 87], "27": [85, 87], "28": [84], "29": [85, 86], "30": [84, 87], "31": [84], "32": [84, 85, 86], "33": [85, 86], "34": [86, 87], "35": [87], "36": [], "37": [85, 86], "38": [84, 87], "39": [85, 87], "40": [84, 85, 86], "41": [84, 86, 87], "42": [], "43": [84, 86, 87], "44": [87], "45": [84, 85, 86, 87], "46": [84, 86, 87], "47": [84, 85, 86, 87], "48": [84, 85, 86, 87], "49": [84, 87], "50": [84, 85, 86, 87], "51": [84, 85, 87], "52": [84, 85, 86, 87], "53": [84, 86, 87], "54": [87], "55": [84, 85, 87], "56": [85, 86], "57": [85, 86], "58": [], "59": [84, 86], "60": [84, 85], "61": [84, 85, 86, 87], "62": [86, 87], "63": [84, 87], "64": [85, 86, 87], "65": [85, 87], "66": [85, 86, 87], "67": [84, 85, 87], "68": [84], "69": [84], "70": [], "71": [85], "72": [84, 85, 86], "73": [], "74": [], "75": [84, 86, 87], "76": [84, 85, 86], "77": [84, 86], "78": [85], "79": [84, 87], "80": [85], "81": [85, 86], "82": [85, 86], "83": [84, 86]}}