{"pedestrian_list": [{"out_group_r_strength": 56.0, "out_group_r_range": 2.0, "target_a_range": 435, "out_group_a_range": 2.8, "group_id": 0, "pedestrian_id": 72, "in_group_r_range": 2.0, "target_a_strength": 22000000000, "attractor_count": 36, "position": [-1.164637919739285, 69.59179757551827], "friend_zone": [70, 69, 10, 9, 36, 23, 51, 3, 12, 32, 13, 39, 19, 56, 60, 17, 25, 59, 8, 14, 50, 47, 52, 55, 34, 66, 68, 45, 67, 43, 0, 6, 42, 11, 21, 40], "out_group_a_strength": 14.285714285714286, "in_group_a_strength": 20, "radius": 0.3, "in_group_a_range": 2.8, "target": [16.0, -39.0], "in_group_r_strength": 40}, {"out_group_r_strength": 56.0, "out_group_r_range": 2.0, "target_a_range": 435, "out_group_a_range": 2.8, "group_id": 0, "pedestrian_id": 73, "in_group_r_range": 2.0, "target_a_strength": 22000000000, "attractor_count": 36, "position": [-3.102922277481333, 55.29582125060497], "friend_zone": [25, 1, 19, 5, 15, 12, 0, 35, 60, 64, 47, 31, 18, 58, 8, 63, 54, 33, 36, 59, 26, 66, 37, 40, 65, 61, 21, 17, 11, 24, 62, 39, 23, 3, 71, 43], "out_group_a_strength": 14.285714285714286, "in_group_a_strength": 20, "radius": 0.3, "in_group_a_range": 2.8, "target": [16.0, -39.0], "in_group_r_strength": 40}, {"out_group_r_strength": 56.0, "out_group_r_range": 2.0, "target_a_range": 435, "out_group_a_range": 2.8, "group_id": 1, "pedestrian_id": 74, "in_group_r_range": 2.0, "target_a_strength": 22000000000, "attractor_count": 36, "position": [12.47132966278364, 44.8981187563653], "friend_zone": [38, 9, 57, 65, 48, 69, 7, 59, 25, 51, 8, 63, 43, 17, 70, 2, 54, 11, 15, 19, 71, 32, 44, 60, 53, 26, 56, 10, 13, 6, 52, 39, 0, 30, 49, 55], "out_group_a_strength": 14.285714285714286, "in_group_a_strength": 20, "radius": 0.3, "in_group_a_range": 2.8, "target": [16.0, -39.0], "in_group_r_strength": 40}, {"out_group_r_strength": 56.0, "out_group_r_range": 2.0, "target_a_range": 435, "out_group_a_range": 2.8, "group_id": 1, "pedestrian_id": 75, "in_group_r_range": 2.0, "target_a_strength": 22000000000, "attractor_count": 36, "position": [18.985137153431534, 45.54111588040306], "friend_zone": [22, 33, 67, 29, 17, 6, 52, 62, 14, 68, 53, 34, 1, 61, 8, 46, 69, 10, 36, 57, 28, 45, 42, 16, 39, 21, 41, 24, 3, 44, 43, 27, 13, 59, 38, 35], "out_group_a_strength": 14.285714285714286, "in_group_a_strength": 20, "radius": 0.3, "in_group_a_range": 2.8, "target": [16.0, -39.0], "in_group_r_strength": 40}], "frame_second": "1300", "additional_id_existed_ped": {"0": [72, 73, 75], "1": [72, 73, 74, 75], "2": [72, 74], "3": [73], "4": [73, 74, 75], "5": [72, 75], "6": [73, 75], "7": [74, 75], "8": [74, 75], "9": [72, 73, 74], "10": [74], "11": [72, 75], "12": [75], "13": [72, 73, 74], "14": [72, 73, 74, 75], "15": [72, 74, 75], "16": [], "17": [72, 75], "18": [73, 74, 75], "19": [], "20": [72, 73], "21": [75], "22": [72, 73, 75], "23": [72, 75], "24": [74, 75], "25": [72, 73, 74, 75], "26": [72, 73], "27": [73, 74, 75], "28": [72, 73, 74, 75], "29": [73], "30": [72, 73, 74], "31": [74, 75], "32": [], "33": [75], "34": [], "35": [73], "36": [72, 73, 74], "37": [72, 75], "38": [74], "39": [73, 75], "40": [74, 75], "41": [72, 73], "42": [], "43": [73, 74], "44": [72, 74], "45": [], "46": [72, 74, 75], "47": [72, 73, 75], "48": [72, 73, 74], "49": [74], "50": [75], "51": [72, 73, 74], "52": [72, 73, 75], "53": [72, 73, 75], "54": [72, 74], "55": [73, 75], "56": [73, 74], "57": [72, 73], "58": [72, 73, 74, 75], "59": [72, 73, 74, 75], "60": [], "61": [], "62": [73], "63": [72, 74], "64": [72, 73, 74], "65": [72, 74], "66": [72], "67": [72, 75], "68": [73, 74], "69": [74, 75], "70": [75], "71": [73, 74]}}