{"pedestrian_list": [{"radius": 0.3, "friend_zone": [169, 84, 124, 18, 152, 109, 127, 94, 157, 186, 30, 130, 23, 189, 146, 147, 117, 26, 149, 187, 36, 177, 88, 91, 100, 37, 0, 38, 12, 101, 17, 190, 78, 68, 16, 55, 31, 151, 93, 114, 136, 178, 45, 83, 64, 43, 159, 110, 176, 116, 65, 167, 54, 51, 80, 166, 128, 61, 120, 63, 21, 104, 97, 69, 162, 112, 19, 180, 40, 8, 161, 99, 164, 134, 121, 90, 47, 57, 142, 108, 1, 42, 171, 170, 102, 39, 137, 141, 163, 89, 72, 119, 105, 59, 25, 154], "in_group_a_range": 2.8, "in_group_r_strength": 40, "in_group_a_strength": 20, "target_a_range": 435, "position": [18.999309921021645, 44.900947467540675], "out_group_a_range": 2.8, "attractor_count": 96, "out_group_r_strength": 64.0, "out_group_r_range": 2.0, "pedestrian_id": 192, "out_group_a_strength": 12.5, "in_group_r_range": 2.0, "group_id": 0, "target_a_strength": 22000000000, "target": [16.0, -39.0]}, {"radius": 0.3, "friend_zone": [16, 185, 37, 19, 100, 132, 145, 89, 153, 11, 39, 142, 25, 72, 38, 73, 26, 23, 8, 27, 48, 139, 162, 144, 12, 64, 81, 172, 68, 75, 20, 138, 104, 128, 86, 157, 50, 123, 17, 112, 78, 117, 156, 148, 52, 41, 143, 70, 1, 97, 57, 18, 122, 135, 32, 51, 6, 187, 151, 111, 63, 99, 180, 124, 150, 24, 178, 7, 160, 149, 71, 171, 14, 113, 166, 110, 130, 58, 49, 55, 83, 9, 120, 98, 131, 165, 169, 60, 188, 28, 96, 126, 184, 4, 161, 141], "in_group_a_range": 2.8, "in_group_r_strength": 40, "in_group_a_strength": 20, "target_a_range": 435, "position": [15.73006462740697, 48.15011791867696], "out_group_a_range": 2.8, "attractor_count": 96, "out_group_r_strength": 64.0, "out_group_r_range": 2.0, "pedestrian_id": 193, "out_group_a_strength": 12.5, "in_group_r_range": 2.0, "group_id": 0, "target_a_strength": 22000000000, "target": [16.0, -39.0]}, {"radius": 0.3, "friend_zone": [5, 102, 36, 127, 155, 166, 53, 35, 161, 94, 145, 111, 158, 162, 122, 80, 63, 150, 85, 12, 58, 88, 107, 31, 23, 108, 133, 165, 43, 4, 147, 70, 126, 153, 83, 56, 34, 10, 129, 186, 17, 59, 128, 52, 137, 32, 159, 20, 113, 101, 79, 51, 190, 1, 157, 2, 112, 66, 120, 91, 15, 24, 119, 135, 97, 191, 55, 178, 187, 48, 185, 8, 9, 92, 125, 131, 75, 132, 81, 7, 188, 167, 184, 27, 6, 42, 117, 103, 142, 28, 11, 139, 183, 29, 49, 46], "in_group_a_range": 2.8, "in_group_r_strength": 40, "in_group_a_strength": 20, "target_a_range": 435, "position": [4.6867141233897005, 59.21778566532096], "out_group_a_range": 2.8, "attractor_count": 96, "out_group_r_strength": 64.0, "out_group_r_range": 2.0, "pedestrian_id": 194, "out_group_a_strength": 12.5, "in_group_r_range": 2.0, "group_id": 1, "target_a_strength": 22000000000, "target": [16.0, -39.0]}, {"radius": 0.3, "friend_zone": [72, 152, 113, 69, 8, 37, 11, 63, 68, 121, 133, 138, 150, 31, 38, 60, 125, 161, 87, 132, 102, 39, 92, 186, 93, 52, 40, 173, 26, 149, 75, 77, 74, 73, 117, 67, 115, 81, 70, 114, 55, 7, 76, 29, 80, 187, 137, 151, 9, 57, 130, 20, 56, 90, 179, 83, 95, 178, 156, 44, 1, 175, 79, 48, 131, 191, 141, 188, 104, 165, 16, 163, 129, 22, 162, 172, 145, 136, 168, 21, 180, 126, 139, 190, 91, 167, 101, 5, 66, 61, 182, 118, 144, 45, 164, 99], "in_group_a_range": 2.8, "in_group_r_strength": 40, "in_group_a_strength": 20, "target_a_range": 435, "position": [-8.968058321834011, 50.74009515391235], "out_group_a_range": 2.8, "attractor_count": 96, "out_group_r_strength": 64.0, "out_group_r_range": 2.0, "pedestrian_id": 195, "out_group_a_strength": 12.5, "in_group_r_range": 2.0, "group_id": 1, "target_a_strength": 22000000000, "target": [16.0, -39.0]}], "additional_id_existed_ped": {"0": [195], "1": [192, 193, 195], "2": [193, 194], "3": [], "4": [192, 194, 195], "5": [195], "6": [192, 193], "7": [192, 193], "8": [194], "9": [193, 194], "10": [193], "11": [], "12": [], "13": [193, 194, 195], "14": [192, 193, 195], "15": [194], "16": [193, 194], "17": [193, 195], "18": [195], "19": [193, 195], "20": [192, 195], "21": [192, 194], "22": [192, 193, 194, 195], "23": [192, 193], "24": [192, 194, 195], "25": [192, 193, 195], "26": [192, 193, 194], "27": [193], "28": [193, 194, 195], "29": [195], "30": [193, 194, 195], "31": [193, 194, 195], "32": [192, 193], "33": [192, 193, 194], "34": [193, 195], "35": [193, 195], "36": [192, 195], "37": [193, 194], "38": [192, 194, 195], "39": [192, 193, 194, 195], "40": [192, 195], "41": [193, 194, 195], "42": [192, 193], "43": [192, 193], "44": [192, 193, 194], "45": [194, 195], "46": [192, 193, 194], "47": [], "48": [192, 194, 195], "49": [193, 194], "50": [195], "51": [], "52": [192, 193, 195], "53": [], "54": [192, 193, 194, 195], "55": [193], "56": [192, 193, 195], "57": [194, 195], "58": [193, 194], "59": [192, 193, 194], "60": [194], "61": [192, 193, 194, 195], "62": [193, 194], "63": [192, 194, 195], "64": [194, 195], "65": [192, 193, 195], "66": [193, 194], "67": [192, 194, 195], "68": [192, 194, 195], "69": [192, 194, 195], "70": [195], "71": [193, 195], "72": [192, 194], "73": [193, 195], "74": [193], "75": [193, 194], "76": [193, 195], "77": [193, 194], "78": [195], "79": [192], "80": [192], "81": [192], "82": [193, 194], "83": [192, 194], "84": [], "85": [192, 193], "86": [192, 194], "87": [192, 193], "88": [], "89": [193, 195], "90": [192, 193, 194, 195], "91": [193, 194, 195], "92": [192], "93": [192, 195], "94": [192, 194], "95": [192, 194], "96": [192], "97": [192, 193, 194], "98": [192, 194, 195], "99": [192, 193, 194], "100": [193], "101": [195], "102": [193, 195], "103": [192, 193, 194, 195], "104": [194, 195], "105": [192, 193, 194, 195], "106": [192, 194, 195], "107": [195], "108": [195], "109": [194], "110": [193, 194], "111": [192, 193, 195], "112": [192, 193], "113": [192, 194], "114": [192], "115": [192], "116": [193, 194], "117": [192, 193, 194], "118": [192, 194, 195], "119": [192, 194], "120": [192, 194], "121": [193, 194, 195], "122": [192, 195], "123": [], "124": [192, 193], "125": [192], "126": [193, 194, 195], "127": [192, 193, 194, 195], "128": [], "129": [193, 194, 195], "130": [192, 194], "131": [195], "132": [193], "133": [192, 193, 194], "134": [194], "135": [193, 194], "136": [192, 193, 195], "137": [195], "138": [193, 194], "139": [193, 195], "140": [192, 194, 195], "141": [193, 195], "142": [], "143": [192, 193], "144": [192, 193, 195], "145": [193, 194, 195], "146": [192, 194], "147": [192, 193, 194], "148": [192, 194], "149": [194, 195], "150": [192, 194, 195], "151": [192, 193, 195], "152": [192, 193], "153": [192, 195], "154": [192, 193, 195], "155": [194, 195], "156": [192, 195], "157": [192, 193, 194, 195], "158": [192, 193, 194, 195], "159": [195], "160": [192, 195], "161": [194, 195], "162": [], "163": [192, 194], "164": [194, 195], "165": [193, 194], "166": [192, 195], "167": [195], "168": [], "169": [194, 195], "170": [192, 194, 195], "171": [192, 193], "172": [194], "173": [194, 195], "174": [], "175": [192, 194], "176": [192, 193, 194, 195], "177": [193, 194], "178": [193, 195], "179": [192, 193, 194], "180": [], "181": [193, 194], "182": [192, 194, 195], "183": [192, 194, 195], "184": [192, 193, 195], "185": [193, 195], "186": [], "187": [192, 193], "188": [], "189": [], "190": [], "191": [192, 193, 195]}, "frame_second": "4300"}