{"frame_second": "200", "additional_id_existed_ped": {"0": [29, 31], "1": [28, 29, 30], "2": [], "3": [31], "4": [30], "5": [30, 31], "6": [28, 30], "7": [], "8": [29, 30], "9": [28, 30, 31], "10": [28, 29], "11": [29, 31], "12": [28, 31], "13": [28], "14": [28, 29], "15": [28, 31], "16": [29, 30, 31], "17": [28, 30, 31], "18": [28, 30], "19": [28, 29], "20": [29, 31], "21": [30], "22": [31], "23": [28, 29], "24": [28, 29, 30, 31], "25": [29, 30, 31], "26": [28, 29, 30], "27": [29, 30, 31]}, "pedestrian_list": [{"in_group_r_range": 2.0, "out_group_r_strength": 64.0, "attractor_count": 14, "in_group_a_range": 2.8, "position": [17.675674971620516, 46.2231960826999], "target_a_strength": 22000000000, "friend_zone": [14, 26, 21, 17, 13, 10, 4, 15, 16, 9, 12, 22, 24, 1], "out_group_a_strength": 12.5, "pedestrian_id": 28, "out_group_a_range": 2.8, "out_group_r_range": 2.0, "in_group_r_strength": 40, "target_a_range": 435, "in_group_a_strength": 20, "target": [16.0, -39.0], "group_id": 0, "radius": 0.3}, {"in_group_r_range": 2.0, "out_group_r_strength": 64.0, "attractor_count": 14, "in_group_a_range": 2.8, "position": [-1.1960240540816598, 39.68563870808347], "target_a_strength": 22000000000, "friend_zone": [6, 19, 15, 11, 4, 17, 20, 13, 25, 26, 16, 24, 3, 10], "out_group_a_strength": 12.5, "pedestrian_id": 29, "out_group_a_range": 2.8, "out_group_r_range": 2.0, "in_group_r_strength": 40, "target_a_range": 435, "in_group_a_strength": 20, "target": [16.0, -39.0], "group_id": 0, "radius": 0.3}, {"in_group_r_range": 2.0, "out_group_r_strength": 64.0, "attractor_count": 14, "in_group_a_range": 2.8, "position": [5.348955427695837, 44.88727153524835], "target_a_strength": 22000000000, "friend_zone": [20, 23, 24, 17, 4, 21, 16, 6, 5, 11, 19, 22, 3, 8], "out_group_a_strength": 12.5, "pedestrian_id": 30, "out_group_a_range": 2.8, "out_group_r_range": 2.0, "in_group_r_strength": 40, "target_a_range": 435, "in_group_a_strength": 20, "target": [16.0, -39.0], "group_id": 1, "radius": 0.3}, {"in_group_r_range": 2.0, "out_group_r_strength": 64.0, "attractor_count": 14, "in_group_a_range": 2.8, "position": [-4.421945328559646, 68.31403040300209], "target_a_strength": 22000000000, "friend_zone": [3, 2, 10, 23, 0, 17, 9, 1, 8, 11, 22, 14, 20, 25], "out_group_a_strength": 12.5, "pedestrian_id": 31, "out_group_a_range": 2.8, "out_group_r_range": 2.0, "in_group_r_strength": 40, "target_a_range": 435, "in_group_a_strength": 20, "target": [16.0, -39.0], "group_id": 1, "radius": 0.3}]}