{"pedestrian_list": [{"radius": 0.3, "friend_zone": [92, 107, 38, 121, 93, 91, 97, 26, 29, 39, 128, 129, 32, 88, 122, 64, 51, 73, 70, 109, 27, 100, 49, 47, 45, 130, 24, 52, 113, 21, 82, 11, 74, 44, 4, 99, 101, 33, 117, 43, 30, 131, 104, 86, 34, 69, 84, 62, 12, 17, 48, 16, 31, 83, 0, 28, 89, 124, 35, 15, 55, 42, 56, 60, 13, 98], "in_group_a_range": 2.8, "in_group_r_strength": 40, "in_group_a_strength": 20, "target_a_range": 435, "position": [18.348470946929126, 61.172705559368964], "out_group_a_range": 2.8, "attractor_count": 66, "out_group_r_strength": 64.0, "out_group_r_range": 2.0, "pedestrian_id": 132, "out_group_a_strength": 12.5, "in_group_r_range": 2.0, "group_id": 0, "target_a_strength": 22000000000, "target": [16.0, -39.0]}, {"radius": 0.3, "friend_zone": [123, 35, 103, 8, 128, 39, 32, 19, 97, 126, 3, 119, 2, 99, 14, 61, 59, 6, 124, 109, 56, 5, 92, 73, 87, 37, 12, 115, 78, 129, 83, 25, 48, 38, 4, 84, 108, 89, 113, 40, 69, 57, 31, 88, 79, 116, 65, 54, 131, 13, 114, 28, 75, 64, 94, 66, 16, 10, 15, 9, 27, 125, 71, 80, 45, 41], "in_group_a_range": 2.8, "in_group_r_strength": 40, "in_group_a_strength": 20, "target_a_range": 435, "position": [0.12994250173968425, 42.933613714573255], "out_group_a_range": 2.8, "attractor_count": 66, "out_group_r_strength": 64.0, "out_group_r_range": 2.0, "pedestrian_id": 133, "out_group_a_strength": 12.5, "in_group_r_range": 2.0, "group_id": 0, "target_a_strength": 22000000000, "target": [16.0, -39.0]}, {"radius": 0.3, "friend_zone": [37, 11, 61, 90, 78, 66, 102, 91, 128, 68, 48, 13, 103, 26, 71, 125, 65, 56, 87, 8, 117, 6, 43, 92, 79, 107, 16, 29, 33, 55, 72, 52, 127, 104, 97, 116, 36, 25, 100, 12, 99, 111, 126, 45, 4, 31, 47, 49, 86, 101, 64, 74, 21, 130, 7, 34, 30, 120, 51, 10, 114, 15, 42, 18, 123, 113], "in_group_a_range": 2.8, "in_group_r_strength": 40, "in_group_a_strength": 20, "target_a_range": 435, "position": [7.282462750587733, 51.40945992090226], "out_group_a_range": 2.8, "attractor_count": 66, "out_group_r_strength": 64.0, "out_group_r_range": 2.0, "pedestrian_id": 134, "out_group_a_strength": 12.5, "in_group_r_range": 2.0, "group_id": 1, "target_a_strength": 22000000000, "target": [16.0, -39.0]}, {"radius": 0.3, "friend_zone": [67, 83, 86, 16, 91, 88, 116, 114, 74, 1, 84, 21, 71, 27, 65, 26, 111, 82, 37, 42, 0, 97, 63, 52, 89, 29, 58, 5, 61, 125, 51, 78, 10, 62, 3, 50, 106, 122, 109, 66, 22, 104, 6, 77, 118, 33, 75, 121, 48, 54, 39, 41, 128, 94, 76, 18, 92, 59, 55, 100, 15, 119, 90, 99, 123, 98], "in_group_a_range": 2.8, "in_group_r_strength": 40, "in_group_a_strength": 20, "target_a_range": 435, "position": [11.835038462682585, 46.846831770189596], "out_group_a_range": 2.8, "attractor_count": 66, "out_group_r_strength": 64.0, "out_group_r_range": 2.0, "pedestrian_id": 135, "out_group_a_strength": 12.5, "in_group_r_range": 2.0, "group_id": 1, "target_a_strength": 22000000000, "target": [16.0, -39.0]}], "additional_id_existed_ped": {"0": [133, 135], "1": [133, 134], "2": [134, 135], "3": [132], "4": [132, 133, 134], "5": [132], "6": [133, 134], "7": [132, 135], "8": [134, 135], "9": [132, 133, 134, 135], "10": [134], "11": [132, 133, 135], "12": [132, 133, 134, 135], "13": [132, 134], "14": [], "15": [], "16": [132, 133, 134, 135], "17": [132, 133], "18": [132, 133, 135], "19": [132, 133, 135], "20": [133, 134], "21": [133, 134], "22": [133, 134], "23": [132, 133, 134, 135], "24": [132, 134], "25": [132, 135], "26": [133], "27": [132, 133, 134], "28": [132, 135], "29": [132, 134], "30": [133], "31": [133], "32": [132, 134], "33": [132, 133, 135], "34": [133, 134], "35": [134, 135], "36": [132, 133, 135], "37": [132, 133, 134, 135], "38": [135], "39": [132], "40": [], "41": [132], "42": [135], "43": [134], "44": [134], "45": [133, 134, 135], "46": [133, 135], "47": [132, 133, 134], "48": [132, 133, 134], "49": [132, 133, 135], "50": [132, 135], "51": [], "52": [132, 133, 135], "53": [132, 134], "54": [133, 134, 135], "55": [132, 133, 135], "56": [133, 134, 135], "57": [132, 133], "58": [134, 135], "59": [133], "60": [132, 133, 134, 135], "61": [132], "62": [133, 135], "63": [132, 133, 134], "64": [133, 134], "65": [132, 134, 135], "66": [135], "67": [134, 135], "68": [132, 135], "69": [133], "70": [132, 134, 135], "71": [132, 133, 134], "72": [133, 134], "73": [132, 134, 135], "74": [132, 134, 135], "75": [133], "76": [132, 134, 135], "77": [134], "78": [133, 135], "79": [132, 133, 134], "80": [], "81": [132, 134], "82": [135], "83": [132, 133], "84": [133, 134], "85": [133, 134, 135], "86": [134, 135], "87": [132, 133, 134, 135], "88": [134], "89": [132, 133, 135], "90": [132, 134], "91": [132], "92": [134, 135], "93": [133, 134], "94": [132], "95": [132, 133], "96": [132, 133], "97": [133, 135], "98": [135], "99": [135], "100": [135], "101": [132], "102": [134], "103": [132, 133], "104": [], "105": [135], "106": [132, 133, 134], "107": [134], "108": [132], "109": [132, 133, 135], "110": [132, 134, 135], "111": [132, 134, 135], "112": [], "113": [134], "114": [132, 133, 134, 135], "115": [132, 133, 135], "116": [134, 135], "117": [133, 134, 135], "118": [132], "119": [133, 135], "120": [132, 135], "121": [132, 134, 135], "122": [132, 133, 135], "123": [133], "124": [134], "125": [133, 135], "126": [134, 135], "127": [134, 135], "128": [132], "129": [133], "130": [133, 135], "131": [133, 134, 135]}, "frame_second": "2800"}