{"frame_second": "400", "additional_id_existed_ped": {"0": [36, 38, 39], "1": [36, 37, 39], "2": [36], "3": [38], "4": [36, 37, 38, 39], "5": [39], "6": [39], "7": [36, 37, 38, 39], "8": [37, 39], "9": [36, 37], "10": [37], "11": [37, 39], "12": [37, 39], "13": [36, 38], "14": [38], "15": [36, 37], "16": [36, 38, 39], "17": [37, 38, 39], "18": [37, 38, 39], "19": [38, 39], "20": [36, 37, 38], "21": [36, 37], "22": [37, 38, 39], "23": [39], "24": [36, 37, 38], "25": [37, 38], "26": [36], "27": [36], "28": [], "29": [36], "30": [], "31": [36, 37], "32": [36, 38], "33": [37, 38, 39], "34": [36, 38, 39], "35": [38, 39]}, "pedestrian_list": [{"in_group_r_range": 2.0, "out_group_r_strength": 64.0, "attractor_count": 18, "in_group_a_range": 2.8, "position": [-0.5352656140747309, 44.27237532587138], "target_a_strength": 22000000000, "friend_zone": [32, 9, 22, 0, 28, 4, 25, 20, 16, 3, 17, 11, 14, 13, 27, 2, 30, 6], "out_group_a_strength": 12.5, "pedestrian_id": 36, "out_group_a_range": 2.8, "out_group_r_range": 2.0, "in_group_r_strength": 40, "target_a_range": 435, "in_group_a_strength": 20, "target": [16.0, -39.0], "group_id": 0, "radius": 0.3}, {"in_group_r_range": 2.0, "out_group_r_strength": 64.0, "attractor_count": 18, "in_group_a_range": 2.8, "position": [16.35604778634283, 55.96553321384961], "target_a_strength": 22000000000, "friend_zone": [1, 3, 15, 2, 19, 26, 7, 31, 13, 32, 20, 9, 6, 21, 14, 10, 8, 33], "out_group_a_strength": 12.5, "pedestrian_id": 37, "out_group_a_range": 2.8, "out_group_r_range": 2.0, "in_group_r_strength": 40, "target_a_range": 435, "in_group_a_strength": 20, "target": [16.0, -39.0], "group_id": 0, "radius": 0.3}, {"in_group_r_range": 2.0, "out_group_r_strength": 64.0, "attractor_count": 18, "in_group_a_range": 2.8, "position": [-2.46883452296784, 61.802350012229546], "target_a_strength": 22000000000, "friend_zone": [22, 27, 13, 33, 0, 35, 19, 15, 18, 32, 1, 25, 2, 7, 8, 5, 20, 24], "out_group_a_strength": 12.5, "pedestrian_id": 38, "out_group_a_range": 2.8, "out_group_r_range": 2.0, "in_group_r_strength": 40, "target_a_range": 435, "in_group_a_strength": 20, "target": [16.0, -39.0], "group_id": 1, "radius": 0.3}, {"in_group_r_range": 2.0, "out_group_r_strength": 64.0, "attractor_count": 18, "in_group_a_range": 2.8, "position": [4.008458302143022, 55.93630993238935], "target_a_strength": 22000000000, "friend_zone": [0, 9, 18, 27, 21, 30, 34, 7, 10, 15, 12, 6, 26, 2, 35, 25, 33, 31], "out_group_a_strength": 12.5, "pedestrian_id": 39, "out_group_a_range": 2.8, "out_group_r_range": 2.0, "in_group_r_strength": 40, "target_a_range": 435, "in_group_a_strength": 20, "target": [16.0, -39.0], "group_id": 1, "radius": 0.3}]}