{"pedestrian_list": [{"radius": 0.3, "friend_zone": [46, 246, 247, 158, 188, 256, 231, 152, 179, 226, 178, 144, 135, 269, 17, 205, 211, 155, 176, 99, 208, 124, 196, 216, 61, 1, 237, 3, 250, 166, 189, 114, 82, 110, 147, 240, 32, 130, 154, 202, 161, 153, 212, 252, 199, 213, 232, 37, 121, 198, 75, 67, 21, 131, 222, 65, 47, 150, 171, 108, 201, 145, 183, 223, 209, 203, 25, 28, 151, 8, 76, 12, 210, 200, 197, 193, 194, 249, 259, 190, 0, 224, 86, 181, 239, 5, 49, 167, 56, 107, 172, 132, 10, 100, 64, 123, 227, 219, 92, 165, 33, 245, 241, 146, 52, 63, 16, 43, 168, 89, 101, 97, 253, 34, 62, 192, 142, 139, 177, 268, 58, 137, 133, 106, 174, 70, 68, 31, 72, 45, 66, 195, 39, 217, 83, 225], "in_group_a_range": 2.8, "in_group_r_strength": 40, "in_group_a_strength": 20, "target_a_range": 435, "position": [18.34851392396211, 42.974000379465906], "out_group_a_range": 2.8, "attractor_count": 136, "out_group_r_strength": 64.0, "out_group_r_range": 2.0, "pedestrian_id": 272, "out_group_a_strength": 12.5, "in_group_r_range": 2.0, "group_id": 0, "target_a_strength": 22000000000, "target": [16.0, -39.0]}, {"radius": 0.3, "friend_zone": [216, 55, 139, 0, 159, 212, 261, 44, 198, 96, 250, 158, 104, 124, 78, 193, 71, 167, 200, 50, 116, 18, 145, 47, 127, 45, 21, 38, 77, 129, 262, 266, 225, 203, 255, 1, 109, 254, 192, 244, 108, 166, 9, 221, 247, 40, 222, 76, 233, 25, 128, 126, 34, 119, 232, 91, 29, 41, 177, 249, 154, 134, 205, 213, 164, 122, 182, 27, 268, 260, 68, 49, 178, 264, 240, 218, 246, 46, 163, 161, 157, 100, 13, 269, 155, 63, 17, 51, 263, 43, 207, 114, 93, 151, 28, 235, 188, 176, 195, 111, 26, 87, 270, 56, 257, 217, 206, 118, 123, 22, 30, 168, 142, 70, 226, 185, 265, 143, 138, 230, 4, 19, 74, 81, 84, 52, 23, 14, 15, 184, 131, 37, 97, 149, 258, 103], "in_group_a_range": 2.8, "in_group_r_strength": 40, "in_group_a_strength": 20, "target_a_range": 435, "position": [-1.1954599904693275, 37.738823026276826], "out_group_a_range": 2.8, "attractor_count": 136, "out_group_r_strength": 64.0, "out_group_r_range": 2.0, "pedestrian_id": 273, "out_group_a_strength": 12.5, "in_group_r_range": 2.0, "group_id": 0, "target_a_strength": 22000000000, "target": [16.0, -39.0]}, {"radius": 0.3, "friend_zone": [220, 249, 77, 150, 245, 83, 53, 250, 99, 232, 255, 178, 151, 102, 179, 98, 57, 104, 13, 256, 237, 263, 5, 59, 166, 187, 195, 251, 105, 231, 51, 64, 124, 9, 167, 142, 257, 202, 68, 269, 181, 50, 85, 61, 67, 58, 145, 135, 234, 239, 93, 138, 87, 92, 214, 18, 6, 160, 223, 240, 130, 25, 74, 26, 115, 49, 259, 132, 33, 10, 8, 264, 174, 106, 139, 84, 262, 90, 38, 268, 156, 79, 65, 34, 177, 29, 222, 146, 244, 219, 122, 121, 54, 253, 254, 88, 184, 113, 265, 45, 21, 12, 27, 56, 252, 162, 198, 11, 126, 163, 190, 100, 235, 225, 168, 97, 217, 4, 14, 271, 183, 215, 89, 47, 2, 32, 154, 161, 248, 95, 81, 201, 158, 159, 261, 70], "in_group_a_range": 2.8, "in_group_r_strength": 40, "in_group_a_strength": 20, "target_a_range": 435, "position": [13.138752678484385, 55.95712204544306], "out_group_a_range": 2.8, "attractor_count": 136, "out_group_r_strength": 64.0, "out_group_r_range": 2.0, "pedestrian_id": 274, "out_group_a_strength": 12.5, "in_group_r_range": 2.0, "group_id": 1, "target_a_strength": 22000000000, "target": [16.0, -39.0]}, {"radius": 0.3, "friend_zone": [218, 61, 217, 242, 100, 1, 222, 180, 2, 164, 266, 75, 235, 115, 79, 191, 223, 73, 174, 134, 267, 127, 123, 215, 155, 17, 32, 63, 199, 102, 209, 212, 111, 95, 58, 38, 5, 230, 101, 196, 50, 25, 193, 244, 258, 154, 10, 33, 64, 135, 140, 120, 147, 119, 205, 29, 116, 98, 69, 93, 149, 153, 172, 103, 225, 220, 94, 129, 62, 237, 245, 19, 44, 76, 206, 18, 77, 54, 178, 187, 106, 152, 40, 228, 185, 224, 170, 156, 80, 241, 78, 39, 110, 173, 90, 226, 4, 66, 181, 113, 249, 136, 128, 233, 192, 167, 28, 82, 240, 238, 74, 20, 221, 168, 177, 219, 201, 248, 27, 254, 243, 109, 118, 216, 141, 107, 138, 208, 203, 176, 133, 14, 121, 189, 227, 114], "in_group_a_range": 2.8, "in_group_r_strength": 40, "in_group_a_strength": 20, "target_a_range": 435, "position": [-5.099326071420447, 55.97373964864739], "out_group_a_range": 2.8, "attractor_count": 136, "out_group_r_strength": 64.0, "out_group_r_range": 2.0, "pedestrian_id": 275, "out_group_a_strength": 12.5, "in_group_r_range": 2.0, "group_id": 1, "target_a_strength": 22000000000, "target": [16.0, -39.0]}], "additional_id_existed_ped": {"0": [274, 275], "1": [272, 275], "2": [272, 274, 275], "3": [272, 273], "4": [273, 274, 275], "5": [273], "6": [272, 273, 274], "7": [274, 275], "8": [273, 275], "9": [273, 275], "10": [], "11": [274], "12": [272, 273], "13": [272], "14": [272, 273, 274], "15": [272, 273, 274, 275], "16": [272], "17": [274, 275], "18": [273], "19": [272], "20": [274, 275], "21": [272, 274, 275], "22": [272, 273, 275], "23": [274, 275], "24": [272, 274, 275], "25": [272, 273, 274], "26": [272, 275], "27": [272, 273, 275], "28": [272, 273, 275], "29": [272, 273, 274, 275], "30": [273, 275], "31": [273, 274, 275], "32": [], "33": [273, 274, 275], "34": [272, 274], "35": [272, 275], "36": [], "37": [275], "38": [272], "39": [273], "40": [272, 273], "41": [272, 275], "42": [275], "43": [272, 273, 274, 275], "44": [273, 274, 275], "45": [272, 273, 274, 275], "46": [], "47": [272, 275], "48": [274, 275], "49": [272, 274, 275], "50": [272, 274, 275], "51": [], "52": [272, 273, 275], "53": [272, 274, 275], "54": [272], "55": [272, 273, 274], "56": [272, 273], "57": [275], "58": [274, 275], "59": [273], "60": [274, 275], "61": [272, 274], "62": [272, 274, 275], "63": [273, 275], "64": [273, 275], "65": [273], "66": [272, 274], "67": [273, 275], "68": [], "69": [272, 273], "70": [275], "71": [274], "72": [273, 274, 275], "73": [272, 274], "74": [273, 274, 275], "75": [272, 273, 274, 275], "76": [273, 274, 275], "77": [], "78": [272, 274, 275], "79": [274, 275], "80": [], "81": [273, 274, 275], "82": [], "83": [273], "84": [], "85": [272, 274], "86": [272, 273, 274, 275], "87": [272, 273, 274, 275], "88": [272, 273, 275], "89": [272, 273], "90": [273, 274, 275], "91": [275], "92": [273, 274], "93": [272, 273], "94": [273], "95": [272, 274], "96": [], "97": [274], "98": [272, 275], "99": [272, 273], "100": [273, 274], "101": [272, 273, 274, 275], "102": [272, 275], "103": [274], "104": [], "105": [273, 274], "106": [], "107": [273, 275], "108": [272, 273, 274, 275], "109": [273, 275], "110": [272, 274], "111": [272, 275], "112": [274, 275], "113": [272, 274], "114": [272], "115": [272, 273, 275], "116": [273], "117": [272], "118": [272, 275], "119": [273, 274], "120": [275], "121": [272, 273, 274], "122": [273, 274, 275], "123": [272], "124": [], "125": [273, 274, 275], "126": [273, 274, 275], "127": [272, 273, 274], "128": [272], "129": [272, 273, 274, 275], "130": [272, 275], "131": [273, 274], "132": [272, 273, 274], "133": [], "134": [273, 275], "135": [272, 273, 274, 275], "136": [272, 274], "137": [272], "138": [273, 274], "139": [275], "140": [273, 274, 275], "141": [272, 273, 275], "142": [272, 273, 275], "143": [273, 274], "144": [273, 274, 275], "145": [273, 274], "146": [275], "147": [272, 275], "148": [273, 274], "149": [272, 273, 274, 275], "150": [272, 274], "151": [273, 274, 275], "152": [272, 273], "153": [272, 273], "154": [273, 274, 275], "155": [274, 275], "156": [272], "157": [272, 273, 275], "158": [272, 273, 274], "159": [272, 274], "160": [272, 273, 275], "161": [275], "162": [273, 275], "163": [272], "164": [274, 275], "165": [275], "166": [272, 273], "167": [272, 273], "168": [272], "169": [272, 274, 275], "170": [274], "171": [274], "172": [274], "173": [272, 273, 274], "174": [272, 273], "175": [272], "176": [272, 273], "177": [272, 274], "178": [275], "179": [274], "180": [272, 273], "181": [272, 273], "182": [], "183": [273, 274, 275], "184": [272, 273], "185": [272], "186": [], "187": [275], "188": [272, 275], "189": [272, 273, 275], "190": [273, 274], "191": [272, 273], "192": [273, 275], "193": [275], "194": [275], "195": [272, 274], "196": [272, 273, 274, 275], "197": [273, 274],