{"frame_second": "1600", "additional_id_existed_ped": {"0": [84, 85, 86, 87], "1": [], "2": [85, 86, 87], "3": [85, 86, 87], "4": [85, 86, 87], "5": [84, 85, 86], "6": [], "7": [85, 86, 87], "8": [85, 87], "9": [84, 85, 86, 87], "10": [84, 86, 87], "11": [84, 85, 86, 87], "12": [86, 87], "13": [84, 85, 86], "14": [84, 85, 86], "15": [86, 87], "16": [84, 86, 87], "17": [85], "18": [87], "19": [84, 85, 86], "20": [85, 87], "21": [85, 86, 87], "22": [84], "23": [84, 85, 86, 87], "24": [86], "25": [], "26": [85, 86, 87], "27": [87], "28": [85], "29": [86, 87], "30": [], "31": [84, 86, 87], "32": [85], "33": [84], "34": [84, 87], "35": [84], "36": [86, 87], "37": [], "38": [84, 86, 87], "39": [85], "40": [84, 85, 86], "41": [84, 87], "42": [84, 86], "43": [], "44": [84, 86, 87], "45": [84, 85, 86, 87], "46": [84], "47": [85], "48": [85, 87], "49": [84, 86], "50": [85, 86], "51": [84, 85, 86, 87], "52": [84, 85], "53": [86, 87], "54": [84, 87], "55": [85], "56": [84, 86, 87], "57": [87], "58": [84, 85], "59": [84, 85], "60": [], "61": [86], "62": [84, 85, 86, 87], "63": [84, 87], "64": [85, 86], "65": [84, 85, 87], "66": [84], "67": [84], "68": [84, 85, 86], "69": [84, 86], "70": [85, 87], "71": [85], "72": [84, 85, 87], "73": [86], "74": [84, 86, 87], "75": [84], "76": [84, 85], "77": [85, 86, 87], "78": [86], "79": [], "80": [85], "81": [84, 85, 87], "82": [86, 87], "83": [84, 85, 87]}, "pedestrian_list": [{"in_group_r_range": 2.0, "out_group_r_strength": 64.0, "attractor_count": 42, "in_group_a_range": 2.8, "position": [11.15835086951007, 60.48333938644232], "target_a_strength": 22000000000, "friend_zone": [38, 80, 61, 50, 65, 15, 71, 12, 74, 63, 73, 40, 60, 56, 46, 3, 49, 21, 30, 39, 32, 18, 45, 78, 29, 54, 68, 16, 57, 43, 23, 64, 76, 83, 72, 24, 7, 10, 14, 11, 17, 55], "out_group_a_strength": 12.5, "pedestrian_id": 84, "out_group_a_range": 2.8, "out_group_r_range": 2.0, "in_group_r_strength": 40, "target_a_range": 435, "in_group_a_strength": 20, "target": [16.0, -39.0], "group_id": 0, "radius": 0.3}, {"in_group_r_range": 2.0, "out_group_r_strength": 64.0, "attractor_count": 42, "in_group_a_range": 2.8, "position": [0.11188587222771312, 55.29446400242368], "target_a_strength": 22000000000, "friend_zone": [68, 63, 42, 43, 16, 77, 80, 39, 56, 36, 25, 35, 20, 2, 3, 59, 22, 32, 34, 31, 1, 8, 60, 40, 75, 28, 62, 72, 10, 53, 24, 65, 61, 15, 52, 45, 78, 23, 19, 71, 83, 37], "out_group_a_strength": 12.5, "pedestrian_id": 85, "out_group_a_range": 2.8, "out_group_r_range": 2.0, "in_group_r_strength": 40, "target_a_range": 435, "in_group_a_strength": 20, "target": [16.0, -39.0], "group_id": 0, "radius": 0.3}, {"in_group_r_range": 2.0, "out_group_r_strength": 64.0, "attractor_count": 42, "in_group_a_range": 2.8, "position": [19.644119541899485, 50.11377522227411], "target_a_strength": 22000000000, "friend_zone": [62, 13, 56, 24, 47, 46, 44, 21, 60, 72, 57, 66, 4, 71, 1, 26, 22, 63, 16, 74, 51, 45, 76, 77, 69, 3, 36, 81, 14, 32, 38, 54, 61, 2, 30, 11, 20, 59, 53, 78, 23, 19], "out_group_a_strength": 12.5, "pedestrian_id": 86, "out_group_a_range": 2.8, "out_group_r_range": 2.0, "in_group_r_strength": 40, "target_a_range": 435, "in_group_a_strength": 20, "target": [16.0, -39.0], "group_id": 1, "radius": 0.3}, {"in_group_r_range": 2.0, "out_group_r_strength": 64.0, "attractor_count": 42, "in_group_a_range": 2.8, "position": [0.7548661002826011, 63.72716765131111], "target_a_strength": 22000000000, "friend_zone": [68, 3, 1, 51, 19, 73, 58, 43, 13, 71, 50, 36, 55, 12, 57, 25, 41, 38, 46, 40, 45, 39, 10, 21, 9, 76, 66, 31, 5, 44, 33, 60, 14, 52, 2, 62, 77, 81, 6, 23, 20, 7], "out_group_a_strength": 12.5, "pedestrian_id": 87, "out_group_a_range": 2.8, "out_group_r_range": 2.0, "in_group_r_strength": 40, "target_a_range": 435, "in_group_a_strength": 20, "target": [16.0, -39.0], "group_id": 1, "radius": 0.3}]}