{"pedestrian_list": [{"radius": 0.3, "friend_zone": [191, 161, 178, 5, 107, 160, 4, 171, 110, 85, 74, 134, 209, 104, 165, 14, 6, 175, 215, 49, 133, 103, 214, 67, 62, 126, 101, 61, 39, 176, 105, 219, 173, 36, 34, 27, 198, 125, 8, 106, 150, 213, 16, 157, 137, 12, 31, 154, 158, 122, 81, 187, 20, 124, 97, 40, 35, 3, 13, 113, 2, 129, 159, 196, 131, 65, 94, 68, 82, 70, 73, 152, 98, 183, 10, 169, 79, 218, 43, 92, 128, 72, 119, 177, 151, 52, 37, 18, 57, 22, 51, 217, 41, 95, 132, 33, 78, 207, 64, 162, 100, 174, 15, 211, 146, 7, 45, 23, 60, 142], "in_group_a_range": 2.8, "in_group_r_strength": 40, "in_group_a_strength": 20, "target_a_range": 435, "position": [-1.158209649841164, 49.43808448165565], "out_group_a_range": 2.8, "attractor_count": 110, "out_group_r_strength": 64.0, "out_group_r_range": 2.0, "pedestrian_id": 220, "out_group_a_strength": 12.5, "in_group_r_range": 2.0, "group_id": 0, "target_a_strength": 22000000000, "target": [16.0, -39.0]}, {"radius": 0.3, "friend_zone": [69, 177, 129, 57, 122, 168, 215, 45, 15, 80, 190, 142, 146, 91, 202, 10, 181, 134, 78, 133, 55, 147, 197, 128, 111, 50, 61, 28, 3, 64, 160, 85, 38, 59, 63, 183, 113, 108, 167, 35, 141, 44, 127, 164, 23, 180, 149, 204, 51, 5, 7, 188, 49, 95, 159, 92, 182, 93, 17, 175, 157, 75, 130, 9, 65, 165, 203, 205, 8, 161, 218, 152, 179, 145, 109, 212, 72, 193, 174, 82, 125, 208, 40, 153, 66, 186, 150, 70, 194, 118, 192, 43, 216, 2, 22, 155, 151, 172, 185, 26, 189, 107, 53, 58, 31, 100, 184, 110, 170, 34], "in_group_a_range": 2.8, "in_group_r_strength": 40, "in_group_a_strength": 20, "target_a_range": 435, "position": [3.395297937937983, 59.19971491420724], "out_group_a_range": 2.8, "attractor_count": 110, "out_group_r_strength": 64.0, "out_group_r_range": 2.0, "pedestrian_id": 221, "out_group_a_strength": 12.5, "in_group_r_range": 2.0, "group_id": 0, "target_a_strength": 22000000000, "target": [16.0, -39.0]}, {"radius": 0.3, "friend_zone": [175, 123, 105, 147, 217, 135, 130, 164, 191, 19, 59, 173, 25, 98, 48, 37, 20, 190, 109, 165, 211, 49, 194, 62, 50, 75, 35, 213, 15, 73, 18, 204, 90, 219, 215, 169, 178, 53, 207, 186, 28, 99, 172, 64, 22, 136, 141, 155, 214, 4, 55, 23, 96, 36, 126, 210, 93, 168, 127, 122, 140, 46, 137, 120, 16, 151, 85, 114, 24, 197, 203, 139, 57, 70, 106, 199, 193, 148, 97, 89, 45, 95, 10, 116, 101, 121, 163, 9, 83, 166, 30, 145, 159, 174, 100, 40, 154, 21, 200, 157, 82, 162, 160, 143, 146, 108, 185, 132, 152, 68], "in_group_a_range": 2.8, "in_group_r_strength": 40, "in_group_a_strength": 20, "target_a_range": 435, "position": [11.182345360564986, 58.52872118267505], "out_group_a_range": 2.8, "attractor_count": 110, "out_group_r_strength": 64.0, "out_group_r_range": 2.0, "pedestrian_id": 222, "out_group_a_strength": 12.5, "in_group_r_range": 2.0, "group_id": 1, "target_a_strength": 22000000000, "target": [16.0, -39.0]}, {"radius": 0.3, "friend_zone": [15, 98, 137, 136, 16, 85, 103, 47, 79, 113, 35, 148, 212, 34, 106, 95, 202, 165, 195, 160, 49, 48, 64, 149, 87, 115, 73, 168, 188, 215, 150, 92, 123, 89, 109, 209, 192, 138, 218, 44, 8, 63, 24, 208, 197, 146, 107, 31, 114, 127, 77, 185, 14, 181, 201, 186, 204, 214, 153, 112, 13, 20, 177, 170, 143, 67, 213, 41, 126, 25, 71, 68, 26, 2, 45, 102, 46, 28, 37, 84, 60, 66, 97, 29, 154, 3, 156, 111, 12, 142, 189, 17, 65, 81, 75, 30, 0, 43, 119, 196, 99, 5, 147, 219, 100, 58, 88, 19, 52, 130], "in_group_a_range": 2.8, "in_group_r_strength": 40, "in_group_a_strength": 20, "target_a_range": 435, "position": [-8.341950834523594, 38.42479132626089], "out_group_a_range": 2.8, "attractor_count": 110, "out_group_r_strength": 64.0, "out_group_r_range": 2.0, "pedestrian_id": 223, "out_group_a_strength": 12.5, "in_group_r_range": 2.0, "group_id": 1, "target_a_strength": 22000000000, "target": [16.0, -39.0]}], "additional_id_existed_ped": {"0": [223], "1": [223], "2": [220, 223], "3": [221, 223], "4": [220, 222], "5": [222, 223], "6": [220, 221, 222], "7": [], "8": [221, 223], "9": [220, 222], "10": [220, 223], "11": [222], "12": [220], "13": [220, 221, 222, 223], "14": [220, 223], "15": [221], "16": [220, 221], "17": [221, 222], "18": [220, 221, 223], "19": [220, 221, 222], "20": [220], "21": [220, 221], "22": [220, 223], "23": [222, 223], "24": [220, 221, 223], "25": [220], "26": [220, 222], "27": [], "28": [221], "29": [223], "30": [223], "31": [220, 221], "32": [220, 223], "33": [222], "34": [220, 221], "35": [220, 222], "36": [220, 221, 222], "37": [221, 223], "38": [], "39": [222], "40": [220, 221], "41": [220], "42": [], "43": [221, 222], "44": [222, 223], "45": [221, 223], "46": [222], "47": [221, 222], "48": [220, 221, 223], "49": [221], "50": [220, 222, 223], "51": [221, 222], "52": [223], "53": [221, 223], "54": [220, 221], "55": [221, 222], "56": [221, 222], "57": [220, 223], "58": [221], "59": [220, 223], "60": [221, 223], "61": [222, 223], "62": [220, 221, 222], "63": [221, 222, 223], "64": [220, 221, 222, 223], "65": [220, 221], "66": [220, 221, 222], "67": [221, 223], "68": [220, 221], "69": [221, 222], "70": [220, 222, 223], "71": [220], "72": [220, 221], "73": [221, 222, 223], "74": [221], "75": [221, 222, 223], "76": [220, 223], "77": [221], "78": [220, 221, 222], "79": [221, 222], "80": [220, 222, 223], "81": [223], "82": [220, 221, 222, 223], "83": [220], "84": [220, 221, 223], "85": [221, 222], "86": [220], "87": [221, 223], "88": [220], "89": [], "90": [223], "91": [220], "92": [220], "93": [220, 221, 223], "94": [220, 222], "95": [220, 223], "96": [221, 222, 223], "97": [223], "98": [221, 222, 223], "99": [221], "100": [222], "101": [220, 222], "102": [221], "103": [222, 223], "104": [220, 223], "105": [], "106": [222, 223], "107": [220, 222, 223], "108": [220, 222, 223], "109": [222], "110": [220, 222], "111": [221, 222], "112": [221], "113": [222, 223], "114": [221], "115": [221, 223], "116": [221, 222, 223], "117": [220, 221, 223], "118": [220, 222, 223], "119": [], "120": [221, 222], "121": [223], "122": [220, 223], "123": [220, 221, 222], "124": [220, 222, 223], "125": [221, 222, 223], "126": [220, 221, 222, 223], "127": [220, 221, 222], "128": [221], "129": [221, 222], "130": [220, 222], "131": [221, 222], "132": [220, 223], "133": [221, 222], "134": [220, 221, 222, 223], "135": [222, 223], "136": [220, 221, 222, 223], "137": [220, 222], "138": [223], "139": [220, 223], "140": [220, 221, 222, 223], "141": [220], "142": [221, 222], "143": [222, 223], "144": [223], "145": [220, 221, 222, 223], "146": [220, 221, 222], "147": [220, 221, 223], "148": [220, 221, 222, 223], "149": [220, 222, 223], "150": [220], "151": [221, 222, 223], "152": [222, 223], "153": [221, 222, 223], "154": [], "155": [221], "156": [221, 222], "157": [220, 222, 223], "158": [220, 222], "159": [221, 223], "160": [220, 223], "161": [221, 222], "162": [220, 221, 222], "163": [220, 221, 222, 223], "164": [220, 222], "165": [220, 221, 222, 223], "166": [223], "167": [221, 222, 223], "168": [221, 223], "169": [220, 223], "170": [], "171": [222], "172": [220, 221, 222], "173": [220, 222], "174": [], "175": [220, 221, 222, 223], "176": [221, 222], "177": [220, 222], "178": [220, 221, 222], "179": [223], "180": [], "181": [220, 221], "182": [221], "183": [220, 223], "184": [], "185": [222, 223], "186": [223], "187": [221], "188": [220, 223], "189": [221, 222, 223], "190": [220, 221, 222], "191": [220, 223], "192": [], "193": [220, 223], "194": [222, 223], "195": [221, 222], "196": [220, 222, 223], "197": [223], "198": [220, 223], "199": [220, 221, 222], "200": [], "201": [220, 221, 222, 223], "202": [221, 223], "203": [220, 221, 222, 223], "204": [221, 223], "205": [221, 223], "206": [220, 221, 222], "207": [220, 223], "208": [220, 221], "209": [223], "210": [220, 222, 223], "211": [220, 221, 222], "212": [220, 221, 222], "213": [222, 223], "214": [221, 222], "215": [220, 222], "216": [222, 223], "217": [220, 222], "218": [220, 221, 222, 223], "219": [220, 221, 223]}, "frame_second": "5000"}