{"frame_second": "1500", "additional_id_existed_ped": {"0": [83], "1": [], "2": [80, 81, 83], "3": [80], "4": [80, 81, 82], "5": [80, 81, 82, 83], "6": [83], "7": [80, 81, 82, 83], "8": [81, 82], "9": [82, 83], "10": [83], "11": [80, 82], "12": [80], "13": [80, 81, 83], "14": [81, 82], "15": [82], "16": [80, 81, 82], "17": [80, 81, 82], "18": [81, 82, 83], "19": [80, 83], "20": [80, 81], "21": [82, 83], "22": [], "23": [83], "24": [81, 82], "25": [80, 81, 83], "26": [81, 82, 83], "27": [80, 82, 83], "28": [82, 83], "29": [80, 83], "30": [82], "31": [80, 83], "32": [81, 82], "33": [82], "34": [81], "35": [82], "36": [80, 81, 83], "37": [80, 82, 83], "38": [81, 82, 83], "39": [80, 83], "40": [83], "41": [83], "42": [81], "43": [80, 81], "44": [81, 83], "45": [82], "46": [80, 81, 82, 83], "47": [80, 81, 83], "48": [80, 81, 82, 83], "49": [], "50": [81, 83], "51": [81, 82, 83], "52": [], "53": [80, 82, 83], "54": [80, 81, 82], "55": [81, 82, 83], "56": [80, 81, 82], "57": [81], "58": [80, 81, 83], "59": [80, 81, 82], "60": [], "61": [81, 82, 83], "62": [82], "63": [81, 82], "64": [80], "65": [80, 81], "66": [81], "67": [80, 82], "68": [80, 83], "69": [80, 82], "70": [80, 81], "71": [82, 83], "72": [81], "73": [80, 83], "74": [80, 83], "75": [81, 82], "76": [80, 82], "77": [80, 81], "78": [80, 82, 83], "79": [80, 83]}, "pedestrian_list": [{"in_group_r_range": 2.0, "out_group_r_strength": 64.0, "attractor_count": 40, "in_group_a_range": 2.8, "position": [1.4343284666025011, 54.01393802394231], "target_a_strength": 22000000000, "friend_zone": [53, 45, 29, 10, 40, 55, 54, 42, 51, 49, 4, 31, 39, 63, 34, 68, 41, 35, 75, 61, 21, 6, 27, 79, 7, 71, 69, 67, 19, 2, 70, 72, 44, 25, 50, 13, 18, 37, 62, 20], "out_group_a_strength": 12.5, "pedestrian_id": 80, "out_group_a_range": 2.8, "out_group_r_range": 2.0, "in_group_r_strength": 40, "target_a_range": 435, "in_group_a_strength": 20, "target": [16.0, -39.0], "group_id": 0, "radius": 0.3}, {"in_group_r_range": 2.0, "out_group_r_strength": 64.0, "attractor_count": 40, "in_group_a_range": 2.8, "position": [15.050912212512406, 69.60550997578169], "target_a_strength": 22000000000, "friend_zone": [64, 59, 60, 15, 37, 66, 18, 19, 76, 25, 65, 74, 13, 30, 39, 71, 73, 22, 75, 52, 67, 16, 57, 7, 33, 56, 35, 50, 0, 23, 27, 43, 49, 6, 61, 14, 4, 40, 21, 17], "out_group_a_strength": 12.5, "pedestrian_id": 81, "out_group_a_range": 2.8, "out_group_r_range": 2.0, "in_group_r_strength": 40, "target_a_range": 435, "in_group_a_strength": 20, "target": [16.0, -39.0], "group_id": 0, "radius": 0.3}, {"in_group_r_range": 2.0, "out_group_r_strength": 64.0, "attractor_count": 40, "in_group_a_range": 2.8, "position": [15.727501601365654, 46.863941855332335], "target_a_strength": 22000000000, "friend_zone": [50, 71, 52, 40, 42, 26, 31, 35, 78, 58, 63, 14, 66, 77, 45, 76, 39, 20, 2, 41, 51, 61, 74, 32, 54, 22, 44, 8, 62, 5, 72, 19, 53, 1, 28, 64, 43, 69, 0, 13], "out_group_a_strength": 12.5, "pedestrian_id": 82, "out_group_a_range": 2.8, "out_group_r_range": 2.0, "in_group_r_strength": 40, "target_a_range": 435, "in_group_a_strength": 20, "target": [16.0, -39.0], "group_id": 1, "radius": 0.3}, {"in_group_r_range": 2.0, "out_group_r_strength": 64.0, "attractor_count": 40, "in_group_a_range": 2.8, "position": [13.13296701320513, 52.71545689369015], "target_a_strength": 22000000000, "friend_zone": [76, 64, 37, 27, 51, 75, 31, 79, 58, 45, 38, 12, 41, 34, 57, 74, 25, 4, 52, 55, 54, 65, 73, 30, 68, 39, 67, 69, 47, 18, 42, 77, 71, 49, 15, 43, 33, 23, 56, 70], "out_group_a_strength": 12.5, "pedestrian_id": 83, "out_group_a_range": 2.8, "out_group_r_range": 2.0, "in_group_r_strength": 40, "target_a_range": 435, "in_group_a_strength": 20, "target": [16.0, -39.0], "group_id": 1, "radius": 0.3}]}