{"pedestrian_list": [{"radius": 0.3, "friend_zone": [128, 6, 180, 34, 159, 130, 25, 99, 162, 47, 112, 68, 79, 4, 49, 173, 48, 40, 110, 177, 174, 134, 144, 151, 167, 35, 160, 20, 152, 163, 194, 172, 175, 196, 46, 17, 165, 15, 2, 71, 141, 91, 3, 89, 21, 31, 116, 36, 75, 125, 9, 158, 154, 38, 207, 179, 183, 156, 176, 102, 192, 22, 59, 23, 124, 43, 113, 67, 169, 65, 202, 197, 53, 198, 182, 41, 72, 83, 27, 39, 50, 120, 117, 139, 26, 111, 1, 33, 80, 0, 85, 5, 184, 7, 28, 64, 96, 58, 44, 155, 204, 56, 178, 55], "in_group_a_range": 2.8, "in_group_r_strength": 40, "in_group_a_strength": 20, "target_a_range": 435, "position": [10.502949380994988, 36.46984800576856], "out_group_a_range": 2.8, "attractor_count": 104, "out_group_r_strength": 64.0, "out_group_r_range": 2.0, "pedestrian_id": 208, "out_group_a_strength": 12.5, "in_group_r_range": 2.0, "group_id": 0, "target_a_strength": 22000000000, "target": [16.0, -39.0]}, {"radius": 0.3, "friend_zone": [206, 99, 85, 83, 30, 165, 135, 4, 138, 74, 29, 159, 181, 49, 109, 110, 137, 172, 62, 142, 8, 33, 24, 178, 154, 124, 18, 67, 117, 198, 164, 141, 90, 129, 158, 73, 7, 202, 162, 149, 200, 10, 21, 179, 108, 171, 174, 40, 11, 58, 97, 127, 123, 43, 102, 86, 148, 1, 100, 19, 41, 136, 153, 2, 25, 128, 157, 194, 55, 56, 76, 70, 5, 80, 63, 116, 60, 87, 193, 195, 133, 192, 145, 121, 31, 103, 95, 61, 34, 197, 120, 199, 53, 81, 155, 191, 84, 160, 47, 166, 140, 180, 125, 46], "in_group_a_range": 2.8, "in_group_r_strength": 40, "in_group_a_strength": 20, "target_a_range": 435, "position": [9.893187289690486, 64.39997440972289], "out_group_a_range": 2.8, "attractor_count": 104, "out_group_r_strength": 64.0, "out_group_r_range": 2.0, "pedestrian_id": 209, "out_group_a_strength": 12.5, "in_group_r_range": 2.0, "group_id": 0, "target_a_strength": 22000000000, "target": [16.0, -39.0]}, {"radius": 0.3, "friend_zone": [155, 71, 146, 52, 142, 109, 176, 194, 39, 129, 64, 23, 183, 80, 119, 112, 69, 149, 197, 21, 189, 94, 81, 116, 83, 126, 144, 46, 56, 106, 76, 1, 118, 136, 3, 89, 138, 99, 24, 26, 143, 168, 111, 123, 70, 180, 152, 178, 93, 145, 4, 13, 184, 2, 202, 44, 153, 125, 193, 53, 98, 9, 195, 175, 199, 162, 120, 121, 59, 167, 90, 101, 85, 32, 107, 25, 114, 19, 38, 63, 192, 30, 61, 185, 147, 73, 49, 206, 200, 160, 151, 11, 130, 33, 139, 128, 191, 173, 117, 108, 92, 36, 161, 60], "in_group_a_range": 2.8, "in_group_r_strength": 40, "in_group_a_strength": 20, "target_a_range": 435, "position": [-8.97265585272065, 51.41857707983638], "out_group_a_range": 2.8, "attractor_count": 104, "out_group_r_strength": 64.0, "out_group_r_range": 2.0, "pedestrian_id": 210, "out_group_a_strength": 12.5, "in_group_r_range": 2.0, "group_id": 1, "target_a_strength": 22000000000, "target": [16.0, -39.0]}, {"radius": 0.3, "friend_zone": [10, 103, 144, 107, 34, 19, 84, 78, 131, 118, 192, 17, 168, 77, 99, 38, 207, 205, 75, 176, 111, 206, 94, 197, 68, 142, 204, 54, 28, 177, 180, 83, 52, 125, 24, 97, 170, 45, 129, 194, 184, 156, 90, 23, 74, 101, 48, 100, 186, 49, 187, 39, 91, 189, 173, 182, 110, 92, 65, 67, 185, 51, 76, 153, 96, 32, 193, 81, 18, 112, 3, 114, 191, 98, 29, 181, 167, 171, 160, 141, 95, 70, 164, 122, 157, 66, 53, 203, 41, 121, 105, 117, 20, 158, 108, 135, 36, 50, 22, 1, 148, 0, 12, 44], "in_group_a_range": 2.8, "in_group_r_strength": 40, "in_group_a_strength": 20, "target_a_range": 435, "position": [0.13524864150484622, 37.12376727978836], "out_group_a_range": 2.8, "attractor_count": 104, "out_group_r_strength": 64.0, "out_group_r_range": 2.0, "pedestrian_id": 211, "out_group_a_strength": 12.5, "in_group_r_range": 2.0, "group_id": 1, "target_a_strength": 22000000000, "target": [16.0, -39.0]}], "additional_id_existed_ped": {"0": [209, 210], "1": [208, 210], "2": [208], "3": [210, 211], "4": [209, 211], "5": [208, 211], "6": [210, 211], "7": [208, 210, 211], "8": [208, 210], "9": [211], "10": [208, 210, 211], "11": [211], "12": [208, 209, 210], "13": [209, 210, 211], "14": [208, 210, 211], "15": [209, 210], "16": [211], "17": [209, 211], "18": [208, 211], "19": [208, 209, 210], "20": [], "21": [208, 211], "22": [209], "23": [209, 210], "24": [209, 210], "25": [208], "26": [208, 210], "27": [209, 210], "28": [208, 210, 211], "29": [208, 209, 210, 211], "30": [208, 209, 211], "31": [208, 210, 211], "32": [208], "33": [210, 211], "34": [209, 210, 211], "35": [208, 209], "36": [209, 210], "37": [208, 210, 211], "38": [208, 209, 210, 211], "39": [208, 209, 211], "40": [208, 210, 211], "41": [208, 210], "42": [209], "43": [208, 209, 210], "44": [209, 211], "45": [208, 210, 211], "46": [210, 211], "47": [208, 210, 211], "48": [209, 210], "49": [208, 209], "50": [209, 211], "51": [], "52": [208, 209, 210], "53": [208, 210, 211], "54": [208], "55": [208, 209], "56": [208, 210, 211], "57": [210, 211], "58": [210], "59": [209, 211], "60": [209], "61": [208, 210, 211], "62": [210], "63": [209, 210, 211], "64": [208, 209], "65": [210, 211], "66": [209], "67": [209, 210], "68": [208, 209], "69": [], "70": [209, 210, 211], "71": [208, 211], "72": [208, 209, 210, 211], "73": [209, 210], "74": [208, 209, 211], "75": [210], "76": [210], "77": [208, 209, 210], "78": [209], "79": [209], "80": [210, 211], "81": [210], "82": [208, 211], "83": [209, 210, 211], "84": [208, 209], "85": [208, 209, 210], "86": [208, 209, 211], "87": [208, 209, 210, 211], "88": [208, 210, 211], "89": [208, 210, 211], "90": [209, 210, 211], "91": [209, 210, 211], "92": [208, 210, 211], "93": [210, 211], "94": [210], "95": [208, 209, 211], "96": [210], "97": [209, 211], "98": [210, 211], "99": [210], "100": [209], "101": [208, 210, 211], "102": [208, 209, 210], "103": [208, 210], "104": [208, 209, 210], "105": [209], "106": [208], "107": [209, 210, 211], "108": [210], "109": [210], "110": [211], "111": [211], "112": [208, 211], "113": [209, 211], "114": [210], "115": [209, 210], "116": [209, 210], "117": [208], "118": [209], "119": [208, 209, 210], "120": [208], "121": [210, 211], "122": [208, 209], "123": [208, 209, 211], "124": [208, 209, 210], "125": [208], "126": [208, 209], "127": [209, 210], "128": [208, 210], "129": [209, 211], "130": [209, 211], "131": [210], "132": [210], "133": [208, 210, 211], "134": [208, 211], "135": [208, 211], "136": [208, 209, 211], "137": [208, 209, 210, 211], "138": [210], "139": [209, 211], "140": [209, 210, 211], "141": [211], "142": [208, 210], "143": [208, 209, 210, 211], "144": [209], "145": [209, 210, 211], "146": [209], "147": [208, 209, 211], "148": [208, 209, 211], "149": [208], "150": [209], "151": [208, 211], "152": [208, 210, 211], "153": [], "154": [209, 210, 211], "155": [208, 211], "156": [209, 210, 211], "157": [209, 211], "158": [], "159": [208, 210, 211], "160": [209, 210], "161": [209, 211], "162": [], "163": [208], "164": [209], "165": [209], "166": [208, 209, 210, 211], "167": [208, 209], "168": [], "169": [208, 209], "170": [208, 210], "171": [208, 209, 210, 211], "172": [], "173": [208], "174": [208, 210], "175": [208, 209], "176": [209], "177": [209], "178": [208], "179": [209, 211], "180": [208], "181": [210, 211], "182": [208, 209, 210, 211], "183": [208, 209, 211], "184": [210], "185": [208, 209, 211], "186": [211], "187": [209, 210, 211], "188": [208, 211], "189": [208], "190": [209, 210], "191": [208], "192": [208, 209], "193": [208, 209], "194": [208, 209, 210], "195": [208, 209, 211], "196": [208, 211], "197": [209, 211], "198": [209, 210], "199": [208, 211], "200": [208, 211], "201": [211], "202": [208], "203": [209, 211], "204": [211], "205": [], "206": [210, 211], "207": [208, 210, 211]}, "frame_second": "4700"}