{"pedestrian_list": [{"radius": 0.3, "friend_zone": [184, 86, 43, 66, 63, 176, 220, 240, 110, 28, 127, 166, 65, 187, 119, 215, 194, 283, 15, 50, 258, 80, 19, 98, 239, 83, 177, 21, 161, 107, 158, 109, 55, 162, 175, 203, 282, 115, 145, 286, 8, 60, 185, 9, 36, 132, 135, 270, 233, 26, 120, 209, 137, 62, 75, 236, 128, 255, 101, 125, 69, 234, 246, 51, 167, 44, 198, 160, 102, 67, 242, 154, 139, 287, 2, 87, 274, 77, 205, 118, 0, 223, 204, 157, 49, 232, 123, 171, 121, 276, 133, 32, 71, 24, 165, 40, 136, 6, 196, 211, 149, 33, 197, 97, 284, 222, 218, 14, 191, 68, 111, 96, 84, 221, 189, 54, 134, 122, 116, 95, 104, 70, 168, 253, 142, 227, 207, 56, 159, 31, 53, 41, 141, 35, 4, 173, 151, 12, 164, 29, 155, 59, 206, 88], "in_group_a_range": 2.8, "in_group_r_strength": 40, "in_group_a_strength": 20, "target_a_range": 435, "position": [18.9624986079957, 63.746574967926364], "out_group_a_range": 2.8, "attractor_count": 144, "out_group_r_strength": 64.0, "out_group_r_range": 2.0, "pedestrian_id": 288, "out_group_a_strength": 12.5, "in_group_r_range": 2.0, "group_id": 0, "target_a_strength": 22000000000, "target": [16.0, -39.0]}, {"radius": 0.3, "friend_zone": [217, 280, 178, 22, 235, 52, 274, 219, 249, 211, 63, 132, 72, 83, 247, 267, 91, 185, 134, 105, 159, 189, 215, 92, 225, 37, 144, 158, 166, 169, 26, 39, 261, 171, 181, 236, 209, 262, 19, 131, 230, 174, 246, 234, 43, 154, 263, 77, 269, 47, 260, 145, 229, 116, 59, 250, 255, 87, 233, 175, 164, 259, 119, 78, 238, 213, 48, 157, 29, 44, 257, 129, 138, 40, 8, 281, 41, 179, 33, 54, 273, 65, 84, 153, 5, 201, 149, 190, 46, 148, 195, 222, 150, 276, 103, 108, 254, 237, 68, 177, 88, 74, 55, 101, 160, 161, 226, 151, 251, 272, 115, 248, 15, 204, 143, 95, 135, 264, 176, 110, 216, 218, 58, 38, 198, 214, 98, 62, 76, 112, 133, 207, 113, 137, 192, 64, 111, 0, 13, 49, 227, 258, 283, 90], "in_group_a_range": 2.8, "in_group_r_strength": 40, "in_group_a_strength": 20, "target_a_range": 435, "position": [16.366036257049178, 43.60592181445753], "out_group_a_range": 2.8, "attractor_count": 144, "out_group_r_strength": 64.0, "out_group_r_range": 2.0, "pedestrian_id": 289, "out_group_a_strength": 12.5, "in_group_r_range": 2.0, "group_id": 0, "target_a_strength": 22000000000, "target": [16.0, -39.0]}, {"radius": 0.3, "friend_zone": [216, 178, 166, 175, 192, 84, 48, 70, 189, 147, 281, 173, 124, 220, 253, 260, 230, 194, 88, 264, 155, 148, 153, 268, 286, 179, 203, 103, 32, 197, 100, 49, 129, 29, 214, 121, 1, 158, 152, 0, 243, 137, 226, 273, 47, 172, 110, 204, 3, 250, 92, 101, 113, 267, 125, 37, 63, 59, 209, 64, 76, 72, 165, 274, 60, 233, 156, 143, 99, 34, 35, 217, 108, 122, 138, 231, 212, 80, 183, 151, 51, 270, 38, 257, 54, 141, 61, 109, 44, 78, 50, 202, 199, 195, 30, 16, 52, 112, 135, 276, 232, 254, 167, 238, 242, 215, 182, 132, 53, 46, 81, 104, 262, 184, 140, 163, 186, 193, 89, 22, 83, 56, 43, 26, 144, 11, 73, 68, 115, 285, 164, 67, 263, 277, 245, 246, 244, 95, 181, 176, 256, 228, 82, 123], "in_group_a_range": 2.8, "in_group_r_strength": 40, "in_group_a_strength": 20, "target_a_range": 435, "position": [6.607926971757079, 68.28176612816222], "out_group_a_range": 2.8, "attractor_count": 144, "out_group_r_strength": 64.0, "out_group_r_range": 2.0, "pedestrian_id": 290, "out_group_a_strength": 12.5, "in_group_r_range": 2.0, "group_id": 1, "target_a_strength": 22000000000, "target": [16.0, -39.0]}, {"radius": 0.3, "friend_zone": [28, 54, 83, 48, 117, 171, 147, 228, 264, 100, 43, 124, 13, 208, 180, 141, 153, 107, 74, 199, 131, 92, 85, 185, 5, 61, 195, 2, 169, 73, 11, 130, 174, 112, 123, 21, 0, 115, 55, 215, 57, 166, 204, 146, 110, 20, 145, 198, 266, 16, 176, 49, 113, 212, 93, 98, 127, 31, 159, 262, 214, 261, 231, 211, 172, 7, 209, 44, 275, 274, 225, 35, 19, 210, 126, 136, 152, 270, 190, 181, 221, 15, 102, 239, 265, 235, 162, 26, 283, 165, 122, 217, 256, 263, 192, 10, 216, 37, 82, 278, 271, 42, 184, 279, 154, 227, 87, 23, 241, 39, 187, 59, 105, 94, 259, 222, 36, 272, 243, 156, 114, 249, 206, 32, 97, 17, 149, 71, 255, 34, 116, 234, 223, 111, 125, 226, 101, 45, 273, 219, 27, 164, 286, 104], "in_group_a_range": 2.8, "in_group_r_strength": 40, "in_group_a_strength": 20, "target_a_range": 435, "position": [13.785974660986867, 47.51474006135705], "out_group_a_range": 2.8, "attractor_count": 144, "out_group_r_strength": 64.0, "out_group_r_range": 2.0, "pedestrian_id": 291, "out_group_a_strength": 12.5, "in_group_r_range": 2.0, "group_id": 1, "target_a_strength": 22000000000, "target": [16.0, -39.0]}], "additional_id_existed_ped": {"0": [289, 290, 291], "1": [290], "2": [288, 289, 290, 291], "3": [290, 291], "4": [288, 289, 291], "5": [288, 289, 291], "6": [], "7": [288, 289, 290, 291], "8": [289, 291], "9": [288, 290], "10": [288], "11": [], "12": [288, 290, 291], "13": [288, 289, 291], "14": [288, 290], "15": [288, 291], "16": [289, 290], "17": [290, 291], "18": [289, 291], "19": [289], "20": [289, 290], "21": [291], "22": [], "23": [288, 290], "24": [288, 289, 290, 291], "25": [289, 291], "26": [289, 290], "27": [289, 290, 291], "28": [288, 289, 291], "29": [288, 290, 291], "30": [289], "31": [288], "32": [289], "33": [288, 289], "34": [288, 291], "35": [290, 291], "36": [288, 289], "37": [290, 291], "38": [288, 289, 290], "39": [288, 291], "40": [289], "41": [289, 291], "42": [288, 289], "43": [291], "44": [290], "45": [288, 290, 291], "46": [288, 290], "47": [288, 289, 290, 291], "48": [], "49": [289], "50": [290, 291], "51": [289, 291], "52": [288, 289, 290], "53": [290], "54": [289, 290], "55": [288], "56": [288, 289], "57": [288], "58": [288, 289], "59": [289, 290], "60": [288], "61": [291], "62": [290, 291], "63": [288, 289, 290, 291], "64": [289, 290, 291], "65": [289, 290, 291], "66": [290], "67": [288, 289], "68": [288, 289, 290, 291], "69": [288, 290, 291], "70": [290, 291], "71": [288, 289, 290, 291], "72": [289, 290, 291], "73": [], "74": [288], "75": [288, 289, 290, 291], "76": [291], "77": [288, 289, 290], "78": [289], "79": [288, 289, 290, 291], "80": [288, 291], "81": [288, 289, 291], "82": [288, 289, 291], "83": [288, 290], "84": [288, 289, 290], "85": [288], "86": [288, 289], "87": [288, 289, 291], "88": [288, 289, 291], "89": [288, 289, 290], "90": [289], "91": [288, 289, 290, 291], "92": [290], "93": [], "94": [291], "95": [288, 289, 290, 291], "96": [290, 291], "97": [288, 289, 290], "98": [290, 291], "99": [288, 289, 290], "100": [290], "101": [288], "102": [288, 289], "103": [288, 289, 290, 291], "104": [288], "105": [288, 289], "106": [289, 291], "107": [290, 291], "108": [288], "109": [288, 289, 291], "110": [288, 289, 291], "111": [288, 291], "112": [288, 289, 290], "113": [288], "114": [290], "115": [288, 290], "116": [289, 290, 291], "117": [289], "118": [], "119": [], "120": [288, 289, 291], "121": [288, 289, 290, 291], "122": [], "123": [288], "124": [288, 289], "125": [288, 289, 290, 291], "126": [288, 289, 290], "127": [288, 290], "128": [288, 290], "129": [290, 291], "130": [288, 290, 291], "131": [291], "132": [288, 289], "133": [289, 290], "134": [288, 289], "135": [], "136": [291], "137": [289], "138": [289, 291], "139": [288, 290], "140": [289, 290, 291], "141": [289], "142": [288], "143": [288, 290], "144": [288, 290, 291], "145": [289], "146": [290, 291], "147": [291], "148": [288, 289, 291], "149": [289, 290, 291], "150": [288, 290, 291], "151": [289], "152": [288, 289], "153": [290], "154": [291], "155": [288], "156": [291], "157": [290], "158": [288], "159": [], "160": [289, 290], "161": [290, 291], "162": [288, 291], "163": [291], "164": [289, 290], "165": [288, 289, 290, 291], "166": [290], "167": [289, 291], "168": [289, 291], "169": [288, 291], "170": [288], "171": [], "172": [288, 289, 290, 291], "173": [288], "174": [289, 290, 291], "175": [288, 289], "176": [288, 289, 290], "177": [288, 290, 291], "178": [289, 290, 291], "179": [290], "180": [288, 289, 290], "181": [288, 290, 291], "182": [288, 290, 291], "183": [288, 289, 290], "184": [288, 289, 291], "185": [289, 290, 291], "186": [289, 291],