{"pedestrian_list": [{"radius": 0.3, "friend_zone": [47, 182, 60, 46, 29, 34, 152, 57, 154, 157, 187, 160, 10, 33, 193, 148, 14, 88, 150, 196, 139, 39, 156, 15, 122, 91, 42, 167, 132, 106, 22, 177, 138, 1, 101, 55, 36, 49, 82, 129, 48, 70, 195, 90, 145, 104, 86, 25, 189, 127, 123, 64, 161, 0, 2, 103, 125, 68, 80, 136, 144, 112, 61, 65, 32, 181, 184, 168, 188, 56, 120, 109, 7, 79, 13, 53, 135, 192, 30, 51, 102, 96, 3, 158, 41, 146, 84, 26, 171, 108, 165, 143, 66, 31, 140, 85, 83, 163, 78, 124], "in_group_a_range": 2.8, "in_group_r_strength": 40, "in_group_a_strength": 20, "target_a_range": 435, "position": [4.656527872768081, 54.01717228797882], "out_group_a_range": 2.8, "attractor_count": 100, "out_group_r_strength": 64.0, "out_group_r_range": 2.0, "pedestrian_id": 200, "out_group_a_strength": 12.5, "in_group_r_range": 2.0, "group_id": 0, "target_a_strength": 22000000000, "target": [16.0, -39.0]}, {"radius": 0.3, "friend_zone": [74, 161, 88, 170, 184, 118, 168, 173, 138, 156, 26, 80, 151, 179, 192, 83, 56, 99, 135, 199, 5, 176, 12, 134, 165, 30, 66, 52, 78, 123, 172, 75, 163, 193, 93, 116, 125, 149, 122, 18, 182, 53, 86, 130, 189, 71, 64, 185, 127, 188, 180, 137, 48, 59, 32, 174, 19, 132, 155, 162, 77, 9, 33, 103, 16, 150, 171, 25, 90, 109, 152, 89, 7, 97, 147, 28, 114, 1, 142, 6, 60, 153, 178, 38, 98, 39, 85, 82, 164, 190, 69, 55, 175, 2, 91, 121, 187, 3, 169, 14], "in_group_a_range": 2.8, "in_group_r_strength": 40, "in_group_a_strength": 20, "target_a_range": 435, "position": [-8.950627963594773, 36.46621006951461], "out_group_a_range": 2.8, "attractor_count": 100, "out_group_r_strength": 64.0, "out_group_r_range": 2.0, "pedestrian_id": 201, "out_group_a_strength": 12.5, "in_group_r_range": 2.0, "group_id": 0, "target_a_strength": 22000000000, "target": [16.0, -39.0]}, {"radius": 0.3, "friend_zone": [38, 89, 72, 106, 11, 164, 10, 147, 188, 133, 28, 196, 195, 44, 177, 69, 175, 102, 156, 60, 91, 113, 64, 142, 34, 49, 197, 45, 62, 2, 125, 179, 108, 20, 98, 4, 149, 182, 178, 23, 17, 173, 65, 162, 54, 123, 141, 154, 124, 135, 81, 48, 56, 3, 146, 189, 161, 192, 169, 71, 131, 159, 155, 73, 82, 51, 130, 61, 1, 158, 140, 29, 121, 105, 59, 172, 9, 57, 165, 198, 35, 152, 67, 86, 7, 168, 40, 170, 117, 184, 18, 109, 150, 187, 13, 163, 31, 24, 185, 32], "in_group_a_range": 2.8, "in_group_r_strength": 40, "in_group_a_strength": 20, "target_a_range": 435, "position": [-7.014158606156746, 52.679332771425926], "out_group_a_range": 2.8, "attractor_count": 100, "out_group_r_strength": 64.0, "out_group_r_range": 2.0, "pedestrian_id": 202, "out_group_a_strength": 12.5, "in_group_r_range": 2.0, "group_id": 1, "target_a_strength": 22000000000, "target": [16.0, -39.0]}, {"radius": 0.3, "friend_zone": [158, 163, 81, 137, 18, 105, 85, 100, 107, 49, 152, 94, 74, 179, 104, 3, 67, 108, 136, 86, 25, 6, 111, 142, 27, 79, 118, 34, 192, 47, 197, 60, 181, 154, 195, 62, 69, 13, 171, 56, 170, 123, 148, 166, 84, 115, 71, 78, 4, 61, 139, 151, 186, 173, 28, 146, 168, 172, 145, 57, 48, 131, 97, 91, 138, 125, 29, 21, 157, 42, 134, 87, 31, 30, 153, 82, 83, 150, 26, 143, 72, 155, 64, 133, 121, 124, 101, 37, 112, 53, 58, 174, 92, 182, 95, 90, 50, 8, 187, 70], "in_group_a_range": 2.8, "in_group_r_strength": 40, "in_group_a_strength": 20, "target_a_range": 435, "position": [1.4051282124692714, 44.267244713450914], "out_group_a_range": 2.8, "attractor_count": 100, "out_group_r_strength": 64.0, "out_group_r_range": 2.0, "pedestrian_id": 203, "out_group_a_strength": 12.5, "in_group_r_range": 2.0, "group_id": 1, "target_a_strength": 22000000000, "target": [16.0, -39.0]}], "additional_id_existed_ped": {"0": [202, 203], "1": [200, 201, 202], "2": [200, 202, 203], "3": [202, 203], "4": [200, 202, 203], "5": [200, 203], "6": [201, 202], "7": [200, 201, 202], "8": [200, 201], "9": [200, 202, 203], "10": [203], "11": [200, 201, 202], "12": [200, 202], "13": [203], "14": [200, 202], "15": [200, 202], "16": [202, 203], "17": [201, 202], "18": [200, 201, 202, 203], "19": [200, 201, 202], "20": [], "21": [201, 202], "22": [202, 203], "23": [201, 203], "24": [200, 202], "25": [200], "26": [200, 201, 202], "27": [200, 201, 202, 203], "28": [200, 201, 202], "29": [200, 203], "30": [201, 203], "31": [200, 201, 202, 203], "32": [200, 202, 203], "33": [202, 203], "34": [202], "35": [203], "36": [200, 202], "37": [200, 202], "38": [200, 201, 202, 203], "39": [200, 202, 203], "40": [200, 202], "41": [200, 202], "42": [200, 201, 202], "43": [200], "44": [200, 202, 203], "45": [200, 201, 202], "46": [200, 201, 202, 203], "47": [], "48": [201], "49": [201, 203], "50": [202], "51": [], "52": [200, 201, 203], "53": [200, 202], "54": [200, 203], "55": [200, 202], "56": [200, 202], "57": [201], "58": [200], "59": [200, 201, 202], "60": [200, 201, 202], "61": [200, 201, 202], "62": [200, 203], "63": [202, 203], "64": [200], "65": [201, 203], "66": [202, 203], "67": [200, 201, 202, 203], "68": [], "69": [203], "70": [200, 201, 202], "71": [201, 202], "72": [], "73": [200, 203], "74": [200, 201, 202], "75": [200, 202], "76": [200], "77": [203], "78": [200, 201, 203], "79": [201, 203], "80": [200, 202], "81": [200, 201, 203], "82": [201], "83": [201, 202, 203], "84": [203], "85": [202, 203], "86": [201, 202], "87": [200, 201, 202], "88": [200, 203], "89": [203], "90": [200, 202], "91": [200, 201, 203], "92": [201, 202], "93": [202], "94": [200, 201], "95": [200, 201, 203], "96": [201, 202], "97": [201, 203], "98": [200, 202, 203], "99": [200], "100": [202], "101": [202, 203], "102": [201, 202], "103": [200, 203], "104": [202], "105": [200, 202], "106": [201, 202, 203], "107": [203], "108": [201, 202], "109": [200, 203], "110": [201], "111": [201, 203], "112": [202, 203], "113": [201, 202], "114": [202, 203], "115": [202, 203], "116": [202, 203], "117": [200, 201], "118": [202], "119": [201], "120": [201], "121": [201], "122": [200, 201, 202], "123": [200, 201, 202, 203], "124": [200, 201], "125": [200, 201, 203], "126": [201, 202, 203], "127": [201, 203], "128": [200, 201, 202], "129": [200, 202, 203], "130": [], "131": [201, 203], "132": [201], "133": [201], "134": [], "135": [200, 202, 203], "136": [200, 202], "137": [201], "138": [201, 203], "139": [201, 203], "140": [201, 202, 203], "141": [202, 203], "142": [200, 201, 202], "143": [200, 201], "144": [], "145": [202, 203], "146": [201, 203], "147": [200, 201, 203], "148": [200, 203], "149": [200], "150": [200, 203], "151": [201, 202, 203], "152": [], "153": [200, 201], "154": [203], "155": [200, 202, 203], "156": [200, 201, 202], "157": [200, 201, 202, 203], "158": [201, 203], "159": [203], "160": [200, 203], "161": [201], "162": [], "163": [200, 201], "164": [200, 202], "165": [200, 201, 202, 203], "166": [200, 201, 203], "167": [200, 201, 203], "168": [200, 201], "169": [202, 203], "170": [], "171": [201, 203], "172": [], "173": [202, 203], "174": [201, 203], "175": [200, 202], "176": [200, 201, 203], "177": [201], "178": [200, 202], "179": [], "180": [201], "181": [200, 201, 202], "182": [200, 203], "183": [200, 201, 203], "184": [], "185": [202], "186": [201, 202, 203], "187": [201, 203], "188": [200, 202, 203], "189": [200, 201, 203], "190": [], "191": [200, 201, 203], "192": [201, 203], "193": [201, 203], "194": [200, 201, 202, 203], "195": [201, 203], "196": [201, 203], "197": [], "198": [200, 201, 203], "199": [202]}, "frame_second": "4500"}