{"frame_second": "1800", "additional_id_existed_ped": {"0": [92, 93], "1": [93], "2": [93, 95], "3": [94], "4": [93, 94, 95], "5": [92, 93, 95], "6": [92], "7": [92, 93, 94], "8": [93, 95], "9": [94, 95], "10": [93, 94, 95], "11": [92, 94], "12": [95], "13": [92, 93], "14": [94], "15": [93, 94], "16": [93], "17": [92, 93], "18": [], "19": [92, 93, 94], "20": [92, 93, 94, 95], "21": [92], "22": [92, 94, 95], "23": [93], "24": [92, 93, 94], "25": [93, 94], "26": [92, 93, 95], "27": [92, 94], "28": [92, 94, 95], "29": [92, 93, 95], "30": [92], "31": [93], "32": [95], "33": [], "34": [95], "35": [95], "36": [94, 95], "37": [92], "38": [], "39": [95], "40": [93, 95], "41": [95], "42": [93, 94], "43": [93, 94], "44": [94], "45": [92, 93, 95], "46": [92, 94], "47": [92, 95], "48": [92, 94], "49": [93, 94, 95], "50": [95], "51": [93, 94, 95], "52": [92, 94, 95], "53": [93], "54": [92, 93, 94, 95], "55": [92, 94], "56": [92, 95], "57": [92, 94], "58": [94], "59": [92], "60": [95], "61": [92, 94], "62": [93, 94, 95], "63": [93, 95], "64": [93, 95], "65": [92, 93, 94], "66": [93, 94, 95], "67": [92, 95], "68": [95], "69": [92], "70": [92, 93, 94, 95], "71": [92, 93], "72": [93], "73": [92, 94], "74": [92, 94], "75": [92, 93, 95], "76": [94, 95], "77": [93], "78": [92, 93, 94, 95], "79": [92, 93, 94, 95], "80": [92, 93, 94], "81": [95], "82": [93, 94, 95], "83": [92, 93, 94, 95], "84": [92, 93, 94, 95], "85": [92], "86": [92, 94], "87": [93, 94, 95], "88": [92, 94, 95], "89": [], "90": [93, 94], "91": [92, 95]}, "pedestrian_list": [{"in_group_r_range": 2.0, "out_group_r_strength": 64.0, "attractor_count": 46, "in_group_a_range": 2.8, "position": [5.323399804109298, 67.0241630808298], "target_a_strength": 22000000000, "friend_zone": [79, 72, 51, 43, 28, 30, 2, 39, 62, 50, 87, 83, 74, 47, 44, 84, 32, 73, 70, 53, 0, 54, 76, 25, 86, 56, 11, 69, 13, 67, 35, 19, 91, 37, 48, 3, 31, 14, 40, 49, 18, 57, 5, 9, 88, 15], "out_group_a_strength": 12.5, "pedestrian_id": 92, "out_group_a_range": 2.8, "out_group_r_range": 2.0, "in_group_r_strength": 40, "target_a_range": 435, "in_group_a_strength": 20, "target": [16.0, -39.0], "group_id": 0, "radius": 0.3}, {"in_group_r_range": 2.0, "out_group_r_strength": 64.0, "attractor_count": 46, "in_group_a_range": 2.8, "position": [8.588777366616062, 61.155414943296755], "target_a_strength": 22000000000, "friend_zone": [69, 51, 2, 21, 25, 54, 84, 58, 17, 38, 77, 81, 36, 88, 68, 87, 83, 89, 37, 0, 26, 80, 59, 8, 34, 73, 63, 75, 19, 4, 33, 32, 49, 67, 48, 57, 70, 52, 60, 44, 78, 7, 61, 10, 91, 23], "out_group_a_strength": 12.5, "pedestrian_id": 93, "out_group_a_range": 2.8, "out_group_r_range": 2.0, "in_group_r_strength": 40, "target_a_range": 435, "in_group_a_strength": 20, "target": [16.0, -39.0], "group_id": 0, "radius": 0.3}, {"in_group_r_range": 2.0, "out_group_r_strength": 64.0, "attractor_count": 46, "in_group_a_range": 2.8, "position": [-4.414327639649007, 48.79097066268306], "target_a_strength": 22000000000, "friend_zone": [11, 9, 39, 71, 53, 0, 80, 45, 3, 55, 50, 38, 47, 74, 42, 66, 23, 15, 14, 78, 86, 41, 56, 54, 52, 67, 89, 29, 46, 12, 31, 37, 20, 18, 73, 57, 65, 26, 90, 32, 19, 83, 91, 84, 7, 49], "out_group_a_strength": 12.5, "pedestrian_id": 94, "out_group_a_range": 2.8, "out_group_r_range": 2.0, "in_group_r_strength": 40, "target_a_range": 435, "in_group_a_strength": 20, "target": [16.0, -39.0], "group_id": 1, "radius": 0.3}, {"in_group_r_range": 2.0, "out_group_r_strength": 64.0, "attractor_count": 46, "in_group_a_range": 2.8, "position": [11.183116229480104, 50.08293628156141], "target_a_strength": 22000000000, "friend_zone": [39, 83, 34, 30, 15, 59, 58, 53, 64, 84, 4, 86, 76, 48, 44, 57, 52, 21, 26, 12, 31, 61, 55, 22, 32, 38, 75, 51, 49, 24, 56, 78, 35, 54, 33, 46, 14, 5, 45, 70, 10, 65, 80, 37, 19, 17], "out_group_a_strength": 12.5, "pedestrian_id": 95, "out_group_a_range": 2.8, "out_group_r_range": 2.0, "in_group_r_strength": 40, "target_a_range": 435, "in_group_a_strength": 20, "target": [16.0, -39.0], "group_id": 1, "radius": 0.3}]}