{"frame_second": "1900", "additional_id_existed_ped": {"0": [97, 98, 99], "1": [97], "2": [96, 97, 98, 99], "3": [97, 98], "4": [97, 98], "5": [97, 99], "6": [96, 99], "7": [97], "8": [99], "9": [96, 97, 98], "10": [96, 97, 98, 99], "11": [96, 99], "12": [97], "13": [96, 98, 99], "14": [97], "15": [99], "16": [96, 97, 98, 99], "17": [96, 97, 99], "18": [98, 99], "19": [96, 98], "20": [], "21": [96, 99], "22": [99], "23": [], "24": [97, 99], "25": [97], "26": [96, 97], "27": [97, 98, 99], "28": [96, 98], "29": [96, 98, 99], "30": [97], "31": [97, 98], "32": [98], "33": [96, 98], "34": [98], "35": [97], "36": [98, 99], "37": [96], "38": [98, 99], "39": [97, 98, 99], "40": [97, 99], "41": [96, 97], "42": [97, 98], "43": [96, 98, 99], "44": [96], "45": [96, 99], "46": [96, 97, 98, 99], "47": [97, 98], "48": [97], "49": [96], "50": [96, 98, 99], "51": [96, 97, 98, 99], "52": [96, 98, 99], "53": [97, 98], "54": [96], "55": [96, 97, 99], "56": [97, 98], "57": [96, 97, 99], "58": [96], "59": [96, 97, 99], "60": [96, 97, 98], "61": [97, 98], "62": [96, 98], "63": [97, 99], "64": [96, 97, 98], "65": [99], "66": [96, 98, 99], "67": [99], "68": [96], "69": [96, 98], "70": [96, 97, 98, 99], "71": [98, 99], "72": [98], "73": [96, 99], "74": [98], "75": [96], "76": [96, 97, 98, 99], "77": [96, 97, 98, 99], "78": [], "79": [99], "80": [96, 97], "81": [96, 98, 99], "82": [97, 98], "83": [96, 97, 99], "84": [96, 98, 99], "85": [97], "86": [99], "87": [96], "88": [97, 99], "89": [96, 97, 99], "90": [99], "91": [97, 98], "92": [98], "93": [96, 99], "94": [96, 97, 98], "95": [98]}, "pedestrian_list": [{"in_group_r_range": 2.0, "out_group_r_strength": 64.0, "attractor_count": 48, "in_group_a_range": 2.8, "position": [18.975202497597536, 44.26295805861658], "target_a_strength": 22000000000, "friend_zone": [47, 12, 11, 92, 61, 80, 58, 38, 64, 18, 43, 24, 33, 27, 40, 37, 54, 52, 55, 45, 62, 81, 26, 25, 68, 87, 36, 44, 6, 35, 5, 23, 50, 51, 95, 70, 91, 4, 72, 49, 67, 2, 90, 57, 3, 32, 86, 21], "out_group_a_strength": 12.5, "pedestrian_id": 96, "out_group_a_range": 2.8, "out_group_r_range": 2.0, "in_group_r_strength": 40, "target_a_range": 435, "in_group_a_strength": 20, "target": [16.0, -39.0], "group_id": 0, "radius": 0.3}, {"in_group_r_range": 2.0, "out_group_r_strength": 64.0, "attractor_count": 48, "in_group_a_range": 2.8, "position": [-7.022228991690978, 52.02918685859952], "target_a_strength": 22000000000, "friend_zone": [86, 6, 35, 79, 60, 23, 7, 80, 62, 45, 76, 19, 69, 75, 53, 39, 89, 94, 27, 61, 65, 48, 42, 14, 72, 4, 0, 73, 58, 21, 18, 44, 64, 1, 49, 55, 88, 28, 83, 77, 71, 46, 67, 26, 41, 37, 59, 66], "out_group_a_strength": 12.5, "pedestrian_id": 97, "out_group_a_range": 2.8, "out_group_r_range": 2.0, "in_group_r_strength": 40, "target_a_range": 435, "in_group_a_strength": 20, "target": [16.0, -39.0], "group_id": 0, "radius": 0.3}, {"in_group_r_range": 2.0, "out_group_r_strength": 64.0, "attractor_count": 48, "in_group_a_range": 2.8, "position": [5.96758275576719, 57.90862286628225], "target_a_strength": 22000000000, "friend_zone": [6, 75, 19, 69, 88, 27, 16, 53, 20, 34, 0, 83, 7, 2, 4, 58, 59, 43, 25, 13, 30, 21, 15, 84, 85, 36, 40, 33, 29, 57, 38, 26, 79, 66, 11, 45, 60, 71, 81, 48, 61, 68, 1, 55, 82, 18, 74, 95], "out_group_a_strength": 12.5, "pedestrian_id": 98, "out_group_a_range": 2.8, "out_group_r_range": 2.0, "in_group_r_strength": 40, "target_a_range": 435, "in_group_a_strength": 20, "target": [16.0, -39.0], "group_id": 1, "radius": 0.3}, {"in_group_r_range": 2.0, "out_group_r_strength": 64.0, "attractor_count": 48, "in_group_a_range": 2.8, "position": [-9.648777579260429, 40.99959036383943], "target_a_strength": 22000000000, "friend_zone": [90, 71, 26, 53, 51, 69, 81, 21, 1, 80, 50, 48, 88, 18, 39, 93, 67, 76, 6, 40, 56, 24, 22, 17, 73, 45, 32, 66, 2, 33, 62, 68, 92, 86, 61, 95, 52, 20, 77, 29, 28, 9, 44, 57, 27, 87, 37, 4], "out_group_a_strength": 12.5, "pedestrian_id": 99, "out_group_a_range": 2.8, "out_group_r_range": 2.0, "in_group_r_strength": 40, "target_a_range": 435, "in_group_a_strength": 20, "target": [16.0, -39.0], "group_id": 1, "radius": 0.3}]}