{"frame_second": "1400", "additional_id_existed_ped": {"0": [76, 78], "1": [79], "2": [], "3": [76, 77, 78], "4": [76, 77, 78], "5": [77], "6": [76, 77, 78], "7": [], "8": [76, 79], "9": [77, 79], "10": [77], "11": [77, 78, 79], "12": [78, 79], "13": [], "14": [76, 77, 78, 79], "15": [76, 77, 78, 79], "16": [78], "17": [76, 77, 78, 79], "18": [77, 79], "19": [77, 79], "20": [76, 77], "21": [76, 78], "22": [], "23": [76, 77, 78, 79], "24": [77, 78], "25": [76, 78], "26": [76, 77, 78, 79], "27": [79], "28": [76, 79], "29": [78, 79], "30": [76, 77, 79], "31": [78], "32": [], "33": [77, 79], "34": [76, 79], "35": [77, 79], "36": [78, 79], "37": [76, 77, 78], "38": [76, 77, 78], "39": [79], "40": [76, 77], "41": [], "42": [76, 78], "43": [77], "44": [76, 78], "45": [76, 78], "46": [76, 78], "47": [76, 77, 79], "48": [77, 79], "49": [76, 78, 79], "50": [76], "51": [], "52": [76, 77, 78, 79], "53": [76, 77], "54": [76, 77, 79], "55": [79], "56": [77, 79], "57": [77, 78, 79], "58": [76, 79], "59": [76, 79], "60": [76, 77, 78, 79], "61": [78, 79], "62": [79], "63": [76, 78], "64": [], "65": [77, 79], "66": [77, 78], "67": [77, 78, 79], "68": [77], "69": [77, 78], "70": [76, 77, 78], "71": [76], "72": [76, 77, 78], "73": [76, 78, 79], "74": [78, 79], "75": [76, 78]}, "pedestrian_list": [{"in_group_r_range": 2.0, "out_group_r_strength": 64.0, "attractor_count": 38, "in_group_a_range": 2.8, "position": [14.44765370756842, 65.04894846444348], "target_a_strength": 22000000000, "friend_zone": [35, 25, 57, 0, 73, 2, 53, 61, 62, 30, 71, 34, 69, 55, 47, 59, 63, 60, 22, 37, 14, 17, 74, 23, 51, 29, 28, 39, 46, 36, 7, 68, 3, 67, 75, 52, 9, 38], "out_group_a_strength": 12.5, "pedestrian_id": 76, "out_group_a_range": 2.8, "out_group_r_range": 2.0, "in_group_r_strength": 40, "target_a_range": 435, "in_group_a_strength": 20, "target": [16.0, -39.0], "group_id": 0, "radius": 0.3}, {"in_group_r_range": 2.0, "out_group_r_strength": 64.0, "attractor_count": 38, "in_group_a_range": 2.8, "position": [-1.82154879995572, 61.160680597342726], "target_a_strength": 22000000000, "friend_zone": [29, 26, 52, 58, 74, 34, 4, 32, 61, 39, 69, 8, 10, 14, 40, 31, 2, 24, 62, 20, 17, 11, 19, 9, 54, 45, 35, 30, 63, 50, 6, 72, 51, 43, 15, 22, 12, 66], "out_group_a_strength": 12.5, "pedestrian_id": 77, "out_group_a_range": 2.8, "out_group_r_range": 2.0, "in_group_r_strength": 40, "target_a_range": 435, "in_group_a_strength": 20, "target": [16.0, -39.0], "group_id": 0, "radius": 0.3}, {"in_group_r_range": 2.0, "out_group_r_strength": 64.0, "attractor_count": 38, "in_group_a_range": 2.8, "position": [-6.3959721568201, 42.94289406628625], "target_a_strength": 22000000000, "friend_zone": [4, 38, 35, 65, 73, 58, 37, 54, 50, 10, 67, 15, 46, 25, 42, 34, 17, 59, 41, 1, 0, 9, 66, 63, 69, 36, 12, 16, 52, 68, 55, 30, 7, 70, 11, 29, 74, 53], "out_group_a_strength": 12.5, "pedestrian_id": 78, "out_group_a_range": 2.8, "out_group_r_range": 2.0, "in_group_r_strength": 40, "target_a_range": 435, "in_group_a_strength": 20, "target": [16.0, -39.0], "group_id": 1, "radius": 0.3}, {"in_group_r_range": 2.0, "out_group_r_strength": 64.0, "attractor_count": 38, "in_group_a_range": 2.8, "position": [15.078751981198616, 40.98447621136562], "target_a_strength": 22000000000, "friend_zone": [35, 40, 23, 46, 21, 44, 9, 63, 13, 59, 19, 17, 74, 20, 69, 52, 57, 45, 34, 36, 68, 66, 4, 54, 25, 24, 27, 72, 47, 22, 42, 16, 58, 37, 12, 32, 26, 53], "out_group_a_strength": 12.5, "pedestrian_id": 79, "out_group_a_range": 2.8, "out_group_r_range": 2.0, "in_group_r_strength": 40, "target_a_range": 435, "in_group_a_strength": 20, "target": [16.0, -39.0], "group_id": 1, "radius": 0.3}]}