{"pedestrian_list": [{"radius": 0.3, "friend_zone": [172, 37, 173, 147, 217, 69, 110, 92, 107, 122, 222, 191, 38, 161, 120, 66, 86, 83, 124, 167, 176, 146, 205, 105, 157, 115, 126, 10, 170, 85, 156, 211, 190, 144, 208, 24, 9, 5, 29, 188, 68, 13, 214, 64, 185, 152, 106, 154, 41, 180, 117, 142, 63, 186, 128, 32, 12, 17, 44, 95, 67, 1, 206, 201, 62, 0, 80, 72, 65, 207, 200, 137, 99, 216, 56, 193, 119, 153, 35, 55, 51, 101, 78, 43, 109, 11, 73, 203, 209, 57, 14, 212, 8, 163, 175, 195, 84, 61, 4, 74, 112, 30, 140, 189, 134, 47, 96, 165, 104, 197, 118, 221, 53, 171], "in_group_a_range": 2.8, "in_group_r_strength": 40, "in_group_a_strength": 20, "target_a_range": 435, "position": [-7.035901309659438, 43.6135221047701], "out_group_a_range": 2.8, "attractor_count": 114, "out_group_r_strength": 64.0, "out_group_r_range": 2.0, "pedestrian_id": 228, "out_group_a_strength": 12.5, "in_group_r_range": 2.0, "group_id": 0, "target_a_strength": 22000000000, "target": [16.0, -39.0]}, {"radius": 0.3, "friend_zone": [204, 84, 186, 37, 102, 222, 179, 220, 25, 32, 64, 109, 34, 146, 52, 30, 87, 196, 156, 39, 138, 59, 81, 69, 94, 88, 180, 106, 131, 103, 168, 63, 182, 155, 171, 119, 224, 212, 61, 123, 153, 5, 45, 48, 178, 216, 40, 104, 85, 86, 163, 2, 3, 202, 28, 137, 82, 189, 18, 160, 75, 185, 132, 6, 105, 152, 17, 205, 101, 49, 20, 8, 12, 98, 95, 225, 172, 166, 13, 193, 9, 129, 36, 164, 91, 56, 66, 99, 157, 208, 141, 90, 148, 78, 174, 169, 223, 7, 67, 44, 111, 215, 154, 14, 192, 221, 110, 134, 181, 117, 46, 226, 158, 26], "in_group_a_range": 2.8, "in_group_r_strength": 40, "in_group_a_strength": 20, "target_a_range": 435, "position": [16.354000131047137, 46.196723026960775], "out_group_a_range": 2.8, "attractor_count": 114, "out_group_r_strength": 64.0, "out_group_r_range": 2.0, "pedestrian_id": 229, "out_group_a_strength": 12.5, "in_group_r_range": 2.0, "group_id": 0, "target_a_strength": 22000000000, "target": [16.0, -39.0]}, {"radius": 0.3, "friend_zone": [174, 18, 14, 225, 92, 12, 110, 170, 71, 101, 91, 39, 63, 150, 117, 4, 81, 201, 191, 28, 196, 20, 210, 123, 214, 192, 224, 208, 95, 23, 149, 79, 98, 27, 163, 221, 189, 47, 137, 11, 52, 16, 104, 199, 5, 55, 118, 96, 69, 188, 90, 33, 154, 15, 184, 36, 75, 127, 200, 129, 93, 185, 8, 46, 111, 128, 203, 219, 64, 146, 102, 222, 56, 209, 54, 103, 60, 171, 143, 195, 66, 40, 116, 161, 130, 9, 186, 87, 37, 35, 155, 74, 204, 58, 43, 207, 29, 53, 82, 61, 183, 220, 176, 10, 0, 216, 1, 3, 141, 217, 182, 114, 49, 19], "in_group_a_range": 2.8, "in_group_r_strength": 40, "in_group_a_strength": 20, "target_a_range": 435, "position": [13.780635235597817, 59.84938068260341], "out_group_a_range": 2.8, "attractor_count": 114, "out_group_r_strength": 64.0, "out_group_r_range": 2.0, "pedestrian_id": 230, "out_group_a_strength": 12.5, "in_group_r_range": 2.0, "group_id": 1, "target_a_strength": 22000000000, "target": [16.0, -39.0]}, {"radius": 0.3, "friend_zone": [34, 198, 97, 218, 207, 188, 221, 184, 131, 203, 84, 39, 187, 189, 116, 103, 16, 211, 159, 53, 172, 195, 33, 42, 11, 50, 158, 123, 19, 120, 204, 88, 114, 86, 176, 1, 209, 26, 205, 43, 95, 64, 173, 193, 154, 166, 56, 111, 102, 72, 130, 99, 71, 115, 190, 168, 155, 3, 28, 191, 147, 186, 67, 132, 104, 14, 41, 171, 163, 174, 124, 160, 15, 222, 134, 119, 161, 215, 149, 213, 62, 226, 85, 143, 118, 12, 225, 194, 150, 78, 74, 21, 6, 164, 59, 110, 144, 4, 98, 66, 58, 54, 93, 79, 140, 49, 57, 142, 55, 9, 153, 202, 81, 165], "in_group_a_range": 2.8, "in_group_r_strength": 40, "in_group_a_strength": 20, "target_a_range": 435, "position": [8.567480134083503, 50.77332927724443], "out_group_a_range": 2.8, "attractor_count": 114, "out_group_r_strength": 64.0, "out_group_r_range": 2.0, "pedestrian_id": 231, "out_group_a_strength": 12.5, "in_group_r_range": 2.0, "group_id": 1, "target_a_strength": 22000000000, "target": [16.0, -39.0]}], "additional_id_existed_ped": {"0": [228, 231], "1": [228, 231], "2": [228, 229, 230], "3": [228, 229, 231], "4": [229], "5": [228, 229, 230], "6": [228], "7": [230, 231], "8": [], "9": [228, 229, 230], "10": [], "11": [228, 229, 230, 231], "12": [231], "13": [229, 230, 231], "14": [228], "15": [229], "16": [228, 231], "17": [228, 229, 230], "18": [], "19": [], "20": [229, 230], "21": [228, 229, 230], "22": [228, 229, 230], "23": [230], "24": [228, 230, 231], "25": [228], "26": [229, 230], "27": [229, 231], "28": [228, 229, 231], "29": [228, 229, 230], "30": [229, 231], "31": [228, 229, 231], "32": [228, 229], "33": [230, 231], "34": [229], "35": [229], "36": [229, 230], "37": [228, 229, 231], "38": [228, 229], "39": [229, 231], "40": [228, 229, 231], "41": [231], "42": [229, 230], "43": [229, 230], "44": [229, 230], "45": [230], "46": [229, 231], "47": [228, 230, 231], "48": [228], "49": [228, 229], "50": [229, 231], "51": [229, 230, 231], "52": [228, 229, 231], "53": [228, 229, 230, 231], "54": [230], "55": [229, 231], "56": [231], "57": [228, 230], "58": [], "59": [230, 231], "60": [231], "61": [228], "62": [229, 230], "63": [230], "64": [229, 230, 231], "65": [230, 231], "66": [231], "67": [229], "68": [229], "69": [228, 229, 231], "70": [231], "71": [], "72": [228, 230], "73": [], "74": [228, 230], "75": [230], "76": [228, 230, 231], "77": [230], "78": [], "79": [228, 229, 230], "80": [228, 230, 231], "81": [228, 229, 230], "82": [228, 231], "83": [], "84": [], "85": [228, 230, 231], "86": [230], "87": [229, 230, 231], "88": [229, 230, 231], "89": [228, 229], "90": [228, 230], "91": [228, 229, 231], "92": [229, 230, 231], "93": [230, 231], "94": [228, 231], "95": [], "96": [228, 231], "97": [228, 229, 231], "98": [230], "99": [228, 229, 230, 231], "100": [230], "101": [230], "102": [229], "103": [230, 231], "104": [228, 230, 231], "105": [228, 229, 230], "106": [229, 230], "107": [228, 231], "108": [228], "109": [228, 231], "110": [228, 230, 231], "111": [228, 230, 231], "112": [230, 231], "113": [230, 231], "114": [228, 229, 231], "115": [228], "116": [228, 229, 231], "117": [228, 229, 230], "118": [228], "119": [228, 229, 231], "120": [228, 229, 230, 231], "121": [228, 229], "122": [228, 230, 231], "123": [229], "124": [228, 231], "125": [228, 230, 231], "126": [228, 230, 231], "127": [229, 230], "128": [229], "129": [228, 229, 231], "130": [229, 230], "131": [228, 230, 231], "132": [231], "133": [228, 231], "134": [228], "135": [228, 230], "136": [229], "137": [], "138": [229, 230, 231], "139": [228, 231], "140": [229], "141": [228, 230, 231], "142": [228, 229, 230], "143": [229, 230, 231], "144": [228, 229, 230, 231], "145": [229], "146": [228, 229], "147": [229, 231], "148": [228, 231], "149": [228, 230, 231], "150": [228, 230], "151": [228], "152": [228, 230, 231], "153": [229, 230], "154": [229, 230, 231], "155": [228], "156": [228, 231], "157": [228, 231], "158": [], "159": [228, 230, 231], "160": [228, 229, 230], "161": [228, 229, 231], "162": [229, 230], "163": [230, 231], "164": [], "165": [229, 230, 231], "166": [], "167": [229, 230, 231], "168": [229, 230], "169": [228, 229, 230, 231], "170": [229, 231], "171": [229, 231], "172": [229, 230, 231], "173": [229], "174": [228], "175": [228, 230, 231], "176": [228, 229, 231], "177": [229, 230], "178": [228, 231], "179": [228, 229, 230, 231], "180": [230], "181": [228, 230, 231], "182": [230], "183": [228, 230], "184": [228, 229, 230, 231], "185": [228, 229, 230, 231], "186": [229, 231], "187": [229], "188": [228, 230], "189": [228, 229, 231], "190": [230, 231], "191": [228, 229, 231], "192": [229, 231], "193": [229, 230], "194": [228, 229, 230], "195": [230], "196": [228, 229, 230], "197": [228, 229, 230, 231], "198": [230], "199": [228, 230], "200": [229], "201": [229, 230], "202": [231], "203": [228, 231], "204": [], "205": [228, 229], "206": [231], "207": [231], "208": [228, 229, 231], "209": [231], "210": [229, 230], "211": [228, 230, 231], "212": [230, 231], "213": [229], "214": [230], "215": [229, 231], "216": [228, 230], "217": [228, 229, 230, 231], "218": [], "219": [229], "220": [228, 229, 231],