{"frame_second": "500", "additional_id_existed_ped": {"0": [43], "1": [40, 43], "2": [41], "3": [40, 43], "4": [40, 41, 43], "5": [43], "6": [42], "7": [40, 43], "8": [40, 41, 42, 43], "9": [41, 42, 43], "10": [40, 43], "11": [], "12": [40, 42, 43], "13": [], "14": [41, 42], "15": [40, 41, 43], "16": [40, 42, 43], "17": [41, 43], "18": [40, 42], "19": [43], "20": [42], "21": [41, 42], "22": [41, 42], "23": [40, 42], "24": [], "25": [41, 42, 43], "26": [40, 41, 43], "27": [42], "28": [41, 42], "29": [41, 43], "30": [40], "31": [40, 41, 43], "32": [40, 41, 42], "33": [40, 41, 42], "34": [41, 42], "35": [40, 41, 42, 43], "36": [40], "37": [40], "38": [40, 41, 42, 43], "39": [41, 42]}, "pedestrian_list": [{"in_group_r_range": 2.0, "out_group_r_strength": 64.0, "attractor_count": 20, "in_group_a_range": 2.8, "position": [-7.015663074705567, 71.57237876108132], "target_a_strength": 22000000000, "friend_zone": [21, 2, 13, 19, 30, 35, 37, 38, 6, 24, 11, 5, 3, 28, 22, 18, 8, 33, 36, 14], "out_group_a_strength": 12.5, "pedestrian_id": 40, "out_group_a_range": 2.8, "out_group_r_range": 2.0, "in_group_r_strength": 40, "target_a_range": 435, "in_group_a_strength": 20, "target": [16.0, -39.0], "group_id": 0, "radius": 0.3}, {"in_group_r_range": 2.0, "out_group_r_strength": 64.0, "attractor_count": 20, "in_group_a_range": 2.8, "position": [16.391656576862445, 62.4326232888943], "target_a_strength": 22000000000, "friend_zone": [11, 8, 6, 26, 5, 32, 7, 21, 31, 30, 39, 20, 9, 34, 29, 23, 35, 14, 37, 18], "out_group_a_strength": 12.5, "pedestrian_id": 41, "out_group_a_range": 2.8, "out_group_r_range": 2.0, "in_group_r_strength": 40, "target_a_range": 435, "in_group_a_strength": 20, "target": [16.0, -39.0], "group_id": 0, "radius": 0.3}, {"in_group_r_range": 2.0, "out_group_r_strength": 64.0, "attractor_count": 20, "in_group_a_range": 2.8, "position": [6.625806374921739, 64.4053711271682], "target_a_strength": 22000000000, "friend_zone": [24, 33, 35, 30, 22, 18, 39, 9, 36, 32, 21, 1, 15, 29, 10, 27, 3, 34, 4, 16], "out_group_a_strength": 12.5, "pedestrian_id": 42, "out_group_a_range": 2.8, "out_group_r_range": 2.0, "in_group_r_strength": 40, "target_a_range": 435, "in_group_a_strength": 20, "target": [16.0, -39.0], "group_id": 1, "radius": 0.3}, {"in_group_r_range": 2.0, "out_group_r_strength": 64.0, "attractor_count": 20, "in_group_a_range": 2.8, "position": [0.10493134562651121, 44.25282820360701], "target_a_strength": 22000000000, "friend_zone": [27, 13, 18, 28, 29, 30, 25, 12, 39, 37, 9, 31, 16, 24, 19, 6, 8, 0, 34, 15], "out_group_a_strength": 12.5, "pedestrian_id": 43, "out_group_a_range": 2.8, "out_group_r_range": 2.0, "in_group_r_strength": 40, "target_a_range": 435, "in_group_a_strength": 20, "target": [16.0, -39.0], "group_id": 1, "radius": 0.3}]}