{"pedestrian_list": [{"radius": 0.3, "friend_zone": [245, 17, 77, 163, 103, 16, 229, 36, 253, 247, 75, 116, 88, 244, 106, 205, 213, 184, 147, 109, 223, 101, 160, 5, 113, 14, 90, 73, 158, 56, 112, 161, 198, 38, 63, 108, 137, 131, 31, 41, 156, 133, 234, 236, 51, 183, 37, 79, 217, 8, 87, 55, 196, 107, 241, 66, 69, 129, 154, 9, 98, 27, 49, 50, 186, 159, 235, 44, 39, 206, 64, 219, 120, 4, 172, 255, 246, 220, 150, 151, 164, 15, 134, 152, 71, 13, 28, 35, 252, 46, 250, 78, 239, 222, 170, 135, 100, 178, 25, 40, 185, 99, 182, 139, 53, 125, 197, 52, 174, 1, 80, 117, 146, 233, 30, 224, 195, 18, 249, 127, 128, 130, 33, 202, 91, 115, 121, 48], "in_group_a_range": 2.8, "in_group_r_strength": 40, "in_group_a_strength": 20, "target_a_range": 435, "position": [15.724557904894414, 46.86191199015094], "out_group_a_range": 2.8, "attractor_count": 128, "out_group_r_strength": 64.0, "out_group_r_range": 2.0, "pedestrian_id": 256, "out_group_a_strength": 12.5, "in_group_r_range": 2.0, "group_id": 0, "target_a_strength": 22000000000, "target": [16.0, -39.0]}, {"radius": 0.3, "friend_zone": [22, 139, 106, 80, 204, 18, 35, 58, 82, 53, 103, 190, 243, 234, 131, 25, 134, 49, 24, 52, 1, 111, 149, 132, 31, 61, 192, 30, 45, 211, 10, 193, 17, 124, 91, 177, 55, 9, 217, 240, 73, 13, 38, 105, 121, 142, 87, 85, 203, 69, 167, 150, 6, 208, 202, 156, 170, 141, 159, 205, 77, 46, 2, 151, 101, 110, 194, 213, 235, 8, 212, 140, 4, 145, 39, 34, 206, 26, 21, 65, 146, 67, 95, 249, 98, 29, 56, 57, 59, 107, 237, 117, 102, 210, 93, 164, 27, 128, 66, 143, 172, 64, 51, 171, 181, 63, 108, 184, 196, 197, 100, 229, 125, 173, 183, 129, 250, 188, 118, 191, 72, 138, 81, 227, 219, 236, 245, 223], "in_group_a_range": 2.8, "in_group_r_strength": 40, "in_group_a_strength": 20, "target_a_range": 435, "position": [12.46238641083449, 47.50715179068401], "out_group_a_range": 2.8, "attractor_count": 128, "out_group_r_strength": 64.0, "out_group_r_range": 2.0, "pedestrian_id": 257, "out_group_a_strength": 12.5, "in_group_r_range": 2.0, "group_id": 0, "target_a_strength": 22000000000, "target": [16.0, -39.0]}, {"radius": 0.3, "friend_zone": [227, 72, 90, 39, 144, 71, 233, 9, 136, 94, 150, 208, 25, 106, 77, 10, 125, 69, 102, 5, 17, 108, 196, 245, 246, 169, 8, 243, 189, 20, 40, 65, 209, 157, 133, 179, 113, 215, 177, 149, 109, 12, 134, 14, 11, 4, 88, 204, 214, 49, 55, 91, 74, 79, 148, 19, 117, 29, 44, 210, 224, 38, 186, 212, 146, 176, 81, 45, 137, 166, 159, 206, 156, 170, 228, 185, 30, 240, 13, 61, 92, 124, 86, 42, 167, 152, 216, 53, 52, 114, 165, 62, 178, 56, 116, 141, 130, 59, 226, 237, 249, 201, 220, 236, 193, 143, 225, 234, 129, 98, 89, 95, 192, 37, 198, 139, 18, 200, 231, 254, 66, 195, 78, 155, 183, 147, 64, 253], "in_group_a_range": 2.8, "in_group_r_strength": 40, "in_group_a_strength": 20, "target_a_range": 435, "position": [-3.1095357495683724, 38.381373740079205], "out_group_a_range": 2.8, "attractor_count": 128, "out_group_r_strength": 64.0, "out_group_r_range": 2.0, "pedestrian_id": 258, "out_group_a_strength": 12.5, "in_group_r_range": 2.0, "group_id": 1, "target_a_strength": 22000000000, "target": [16.0, -39.0]}, {"radius": 0.3, "friend_zone": [160, 27, 102, 128, 74, 4, 107, 200, 91, 163, 146, 48, 95, 147, 94, 26, 61, 140, 135, 20, 88, 10, 179, 171, 64, 81, 0, 43, 214, 98, 152, 80, 250, 167, 42, 224, 168, 118, 24, 67, 231, 40, 14, 245, 201, 45, 195, 174, 141, 62, 194, 132, 105, 87, 97, 197, 188, 158, 123, 191, 229, 56, 238, 12, 240, 186, 218, 248, 236, 150, 220, 203, 60, 7, 111, 78, 53, 244, 89, 138, 202, 162, 209, 249, 35, 241, 38, 151, 13, 233, 235, 253, 165, 99, 100, 131, 217, 136, 37, 175, 182, 227, 239, 221, 36, 110, 25, 72, 122, 55, 96, 189, 127, 216, 11, 124, 149, 223, 252, 120, 225, 161, 134, 181, 156, 208, 143, 137], "in_group_a_range": 2.8, "in_group_r_strength": 40, "in_group_a_strength": 20, "target_a_range": 435, "position": [5.34356421941533, 43.62492608325699], "out_group_a_range": 2.8, "attractor_count": 128, "out_group_r_strength": 64.0, "out_group_r_range": 2.0, "pedestrian_id": 259, "out_group_a_strength": 12.5, "in_group_r_range": 2.0, "group_id": 1, "target_a_strength": 22000000000, "target": [16.0, -39.0]}], "additional_id_existed_ped": {"0": [257, 258, 259], "1": [257, 258], "2": [256, 258, 259], "3": [257], "4": [256, 259], "5": [256, 257, 258], "6": [258, 259], "7": [256], "8": [256, 257], "9": [256, 257, 259], "10": [257], "11": [256, 257, 258], "12": [], "13": [258, 259], "14": [256, 259], "15": [256], "16": [256, 257], "17": [258], "18": [257, 258], "19": [258, 259], "20": [257, 258, 259], "21": [256], "22": [257], "23": [258], "24": [257, 258], "25": [257, 259], "26": [256, 257], "27": [256, 257], "28": [257, 258], "29": [256, 257, 258, 259], "30": [257, 258], "31": [257, 258, 259], "32": [256], "33": [257, 259], "34": [256, 257, 258, 259], "35": [258, 259], "36": [259], "37": [], "38": [257, 258, 259], "39": [257, 258], "40": [257], "41": [256, 257, 259], "42": [256, 257, 259], "43": [256, 257, 258, 259], "44": [257], "45": [259], "46": [257, 258, 259], "47": [258, 259], "48": [], "49": [256, 259], "50": [257, 259], "51": [257, 258], "52": [257], "53": [258, 259], "54": [259], "55": [258, 259], "56": [257, 258], "57": [257, 259], "58": [258], "59": [256, 258, 259], "60": [256, 258, 259], "61": [256, 257, 258, 259], "62": [257, 258], "63": [256, 257], "64": [259], "65": [257, 259], "66": [257, 258, 259], "67": [256, 259], "68": [256, 258, 259], "69": [257, 259], "70": [256, 258], "71": [256], "72": [], "73": [256, 258, 259], "74": [256], "75": [256, 257, 258, 259], "76": [256, 257, 258], "77": [256, 257, 258], "78": [], "79": [256, 259], "80": [256, 257, 258], "81": [256, 257, 258, 259], "82": [256, 257, 258, 259], "83": [256, 257], "84": [], "85": [258, 259], "86": [256, 257, 258], "87": [259], "88": [256], "89": [257, 258, 259], "90": [256, 258], "91": [256, 257], "92": [256], "93": [256, 257, 259], "94": [257, 259], "95": [258, 259], "96": [256, 257, 259], "97": [256, 258, 259], "98": [256, 257, 259], "99": [256, 259], "100": [256, 257, 259], "101": [256, 257, 258], "102": [], "103": [256, 258], "104": [257, 258], "105": [256, 258], "106": [256, 257, 258], "107": [256, 257, 258, 259], "108": [258, 259], "109": [256, 258], "110": [258], "111": [258], "112": [256, 257], "113": [257, 258, 259], "114": [256, 258], "115": [257], "116": [257, 258], "117": [257, 258], "118": [], "119": [258], "120": [256], "121": [256, 257], "122": [257, 258, 259], "123": [256, 259], "124": [256, 257, 258], "125": [256, 258], "126": [257], "127": [], "128": [256, 259], "129": [256, 258, 259], "130": [], "131": [258], "132": [256, 259], "133": [256, 257, 259], "134": [258], "135": [], "136": [256, 257, 259], "137": [257, 259], "138": [257], "139": [256, 257, 258], "140": [256, 258, 259], "141": [256, 259], "142": [256, 257, 259], "143": [257, 258, 259], "144": [258], "145": [256, 257, 258, 259], "146": [259], "147": [256, 259], "148": [], "149": [256, 258], "150": [256, 257], "151": [257], "152": [256, 258], "153": [257, 258], "154": [256, 257], "155": [257, 258, 259], "156": [256], "157": [257], "158": [257, 258, 259], "159": [257, 259], "160": [258, 259], "161": [259], "162": [256, 258, 259], "163": [256, 257, 258], "164": [256, 257, 259], "165": [256, 257, 258], "166": [256, 258, 259], "167": [259], "168": [256, 257, 258], "169": [256, 258], "170": [259], "171": [257, 258], "172": [258, 259], "173": [257, 259], "174": [256, 258], "175": [256, 259], "176": [256], "177": [256, 257, 258, 259], "178": [257, 258, 259], "179": [256, 257, 259], "180": [257, 258, 259], "181": [256, 257], "182": [256], "183": [], "184": [256], "185": [259], "186": [], "187": [256, 259], "188": [256, 257], "189": [256, 257, 259], "190": [256, 259], "191": [], "192": [256, 258, 259], "193": [256, 257, 258], "194": [258], "195": [257, 258, 259], "196": [256, 258, 259], "197": [256, 257, 258, 259], "198": [256, 258, 259], "199": [258, 259], "200": [256, 258, 259], "201": [257, 258, 259], "202": [256, 257, 258], "203": [256],