{"frame_second": "2000", "additional_id_existed_ped": {"0": [], "1": [100], "2": [100, 101], "3": [100, 103], "4": [101, 102], "5": [100, 101], "6": [100, 102, 103], "7": [], "8": [100, 101], "9": [101, 102, 103], "10": [100, 101, 102, 103], "11": [100, 102, 103], "12": [103], "13": [102], "14": [100, 103], "15": [102, 103], "16": [103], "17": [102], "18": [100, 103], "19": [100, 101, 103], "20": [100, 101, 102, 103], "21": [102, 103], "22": [100, 103], "23": [100, 101, 102, 103], "24": [101, 103], "25": [100], "26": [101, 102, 103], "27": [100, 101], "28": [101, 102, 103], "29": [], "30": [100, 101, 102], "31": [100, 101, 103], "32": [101, 102, 103], "33": [101], "34": [102], "35": [100, 101, 103], "36": [102], "37": [101, 102, 103], "38": [101, 103], "39": [101], "40": [100, 101, 102], "41": [100, 102, 103], "42": [100, 101, 103], "43": [100, 102, 103], "44": [100, 101, 103], "45": [101, 102], "46": [], "47": [], "48": [101], "49": [100, 102], "50": [100, 101, 103], "51": [101, 102, 103], "52": [100, 101, 102], "53": [], "54": [101, 103], "55": [101, 103], "56": [101, 103], "57": [100, 102], "58": [102, 103], "59": [102], "60": [100, 101, 102], "61": [101, 102, 103], "62": [100, 101, 102], "63": [102], "64": [100, 102, 103], "65": [100, 102, 103], "66": [102, 103], "67": [], "68": [103], "69": [100, 103], "70": [100, 102], "71": [101], "72": [103], "73": [], "74": [102], "75": [100, 101], "76": [100, 101], "77": [102, 103], "78": [101, 102], "79": [100, 101, 103], "80": [100, 101, 102, 103], "81": [102, 103], "82": [102, 103], "83": [101, 102], "84": [100, 101, 102], "85": [], "86": [100, 101], "87": [100, 101, 102, 103], "88": [100, 103], "89": [100, 101], "90": [100], "91": [100], "92": [101, 102], "93": [100, 102, 103], "94": [100, 102], "95": [], "96": [100, 101], "97": [100, 101, 102], "98": [102, 103], "99": [100, 101, 103]}, "pedestrian_list": [{"in_group_r_range": 2.0, "out_group_r_strength": 64.0, "attractor_count": 50, "in_group_a_range": 2.8, "position": [18.986104742539464, 70.25325498272154], "target_a_strength": 22000000000, "friend_zone": [53, 95, 43, 36, 69, 9, 32, 54, 78, 47, 50, 98, 46, 11, 23, 89, 60, 79, 35, 75, 65, 92, 29, 81, 66, 94, 59, 85, 83, 39, 22, 40, 84, 6, 5, 56, 4, 21, 71, 16, 3, 93, 88, 90, 15, 28, 49, 51, 70, 42], "out_group_a_strength": 12.5, "pedestrian_id": 100, "out_group_a_range": 2.8, "out_group_r_range": 2.0, "in_group_r_strength": 40, "target_a_range": 435, "in_group_a_strength": 20, "target": [16.0, -39.0], "group_id": 0, "radius": 0.3}, {"in_group_r_range": 2.0, "out_group_r_strength": 64.0, "attractor_count": 50, "in_group_a_range": 2.8, "position": [5.96488859208313, 65.6987630362435], "target_a_strength": 22000000000, "friend_zone": [72, 75, 32, 49, 4, 31, 12, 24, 94, 61, 92, 65, 38, 30, 68, 9, 59, 85, 70, 81, 55, 96, 74, 29, 1, 22, 8, 51, 21, 3, 17, 57, 19, 0, 50, 20, 48, 87, 93, 34, 11, 13, 14, 37, 42, 56, 73, 45, 5, 78], "out_group_a_strength": 12.5, "pedestrian_id": 101, "out_group_a_range": 2.8, "out_group_r_range": 2.0, "in_group_r_strength": 40, "target_a_range": 435, "in_group_a_strength": 20, "target": [16.0, -39.0], "group_id": 0, "radius": 0.3}, {"in_group_r_range": 2.0, "out_group_r_strength": 64.0, "attractor_count": 50, "in_group_a_range": 2.8, "position": [17.03871741923394, 55.9642278366797], "target_a_strength": 22000000000, "friend_zone": [40, 12, 2, 89, 71, 57, 84, 52, 21, 8, 78, 43, 19, 96, 27, 48, 41, 94, 79, 95, 36, 17, 99, 88, 73, 23, 34, 45, 81, 55, 31, 50, 14, 82, 39, 47, 90, 30, 69, 28, 83, 13, 56, 16, 72, 98, 44, 77, 53, 46], "out_group_a_strength": 12.5, "pedestrian_id": 102, "out_group_a_range": 2.8, "out_group_r_range": 2.0, "in_group_r_strength": 40, "target_a_range": 435, "in_group_a_strength": 20, "target": [16.0, -39.0], "group_id": 1, "radius": 0.3}, {"in_group_r_range": 2.0, "out_group_r_strength": 64.0, "attractor_count": 50, "in_group_a_range": 2.8, "position": [11.834233889182896, 52.03248724139004], "target_a_strength": 22000000000, "friend_zone": [59, 22, 66, 48, 9, 40, 58, 18, 14, 43, 89, 8, 17, 56, 68, 44, 38, 10, 25, 34, 79, 15, 37, 23, 65, 78, 52, 98, 29, 75, 96, 63, 95, 91, 28, 1, 82, 72, 81, 93, 35, 77, 6, 86, 45, 3, 57, 84, 7, 92], "out_group_a_strength": 12.5, "pedestrian_id": 103, "out_group_a_range": 2.8, "out_group_r_range": 2.0, "in_group_r_strength": 40, "target_a_range": 435, "in_group_a_strength": 20, "target": [16.0, -39.0], "group_id": 1, "radius": 0.3}]}