{"pedestrian_list": [{"radius": 0.3, "friend_zone": [144, 122, 17, 246, 159, 167, 73, 148, 104, 138, 164, 124, 205, 188, 178, 109, 106, 132, 235, 37, 222, 55, 185, 60, 52, 44, 64, 61, 210, 216, 19, 200, 40, 76, 77, 96, 170, 49, 83, 214, 84, 208, 7, 82, 133, 118, 139, 197, 142, 202, 140, 121, 26, 190, 243, 53, 46, 245, 39, 91, 115, 79, 224, 69, 29, 15, 141, 2, 75, 194, 128, 220, 191, 137, 181, 119, 161, 54, 228, 116, 175, 38, 177, 134, 13, 211, 213, 163, 226, 180, 136, 126, 176, 4, 101, 59, 233, 227, 229, 30, 182, 98, 195, 1, 99, 150, 201, 58, 102, 3, 149, 172, 81, 236, 129, 113, 169, 189, 135, 6, 184, 239, 86, 22], "in_group_a_range": 2.8, "in_group_r_strength": 40, "in_group_a_strength": 20, "target_a_range": 435, "position": [0.7617618380998848, 67.01657335000874], "out_group_a_range": 2.8, "attractor_count": 124, "out_group_r_strength": 64.0, "out_group_r_range": 2.0, "pedestrian_id": 248, "out_group_a_strength": 12.5, "in_group_r_range": 2.0, "group_id": 0, "target_a_strength": 22000000000, "target": [16.0, -39.0]}, {"radius": 0.3, "friend_zone": [109, 6, 56, 134, 108, 145, 141, 37, 177, 168, 36, 172, 166, 104, 88, 51, 202, 19, 190, 210, 13, 128, 8, 17, 194, 44, 196, 208, 139, 25, 212, 159, 62, 10, 174, 165, 86, 130, 76, 232, 78, 33, 231, 183, 234, 138, 121, 48, 160, 123, 22, 150, 140, 100, 41, 89, 153, 74, 154, 240, 203, 1, 14, 45, 94, 20, 244, 230, 188, 67, 82, 122, 132, 34, 179, 75, 114, 170, 219, 176, 201, 118, 217, 221, 178, 124, 27, 24, 147, 158, 184, 226, 189, 53, 40, 127, 31, 0, 238, 59, 11, 164, 38, 241, 57, 205, 49, 110, 214, 215, 218, 222, 224, 171, 239, 96, 195, 84, 30, 152, 198, 61, 207, 161], "in_group_a_range": 2.8, "in_group_r_strength": 40, "in_group_a_strength": 20, "target_a_range": 435, "position": [5.3249522532681475, 60.52435524737539], "out_group_a_range": 2.8, "attractor_count": 124, "out_group_r_strength": 64.0, "out_group_r_range": 2.0, "pedestrian_id": 249, "out_group_a_strength": 12.5, "in_group_r_range": 2.0, "group_id": 0, "target_a_strength": 22000000000, "target": [16.0, -39.0]}, {"radius": 0.3, "friend_zone": [167, 218, 19, 204, 73, 60, 236, 185, 184, 78, 93, 172, 126, 171, 127, 89, 18, 37, 69, 246, 129, 49, 143, 64, 102, 70, 135, 228, 214, 83, 222, 206, 114, 50, 61, 28, 21, 241, 234, 119, 38, 160, 22, 182, 20, 0, 8, 149, 150, 170, 202, 243, 244, 177, 74, 14, 101, 108, 213, 156, 186, 158, 230, 68, 169, 4, 46, 10, 188, 51, 103, 86, 117, 66, 87, 192, 72, 183, 94, 227, 151, 124, 161, 26, 27, 91, 220, 212, 111, 75, 168, 163, 181, 71, 152, 15, 24, 53, 173, 142, 221, 35, 105, 130, 195, 224, 219, 154, 231, 199, 133, 148, 144, 2, 242, 191, 59, 99, 157, 164, 32, 166, 194, 210], "in_group_a_range": 2.8, "in_group_r_strength": 40, "in_group_a_strength": 20, "target_a_range": 435, "position": [2.743882903107217, 68.29848199038517], "out_group_a_range": 2.8, "attractor_count": 124, "out_group_r_strength": 64.0, "out_group_r_range": 2.0, "pedestrian_id": 250, "out_group_a_strength": 12.5, "in_group_r_range": 2.0, "group_id": 1, "target_a_strength": 22000000000, "target": [16.0, -39.0]}, {"radius": 0.3, "friend_zone": [154, 67, 233, 51, 120, 205, 221, 182, 80, 22, 16, 104, 32, 174, 78, 136, 45, 85, 132, 112, 91, 114, 19, 212, 204, 151, 188, 198, 100, 241, 9, 92, 93, 141, 12, 129, 168, 194, 128, 230, 172, 165, 183, 124, 239, 77, 42, 195, 179, 83, 193, 10, 209, 190, 40, 108, 138, 71, 2, 189, 44, 197, 201, 234, 147, 24, 192, 57, 99, 62, 34, 211, 23, 160, 215, 3, 18, 121, 173, 178, 35, 58, 107, 49, 134, 236, 26, 43, 79, 30, 29, 109, 48, 126, 53, 54, 115, 240, 47, 185, 27, 171, 244, 103, 117, 86, 218, 219, 155, 17, 127, 89, 247, 116, 39, 243, 50, 61, 231, 149, 111, 228, 217, 75], "in_group_a_range": 2.8, "in_group_r_strength": 40, "in_group_a_strength": 20, "target_a_range": 435, "position": [15.733162080097822, 37.1132280480075], "out_group_a_range": 2.8, "attractor_count": 124, "out_group_r_strength": 64.0, "out_group_r_range": 2.0, "pedestrian_id": 251, "out_group_a_strength": 12.5, "in_group_r_range": 2.0, "group_id": 1, "target_a_strength": 22000000000, "target": [16.0, -39.0]}], "additional_id_existed_ped": {"0": [248, 250], "1": [248, 249, 250, 251], "2": [250, 251], "3": [248, 249], "4": [249, 251], "5": [], "6": [248, 249, 251], "7": [249], "8": [248, 249, 250, 251], "9": [249, 251], "10": [248, 250, 251], "11": [248, 250], "12": [248, 249, 250, 251], "13": [248, 249, 250], "14": [249, 250, 251], "15": [250], "16": [249, 250], "17": [248, 250, 251], "18": [249], "19": [251], "20": [251], "21": [249, 251], "22": [249, 250, 251], "23": [248, 249], "24": [248, 251], "25": [249, 251], "26": [248, 250, 251], "27": [250, 251], "28": [250], "29": [249, 250], "30": [248, 249, 250, 251], "31": [248, 249, 250], "32": [249, 251], "33": [248, 250, 251], "34": [248, 249, 250], "35": [249, 250, 251], "36": [249, 250, 251], "37": [250], "38": [248, 251], "39": [250], "40": [248, 249, 250, 251], "41": [249, 251], "42": [249, 251], "43": [248, 251], "44": [248, 251], "45": [248, 249, 251], "46": [249, 250, 251], "47": [249, 250], "48": [248, 250], "49": [248, 249], "50": [251], "51": [250], "52": [248, 251], "53": [249], "54": [248, 250], "55": [249, 250], "56": [249, 251], "57": [248, 250, 251], "58": [250], "59": [251], "60": [249, 250, 251], "61": [249, 251], "62": [249, 251], "63": [248, 251], "64": [248], "65": [250], "66": [248, 251], "67": [248, 249, 250], "68": [248, 251], "69": [248, 249, 251], "70": [250], "71": [250, 251], "72": [248, 249], "73": [248, 249, 250], "74": [251], "75": [248, 250], "76": [249, 251], "77": [249, 250, 251], "78": [249, 251], "79": [248, 250], "80": [248, 250], "81": [], "82": [248, 251], "83": [249, 250], "84": [249, 250], "85": [249], "86": [249], "87": [248, 249, 250, 251], "88": [250], "89": [250, 251], "90": [251], "91": [248, 251], "92": [250], "93": [248, 250], "94": [248, 249], "95": [249, 250, 251], "96": [248, 249, 251], "97": [249, 250, 251], "98": [248, 250, 251], "99": [248, 249, 250], "100": [251], "101": [248], "102": [250, 251], "103": [251], "104": [248, 251], "105": [248, 249, 250, 251], "106": [248, 249, 250], "107": [248, 250, 251], "108": [248, 251], "109": [251], "110": [249], "111": [248, 249, 250, 251], "112": [250, 251], "113": [], "114": [249, 250, 251], "115": [249], "116": [248, 250], "117": [249, 250], "118": [248, 249, 251], "119": [248, 249, 250, 251], "120": [248, 250], "121": [248, 249, 251], "122": [248, 249, 250], "123": [248, 249, 250], "124": [251], "125": [248, 250, 251], "126": [250], "127": [250], "128": [], "129": [249, 250], "130": [248, 251], "131": [249, 251], "132": [248, 249], "133": [249, 250, 251], "134": [248, 250], "135": [248], "136": [248, 251], "137": [250, 251], "138": [248, 249, 251], "139": [249], "140": [249, 250], "141": [248], "142": [248, 249, 250, 251], "143": [248, 250], "144": [249, 250, 251], "145": [248, 249, 251], "146": [248, 250, 251], "147": [248, 249, 251], "148": [249, 250, 251], "149": [250], "150": [249, 250, 251], "151": [249, 250, 251], "152": [249, 250], "153": [248, 250], "154": [248, 249, 250, 251], "155": [248, 250], "156": [], "157": [248, 249, 250], "158": [248, 251], "159": [248, 251], "160": [248], "161": [248], "162": [248], "163": [], "164": [248, 249, 251], "165": [249], "166": [248, 250, 251], "167": [248, 249, 250], "168": [250], "169": [], "170": [248, 250], "171": [251], "172": [248, 249, 251], "173": [248], "174": [250], "175": [], "176": [250], "177": [248, 249, 251], "178": [248, 251], "179": [], "180": [249, 251], "181": [248, 249, 250], "182": [250], "183": [250], "184": [], "185": [249, 250, 251], "186": [248, 249], "187": [248, 249, 251], "188": [248, 251], "189": [248, 250, 251], "190": [251], "191": [248, 249], "192": [248, 249, 251], "193": [248, 251], "194": [248, 251], "195": [248, 250, 251], "196": [], "197": [248, 250], "198": [248, 249, 250, 251], "199": [250], "200": [248, 249, 250], "201": [248, 251], "202": [249, 251], "203": [248, 249, 250], "204": [249], "205": [248, 250], "206": [249, 251],