{"frame_second": "1200", "additional_id_existed_ped": {"0": [70], "1": [68, 69, 70, 71], "2": [68, 69, 71], "3": [], "4": [68, 69, 70, 71], "5": [68, 70], "6": [68, 69, 70, 71], "7": [68, 69, 71], "8": [69, 71], "9": [68, 70], "10": [68, 70, 71], "11": [68, 70], "12": [68, 69, 71], "13": [68, 71], "14": [], "15": [68, 70], "16": [70], "17": [69], "18": [70, 71], "19": [68, 69, 70], "20": [70, 71], "21": [68, 70], "22": [68, 69, 70], "23": [69], "24": [68, 69], "25": [71], "26": [68, 69, 71], "27": [71], "28": [69, 70], "29": [71], "30": [71], "31": [69, 70], "32": [68, 69, 71], "33": [68, 70, 71], "34": [68, 70, 71], "35": [69, 70], "36": [71], "37": [68, 69], "38": [68, 70], "39": [68, 69], "40": [70], "41": [68, 71], "42": [68, 69, 71], "43": [70], "44": [70], "45": [68, 70, 71], "46": [69], "47": [], "48": [68, 69, 70, 71], "49": [69, 70, 71], "50": [69], "51": [68], "52": [69], "53": [69], "54": [69, 70, 71], "55": [71], "56": [68, 71], "57": [68, 69, 70], "58": [69, 71], "59": [68, 69, 70, 71], "60": [71], "61": [], "62": [68, 69, 70, 71], "63": [68, 69, 70, 71], "64": [69], "65": [70, 71], "66": [70], "67": [68, 69]}, "pedestrian_list": [{"in_group_r_range": 2.0, "out_group_r_strength": 64.0, "attractor_count": 34, "in_group_a_range": 2.8, "position": [-8.989148917469576, 37.733345025530625], "target_a_strength": 22000000000, "friend_zone": [9, 50, 33, 10, 43, 30, 31, 53, 6, 21, 40, 51, 27, 15, 34, 8, 26, 59, 52, 47, 25, 11, 35, 16, 22, 32, 19, 48, 7, 4, 39, 56, 20, 36], "out_group_a_strength": 12.5, "pedestrian_id": 68, "out_group_a_range": 2.8, "out_group_r_range": 2.0, "in_group_r_strength": 40, "target_a_range": 435, "in_group_a_strength": 20, "target": [16.0, -39.0], "group_id": 0, "radius": 0.3}, {"in_group_r_range": 2.0, "out_group_r_strength": 64.0, "attractor_count": 34, "in_group_a_range": 2.8, "position": [5.3222963978251325, 45.5291921878546], "target_a_strength": 22000000000, "friend_zone": [15, 24, 36, 31, 55, 32, 9, 1, 50, 17, 27, 44, 39, 41, 51, 52, 66, 58, 49, 16, 5, 63, 18, 60, 38, 61, 21, 26, 65, 33, 43, 45, 40, 8], "out_group_a_strength": 12.5, "pedestrian_id": 69, "out_group_a_range": 2.8, "out_group_r_range": 2.0, "in_group_r_strength": 40, "target_a_range": 435, "in_group_a_strength": 20, "target": [16.0, -39.0], "group_id": 0, "radius": 0.3}, {"in_group_r_range": 2.0, "out_group_r_strength": 64.0, "attractor_count": 34, "in_group_a_range": 2.8, "position": [-1.814508656402406, 49.453476142995605], "target_a_strength": 22000000000, "friend_zone": [25, 41, 65, 3, 53, 55, 36, 24, 48, 15, 28, 0, 8, 22, 61, 39, 44, 63, 43, 29, 45, 16, 64, 9, 20, 7, 56, 14, 57, 35, 50, 4, 67, 60], "out_group_a_strength": 12.5, "pedestrian_id": 70, "out_group_a_range": 2.8, "out_group_r_range": 2.0, "in_group_r_strength": 40, "target_a_range": 435, "in_group_a_strength": 20, "target": [16.0, -39.0], "group_id": 1, "radius": 0.3}, {"in_group_r_range": 2.0, "out_group_r_strength": 64.0, "attractor_count": 34, "in_group_a_range": 2.8, "position": [11.181530370225364, 70.24420894769924], "target_a_strength": 22000000000, "friend_zone": [24, 63, 9, 1, 3, 29, 54, 50, 35, 7, 60, 45, 44, 10, 47, 64, 17, 25, 58, 66, 31, 62, 65, 19, 40, 67, 37, 51, 48, 14, 46, 38, 42, 32], "out_group_a_strength": 12.5, "pedestrian_id": 71, "out_group_a_range": 2.8, "out_group_r_range": 2.0, "in_group_r_strength": 40, "target_a_range": 435, "in_group_a_strength": 20, "target": [16.0, -39.0], "group_id": 1, "radius": 0.3}]}