{"pedestrian_list": [{"radius": 0.3, "friend_zone": [308, 212, 105, 305, 126, 100, 210, 262, 135, 174, 152, 227, 240, 247, 24, 193, 249, 124, 275, 268, 205, 161, 96, 165, 171, 112, 266, 1, 185, 150, 211, 21, 197, 144, 213, 169, 255, 296, 84, 92, 170, 110, 15, 259, 11, 195, 189, 250, 82, 60, 274, 281, 2, 141, 173, 243, 272, 244, 26, 162, 17, 202, 180, 223, 182, 148, 51, 224, 76, 19, 87, 201, 309, 88, 125, 238, 229, 304, 218, 115, 199, 38, 208, 83, 70, 233, 142, 27, 175, 89, 230, 261, 113, 36, 16, 290, 228, 184, 265, 136, 128, 254, 236, 23, 50, 301, 176, 139, 191, 225, 280, 43, 108, 93, 217, 235, 183, 103, 257, 79, 54, 33, 291, 104, 119, 168, 258, 73, 30, 61, 25, 271, 192, 146, 74, 194, 9, 166, 187, 80, 231, 56, 200, 6, 302, 177, 285, 186, 46, 37, 134, 256, 49, 143, 263, 12], "in_group_a_range": 2.8, "in_group_r_strength": 40, "in_group_a_strength": 20, "target_a_range": 435, "position": [15.722117509082778, 71.55781647051828], "out_group_a_range": 2.8, "attractor_count": 156, "out_group_r_strength": 64.0, "out_group_r_range": 2.0, "pedestrian_id": 312, "out_group_a_strength": 12.5, "in_group_r_range": 2.0, "group_id": 0, "target_a_strength": 22000000000, "target": [16.0, -39.0]}, {"radius": 0.3, "friend_zone": [28, 171, 230, 75, 289, 141, 166, 67, 107, 15, 285, 238, 179, 184, 126, 158, 241, 2, 133, 290, 188, 16, 144, 163, 46, 47, 214, 36, 296, 293, 204, 152, 45, 23, 237, 308, 3, 253, 139, 122, 202, 225, 81, 227, 42, 130, 6, 160, 72, 136, 51, 302, 247, 210, 57, 116, 298, 234, 129, 254, 40, 84, 205, 176, 164, 109, 288, 21, 161, 82, 128, 282, 170, 213, 278, 39, 147, 291, 269, 80, 22, 193, 243, 270, 76, 232, 38, 187, 180, 208, 69, 90, 153, 226, 297, 216, 294, 61, 110, 167, 31, 101, 173, 10, 303, 284, 62, 228, 13, 143, 215, 262, 174, 206, 149, 274, 221, 231, 203, 4, 14, 100, 63, 209, 194, 259, 146, 142, 18, 49, 233, 91, 134, 159, 104, 246, 264, 50, 168, 106, 17, 182, 60, 300, 157, 127, 190, 257, 59, 255, 53, 34, 283, 64, 52, 198], "in_group_a_range": 2.8, "in_group_r_strength": 40, "in_group_a_strength": 20, "target_a_range": 435, "position": [6.6190098881326405, 64.41194629249313], "out_group_a_range": 2.8, "attractor_count": 156, "out_group_r_strength": 64.0, "out_group_r_range": 2.0, "pedestrian_id": 313, "out_group_a_strength": 12.5, "in_group_r_range": 2.0, "group_id": 0, "target_a_strength": 22000000000, "target": [16.0, -39.0]}, {"radius": 0.3, "friend_zone": [136, 41, 157, 169, 193, 202, 121, 6, 9, 172, 141, 18, 88, 31, 12, 280, 297, 114, 182, 81, 250, 305, 217, 240, 298, 56, 189, 219, 299, 253, 143, 265, 19, 5, 220, 54, 45, 231, 158, 86, 302, 268, 109, 23, 197, 50, 150, 258, 186, 307, 59, 233, 133, 281, 291, 132, 148, 288, 185, 119, 71, 91, 274, 164, 10, 176, 65, 103, 236, 290, 113, 105, 243, 20, 304, 159, 264, 255, 101, 106, 142, 115, 15, 140, 289, 60, 247, 83, 92, 273, 82, 248, 36, 107, 32, 96, 27, 1, 256, 21, 69, 39, 223, 48, 309, 221, 161, 80, 24, 34, 162, 146, 286, 8, 306, 194, 57, 213, 203, 118, 228, 149, 187, 52, 260, 131, 239, 85, 277, 74, 87, 207, 40, 55, 285, 167, 151, 116, 94, 205, 58, 33, 17, 147, 301, 163, 99, 178, 283, 68, 14, 175, 79, 77, 270, 201], "in_group_a_range": 2.8, "in_group_r_strength": 40, "in_group_a_strength": 20, "target_a_range": 435, "position": [0.1200173989975877, 52.711496636289134], "out_group_a_range": 2.8, "attractor_count": 156, "out_group_r_strength": 64.0, "out_group_r_range": 2.0, "pedestrian_id": 314, "out_group_a_strength": 12.5, "in_group_r_range": 2.0, "group_id": 1, "target_a_strength": 22000000000, "target": [16.0, -39.0]}, {"radius": 0.3, "friend_zone": [43, 100, 168, 220, 172, 60, 113, 199, 217, 230, 50, 66, 46, 61, 290, 51, 123, 265, 218, 242, 222, 166, 30, 185, 139, 270, 189, 88, 256, 276, 133, 94, 262, 52, 248, 153, 98, 140, 237, 144, 280, 252, 64, 258, 27, 214, 129, 135, 49, 152, 73, 298, 17, 41, 225, 101, 127, 208, 42, 102, 253, 96, 83, 0, 143, 48, 187, 55, 244, 161, 53, 183, 196, 58, 291, 119, 247, 68, 282, 275, 160, 76, 202, 147, 69, 295, 279, 134, 110, 205, 56, 165, 138, 132, 29, 7, 158, 254, 63, 221, 292, 54, 251, 18, 201, 286, 288, 34, 20, 296, 186, 164, 87, 171, 15, 40, 11, 179, 38, 257, 169, 72, 283, 120, 178, 150, 62, 266, 90, 198, 310, 264, 39, 8, 287, 14, 232, 148, 224, 23, 6, 231, 229, 190, 130, 109, 240, 82, 89, 269, 32, 191, 37, 99, 234, 10], "in_group_a_range": 2.8, "in_group_r_strength": 40, "in_group_a_strength": 20, "target_a_range": 435, "position": [9.211138010441559, 37.75474540749912], "out_group_a_range": 2.8, "attractor_count": 156, "out_group_r_strength": 64.0, "out_group_r_range": 2.0, "pedestrian_id": 315, "out_group_a_strength": 12.5, "in_group_r_range": 2.0, "group_id": 1, "target_a_strength": 22000000000, "target": [16.0, -39.0]}], "additional_id_existed_ped": {"0": [314], "1": [314], "2": [312, 313, 314, 315], "3": [313, 315], "4": [314], "5": [315], "6": [313, 314], "7": [312, 313, 315], "8": [312, 313, 315], "9": [315], "10": [312, 313, 314, 315], "11": [312, 314], "12": [313], "13": [312, 313, 315], "14": [312], "15": [313], "16": [313, 314], "17": [314, 315], "18": [312, 314, 315], "19": [314, 315], "20": [314], "21": [314, 315], "22": [], "23": [312, 313, 314], "24": [312, 315], "25": [], "26": [312, 313, 314, 315], "27": [312, 314, 315], "28": [313, 314, 315], "29": [315], "30": [312], "31": [], "32": [], "33": [313, 315], "34": [315], "35": [312, 313, 314], "36": [], "37": [313, 314], "38": [313], "39": [312, 313], "40": [312], "41": [315], "42": [314, 315], "43": [312, 315], "44": [314, 315], "45": [312, 313, 314], "46": [312, 313], "47": [314], "48": [314, 315], "49": [312, 314, 315], "50": [313, 314, 315], "51": [312, 313, 314, 315], "52": [312, 313, 315], "53": [312, 314, 315], "54": [312, 313, 315], "55": [312, 314, 315], "56": [312, 313], "57": [312, 313], "58": [313, 314, 315], "59": [312, 314, 315], "60": [313, 314, 315], "61": [314], "62": [313], "63": [312, 313, 314, 315], "64": [313, 315], "65": [313], "66": [312, 313, 314], "67": [312, 314], "68": [], "69": [312, 314], "70": [312, 313, 314, 315], "71": [313, 314, 315], "72": [314], "73": [315], "74": [313, 315], "75": [313, 314, 315], "76": [313, 314], "77": [312, 313, 314, 315], "78": [313, 314, 315], "79": [313, 315], "80": [], "81": [312, 315], "82": [312, 313], "83": [313, 314], "84": [312, 313], "85": [314, 315], "86": [313, 315], "87": [312, 315], "88": [312, 313, 314], "89": [312, 313], "90": [313, 314], "91": [312, 314, 315], "92": [312, 313, 314, 315], "93": [313], "94": [313], "95": [313], "96": [312, 313, 314, 315], "97": [312], "98": [312, 313, 315], "99": [312, 315], "100": [312, 313, 315], "101": [312], "102": [313], "103": [312, 313], "104": [312, 314], "105": [313, 315], "106": [312, 313, 314], "107": [312, 313, 315], "108": [312, 313, 314, 315], "109": [312, 315], "110": [312], "111": [312, 314, 315], "112": [312, 313, 314], "113": [312, 314, 315], "114": [312, 314, 315], "115": [], "116": [], "117": [314, 315], "118": [312, 314], "119": [313, 314, 315], "120": [313, 314], "121": [312, 314], "122": [312, 313], "123": [312, 315], "124": [312, 313, 314], "125": [312, 313], "126": [312, 313, 314, 315], "127": [312, 313], "128": [], "129": [], "130": [313, 314], "131": [314], "132": [312, 313], "133": [314, 315], "134": [312, 313, 314, 315], "135": [312, 314, 315], "136": [312, 313], "137": [312, 314], "138": [312, 314], "139": [314, 315], "140": [314, 315], "141": [314], "142": [314], "143": [313, 314], "144": [315], "145": [313], "146": [312, 314, 315], "147": [313, 314], "148": [313], "149": [312, 314], "150": [312, 313, 314], "151": [315], "152": [313], "153": [314, 315], "154": [312, 313, 315], "155": [312, 313, 314, 315], "156": [313], "157": [312], "158": [312], "159": [], "160": [313, 315], "161": [313], "162": [315], "163": [314], "164": [312, 313, 314], "165": [312, 313, 315], "166": [312, 315], "167": [312, 315], "168": [314], "169": [312, 313, 315], "170": [312, 313, 314, 315], "171": [313, 314, 315], "172": [312], "173": [314, 315], "174": [], "175": [312, 313, 315],