{"pedestrian_list": [{"radius": 0.3, "friend_zone": [75, 72, 11, 144, 138, 4, 9, 107, 145, 58, 70, 162, 68, 118, 19, 95, 51, 99, 24, 140, 128, 39, 76, 16, 147, 108, 60, 168, 62, 14, 49, 160, 121, 165, 123, 137, 98, 38, 65, 154, 7, 40, 89, 3, 21, 23, 54, 53, 12, 57, 93, 52, 84, 67, 141, 92, 152, 102, 17, 161, 157, 110, 148, 37, 32, 97, 13, 143, 115, 1, 116, 36, 132, 158, 42, 35, 119, 171, 88, 15, 169, 117, 48, 64, 100, 34], "in_group_a_range": 2.8, "in_group_r_strength": 40, "in_group_a_strength": 20, "target_a_range": 435, "position": [14.446082791191, 57.23575331819837], "out_group_a_range": 2.8, "attractor_count": 86, "out_group_r_strength": 64.0, "out_group_r_range": 2.0, "pedestrian_id": 172, "out_group_a_strength": 12.5, "in_group_r_range": 2.0, "group_id": 0, "target_a_strength": 22000000000, "target": [16.0, -39.0]}, {"radius": 0.3, "friend_zone": [32, 49, 117, 104, 79, 96, 140, 92, 149, 102, 157, 17, 90, 123, 34, 11, 1, 161, 71, 167, 8, 103, 13, 85, 28, 122, 99, 115, 37, 57, 134, 133, 87, 168, 158, 15, 5, 0, 119, 63, 151, 76, 78, 154, 121, 114, 58, 124, 55, 159, 7, 35, 170, 23, 97, 29, 39, 142, 127, 54, 93, 150, 169, 9, 118, 128, 30, 50, 36, 72, 145, 45, 82, 163, 25, 125, 110, 40, 38, 14, 53, 41, 19, 164, 73, 56], "in_group_a_range": 2.8, "in_group_r_strength": 40, "in_group_a_strength": 20, "target_a_range": 435, "position": [16.386253621262647, 49.43924153914768], "out_group_a_range": 2.8, "attractor_count": 86, "out_group_r_strength": 64.0, "out_group_r_range": 2.0, "pedestrian_id": 173, "out_group_a_strength": 12.5, "in_group_r_range": 2.0, "group_id": 0, "target_a_strength": 22000000000, "target": [16.0, -39.0]}, {"radius": 0.3, "friend_zone": [141, 170, 101, 38, 37, 116, 127, 97, 15, 24, 151, 91, 10, 9, 103, 167, 132, 83, 99, 135, 154, 81, 23, 35, 52, 22, 78, 165, 159, 88, 162, 140, 61, 106, 16, 164, 71, 115, 89, 143, 161, 121, 32, 94, 45, 124, 73, 0, 76, 92, 77, 125, 136, 66, 114, 39, 57, 152, 55, 82, 64, 40, 147, 131, 44, 51, 148, 134, 156, 80, 160, 8, 110, 33, 48, 56, 21, 113, 137, 118, 17, 63, 138, 20, 111, 25], "in_group_a_range": 2.8, "in_group_r_strength": 40, "in_group_a_strength": 20, "target_a_range": 435, "position": [14.402454444244848, 48.154835152656176], "out_group_a_range": 2.8, "attractor_count": 86, "out_group_r_strength": 64.0, "out_group_r_range": 2.0, "pedestrian_id": 174, "out_group_a_strength": 12.5, "in_group_r_range": 2.0, "group_id": 1, "target_a_strength": 22000000000, "target": [16.0, -39.0]}, {"radius": 0.3, "friend_zone": [105, 166, 113, 69, 60, 119, 46, 21, 120, 148, 132, 164, 2, 36, 167, 74, 80, 0, 134, 156, 144, 66, 63, 59, 42, 41, 84, 135, 94, 58, 158, 35, 68, 109, 131, 153, 54, 73, 116, 142, 115, 141, 98, 14, 123, 88, 81, 104, 70, 163, 40, 108, 162, 10, 140, 51, 55, 52, 31, 33, 161, 96, 118, 133, 45, 99, 65, 117, 43, 6, 143, 150, 89, 121, 67, 71, 130, 91, 129, 15, 169, 151, 165, 8, 37, 128], "in_group_a_range": 2.8, "in_group_r_strength": 40, "in_group_a_strength": 20, "target_a_range": 435, "position": [6.643237596250795, 40.998852738139036], "out_group_a_range": 2.8, "attractor_count": 86, "out_group_r_strength": 64.0, "out_group_r_range": 2.0, "pedestrian_id": 175, "out_group_a_strength": 12.5, "in_group_r_range": 2.0, "group_id": 1, "target_a_strength": 22000000000, "target": [16.0, -39.0]}], "additional_id_existed_ped": {"0": [172, 174, 175], "1": [172], "2": [173, 174, 175], "3": [173, 174], "4": [172, 174], "5": [174], "6": [172], "7": [173, 174, 175], "8": [173, 175], "9": [], "10": [173], "11": [174], "12": [172], "13": [173, 174], "14": [175], "15": [172], "16": [173, 174, 175], "17": [173, 174, 175], "18": [], "19": [172, 174, 175], "20": [172], "21": [172, 175], "22": [172, 175], "23": [174, 175], "24": [172, 174, 175], "25": [173], "26": [172, 174], "27": [173], "28": [174], "29": [173], "30": [173, 175], "31": [172, 173, 175], "32": [174, 175], "33": [172, 174, 175], "34": [172, 173, 174, 175], "35": [172, 174, 175], "36": [172, 173, 174], "37": [173], "38": [172], "39": [173], "40": [172, 173, 175], "41": [172], "42": [172, 175], "43": [172, 174], "44": [174], "45": [173, 174], "46": [173, 174, 175], "47": [173], "48": [173, 174, 175], "49": [172, 174], "50": [], "51": [174, 175], "52": [175], "53": [173, 175], "54": [172], "55": [174], "56": [173, 174], "57": [172, 175], "58": [172, 174], "59": [173], "60": [172, 173, 175], "61": [172, 173, 174, 175], "62": [172, 174], "63": [175], "64": [173, 174, 175], "65": [173], "66": [172, 173], "67": [172], "68": [172, 174, 175], "69": [], "70": [172, 173, 175], "71": [172, 173, 174], "72": [174], "73": [172, 173, 175], "74": [173, 174, 175], "75": [172, 173, 175], "76": [172, 173], "77": [172, 173, 174], "78": [172, 173, 174, 175], "79": [173], "80": [172, 175], "81": [172, 173, 175], "82": [172], "83": [172, 175], "84": [172, 173, 174, 175], "85": [172, 175], "86": [172, 174], "87": [174, 175], "88": [172, 174], "89": [172, 174], "90": [172, 173, 174], "91": [173], "92": [174, 175], "93": [173], "94": [175], "95": [173], "96": [173, 174, 175], "97": [175], "98": [172], "99": [174, 175], "100": [172, 174], "101": [172, 174], "102": [172, 173, 175], "103": [172, 173, 175], "104": [], "105": [172, 174, 175], "106": [173, 175], "107": [172, 173, 174], "108": [], "109": [172, 174, 175], "110": [173], "111": [172, 173, 175], "112": [173, 174, 175], "113": [173, 175], "114": [172, 173, 175], "115": [174, 175], "116": [173, 174], "117": [173, 174], "118": [172, 173, 175], "119": [172], "120": [174, 175], "121": [172, 174], "122": [174, 175], "123": [172, 173], "124": [172, 174], "125": [172, 174, 175], "126": [], "127": [173, 174], "128": [172, 173, 174, 175], "129": [173, 174, 175], "130": [173, 174], "131": [173, 175], "132": [172, 173, 174, 175], "133": [172, 173, 174], "134": [172, 175], "135": [172, 173, 174], "136": [173, 174, 175], "137": [172], "138": [], "139": [172, 173], "140": [173, 175], "141": [172], "142": [], "143": [172, 175], "144": [173, 174, 175], "145": [174, 175], "146": [173, 174], "147": [172], "148": [172, 174, 175], "149": [172, 175], "150": [172, 173, 174, 175], "151": [174], "152": [172, 175], "153": [173, 175], "154": [173, 175], "155": [173], "156": [173, 175], "157": [174, 175], "158": [172, 173, 174], "159": [172, 173, 175], "160": [175], "161": [172, 174], "162": [172, 174, 175], "163": [174, 175], "164": [172, 174], "165": [173], "166": [173], "167": [173, 174], "168": [173, 174, 175], "169": [173, 175], "170": [172, 173, 174, 175], "171": [172, 173, 174]}, "frame_second": "3800"}