{"pedestrian_list": [{"radius": 0.3, "friend_zone": [93, 193, 216, 112, 189, 259, 6, 73, 262, 56, 88, 276, 243, 270, 127, 22, 255, 229, 246, 221, 139, 17, 101, 122, 240, 191, 231, 261, 237, 198, 250, 96, 120, 277, 79, 211, 34, 249, 68, 133, 284, 49, 2, 33, 40, 235, 87, 129, 214, 271, 94, 19, 264, 114, 248, 244, 51, 82, 158, 160, 53, 128, 95, 0, 260, 155, 286, 174, 218, 149, 90, 26, 228, 208, 111, 253, 81, 273, 157, 43, 223, 48, 226, 161, 62, 205, 281, 169, 206, 135, 39, 109, 251, 91, 69, 125, 98, 164, 59, 54, 24, 170, 177, 71, 215, 138, 141, 97, 227, 106, 84, 147, 278, 232, 131, 108, 67, 289, 239, 217, 225, 168, 238, 234, 295, 219, 60, 14, 165, 55, 9, 173, 12, 178, 61, 224, 21, 63, 256, 140, 46, 137, 76, 179, 38, 143, 254, 121], "in_group_a_range": 2.8, "in_group_r_strength": 40, "in_group_a_strength": 20, "target_a_range": 435, "position": [11.151477929689992, 66.99862127365674], "out_group_a_range": 2.8, "attractor_count": 148, "out_group_r_strength": 64.0, "out_group_r_range": 2.0, "pedestrian_id": 296, "out_group_a_strength": 12.5, "in_group_r_range": 2.0, "group_id": 0, "target_a_strength": 22000000000, "target": [16.0, -39.0]}, {"radius": 0.3, "friend_zone": [268, 24, 166, 57, 263, 26, 278, 64, 279, 277, 89, 270, 283, 52, 25, 260, 193, 120, 189, 262, 192, 288, 180, 222, 11, 34, 2, 42, 71, 47, 127, 273, 94, 274, 219, 184, 229, 249, 134, 106, 220, 186, 169, 91, 128, 187, 286, 242, 264, 176, 102, 247, 275, 246, 282, 237, 108, 33, 216, 153, 17, 44, 174, 160, 86, 70, 16, 271, 227, 228, 81, 207, 125, 254, 287, 292, 95, 158, 112, 168, 90, 0, 5, 152, 204, 119, 148, 266, 82, 116, 211, 151, 113, 49, 69, 96, 60, 295, 251, 150, 61, 39, 12, 141, 67, 41, 101, 196, 23, 7, 256, 84, 30, 284, 14, 80, 202, 123, 98, 197, 173, 144, 178, 257, 238, 111, 199, 59, 75, 50, 289, 218, 21, 114, 115, 36, 154, 164, 290, 117, 272, 6, 162, 109, 22, 281, 188, 15], "in_group_a_range": 2.8, "in_group_r_strength": 40, "in_group_a_strength": 20, "target_a_range": 435, "position": [10.506758634734876, 53.99843303630661], "out_group_a_range": 2.8, "attractor_count": 148, "out_group_r_strength": 64.0, "out_group_r_range": 2.0, "pedestrian_id": 297, "out_group_a_strength": 12.5, "in_group_r_range": 2.0, "group_id": 0, "target_a_strength": 22000000000, "target": [16.0, -39.0]}, {"radius": 0.3, "friend_zone": [180, 212, 49, 66, 81, 191, 45, 209, 63, 166, 82, 121, 133, 280, 108, 275, 169, 143, 77, 2, 255, 271, 246, 22, 62, 233, 161, 135, 43, 137, 254, 241, 138, 290, 5, 132, 230, 251, 99, 235, 270, 273, 217, 224, 85, 226, 42, 202, 128, 248, 231, 163, 58, 244, 67, 198, 75, 41, 184, 126, 227, 87, 50, 118, 35, 153, 131, 189, 250, 264, 8, 266, 102, 240, 221, 168, 285, 111, 294, 29, 142, 269, 219, 97, 139, 159, 156, 38, 91, 74, 115, 171, 53, 130, 146, 281, 192, 211, 68, 295, 291, 216, 12, 92, 72, 197, 10, 208, 203, 277, 36, 206, 267, 26, 232, 80, 11, 287, 215, 274, 258, 0, 147, 210, 181, 162, 201, 37, 84, 40, 47, 158, 243, 182, 3, 194, 204, 289, 7, 286, 71, 245, 292, 55, 136, 95, 79, 134], "in_group_a_range": 2.8, "in_group_r_strength": 40, "in_group_a_strength": 20, "target_a_range": 435, "position": [-6.379679810174452, 49.43943811368845], "out_group_a_range": 2.8, "attractor_count": 148, "out_group_r_strength": 64.0, "out_group_r_range": 2.0, "pedestrian_id": 298, "out_group_a_strength": 12.5, "in_group_r_range": 2.0, "group_id": 1, "target_a_strength": 22000000000, "target": [16.0, -39.0]}, {"radius": 0.3, "friend_zone": [69, 8, 17, 73, 189, 212, 37, 10, 31, 130, 252, 33, 259, 251, 177, 133, 132, 192, 239, 237, 134, 7, 1, 156, 140, 67, 30, 52, 218, 40, 145, 201, 106, 195, 269, 35, 4, 173, 109, 163, 268, 274, 191, 3, 290, 82, 221, 271, 224, 39, 101, 205, 88, 265, 219, 207, 38, 249, 112, 214, 147, 15, 225, 190, 21, 238, 176, 277, 32, 5, 198, 161, 54, 185, 262, 172, 2, 97, 72, 193, 167, 188, 174, 61, 203, 283, 90, 179, 288, 199, 117, 80, 267, 56, 211, 157, 127, 233, 206, 100, 95, 136, 258, 178, 183, 79, 228, 278, 91, 103, 70, 208, 24, 64, 200, 86, 216, 245, 89, 19, 110, 44, 158, 93, 18, 108, 129, 143, 20, 242, 60, 36, 170, 68, 152, 49, 254, 159, 260, 138, 273, 227, 25, 236, 51, 186, 247, 139], "in_group_a_range": 2.8, "in_group_r_strength": 40, "in_group_a_strength": 20, "target_a_range": 435, "position": [-1.1930798401791682, 64.41522463139795], "out_group_a_range": 2.8, "attractor_count": 148, "out_group_r_strength": 64.0, "out_group_r_range": 2.0, "pedestrian_id": 299, "out_group_a_strength": 12.5, "in_group_r_range": 2.0, "group_id": 1, "target_a_strength": 22000000000, "target": [16.0, -39.0]}], "additional_id_existed_ped": {"0": [296], "1": [297, 298, 299], "2": [296, 297, 298, 299], "3": [296, 297, 298, 299], "4": [296, 297, 298], "5": [296, 298], "6": [296], "7": [297], "8": [298, 299], "9": [298, 299], "10": [296, 297, 299], "11": [298, 299], "12": [296], "13": [296, 297], "14": [296], "15": [298], "16": [296, 297, 298, 299], "17": [297, 298], "18": [296, 298], "19": [296, 298, 299], "20": [], "21": [296, 297, 299], "22": [296, 297, 298], "23": [296, 297, 298, 299], "24": [296], "25": [296, 297, 298, 299], "26": [297, 299], "27": [296, 299], "28": [297], "29": [296, 297, 299], "30": [296, 299], "31": [299], "32": [296, 298, 299], "33": [], "34": [296, 297, 298, 299], "35": [297, 298], "36": [296, 297, 298], "37": [296, 297, 298], "38": [296, 297], "39": [296], "40": [299], "41": [298], "42": [298], "43": [296], "44": [], "45": [296, 299], "46": [296, 298, 299], "47": [296], "48": [296], "49": [296, 298], "50": [296, 297, 299], "51": [296, 297, 298], "52": [297], "53": [297, 298, 299], "54": [299], "55": [298, 299], "56": [296, 298, 299], "57": [297], "58": [296, 297, 299], "59": [297, 298], "60": [296, 298], "61": [296], "62": [296, 297], "63": [297], "64": [297, 298, 299], "65": [299], "66": [296, 297, 298, 299], "67": [296, 297, 299], "68": [298], "69": [296, 298], "70": [297, 298, 299], "71": [299], "72": [297, 298, 299], "73": [296], "74": [296, 299], "75": [296, 297, 299], "76": [296, 299], "77": [297, 298], "78": [298, 299], "79": [297, 298], "80": [297], "81": [298, 299], "82": [297, 298], "83": [297, 298], "84": [296, 299], "85": [298], "86": [296, 297], "87": [296, 297, 298, 299], "88": [297, 299], "89": [296, 297, 298, 299], "90": [296, 299], "91": [297, 298, 299], "92": [296, 299], "93": [296, 298, 299], "94": [298, 299], "95": [297, 298], "96": [297, 298, 299], "97": [296, 297, 298], "98": [297, 298, 299], "99": [], "100": [297, 299], "101": [296], "102": [296, 297], "103": [297, 298], "104": [297, 299], "105": [298], "106": [297, 299], "107": [297], "108": [297, 299], "109": [296, 298, 299], "110": [297, 298], "111": [297, 299], "112": [297, 298, 299], "113": [296, 297, 299], "114": [297, 299], "115": [296, 299], "116": [297, 298], "117": [297, 299], "118": [298], "119": [296, 298, 299], "120": [299], "121": [296, 297, 298, 299], "122": [297], "123": [297, 299], "124": [299], "125": [297, 299], "126": [298, 299], "127": [298, 299], "128": [298, 299], "129": [296, 298], "130": [296, 297, 299], "131": [296, 297, 298, 299], "132": [296, 297], "133": [298], "134": [296, 299], "135": [297], "136": [], "137": [296, 299], "138": [296], "139": [], "140": [298, 299], "141": [296, 297, 298], "142": [296, 297, 298], "143": [298], "144": [296, 298], "145": [298], "146": [296, 297, 299], "147": [296, 298, 299], "148": [296, 298, 299], "149": [296, 297, 298], "150": [296, 297, 298, 299], "151": [298], "152": [297, 299], "153": [296], "154": [299], "155": [296, 297, 298], "156": [298, 299], "157": [296], "158": [], "159": [296, 297, 299], "160": [298, 299], "161": [296, 299], "162": [297, 298, 299], "163": [297, 298, 299], "164": [296, 298, 299], "165": [297, 298, 299], "166": [298, 299], "167": [296], "168": [298], "169": [298, 299], "170": [296, 297, 299], "171": [297], "172": [298], "173": [297, 298], "174": [297, 298], "175": [], "176": [297], "177": [297, 298], "178": [296, 298], "179": [296, 299], "180": [296, 297, 298], "181": [296, 297, 298], "182": [297, 299],