{"pedestrian_list": [{"radius": 0.3, "friend_zone": [208, 60, 230, 187, 110, 91, 18, 11, 7, 165, 87, 20, 135, 225, 214, 77, 47, 216, 239, 244, 186, 134, 50, 45, 139, 22, 6, 81, 10, 150, 160, 248, 66, 21, 97, 115, 74, 136, 55, 243, 161, 184, 36, 111, 207, 93, 109, 133, 177, 158, 215, 145, 15, 192, 59, 212, 88, 33, 90, 42, 206, 247, 108, 204, 249, 174, 73, 140, 48, 250, 95, 92, 245, 14, 86, 143, 128, 62, 94, 224, 196, 44, 41, 132, 191, 30, 0, 5, 75, 197, 167, 25, 34, 223, 26, 112, 53, 71, 169, 56, 67, 193, 218, 168, 68, 175, 43, 102, 19, 210, 155, 83, 122, 120, 171, 201, 157, 49, 188, 235, 23, 46, 194, 242, 118, 246], "in_group_a_range": 2.8, "in_group_r_strength": 40, "in_group_a_strength": 20, "target_a_range": 435, "position": [-7.031798017314721, 37.73003922389045], "out_group_a_range": 2.8, "attractor_count": 126, "out_group_r_strength": 64.0, "out_group_r_range": 2.0, "pedestrian_id": 252, "out_group_a_strength": 12.5, "in_group_r_range": 2.0, "group_id": 0, "target_a_strength": 22000000000, "target": [16.0, -39.0]}, {"radius": 0.3, "friend_zone": [58, 221, 36, 155, 97, 205, 68, 122, 129, 104, 191, 85, 192, 215, 56, 157, 196, 248, 106, 2, 89, 29, 130, 225, 230, 159, 75, 216, 218, 198, 54, 111, 135, 164, 185, 77, 84, 81, 133, 27, 190, 226, 142, 98, 201, 50, 11, 90, 67, 213, 234, 149, 53, 76, 1, 92, 22, 212, 51, 86, 144, 83, 163, 154, 110, 3, 6, 121, 138, 206, 250, 59, 183, 151, 214, 114, 147, 131, 165, 242, 128, 220, 118, 43, 146, 105, 127, 80, 19, 17, 113, 233, 15, 160, 5, 195, 232, 39, 134, 99, 115, 107, 91, 7, 177, 47, 166, 112, 32, 63, 70, 231, 46, 35, 69, 101, 38, 26, 219, 156, 125, 167, 245, 153, 60, 197], "in_group_a_range": 2.8, "in_group_r_strength": 40, "in_group_a_strength": 20, "target_a_range": 435, "position": [14.437388781287336, 43.60469446694135], "out_group_a_range": 2.8, "attractor_count": 126, "out_group_r_strength": 64.0, "out_group_r_range": 2.0, "pedestrian_id": 253, "out_group_a_strength": 12.5, "in_group_r_range": 2.0, "group_id": 0, "target_a_strength": 22000000000, "target": [16.0, -39.0]}, {"radius": 0.3, "friend_zone": [194, 190, 128, 202, 166, 29, 217, 23, 52, 64, 247, 62, 111, 231, 35, 100, 165, 170, 69, 7, 105, 43, 27, 175, 129, 141, 48, 221, 98, 31, 102, 86, 124, 103, 216, 251, 136, 225, 238, 71, 36, 249, 120, 211, 223, 236, 24, 142, 96, 33, 224, 164, 74, 219, 176, 40, 125, 131, 66, 203, 241, 135, 206, 70, 174, 97, 233, 2, 155, 113, 237, 18, 94, 186, 63, 67, 16, 177, 210, 144, 28, 218, 132, 54, 6, 137, 173, 160, 107, 188, 228, 169, 130, 163, 92, 42, 99, 81, 220, 0, 180, 87, 118, 168, 201, 1, 172, 122, 197, 167, 13, 115, 230, 140, 57, 4, 205, 9, 116, 38, 46, 192, 187, 104, 73, 189], "in_group_a_range": 2.8, "in_group_r_strength": 40, "in_group_a_strength": 20, "target_a_range": 435, "position": [-8.332497162687677, 49.47144959018365], "out_group_a_range": 2.8, "attractor_count": 126, "out_group_r_strength": 64.0, "out_group_r_range": 2.0, "pedestrian_id": 254, "out_group_a_strength": 12.5, "in_group_r_range": 2.0, "group_id": 1, "target_a_strength": 22000000000, "target": [16.0, -39.0]}, {"radius": 0.3, "friend_zone": [242, 29, 250, 115, 76, 11, 178, 124, 51, 141, 171, 173, 33, 42, 57, 126, 235, 104, 166, 31, 94, 146, 18, 112, 187, 157, 28, 217, 243, 185, 148, 47, 58, 205, 145, 245, 140, 50, 2, 138, 249, 244, 202, 98, 129, 188, 247, 194, 78, 15, 195, 93, 197, 16, 23, 236, 62, 234, 230, 215, 204, 248, 69, 153, 87, 190, 0, 231, 150, 222, 75, 89, 123, 68, 214, 210, 108, 165, 180, 17, 212, 90, 101, 218, 219, 27, 238, 193, 223, 133, 88, 239, 163, 228, 237, 128, 154, 22, 67, 177, 46, 105, 48, 116, 224, 60, 161, 170, 174, 216, 3, 232, 168, 196, 40, 10, 91, 34, 169, 152, 110, 127, 35, 64, 225, 158], "in_group_a_range": 2.8, "in_group_r_strength": 40, "in_group_a_strength": 20, "target_a_range": 435, "position": [5.998413530729957, 46.83857400120156], "out_group_a_range": 2.8, "attractor_count": 126, "out_group_r_strength": 64.0, "out_group_r_range": 2.0, "pedestrian_id": 255, "out_group_a_strength": 12.5, "in_group_r_range": 2.0, "group_id": 1, "target_a_strength": 22000000000, "target": [16.0, -39.0]}], "additional_id_existed_ped": {"0": [252, 255], "1": [253, 255], "2": [252, 254, 255], "3": [255], "4": [254, 255], "5": [253, 254, 255], "6": [252, 253], "7": [252, 254], "8": [253, 254, 255], "9": [252, 253, 254, 255], "10": [252, 254, 255], "11": [253], "12": [252, 253, 254, 255], "13": [254, 255], "14": [252, 255], "15": [255], "16": [252], "17": [252], "18": [], "19": [], "20": [252, 253, 254, 255], "21": [255], "22": [252, 255], "23": [252, 253, 254], "24": [253, 255], "25": [252, 253, 254, 255], "26": [254, 255], "27": [252, 253, 254], "28": [252, 253], "29": [252, 254], "30": [253, 255], "31": [252, 253, 254], "32": [253, 255], "33": [253], "34": [253, 254], "35": [252, 254], "36": [252, 253], "37": [252, 253, 254, 255], "38": [252, 254, 255], "39": [252, 253], "40": [254], "41": [254, 255], "42": [252, 253, 255], "43": [253, 255], "44": [254, 255], "45": [252, 254, 255], "46": [252, 253, 254], "47": [252, 253, 254], "48": [252, 253], "49": [252, 255], "50": [252, 253, 255], "51": [254], "52": [], "53": [255], "54": [252, 253, 254, 255], "55": [252, 254], "56": [252, 253, 255], "57": [252, 253, 255], "58": [254, 255], "59": [252, 253, 255], "60": [252, 254, 255], "61": [252], "62": [253, 254], "63": [254], "64": [252], "65": [254, 255], "66": [255], "67": [252, 253, 254, 255], "68": [252, 253], "69": [254], "70": [253, 254], "71": [252, 254], "72": [254], "73": [252], "74": [252, 253, 255], "75": [253, 254], "76": [252, 253, 254], "77": [252], "78": [252, 254, 255], "79": [252, 255], "80": [253, 254, 255], "81": [252, 254, 255], "82": [253, 254], "83": [252], "84": [], "85": [253, 255], "86": [252, 253, 254], "87": [255], "88": [], "89": [253], "90": [253], "91": [252, 254, 255], "92": [], "93": [252, 253], "94": [253, 254, 255], "95": [255], "96": [252, 253, 255], "97": [253, 255], "98": [252, 253, 254, 255], "99": [252, 253], "100": [254, 255], "101": [253, 254], "102": [254], "103": [252, 253, 254], "104": [252, 253, 254], "105": [252, 254], "106": [253, 255], "107": [253], "108": [253, 254, 255], "109": [252, 254], "110": [253, 255], "111": [252], "112": [252, 253, 255], "113": [253, 254, 255], "114": [253], "115": [], "116": [253, 254, 255], "117": [252], "118": [253, 255], "119": [252, 254, 255], "120": [253], "121": [252, 253, 254], "122": [252, 253, 254, 255], "123": [253, 254, 255], "124": [252, 253, 254], "125": [252, 254, 255], "126": [252, 254], "127": [253, 254], "128": [253], "129": [252, 254, 255], "130": [254], "131": [], "132": [], "133": [253], "134": [253, 255], "135": [252], "136": [252, 255], "137": [255], "138": [254], "139": [253, 254, 255], "140": [254, 255], "141": [252, 254, 255], "142": [252, 253, 254, 255], "143": [252, 255], "144": [], "145": [253, 254], "146": [254], "147": [252], "148": [253, 255], "149": [], "150": [], "151": [253, 254], "152": [252], "153": [252, 253, 255], "154": [253, 255], "155": [252, 254], "156": [254], "157": [255], "158": [253, 254], "159": [253, 254, 255], "160": [253, 254, 255], "161": [254], "162": [252, 253, 255], "163": [252, 254, 255], "164": [252, 254], "165": [252, 254], "166": [254, 255], "167": [252, 253, 254, 255], "168": [252, 255], "169": [252, 255], "170": [252, 254], "171": [253, 254, 255], "172": [252, 253, 254], "173": [252, 253, 255], "174": [252], "175": [254], "176": [252, 253, 255], "177": [252, 254, 255], "178": [252, 253, 255], "179": [252, 254, 255], "180": [255], "181": [252, 254], "182": [253, 255], "183": [252], "184": [252, 254, 255], "185": [252, 253], "186": [252, 253, 254, 255], "187": [252, 255], "188": [252, 253, 254], "189": [254, 255], "190": [], "191": [252, 253, 255], "192": [252, 253, 255], "193": [], "194": [252, 253], "195": [253, 254], "196": [252, 254], "197": [252, 255], "198": [253, 255], "199": [253, 254, 255], "200": [254, 255], "201": [252, 253, 255], "202": [253], "203": [253, 254, 255], "204": [253, 255],