{"pedestrian_list": [{"radius": 0.3, "friend_zone": [234, 272, 203, 107, 285, 122, 151, 246, 15, 167, 24, 301, 44, 293, 146, 46, 298, 108, 261, 70, 102, 91, 154, 120, 265, 269, 147, 86, 0, 8, 193, 237, 35, 185, 266, 168, 69, 82, 229, 126, 112, 253, 25, 36, 163, 177, 204, 306, 187, 247, 194, 170, 305, 21, 110, 118, 144, 2, 78, 264, 127, 233, 251, 192, 275, 79, 244, 182, 183, 111, 43, 169, 270, 132, 178, 274, 284, 12, 20, 139, 189, 173, 148, 289, 88, 240, 74, 164, 130, 199, 225, 137, 32, 249, 175, 136, 198, 29, 59, 211, 286, 241, 238, 48, 280, 158, 47, 73, 291, 142, 52, 150, 224, 288, 227, 271, 258, 166, 66, 287, 245, 26, 202, 37, 93, 40, 65, 67, 140, 14, 16, 209, 87, 256, 133, 62, 99, 143, 205, 68, 116, 58, 94, 165, 212, 89, 236, 294, 217, 54, 263, 101, 17, 9], "in_group_a_range": 2.8, "in_group_r_strength": 40, "in_group_a_strength": 20, "target_a_range": 435, "position": [-5.7330718994088725, 50.738989613526016], "out_group_a_range": 2.8, "attractor_count": 154, "out_group_r_strength": 64.0, "out_group_r_range": 2.0, "pedestrian_id": 308, "out_group_a_strength": 12.5, "in_group_r_range": 2.0, "group_id": 0, "target_a_strength": 22000000000, "target": [16.0, -39.0]}, {"radius": 0.3, "friend_zone": [223, 211, 256, 234, 226, 33, 103, 155, 114, 287, 44, 149, 15, 221, 258, 115, 216, 198, 239, 11, 24, 240, 58, 245, 110, 296, 242, 93, 188, 163, 244, 4, 230, 289, 274, 228, 195, 138, 276, 100, 8, 218, 25, 129, 50, 101, 303, 36, 168, 202, 26, 122, 288, 262, 279, 75, 208, 214, 231, 123, 164, 146, 243, 62, 192, 255, 294, 307, 69, 249, 137, 179, 238, 286, 77, 237, 217, 246, 133, 304, 144, 87, 78, 1, 182, 139, 280, 94, 298, 141, 20, 47, 28, 27, 184, 72, 91, 88, 81, 113, 300, 257, 130, 207, 199, 260, 136, 248, 205, 174, 203, 60, 13, 10, 148, 158, 3, 0, 132, 37, 17, 292, 2, 105, 186, 16, 99, 271, 161, 86, 125, 56, 43, 200, 21, 145, 224, 42, 108, 7, 159, 112, 225, 157, 6, 305, 70, 169, 247, 189, 39, 68, 32, 277], "in_group_a_range": 2.8, "in_group_r_strength": 40, "in_group_a_strength": 20, "target_a_range": 435, "position": [-2.4534848434697962, 41.64109340878706], "out_group_a_range": 2.8, "attractor_count": 154, "out_group_r_strength": 64.0, "out_group_r_range": 2.0, "pedestrian_id": 309, "out_group_a_strength": 12.5, "in_group_r_range": 2.0, "group_id": 0, "target_a_strength": 22000000000, "target": [16.0, -39.0]}, {"radius": 0.3, "friend_zone": [220, 88, 99, 114, 76, 210, 32, 45, 112, 7, 212, 141, 30, 297, 138, 163, 17, 129, 193, 303, 177, 188, 189, 107, 263, 249, 148, 241, 22, 14, 214, 267, 135, 101, 252, 292, 136, 272, 230, 242, 299, 15, 25, 139, 209, 190, 164, 222, 16, 229, 61, 268, 162, 130, 96, 109, 293, 231, 258, 192, 125, 200, 254, 289, 262, 191, 102, 98, 228, 205, 84, 225, 234, 142, 3, 208, 120, 184, 287, 157, 172, 52, 124, 43, 204, 20, 182, 269, 304, 29, 73, 259, 77, 89, 197, 306, 81, 4, 71, 95, 300, 57, 111, 156, 55, 245, 207, 199, 219, 264, 257, 203, 247, 296, 10, 256, 118, 265, 181, 165, 65, 294, 175, 79, 240, 18, 284, 46, 171, 176, 243, 128, 186, 161, 232, 286, 105, 283, 146, 183, 108, 250, 145, 198, 92, 158, 143, 58, 126, 39, 174, 13, 48, 47], "in_group_a_range": 2.8, "in_group_r_strength": 40, "in_group_a_strength": 20, "target_a_range": 435, "position": [2.0843057576167494, 56.60822927554311], "out_group_a_range": 2.8, "attractor_count": 154, "out_group_r_strength": 64.0, "out_group_r_range": 2.0, "pedestrian_id": 310, "out_group_a_strength": 12.5, "in_group_r_range": 2.0, "group_id": 1, "target_a_strength": 22000000000, "target": [16.0, -39.0]}, {"radius": 0.3, "friend_zone": [277, 45, 250, 89, 48, 69, 60, 254, 267, 105, 147, 244, 175, 29, 66, 274, 262, 42, 257, 25, 128, 131, 176, 255, 218, 140, 304, 251, 96, 206, 225, 164, 185, 90, 80, 107, 54, 126, 273, 289, 88, 245, 21, 104, 93, 49, 106, 301, 306, 73, 226, 271, 150, 246, 229, 278, 124, 153, 61, 1, 178, 276, 75, 13, 120, 203, 26, 53, 165, 55, 71, 173, 213, 51, 242, 37, 219, 223, 11, 297, 180, 249, 78, 217, 64, 291, 110, 300, 141, 113, 281, 70, 50, 40, 15, 79, 134, 212, 174, 234, 307, 252, 146, 182, 22, 125, 12, 117, 199, 241, 17, 209, 52, 295, 198, 170, 159, 288, 224, 136, 177, 4, 272, 238, 23, 260, 187, 77, 59, 256, 3, 9, 270, 247, 152, 163, 261, 86, 14, 196, 279, 119, 282, 20, 162, 46, 195, 285, 38, 108, 144, 284, 193, 208], "in_group_a_range": 2.8, "in_group_r_strength": 40, "in_group_a_strength": 20, "target_a_range": 435, "position": [16.353519654010682, 66.99572874743315], "out_group_a_range": 2.8, "attractor_count": 154, "out_group_r_strength": 64.0, "out_group_r_range": 2.0, "pedestrian_id": 311, "out_group_a_strength": 12.5, "in_group_r_range": 2.0, "group_id": 1, "target_a_strength": 22000000000, "target": [16.0, -39.0]}], "additional_id_existed_ped": {"0": [308, 310, 311], "1": [309, 311], "2": [309, 311], "3": [309, 310], "4": [310, 311], "5": [308], "6": [308, 309, 310, 311], "7": [310], "8": [308, 309], "9": [308, 309], "10": [310], "11": [310, 311], "12": [308, 310, 311], "13": [308, 309, 310], "14": [309], "15": [308, 309], "16": [308, 309, 310], "17": [309, 310, 311], "18": [310], "19": [308, 309, 310], "20": [308], "21": [308, 310], "22": [310], "23": [309], "24": [310, 311], "25": [309], "26": [310, 311], "27": [310, 311], "28": [309, 310], "29": [308, 309, 310], "30": [308, 310], "31": [311], "32": [], "33": [], "34": [], "35": [309], "36": [311], "37": [308, 310], "38": [309, 310, 311], "39": [], "40": [309, 311], "41": [310], "42": [308, 309], "43": [308, 309, 311], "44": [308], "45": [], "46": [310, 311], "47": [311], "48": [309, 310], "49": [308, 309, 311], "50": [308, 310], "51": [308, 311], "52": [308, 309, 310], "53": [308, 311], "54": [309], "55": [310, 311], "56": [308, 309, 311], "57": [311], "58": [310], "59": [308, 309, 310, 311], "60": [309, 310], "61": [309], "62": [311], "63": [308, 309], "64": [308], "65": [310, 311], "66": [308, 309, 311], "67": [310], "68": [308, 310, 311], "69": [309, 310, 311], "70": [309, 310, 311], "71": [310], "72": [310], "73": [308, 309, 310], "74": [310, 311], "75": [308], "76": [308], "77": [309, 310, 311], "78": [308, 309, 311], "79": [309], "80": [308, 309, 310, 311], "81": [309, 310, 311], "82": [310], "83": [308, 309, 311], "84": [309, 310], "85": [308], "86": [311], "87": [308, 309, 310], "88": [308, 309], "89": [308, 309], "90": [309], "91": [308, 310, 311], "92": [], "93": [], "94": [308, 309], "95": [309, 310, 311], "96": [309, 311], "97": [308, 310], "98": [308, 309, 311], "99": [308, 311], "100": [308, 309], "101": [309, 310, 311], "102": [311], "103": [308, 309], "104": [309], "105": [310], "106": [308, 309], "107": [308, 310, 311], "108": [310, 311], "109": [310, 311], "110": [309, 311], "111": [310], "112": [309, 310], "113": [308], "114": [309], "115": [308, 311], "116": [308, 309, 310], "117": [310], "118": [309, 311], "119": [310], "120": [309, 311], "121": [308, 310, 311], "122": [309, 310], "123": [309, 310], "124": [308, 309, 310, 311], "125": [308, 311], "126": [309, 310], "127": [], "128": [309, 310, 311], "129": [308, 311], "130": [309, 310, 311], "131": [308, 309, 311], "132": [308, 309, 310, 311], "133": [308, 309], "134": [308, 310, 311], "135": [308, 311], "136": [308, 309, 310], "137": [308, 310, 311], "138": [308, 310], "139": [308, 309, 310], "140": [308, 311], "141": [308, 309, 310, 311], "142": [309], "143": [308, 309, 310, 311], "144": [308, 310, 311], "145": [309, 311], "146": [310, 311], "147": [309, 310, 311], "148": [], "149": [308, 309, 311], "150": [309], "151": [308], "152": [309, 310, 311], "153": [308, 311], "154": [], "155": [308, 310], "156": [308, 310], "157": [309, 310], "158": [308], "159": [308], "160": [308, 309, 310], "161": [308, 310], "162": [308, 310, 311], "163": [], "164": [308, 311], "165": [308, 309, 310, 311], "166": [309, 310, 311], "167": [309], "168": [308, 309], "169": [309, 311], "170": [311], "171": [309, 310, 311], "172": [310], "173": [309], "174": [308, 310, 311], "175": [310], "176": [310], "177": [308, 310], "178": [308, 309], "179": [308, 309, 310, 311],