{"pedestrian_list": [{"radius": 0.3, "friend_zone": [94, 151, 43, 110, 130, 123, 115, 66, 95, 159, 6, 54, 108, 150, 138, 28, 179, 141, 205, 103, 198, 193, 178, 14, 87, 223, 188, 118, 177, 164, 62, 37, 106, 20, 172, 169, 16, 102, 217, 60, 220, 29, 171, 81, 234, 128, 216, 161, 114, 191, 116, 165, 58, 189, 207, 232, 146, 227, 91, 23, 10, 24, 194, 74, 185, 48, 181, 152, 7, 147, 21, 117, 186, 27, 33, 75, 187, 135, 113, 144, 59, 139, 18, 22, 143, 225, 97, 136, 34, 213, 129, 65, 173, 166, 235, 155, 72, 215, 204, 156, 157, 201, 51, 221, 107, 109, 127, 206, 26, 36, 42, 162, 133, 142, 41, 49, 119, 99], "in_group_a_range": 2.8, "in_group_r_strength": 40, "in_group_a_strength": 20, "target_a_range": 435, "position": [-8.32184972777063, 47.516237282152275], "out_group_a_range": 2.8, "attractor_count": 118, "out_group_r_strength": 64.0, "out_group_r_range": 2.0, "pedestrian_id": 236, "out_group_a_strength": 12.5, "in_group_r_range": 2.0, "group_id": 0, "target_a_strength": 22000000000, "target": [16.0, -39.0]}, {"radius": 0.3, "friend_zone": [38, 85, 17, 135, 195, 139, 48, 98, 59, 138, 225, 133, 209, 39, 93, 147, 40, 33, 107, 21, 103, 175, 203, 128, 81, 94, 204, 205, 46, 100, 132, 137, 0, 199, 219, 212, 20, 74, 145, 119, 36, 49, 1, 190, 224, 161, 92, 56, 200, 170, 220, 91, 104, 213, 221, 42, 197, 2, 96, 58, 160, 123, 5, 223, 154, 14, 43, 31, 150, 143, 156, 142, 26, 13, 230, 206, 88, 210, 126, 226, 127, 216, 179, 131, 64, 189, 79, 69, 185, 28, 55, 198, 52, 27, 6, 82, 106, 231, 3, 86, 22, 73, 124, 29, 173, 234, 89, 194, 83, 71, 122, 207, 155, 8, 53, 11, 158, 45], "in_group_a_range": 2.8, "in_group_r_strength": 40, "in_group_a_strength": 20, "target_a_range": 435, "position": [-6.352092698312744, 68.97483824108055], "out_group_a_range": 2.8, "attractor_count": 118, "out_group_r_strength": 64.0, "out_group_r_range": 2.0, "pedestrian_id": 237, "out_group_a_strength": 12.5, "in_group_r_range": 2.0, "group_id": 0, "target_a_strength": 22000000000, "target": [16.0, -39.0]}, {"radius": 0.3, "friend_zone": [143, 192, 223, 92, 109, 2, 177, 118, 219, 84, 64, 49, 70, 174, 54, 197, 157, 190, 6, 144, 104, 164, 79, 159, 232, 21, 63, 124, 111, 204, 22, 148, 85, 57, 68, 89, 93, 132, 188, 150, 214, 185, 66, 231, 4, 107, 61, 106, 35, 108, 182, 103, 29, 171, 162, 81, 115, 158, 80, 203, 186, 9, 102, 200, 11, 207, 91, 152, 43, 129, 209, 90, 34, 228, 178, 229, 12, 193, 125, 201, 230, 73, 153, 147, 169, 74, 86, 76, 32, 82, 88, 195, 51, 156, 24, 37, 220, 235, 126, 167, 96, 155, 208, 199, 139, 116, 165, 71, 127, 40, 36, 172, 119, 211, 163, 59, 14, 27], "in_group_a_range": 2.8, "in_group_r_strength": 40, "in_group_a_strength": 20, "target_a_range": 435, "position": [-3.122963040072033, 36.44990281064648], "out_group_a_range": 2.8, "attractor_count": 118, "out_group_r_strength": 64.0, "out_group_r_range": 2.0, "pedestrian_id": 238, "out_group_a_strength": 12.5, "in_group_r_range": 2.0, "group_id": 1, "target_a_strength": 22000000000, "target": [16.0, -39.0]}, {"radius": 0.3, "friend_zone": [104, 199, 201, 223, 224, 22, 125, 212, 47, 200, 77, 68, 139, 71, 131, 97, 206, 180, 12, 78, 225, 19, 230, 101, 162, 169, 154, 103, 107, 62, 88, 52, 170, 81, 147, 205, 87, 5, 126, 32, 85, 8, 98, 31, 118, 189, 218, 140, 202, 44, 36, 187, 184, 220, 90, 33, 23, 145, 229, 2, 57, 214, 233, 136, 6, 70, 150, 100, 76, 113, 42, 198, 141, 99, 165, 16, 95, 142, 137, 45, 10, 63, 155, 119, 75, 175, 120, 186, 7, 173, 54, 188, 163, 20, 146, 232, 128, 152, 228, 203, 58, 134, 207, 48, 221, 144, 132, 179, 157, 219, 1, 38, 195, 167, 166, 160, 60, 127], "in_group_a_range": 2.8, "in_group_r_strength": 40, "in_group_a_strength": 20, "target_a_range": 435, "position": [-4.4129399117647345, 63.76018740479298], "out_group_a_range": 2.8, "attractor_count": 118, "out_group_r_strength": 64.0, "out_group_r_range": 2.0, "pedestrian_id": 239, "out_group_a_strength": 12.5, "in_group_r_range": 2.0, "group_id": 1, "target_a_strength": 22000000000, "target": [16.0, -39.0]}], "additional_id_existed_ped": {"0": [], "1": [239], "2": [237, 238, 239], "3": [236, 237, 238, 239], "4": [236, 238], "5": [236, 238, 239], "6": [236, 238, 239], "7": [237, 238], "8": [239], "9": [236], "10": [239], "11": [238], "12": [236, 238], "13": [], "14": [236, 238, 239], "15": [237], "16": [236, 238], "17": [236, 239], "18": [236], "19": [236, 238], "20": [236, 238, 239], "21": [236, 237], "22": [], "23": [238], "24": [236, 237, 238], "25": [236, 237, 238], "26": [236, 239], "27": [239], "28": [], "29": [236, 237, 238, 239], "30": [237, 238, 239], "31": [236, 238], "32": [238], "33": [236, 239], "34": [237, 238], "35": [236, 238, 239], "36": [237], "37": [236, 237, 239], "38": [238], "39": [236, 238, 239], "40": [236, 237], "41": [236, 238, 239], "42": [], "43": [236, 237, 239], "44": [236, 238, 239], "45": [236, 238, 239], "46": [236, 238, 239], "47": [237], "48": [237, 239], "49": [236, 238, 239], "50": [236, 237, 238], "51": [236, 238, 239], "52": [236, 238], "53": [236, 238, 239], "54": [237, 238, 239], "55": [239], "56": [236, 238], "57": [239], "58": [237], "59": [237, 238, 239], "60": [236, 239], "61": [236, 237, 238, 239], "62": [236, 238], "63": [236, 237], "64": [237, 238], "65": [236, 237, 238], "66": [236, 237, 238, 239], "67": [236, 238], "68": [236, 238], "69": [236, 238], "70": [], "71": [236, 238, 239], "72": [239], "73": [236, 237, 238], "74": [237, 238, 239], "75": [238, 239], "76": [236, 237], "77": [236, 238, 239], "78": [], "79": [236, 239], "80": [239], "81": [239], "82": [237, 239], "83": [237, 239], "84": [237], "85": [236], "86": [237, 239], "87": [236, 237], "88": [238, 239], "89": [239], "90": [236, 237, 238], "91": [236], "92": [239], "93": [], "94": [237, 238, 239], "95": [239], "96": [236, 237, 238, 239], "97": [239], "98": [236, 237, 238], "99": [238, 239], "100": [236, 238, 239], "101": [237, 239], "102": [237, 238, 239], "103": [236, 237, 238, 239], "104": [236, 237, 238, 239], "105": [236, 237, 239], "106": [236, 237, 239], "107": [236], "108": [236, 237, 238], "109": [], "110": [236, 237], "111": [], "112": [], "113": [236, 238, 239], "114": [238, 239], "115": [238], "116": [237], "117": [236, 237, 238, 239], "118": [237], "119": [], "120": [237, 238], "121": [238], "122": [237, 238], "123": [], "124": [236, 238, 239], "125": [236, 237, 238], "126": [236, 237, 239], "127": [], "128": [236, 237, 239], "129": [236, 237], "130": [237, 238], "131": [236], "132": [236, 237, 239], "133": [236, 237, 238, 239], "134": [236, 237], "135": [236], "136": [237, 238], "137": [237, 238, 239], "138": [236, 237, 238, 239], "139": [236, 239], "140": [], "141": [236, 238, 239], "142": [237, 238], "143": [238], "144": [236, 237, 238], "145": [236, 237, 238], "146": [236], "147": [236, 238], "148": [237, 238], "149": [236, 237], "150": [237, 238], "151": [237, 239], "152": [236, 237, 238, 239], "153": [236, 237, 239], "154": [236, 237], "155": [], "156": [236, 237, 239], "157": [237], "158": [], "159": [236], "160": [237, 238, 239], "161": [237, 238, 239], "162": [236, 237, 238], "163": [237, 239], "164": [236], "165": [236, 237, 238, 239], "166": [236], "167": [237], "168": [236, 237], "169": [236, 237, 238, 239], "170": [238], "171": [237, 239], "172": [237], "173": [237], "174": [237, 238, 239], "175": [236, 237, 238, 239], "176": [236], "177": [237, 238, 239], "178": [237, 238], "179": [236, 237, 238], "180": [236, 237, 239], "181": [236, 237, 238], "182": [237, 239], "183": [237], "184": [239], "185": [], "186": [236, 237, 238, 239], "187": [238], "188": [236, 239], "189": [236, 238, 239], "190": [236, 237], "191": [237, 238], "192": [236, 237, 238], "193": [], "194": [236, 239], "195": [237, 238, 239], "196": [238], "197": [237, 239], "198": [236], "199": [239], "200": [236, 237, 238, 239], "201": [], "202": [236, 237, 238, 239], "203": [237, 238], "204": [237, 239], "205": [237, 239], "206": [236, 237], "207": [239], "208": [237], "209": [236, 237, 238, 239], "210": [237, 239], "211": [236, 239], "212": [236, 239], "213": [237, 239],