{"frame_second": "800", "additional_id_existed_ped": {"0": [52, 53, 54, 55], "1": [53, 54, 55], "2": [53, 54], "3": [53], "4": [52, 55], "5": [54], "6": [54], "7": [52, 53, 55], "8": [55], "9": [52, 55], "10": [52, 53, 54, 55], "11": [53, 54], "12": [53], "13": [52, 53, 55], "14": [52, 54], "15": [54], "16": [52, 53, 54], "17": [54], "18": [52, 53, 55], "19": [53, 54, 55], "20": [53], "21": [52], "22": [52], "23": [53], "24": [54], "25": [55], "26": [52, 54, 55], "27": [52, 54, 55], "28": [52], "29": [52, 55], "30": [53, 54, 55], "31": [54, 55], "32": [53], "33": [52, 54], "34": [], "35": [54], "36": [55], "37": [52, 53], "38": [52, 55], "39": [52, 53], "40": [52, 54, 55], "41": [52, 53, 55], "42": [53, 54, 55], "43": [53, 54], "44": [52], "45": [53, 55], "46": [52], "47": [53, 54, 55], "48": [52, 54], "49": [53, 55], "50": [52, 53, 54, 55], "51": [52, 53, 54, 55]}, "pedestrian_list": [{"in_group_r_range": 2.0, "out_group_r_strength": 64.0, "attractor_count": 26, "in_group_a_range": 2.8, "position": [-2.456049370775793, 45.532323878926945], "target_a_strength": 22000000000, "friend_zone": [23, 1, 34, 39, 48, 18, 31, 38, 5, 12, 44, 14, 47, 13, 28, 41, 27, 10, 20, 16, 22, 32, 46, 4, 40, 24], "out_group_a_strength": 12.5, "pedestrian_id": 52, "out_group_a_range": 2.8, "out_group_r_range": 2.0, "in_group_r_strength": 40, "target_a_range": 435, "in_group_a_strength": 20, "target": [16.0, -39.0], "group_id": 0, "radius": 0.3}, {"in_group_r_range": 2.0, "out_group_r_strength": 64.0, "attractor_count": 26, "in_group_a_range": 2.8, "position": [-9.634692879773834, 70.27468720260762], "target_a_strength": 22000000000, "friend_zone": [5, 15, 17, 47, 28, 41, 10, 37, 11, 38, 44, 49, 51, 29, 39, 46, 8, 27, 3, 32, 24, 18, 4, 20, 16, 7], "out_group_a_strength": 12.5, "pedestrian_id": 53, "out_group_a_range": 2.8, "out_group_r_range": 2.0, "in_group_r_strength": 40, "target_a_range": 435, "in_group_a_strength": 20, "target": [16.0, -39.0], "group_id": 0, "radius": 0.3}, {"in_group_r_range": 2.0, "out_group_r_strength": 64.0, "attractor_count": 26, "in_group_a_range": 2.8, "position": [5.33601049429739, 67.00240049020401], "target_a_strength": 22000000000, "friend_zone": [14, 25, 32, 50, 21, 0, 48, 28, 40, 16, 2, 3, 11, 26, 31, 35, 8, 43, 10, 15, 36, 1, 38, 23, 30, 13], "out_group_a_strength": 12.5, "pedestrian_id": 54, "out_group_a_range": 2.8, "out_group_r_range": 2.0, "in_group_r_strength": 40, "target_a_range": 435, "in_group_a_strength": 20, "target": [16.0, -39.0], "group_id": 1, "radius": 0.3}, {"in_group_r_range": 2.0, "out_group_r_strength": 64.0, "attractor_count": 26, "in_group_a_range": 2.8, "position": [19.648365395875846, 45.54803611912372], "target_a_strength": 22000000000, "friend_zone": [18, 42, 39, 13, 27, 35, 43, 51, 48, 11, 2, 5, 38, 15, 49, 10, 21, 41, 17, 29, 16, 33, 45, 4, 19, 44], "out_group_a_strength": 12.5, "pedestrian_id": 55, "out_group_a_range": 2.8, "out_group_r_range": 2.0, "in_group_r_strength": 40, "target_a_range": 435, "in_group_a_strength": 20, "target": [16.0, -39.0], "group_id": 1, "radius": 0.3}]}