{"pedestrian_list": [{"radius": 0.3, "friend_zone": [19, 150, 103, 172, 16, 48, 155, 64, 81, 76, 91, 51, 113, 118, 107, 30, 170, 60, 69, 122, 95, 33, 38, 142, 110, 36, 25, 8, 74, 106, 151, 126, 56, 99, 104, 26, 12, 134, 171, 125, 174, 50, 179, 85, 161, 39, 109, 173, 57, 34, 127, 14, 177, 68, 52, 11, 153, 112, 168, 124, 120, 157, 169, 10, 62, 128, 7, 97, 152, 27, 42, 49, 37, 44, 148, 54, 88, 3, 165, 29, 129, 83, 123, 1, 162, 66, 21, 121, 164, 86], "in_group_a_range": 2.8, "in_group_r_strength": 40, "in_group_a_strength": 20, "target_a_range": 435, "position": [-9.622573341314826, 47.51019289775857], "out_group_a_range": 2.8, "attractor_count": 90, "out_group_r_strength": 64.0, "out_group_r_range": 2.0, "pedestrian_id": 180, "out_group_a_strength": 12.5, "in_group_r_range": 2.0, "group_id": 0, "target_a_strength": 22000000000, "target": [16.0, -39.0]}, {"radius": 0.3, "friend_zone": [25, 3, 55, 119, 12, 28, 125, 157, 38, 113, 128, 148, 54, 5, 22, 167, 168, 2, 52, 40, 155, 161, 170, 13, 65, 41, 32, 132, 73, 175, 151, 118, 107, 20, 150, 138, 45, 60, 124, 122, 29, 115, 37, 173, 70, 72, 0, 88, 92, 120, 46, 139, 156, 17, 84, 109, 63, 144, 121, 98, 141, 178, 61, 6, 106, 9, 35, 67, 162, 102, 42, 16, 104, 23, 7, 79, 154, 111, 53, 112, 39, 147, 176, 27, 64, 172, 126, 160, 91, 4], "in_group_a_range": 2.8, "in_group_r_strength": 40, "in_group_a_strength": 20, "target_a_range": 435, "position": [9.203710878639335, 57.877063815844735], "out_group_a_range": 2.8, "attractor_count": 90, "out_group_r_strength": 64.0, "out_group_r_range": 2.0, "pedestrian_id": 181, "out_group_a_strength": 12.5, "in_group_r_range": 2.0, "group_id": 0, "target_a_strength": 22000000000, "target": [16.0, -39.0]}, {"radius": 0.3, "friend_zone": [47, 35, 66, 53, 14, 138, 57, 84, 145, 103, 155, 93, 154, 20, 26, 19, 12, 33, 121, 139, 164, 151, 23, 141, 122, 135, 3, 165, 167, 142, 55, 29, 156, 40, 80, 81, 129, 24, 133, 112, 27, 83, 111, 75, 147, 117, 168, 54, 128, 120, 126, 137, 99, 90, 62, 88, 98, 32, 71, 134, 163, 96, 174, 179, 132, 76, 34, 60, 153, 36, 176, 69, 0, 45, 102, 136, 4, 1, 72, 97, 41, 175, 64, 89, 5, 124, 152, 63, 31, 8], "in_group_a_range": 2.8, "in_group_r_strength": 40, "in_group_a_strength": 20, "target_a_range": 435, "position": [-1.8457700836490105, 42.28684680480073], "out_group_a_range": 2.8, "attractor_count": 90, "out_group_r_strength": 64.0, "out_group_r_range": 2.0, "pedestrian_id": 182, "out_group_a_strength": 12.5, "in_group_r_range": 2.0, "group_id": 1, "target_a_strength": 22000000000, "target": [16.0, -39.0]}, {"radius": 0.3, "friend_zone": [157, 3, 173, 5, 51, 4, 149, 175, 99, 113, 25, 76, 89, 115, 104, 136, 82, 159, 148, 111, 38, 54, 122, 11, 50, 103, 141, 164, 112, 79, 135, 130, 17, 114, 72, 80, 23, 84, 12, 35, 13, 106, 43, 93, 151, 126, 7, 33, 129, 70, 34, 20, 26, 154, 57, 172, 178, 53, 19, 109, 176, 102, 67, 156, 95, 81, 45, 47, 56, 168, 171, 9, 18, 133, 161, 41, 125, 65, 86, 91, 131, 92, 117, 165, 120, 134, 71, 0, 177, 87], "in_group_a_range": 2.8, "in_group_r_strength": 40, "in_group_a_strength": 20, "target_a_range": 435, "position": [14.410495490063258, 53.3369466093665], "out_group_a_range": 2.8, "attractor_count": 90, "out_group_r_strength": 64.0, "out_group_r_range": 2.0, "pedestrian_id": 183, "out_group_a_strength": 12.5, "in_group_r_range": 2.0, "group_id": 1, "target_a_strength": 22000000000, "target": [16.0, -39.0]}], "additional_id_existed_ped": {"0": [180, 183], "1": [180, 181, 182], "2": [180, 181, 182], "3": [180, 182], "4": [180], "5": [181, 183], "6": [180], "7": [180, 182, 183], "8": [182], "9": [180, 182], "10": [181, 182, 183], "11": [181, 182], "12": [180, 181, 182, 183], "13": [181], "14": [181, 182, 183], "15": [180, 182], "16": [181], "17": [180], "18": [180, 181], "19": [], "20": [181], "21": [181, 182, 183], "22": [182, 183], "23": [181, 182], "24": [180, 182, 183], "25": [180, 181], "26": [181, 182], "27": [180, 181, 182, 183], "28": [180, 181, 182], "29": [180, 183], "30": [181, 182], "31": [181, 183], "32": [181, 182], "33": [181], "34": [180, 181], "35": [181, 182], "36": [180, 183], "37": [180, 183], "38": [], "39": [182, 183], "40": [180, 182], "41": [180, 182], "42": [181], "43": [180, 181, 183], "44": [181, 182, 183], "45": [182], "46": [180, 181, 182], "47": [180, 182], "48": [180], "49": [181, 182], "50": [180, 181, 182, 183], "51": [180, 181, 182, 183], "52": [181, 182, 183], "53": [182, 183], "54": [180], "55": [180, 181], "56": [180], "57": [180, 182, 183], "58": [181, 182, 183], "59": [180, 182, 183], "60": [181, 182], "61": [180, 181, 183], "62": [182, 183], "63": [180, 181, 182, 183], "64": [180, 181], "65": [180, 183], "66": [181, 182, 183], "67": [], "68": [180, 181, 183], "69": [180, 181, 183], "70": [181, 183], "71": [180, 183], "72": [180, 182], "73": [180, 183], "74": [181, 182], "75": [180, 182, 183], "76": [183], "77": [182, 183], "78": [182], "79": [182], "80": [182], "81": [181, 182], "82": [183], "83": [182, 183], "84": [181, 183], "85": [180, 181, 183], "86": [182, 183], "87": [181, 183], "88": [180, 182], "89": [180, 183], "90": [180, 181, 182, 183], "91": [180, 181, 183], "92": [181, 182, 183], "93": [], "94": [183], "95": [180, 183], "96": [], "97": [180, 182], "98": [180, 182, 183], "99": [181, 183], "100": [180, 181], "101": [183], "102": [182, 183], "103": [183], "104": [180, 181], "105": [180, 183], "106": [181, 182, 183], "107": [], "108": [181, 183], "109": [182], "110": [183], "111": [180, 183], "112": [180, 181, 183], "113": [180, 183], "114": [181], "115": [181, 182], "116": [181, 182, 183], "117": [180], "118": [181, 182, 183], "119": [180], "120": [181], "121": [183], "122": [180, 181, 183], "123": [181, 182], "124": [180, 182], "125": [180], "126": [180, 181, 182], "127": [], "128": [181], "129": [], "130": [180, 181, 182], "131": [180, 183], "132": [180, 181, 182, 183], "133": [180, 181, 182, 183], "134": [181, 183], "135": [183], "136": [181, 183], "137": [180, 182, 183], "138": [181, 182], "139": [181, 182, 183], "140": [], "141": [], "142": [180], "143": [180, 182, 183], "144": [180, 182], "145": [182], "146": [180, 181, 182], "147": [180, 182], "148": [180, 181, 182], "149": [180, 182], "150": [], "151": [180, 181, 182], "152": [181], "153": [180, 182, 183], "154": [182, 183], "155": [181, 182, 183], "156": [180, 182, 183], "157": [180, 181, 183], "158": [181], "159": [180, 181], "160": [181, 183], "161": [181], "162": [180, 181, 182, 183], "163": [180, 181, 182], "164": [180, 181, 183], "165": [180, 181, 182], "166": [180, 183], "167": [180, 183], "168": [183], "169": [180, 183], "170": [183], "171": [183], "172": [180, 183], "173": [180, 181, 183], "174": [181], "175": [180, 181, 182], "176": [181, 182], "177": [182], "178": [182], "179": [181, 182]}, "frame_second": "4000"}