{"pedestrian_list": [{"radius": 0.3, "friend_zone": [89, 52, 45, 47, 132, 13, 85, 117, 92, 104, 7, 6, 4, 43, 129, 116, 1, 12, 14, 51, 8, 64, 109, 63, 25, 124, 140, 128, 99, 18, 80, 118, 72, 88, 81, 2, 75, 39, 110, 147, 94, 133, 48, 30, 49, 105, 11, 60, 131, 19, 73, 58, 122, 57, 95, 82, 145, 96, 21, 100, 115, 141, 138, 17, 123, 113, 5, 87, 32, 29, 50, 68, 15, 27], "in_group_a_range": 2.8, "in_group_r_strength": 40, "in_group_a_strength": 20, "target_a_range": 435, "position": [2.0788228363019345, 55.314284971973876], "out_group_a_range": 2.8, "attractor_count": 74, "out_group_r_strength": 64.0, "out_group_r_range": 2.0, "pedestrian_id": 148, "out_group_a_strength": 12.5, "in_group_r_range": 2.0, "group_id": 0, "target_a_strength": 22000000000, "target": [16.0, -39.0]}, {"radius": 0.3, "friend_zone": [80, 129, 124, 142, 62, 123, 53, 63, 15, 14, 20, 49, 127, 76, 26, 91, 39, 17, 86, 140, 8, 81, 34, 104, 77, 119, 128, 21, 22, 82, 101, 31, 105, 1, 41, 11, 42, 51, 96, 103, 145, 43, 24, 139, 57, 74, 136, 30, 120, 125, 134, 141, 115, 84, 75, 44, 98, 47, 107, 36, 94, 85, 147, 133, 35, 56, 32, 4, 48, 97, 116, 131, 65, 114], "in_group_a_range": 2.8, "in_group_r_strength": 40, "in_group_a_strength": 20, "target_a_range": 435, "position": [17.01503170800948, 40.34304095680293], "out_group_a_range": 2.8, "attractor_count": 74, "out_group_r_strength": 64.0, "out_group_r_range": 2.0, "pedestrian_id": 149, "out_group_a_strength": 12.5, "in_group_r_range": 2.0, "group_id": 0, "target_a_strength": 22000000000, "target": [16.0, -39.0]}, {"radius": 0.3, "friend_zone": [74, 105, 25, 36, 46, 132, 87, 44, 127, 66, 3, 133, 83, 116, 1, 13, 137, 58, 12, 7, 59, 146, 142, 103, 113, 22, 47, 108, 42, 80, 38, 9, 19, 138, 121, 27, 101, 96, 35, 18, 77, 26, 30, 71, 43, 23, 141, 41, 63, 135, 55, 64, 32, 136, 48, 20, 90, 131, 65, 81, 130, 119, 50, 4, 40, 129, 28, 92, 68, 73, 100, 11, 76, 0], "in_group_a_range": 2.8, "in_group_r_strength": 40, "in_group_a_strength": 20, "target_a_range": 435, "position": [5.963763504342732, 56.59898712074827], "out_group_a_range": 2.8, "attractor_count": 74, "out_group_r_strength": 64.0, "out_group_r_range": 2.0, "pedestrian_id": 150, "out_group_a_strength": 12.5, "in_group_r_range": 2.0, "group_id": 1, "target_a_strength": 22000000000, "target": [16.0, -39.0]}, {"radius": 0.3, "friend_zone": [27, 111, 124, 20, 141, 94, 13, 55, 64, 100, 22, 60, 37, 138, 47, 30, 123, 105, 114, 97, 125, 35, 65, 76, 98, 58, 0, 107, 44, 137, 140, 31, 3, 56, 42, 16, 7, 121, 59, 48, 52, 146, 80, 68, 128, 19, 132, 71, 116, 70, 96, 79, 134, 61, 32, 130, 144, 2, 67, 119, 45, 74, 82, 145, 135, 93, 142, 120, 49, 133, 38, 5, 108, 46], "in_group_a_range": 2.8, "in_group_r_strength": 40, "in_group_a_strength": 20, "target_a_range": 435, "position": [5.308333492105222, 51.41402282801377], "out_group_a_range": 2.8, "attractor_count": 74, "out_group_r_strength": 64.0, "out_group_r_range": 2.0, "pedestrian_id": 151, "out_group_a_strength": 12.5, "in_group_r_range": 2.0, "group_id": 1, "target_a_strength": 22000000000, "target": [16.0, -39.0]}], "additional_id_existed_ped": {"0": [151], "1": [148, 149, 150], "2": [148], "3": [150], "4": [150], "5": [148, 151], "6": [148, 150, 151], "7": [], "8": [148, 149, 150], "9": [149, 151], "10": [148, 151], "11": [148, 149, 151], "12": [], "13": [149, 151], "14": [148, 150, 151], "15": [148, 150], "16": [149], "17": [148, 149, 150], "18": [], "19": [148, 149, 150], "20": [148], "21": [148, 149, 150], "22": [149, 150], "23": [148], "24": [149], "25": [148, 150, 151], "26": [], "27": [148, 149, 150], "28": [], "29": [148, 151], "30": [149, 151], "31": [148], "32": [148, 150], "33": [149, 151], "34": [148], "35": [148, 150, 151], "36": [149, 150], "37": [148, 149], "38": [150], "39": [148, 149], "40": [151], "41": [151], "42": [151], "43": [148, 149, 150, 151], "44": [151], "45": [151], "46": [148, 149, 150], "47": [149, 150], "48": [148, 149, 150, 151], "49": [148, 149, 151], "50": [148, 149], "51": [149, 151], "52": [148, 150, 151], "53": [149, 150], "54": [148, 150, 151], "55": [148, 149, 150], "56": [148, 150], "57": [148, 149, 150], "58": [150], "59": [149, 150], "60": [151], "61": [148, 149, 150, 151], "62": [148, 151], "63": [148, 149, 151], "64": [148, 150, 151], "65": [148], "66": [148, 149, 150], "67": [148, 149, 150, 151], "68": [149, 151], "69": [148, 149, 150, 151], "70": [151], "71": [150, 151], "72": [], "73": [148, 149], "74": [149, 151], "75": [149], "76": [148, 149, 150, 151], "77": [149], "78": [148, 149, 150, 151], "79": [149, 150, 151], "80": [150, 151], "81": [149, 150], "82": [149, 150, 151], "83": [148, 149], "84": [148, 150], "85": [148, 150, 151], "86": [148, 150], "87": [149, 151], "88": [150], "89": [], "90": [148, 149, 150, 151], "91": [149], "92": [151], "93": [149, 150], "94": [149, 150, 151], "95": [150, 151], "96": [148], "97": [149, 150, 151], "98": [149, 150, 151], "99": [150], "100": [], "101": [148, 150, 151], "102": [148, 149, 150, 151], "103": [151], "104": [148, 149, 150, 151], "105": [148, 149, 150, 151], "106": [], "107": [148, 150], "108": [148, 149, 150, 151], "109": [148, 149, 150], "110": [148, 151], "111": [150], "112": [148], "113": [149, 151], "114": [148, 150, 151], "115": [151], "116": [], "117": [149, 150], "118": [149, 151], "119": [148], "120": [148, 149], "121": [148, 149], "122": [149, 151], "123": [], "124": [148, 149, 151], "125": [149, 150], "126": [148, 150, 151], "127": [], "128": [], "129": [], "130": [148, 149, 150, 151], "131": [149], "132": [151], "133": [148, 151], "134": [149, 150, 151], "135": [148, 149], "136": [150, 151], "137": [148, 150, 151], "138": [149, 150, 151], "139": [149, 151], "140": [149, 151], "141": [148, 150, 151], "142": [148], "143": [148, 149, 150], "144": [148, 150, 151], "145": [149, 150], "146": [148, 150], "147": [149, 151]}, "frame_second": "3200"}