{"frame_second": "1000", "additional_id_existed_ped": {"0": [60, 62], "1": [60, 61], "2": [60, 62], "3": [60], "4": [60, 61, 62, 63], "5": [], "6": [60, 61], "7": [62, 63], "8": [60, 62], "9": [63], "10": [61, 62, 63], "11": [60, 61], "12": [60, 63], "13": [60, 63], "14": [60, 62], "15": [61, 62], "16": [], "17": [60, 61, 63], "18": [], "19": [62], "20": [61, 63], "21": [61], "22": [60, 61, 62], "23": [63], "24": [62, 63], "25": [62, 63], "26": [60, 61, 63], "27": [60, 63], "28": [61, 62], "29": [60, 61], "30": [61, 63], "31": [60, 63], "32": [60], "33": [61], "34": [60, 63], "35": [60, 61, 63], "36": [60, 61, 63], "37": [61, 62, 63], "38": [60, 61, 62, 63], "39": [61, 63], "40": [61, 62], "41": [], "42": [62, 63], "43": [61, 62], "44": [60, 62, 63], "45": [61, 62, 63], "46": [61, 63], "47": [61, 62], "48": [60, 61, 62, 63], "49": [60, 62, 63], "50": [63], "51": [61, 62], "52": [60], "53": [61, 63], "54": [60, 61, 62], "55": [62], "56": [60, 62, 63], "57": [62], "58": [60, 61, 62], "59": [60, 62]}, "pedestrian_list": [{"in_group_r_range": 2.0, "out_group_r_strength": 64.0, "attractor_count": 30, "in_group_a_range": 2.8, "position": [3.3516502322962363, 65.02847775706252], "target_a_strength": 22000000000, "friend_zone": [9, 59, 1, 52, 26, 29, 53, 48, 6, 51, 20, 58, 45, 15, 30, 0, 21, 3, 37, 57, 46, 4, 38, 56, 50, 16, 25, 33, 39, 44], "out_group_a_strength": 12.5, "pedestrian_id": 60, "out_group_a_range": 2.8, "out_group_r_range": 2.0, "in_group_r_strength": 40, "target_a_range": 435, "in_group_a_strength": 20, "target": [16.0, -39.0], "group_id": 0, "radius": 0.3}, {"in_group_r_range": 2.0, "out_group_r_strength": 64.0, "attractor_count": 30, "in_group_a_range": 2.8, "position": [10.52562524672093, 42.28827246965535], "target_a_strength": 22000000000, "friend_zone": [29, 21, 20, 0, 8, 10, 49, 34, 42, 48, 6, 59, 22, 17, 45, 53, 27, 47, 19, 43, 18, 40, 11, 5, 57, 32, 39, 30, 58, 16], "out_group_a_strength": 12.5, "pedestrian_id": 61, "out_group_a_range": 2.8, "out_group_r_range": 2.0, "in_group_r_strength": 40, "target_a_range": 435, "in_group_a_strength": 20, "target": [16.0, -39.0], "group_id": 0, "radius": 0.3}, {"in_group_r_range": 2.0, "out_group_r_strength": 64.0, "attractor_count": 30, "in_group_a_range": 2.8, "position": [-3.145829265871017, 47.52286303785878], "target_a_strength": 22000000000, "friend_zone": [52, 2, 47, 37, 18, 22, 12, 16, 23, 14, 27, 50, 57, 39, 0, 54, 58, 53, 56, 10, 51, 46, 30, 35, 33, 40, 5, 26, 7, 3], "out_group_a_strength": 12.5, "pedestrian_id": 62, "out_group_a_range": 2.8, "out_group_r_range": 2.0, "in_group_r_strength": 40, "target_a_range": 435, "in_group_a_strength": 20, "target": [16.0, -39.0], "group_id": 1, "radius": 0.3}, {"in_group_r_range": 2.0, "out_group_r_strength": 64.0, "attractor_count": 30, "in_group_a_range": 2.8, "position": [9.241030337837742, 62.43885525602626], "target_a_strength": 22000000000, "friend_zone": [52, 47, 44, 2, 11, 23, 32, 30, 15, 43, 39, 13, 38, 4, 6, 58, 35, 49, 51, 29, 19, 54, 24, 22, 31, 7, 48, 53, 34, 27], "out_group_a_strength": 12.5, "pedestrian_id": 63, "out_group_a_range": 2.8, "out_group_r_range": 2.0, "in_group_r_strength": 40, "target_a_range": 435, "in_group_a_strength": 20, "target": [16.0, -39.0], "group_id": 1, "radius": 0.3}]}