{"pedestrian_list": [{"radius": 0.3, "friend_zone": [34, 102, 110, 80, 93, 128, 75, 65, 18, 3, 88, 121, 91, 19, 28, 130, 14, 42, 6, 68, 99, 119, 120, 129, 11, 108, 35, 52, 114, 64, 54, 97, 83, 100, 21, 76, 122, 59, 71, 109, 50, 69, 55, 92, 66, 15, 135, 8, 39, 134, 103, 7, 10, 126, 73, 138, 78, 115, 112, 139, 81, 133, 38, 95, 90, 82, 33, 74, 86, 47], "in_group_a_range": 2.8, "in_group_r_strength": 40, "in_group_a_strength": 20, "target_a_range": 435, "position": [-7.666439242810613, 49.445083408488955], "out_group_a_range": 2.8, "attractor_count": 70, "out_group_r_strength": 64.0, "out_group_r_range": 2.0, "pedestrian_id": 140, "out_group_a_strength": 12.5, "in_group_r_range": 2.0, "group_id": 0, "target_a_strength": 22000000000, "target": [16.0, -39.0]}, {"radius": 0.3, "friend_zone": [69, 128, 111, 8, 130, 30, 113, 114, 85, 139, 6, 80, 132, 51, 29, 105, 98, 86, 79, 59, 94, 38, 9, 101, 65, 117, 56, 103, 71, 17, 82, 89, 19, 14, 118, 44, 1, 106, 25, 95, 83, 108, 87, 115, 18, 28, 91, 96, 2, 33, 11, 4, 92, 12, 26, 81, 68, 45, 49, 131, 47, 27, 109, 127, 126, 34, 70, 125, 123, 16], "in_group_a_range": 2.8, "in_group_r_strength": 40, "in_group_a_strength": 20, "target_a_range": 435, "position": [10.535540669791136, 36.44637833874395], "out_group_a_range": 2.8, "attractor_count": 70, "out_group_r_strength": 64.0, "out_group_r_range": 2.0, "pedestrian_id": 141, "out_group_a_strength": 12.5, "in_group_r_range": 2.0, "group_id": 0, "target_a_strength": 22000000000, "target": [16.0, -39.0]}, {"radius": 0.3, "friend_zone": [45, 17, 62, 88, 108, 134, 78, 25, 34, 99, 84, 106, 2, 82, 86, 8, 32, 11, 104, 79, 70, 13, 42, 76, 112, 122, 10, 51, 12, 110, 44, 67, 30, 91, 6, 124, 16, 28, 41, 129, 31, 52, 131, 22, 73, 126, 87, 7, 33, 127, 3, 66, 55, 85, 29, 120, 90, 75, 100, 56, 35, 37, 95, 139, 93, 128, 9, 46, 138, 113], "in_group_a_range": 2.8, "in_group_r_strength": 40, "in_group_a_strength": 20, "target_a_range": 435, "position": [-3.795409327298146, 41.672208114344215], "out_group_a_range": 2.8, "attractor_count": 70, "out_group_r_strength": 64.0, "out_group_r_range": 2.0, "pedestrian_id": 142, "out_group_a_strength": 12.5, "in_group_r_range": 2.0, "group_id": 1, "target_a_strength": 22000000000, "target": [16.0, -39.0]}, {"radius": 0.3, "friend_zone": [126, 122, 33, 114, 64, 103, 92, 65, 17, 25, 78, 106, 110, 129, 98, 91, 136, 8, 99, 50, 79, 24, 23, 47, 20, 34, 85, 6, 107, 83, 53, 38, 84, 115, 94, 73, 63, 19, 57, 1, 128, 56, 134, 29, 81, 61, 119, 14, 72, 123, 102, 21, 62, 3, 112, 120, 16, 89, 48, 135, 60, 4, 39, 32, 108, 10, 74, 87, 132, 118], "in_group_a_range": 2.8, "in_group_r_strength": 40, "in_group_a_strength": 20, "target_a_range": 435, "position": [18.34258444005535, 37.11754279075074], "out_group_a_range": 2.8, "attractor_count": 70, "out_group_r_strength": 64.0, "out_group_r_range": 2.0, "pedestrian_id": 143, "out_group_a_strength": 12.5, "in_group_r_range": 2.0, "group_id": 1, "target_a_strength": 22000000000, "target": [16.0, -39.0]}], "additional_id_existed_ped": {"0": [140, 143], "1": [142], "2": [141], "3": [140, 142], "4": [141, 143], "5": [140], "6": [140, 141, 143], "7": [142, 143], "8": [140, 141, 142], "9": [142, 143], "10": [142], "11": [140], "12": [140, 141, 142], "13": [140, 141, 142, 143], "14": [142], "15": [140, 141, 143], "16": [140, 141], "17": [140], "18": [141], "19": [140, 142, 143], "20": [141], "21": [140, 141], "22": [141, 142], "23": [], "24": [141, 143], "25": [140, 141, 143], "26": [140, 143], "27": [140, 141, 142], "28": [140, 141], "29": [142], "30": [140, 142, 143], "31": [142], "32": [142], "33": [143], "34": [141, 142, 143], "35": [141, 142], "36": [140, 142, 143], "37": [141, 142, 143], "38": [142], "39": [141], "40": [141, 142, 143], "41": [140, 142], "42": [140, 142, 143], "43": [143], "44": [], "45": [140, 141, 143], "46": [142, 143], "47": [141, 142, 143], "48": [141], "49": [141, 143], "50": [140, 141], "51": [140, 141, 143], "52": [140, 141], "53": [140], "54": [], "55": [141, 142, 143], "56": [140, 141, 143], "57": [140, 142, 143], "58": [], "59": [140, 142], "60": [141, 142], "61": [140, 143], "62": [141, 142], "63": [141], "64": [140, 141, 142, 143], "65": [140, 141], "66": [140, 142], "67": [], "68": [140, 141, 143], "69": [142, 143], "70": [140], "71": [140, 143], "72": [140, 141, 143], "73": [140], "74": [140, 141, 142, 143], "75": [140, 141, 143], "76": [140, 142, 143], "77": [141, 142], "78": [142], "79": [141, 142], "80": [140, 141, 142, 143], "81": [140, 141], "82": [142], "83": [140, 141, 142, 143], "84": [140, 142], "85": [141, 143], "86": [141, 143], "87": [141, 142, 143], "88": [140, 142, 143], "89": [142], "90": [140, 142], "91": [141, 142], "92": [143], "93": [140, 141], "94": [140, 141, 142], "95": [141, 142], "96": [141], "97": [140, 142, 143], "98": [140, 141, 142], "99": [140, 142], "100": [141, 143], "101": [140, 141], "102": [141, 142, 143], "103": [142, 143], "104": [141, 143], "105": [140, 141, 143], "106": [140, 143], "107": [141, 143], "108": [], "109": [143], "110": [141, 142, 143], "111": [141, 142, 143], "112": [140, 142], "113": [140, 142], "114": [140, 141, 142, 143], "115": [], "116": [], "117": [143], "118": [142, 143], "119": [142, 143], "120": [140, 142, 143], "121": [140, 141, 143], "122": [143], "123": [140, 141], "124": [140, 141, 142], "125": [140, 143], "126": [143], "127": [140, 143], "128": [141, 143], "129": [143], "130": [143], "131": [140, 141], "132": [140, 141, 142, 143], "133": [140], "134": [141, 142], "135": [140, 142], "136": [142], "137": [140, 141, 142], "138": [140, 143], "139": [142, 143]}, "frame_second": "3000"}