{"pedestrian_list": [{"radius": 0.3, "friend_zone": [65, 87, 94, 47, 145, 11, 146, 108, 140, 36, 75, 116, 43, 63, 34, 9, 42, 103, 125, 111, 0, 61, 98, 51, 78, 37, 71, 104, 128, 139, 49, 48, 131, 6, 137, 3, 124, 66, 99, 112, 21, 72, 135, 133, 69, 27, 143, 120, 53, 134, 85, 80, 107, 23, 17, 83, 64, 119, 100, 76, 115, 55, 60, 57, 142, 102, 29, 56, 22, 148, 136, 77, 132, 39, 4, 10], "in_group_a_range": 2.8, "in_group_r_strength": 40, "in_group_a_strength": 20, "target_a_range": 435, "position": [9.898979944183735, 55.30656504722608], "out_group_a_range": 2.8, "attractor_count": 76, "out_group_r_strength": 64.0, "out_group_r_range": 2.0, "pedestrian_id": 152, "out_group_a_strength": 12.5, "in_group_r_range": 2.0, "group_id": 0, "target_a_strength": 22000000000, "target": [16.0, -39.0]}, {"radius": 0.3, "friend_zone": [88, 65, 139, 106, 101, 16, 121, 28, 11, 83, 147, 93, 129, 133, 136, 71, 13, 62, 27, 95, 100, 114, 58, 40, 48, 67, 149, 66, 77, 42, 111, 137, 52, 98, 148, 109, 49, 20, 108, 35, 31, 56, 37, 118, 99, 130, 54, 5, 142, 73, 50, 75, 116, 143, 104, 76, 112, 60, 55, 64, 82, 1, 115, 141, 92, 0, 2, 57, 135, 145, 32, 140, 138, 86, 85, 126], "in_group_a_range": 2.8, "in_group_r_strength": 40, "in_group_a_strength": 20, "target_a_range": 435, "position": [7.270506030507384, 62.445113152757166], "out_group_a_range": 2.8, "attractor_count": 76, "out_group_r_strength": 64.0, "out_group_r_range": 2.0, "pedestrian_id": 153, "out_group_a_strength": 12.5, "in_group_r_range": 2.0, "group_id": 0, "target_a_strength": 22000000000, "target": [16.0, -39.0]}, {"radius": 0.3, "friend_zone": [49, 101, 124, 64, 75, 53, 60, 31, 144, 88, 103, 41, 92, 4, 107, 120, 82, 0, 55, 98, 138, 140, 125, 80, 149, 133, 79, 110, 59, 132, 106, 96, 9, 54, 17, 100, 108, 99, 43, 57, 112, 93, 141, 118, 128, 131, 47, 85, 134, 143, 14, 109, 147, 105, 111, 121, 45, 91, 2, 42, 66, 34, 135, 130, 84, 87, 65, 61, 97, 142, 104, 44, 90, 114, 116, 21], "in_group_a_range": 2.8, "in_group_r_strength": 40, "in_group_a_strength": 20, "target_a_range": 435, "position": [19.646596867585426, 39.038673615354746], "out_group_a_range": 2.8, "attractor_count": 76, "out_group_r_strength": 64.0, "out_group_r_range": 2.0, "pedestrian_id": 154, "out_group_a_strength": 12.5, "in_group_r_range": 2.0, "group_id": 1, "target_a_strength": 22000000000, "target": [16.0, -39.0]}, {"radius": 0.3, "friend_zone": [130, 144, 38, 42, 84, 142, 116, 24, 135, 21, 40, 20, 137, 110, 106, 143, 53, 39, 123, 128, 67, 139, 61, 87, 97, 145, 46, 18, 148, 101, 65, 5, 63, 73, 37, 15, 86, 146, 93, 138, 81, 103, 57, 58, 126, 59, 113, 50, 35, 47, 127, 52, 136, 2, 27, 95, 76, 85, 107, 88, 89, 125, 25, 17, 4, 7, 124, 45, 104, 16, 102, 98, 147, 129, 119, 54], "in_group_a_range": 2.8, "in_group_r_strength": 40, "in_group_a_strength": 20, "target_a_range": 435, "position": [16.39268461725579, 69.61350780869769], "out_group_a_range": 2.8, "attractor_count": 76, "out_group_r_strength": 64.0, "out_group_r_range": 2.0, "pedestrian_id": 155, "out_group_a_strength": 12.5, "in_group_r_range": 2.0, "group_id": 1, "target_a_strength": 22000000000, "target": [16.0, -39.0]}], "additional_id_existed_ped": {"0": [152, 153, 154, 155], "1": [152], "2": [], "3": [153], "4": [153, 154], "5": [154, 155], "6": [152, 154, 155], "7": [152, 153], "8": [152, 153, 154], "9": [154], "10": [155], "11": [153], "12": [153, 154], "13": [153, 155], "14": [], "15": [], "16": [153], "17": [155], "18": [152, 155], "19": [152, 153, 154], "20": [152, 153, 155], "21": [152, 153, 154], "22": [152, 154, 155], "23": [153, 154, 155], "24": [155], "25": [153, 154], "26": [152, 153, 154], "27": [], "28": [152, 153, 155], "29": [154], "30": [152], "31": [152, 155], "32": [153, 155], "33": [154, 155], "34": [155], "35": [152, 154], "36": [154], "37": [152, 155], "38": [153, 155], "39": [153, 154, 155], "40": [154, 155], "41": [153], "42": [154], "43": [152, 153, 154, 155], "44": [154, 155], "45": [152, 155], "46": [154], "47": [152, 154, 155], "48": [152], "49": [], "50": [152], "51": [152, 155], "52": [154], "53": [153, 155], "54": [154], "55": [153], "56": [154, 155], "57": [152, 153, 155], "58": [], "59": [152, 153], "60": [152, 154], "61": [152, 153, 154], "62": [152, 155], "63": [154], "64": [154, 155], "65": [152], "66": [152, 153], "67": [152, 153, 154, 155], "68": [152, 154], "69": [152, 154, 155], "70": [153, 154], "71": [153, 154], "72": [153, 155], "73": [152, 154], "74": [152, 154], "75": [152, 153], "76": [152, 154], "77": [154], "78": [155], "79": [152], "80": [152, 155], "81": [152, 153, 154, 155], "82": [153, 154, 155], "83": [152, 155], "84": [152, 155], "85": [152, 153, 154, 155], "86": [152, 153, 154], "87": [154, 155], "88": [155], "89": [153, 154, 155], "90": [153, 154], "91": [152, 153, 154, 155], "92": [152, 154, 155], "93": [153, 154, 155], "94": [152], "95": [152, 154], "96": [152, 153, 155], "97": [152, 153, 154, 155], "98": [], "99": [153, 155], "100": [152, 153, 155], "101": [152, 153], "102": [152], "103": [153, 155], "104": [152, 155], "105": [154, 155], "106": [152, 153, 154], "107": [154, 155], "108": [152, 153, 155], "109": [154], "110": [153, 155], "111": [152, 153, 154], "112": [153, 155], "113": [154, 155], "114": [153, 154, 155], "115": [153, 155], "116": [153, 154], "117": [153], "118": [152, 153, 154], "119": [152, 153], "120": [155], "121": [152, 153, 154], "122": [152], "123": [154, 155], "124": [], "125": [152, 153, 155], "126": [154, 155], "127": [153, 154], "128": [153, 155], "129": [152, 153, 155], "130": [154], "131": [154, 155], "132": [152, 153, 154, 155], "133": [154], "134": [152, 153], "135": [153, 155], "136": [152, 153, 155], "137": [153, 154, 155], "138": [152], "139": [152, 153], "140": [152, 153], "141": [152, 153, 154, 155], "142": [153], "143": [152, 153, 155], "144": [153, 154], "145": [152], "146": [152, 153, 154, 155], "147": [152, 153], "148": [152, 154], "149": [155], "150": [152, 153, 154], "151": [152, 154, 155]}, "frame_second": "3300"}