{"pedestrian_list": [{"radius": 0.3, "friend_zone": [95, 161, 23, 245, 98, 294, 170, 144, 41, 272, 248, 254, 28, 174, 282, 296, 111, 287, 224, 215, 264, 142, 303, 268, 246, 56, 58, 78, 139, 210, 104, 179, 66, 226, 54, 69, 286, 88, 85, 5, 216, 12, 75, 283, 61, 191, 176, 110, 180, 122, 14, 157, 133, 291, 192, 82, 112, 131, 204, 148, 197, 164, 44, 43, 211, 302, 32, 38, 168, 200, 143, 199, 242, 48, 18, 158, 145, 1, 295, 19, 105, 207, 147, 169, 190, 20, 162, 128, 65, 220, 114, 146, 266, 278, 182, 159, 21, 83, 90, 160, 284, 42, 188, 130, 13, 259, 230, 24, 208, 103, 45, 10, 227, 46, 100, 187, 183, 203, 16, 67, 181, 258, 253, 297, 298, 101, 237, 270, 108, 213, 106, 247, 193, 243, 277, 218, 120, 49, 260, 175, 116, 94, 231, 138, 93, 235, 7, 151, 26, 79, 178, 166], "in_group_a_range": 2.8, "in_group_r_strength": 40, "in_group_a_strength": 20, "target_a_range": 435, "position": [-1.1635734607166799, 69.59557418715046], "out_group_a_range": 2.8, "attractor_count": 152, "out_group_r_strength": 64.0, "out_group_r_range": 2.0, "pedestrian_id": 304, "out_group_a_strength": 12.5, "in_group_r_range": 2.0, "group_id": 0, "target_a_strength": 22000000000, "target": [16.0, -39.0]}, {"radius": 0.3, "friend_zone": [163, 186, 7, 258, 199, 123, 219, 90, 287, 221, 261, 64, 40, 79, 89, 204, 100, 297, 216, 143, 77, 174, 167, 160, 52, 92, 251, 234, 236, 81, 46, 50, 16, 129, 276, 58, 200, 255, 283, 37, 11, 15, 284, 136, 17, 86, 263, 227, 197, 142, 60, 56, 5, 277, 131, 115, 121, 286, 270, 35, 194, 134, 126, 195, 239, 175, 248, 170, 181, 151, 101, 36, 91, 8, 192, 4, 122, 102, 85, 28, 232, 266, 254, 147, 184, 202, 20, 113, 63, 241, 177, 282, 84, 150, 42, 108, 302, 54, 70, 278, 158, 172, 69, 110, 171, 224, 222, 49, 176, 125, 205, 62, 74, 275, 240, 187, 267, 243, 182, 98, 149, 24, 10, 103, 6, 141, 161, 196, 9, 245, 220, 296, 298, 139, 118, 146, 233, 168, 166, 265, 291, 290, 53, 66, 211, 256, 235, 162, 44, 57, 76, 268], "in_group_a_range": 2.8, "in_group_r_strength": 40, "in_group_a_strength": 20, "target_a_range": 435, "position": [3.3691600098731893, 46.18203966324298], "out_group_a_range": 2.8, "attractor_count": 152, "out_group_r_strength": 64.0, "out_group_r_range": 2.0, "pedestrian_id": 305, "out_group_a_strength": 12.5, "in_group_r_range": 2.0, "group_id": 0, "target_a_strength": 22000000000, "target": [16.0, -39.0]}, {"radius": 0.3, "friend_zone": [119, 114, 202, 267, 281, 185, 47, 140, 283, 253, 25, 220, 76, 172, 192, 108, 120, 121, 183, 289, 255, 229, 251, 50, 223, 105, 72, 26, 206, 290, 15, 146, 224, 56, 32, 87, 109, 49, 284, 11, 299, 158, 36, 271, 164, 117, 175, 124, 208, 179, 295, 148, 33, 12, 116, 42, 55, 155, 64, 127, 212, 197, 167, 165, 211, 248, 5, 241, 43, 144, 118, 198, 39, 14, 177, 19, 193, 245, 195, 9, 184, 257, 221, 238, 244, 70, 157, 68, 298, 222, 59, 276, 250, 112, 101, 200, 137, 235, 258, 67, 231, 97, 190, 91, 23, 92, 228, 18, 99, 296, 6, 247, 147, 89, 21, 219, 210, 134, 38, 213, 239, 262, 282, 300, 302, 135, 93, 256, 218, 51, 24, 168, 125, 20, 142, 138, 65, 48, 78, 160, 35, 263, 242, 294, 303, 188, 71, 143, 293, 8, 113, 176], "in_group_a_range": 2.8, "in_group_r_strength": 40, "in_group_a_strength": 20, "target_a_range": 435, "position": [5.994514246046054, 48.77544513724635], "out_group_a_range": 2.8, "attractor_count": 152, "out_group_r_strength": 64.0, "out_group_r_range": 2.0, "pedestrian_id": 306, "out_group_a_strength": 12.5, "in_group_r_range": 2.0, "group_id": 1, "target_a_strength": 22000000000, "target": [16.0, -39.0]}, {"radius": 0.3, "friend_zone": [6, 243, 139, 150, 302, 228, 240, 147, 103, 159, 219, 34, 61, 236, 59, 270, 21, 145, 57, 141, 71, 113, 241, 254, 32, 91, 285, 1, 284, 68, 249, 35, 218, 197, 97, 112, 125, 66, 296, 248, 56, 179, 199, 44, 186, 215, 133, 176, 143, 178, 127, 246, 39, 255, 100, 87, 245, 78, 222, 221, 15, 33, 115, 252, 114, 104, 247, 290, 276, 262, 75, 111, 84, 165, 12, 183, 170, 193, 294, 244, 169, 214, 90, 93, 5, 154, 148, 47, 74, 54, 231, 259, 144, 60, 67, 13, 195, 85, 298, 207, 295, 182, 300, 29, 42, 273, 216, 172, 14, 181, 206, 80, 168, 190, 194, 146, 242, 229, 152, 31, 58, 198, 140, 250, 232, 142, 8, 94, 124, 109, 88, 63, 51, 220, 107, 0, 89, 9, 95, 110, 123, 128, 126, 174, 223, 224, 281, 24, 19, 175, 256, 40], "in_group_a_range": 2.8, "in_group_r_strength": 40, "in_group_a_strength": 20, "target_a_range": 435, "position": [-3.1250735483200325, 59.85668748839714], "out_group_a_range": 2.8, "attractor_count": 152, "out_group_r_strength": 64.0, "out_group_r_range": 2.0, "pedestrian_id": 307, "out_group_a_strength": 12.5, "in_group_r_range": 2.0, "group_id": 1, "target_a_strength": 22000000000, "target": [16.0, -39.0]}], "additional_id_existed_ped": {"0": [304, 305, 307], "1": [304, 305, 306, 307], "2": [305, 306, 307], "3": [304, 306, 307], "4": [], "5": [304, 305], "6": [304, 306], "7": [306], "8": [304, 305, 306], "9": [304, 305], "10": [306], "11": [305, 306], "12": [307], "13": [304, 306, 307], "14": [304, 305], "15": [306], "16": [304, 305, 306, 307], "17": [304, 306], "18": [304], "19": [304, 305, 306, 307], "20": [306], "21": [304, 305, 307], "22": [304, 305], "23": [305, 307], "24": [305], "25": [305, 306], "26": [307], "27": [305, 307], "28": [305, 306, 307], "29": [304, 306], "30": [304, 305, 307], "31": [307], "32": [304, 305], "33": [306, 307], "34": [305, 306], "35": [304], "36": [304, 306, 307], "37": [305, 306], "38": [304, 305], "39": [304, 305, 306, 307], "40": [304, 305], "41": [304, 306, 307], "42": [304, 305, 307], "43": [304, 305, 307], "44": [304, 307], "45": [304, 305], "46": [304, 307], "47": [], "48": [304, 305], "49": [307], "50": [307], "51": [305, 306, 307], "52": [305], "53": [305], "54": [305, 306, 307], "55": [304, 307], "56": [], "57": [305, 307], "58": [304, 306, 307], "59": [305], "60": [306, 307], "61": [305], "62": [304, 305, 306], "63": [306], "64": [304, 305, 306], "65": [305, 306], "66": [306], "67": [306, 307], "68": [305, 306], "69": [304], "70": [305, 306, 307], "71": [304, 305], "72": [304, 305, 306, 307], "73": [304, 307], "74": [306, 307], "75": [304, 305, 307], "76": [], "77": [306], "78": [304, 306, 307], "79": [306], "80": [304, 307], "81": [], "82": [306, 307], "83": [304, 307], "84": [304, 305], "85": [306, 307], "86": [305, 307], "87": [305, 307], "88": [304, 305], "89": [305, 306], "90": [304, 305], "91": [305, 306], "92": [], "93": [], "94": [304, 306, 307], "95": [305], "96": [304, 305, 306], "97": [304, 306], "98": [304, 305, 306, 307], "99": [304, 306, 307], "100": [305], "101": [306, 307], "102": [304, 306, 307], "103": [305, 306], "104": [307], "105": [305, 306, 307], "106": [304, 305, 306, 307], "107": [304, 305, 306], "108": [306, 307], "109": [304, 306], "110": [304, 306, 307], "111": [307], "112": [306], "113": [306, 307], "114": [], "115": [305, 306, 307], "116": [304, 306, 307], "117": [304], "118": [304], "119": [304, 305], "120": [305, 307], "121": [304, 305], "122": [], "123": [304, 306], "124": [307], "125": [304, 305, 306], "126": [304, 307], "127": [306], "128": [306], "129": [304, 306], "130": [304, 305, 306], "131": [], "132": [304, 305, 306], "133": [305, 306], "134": [306], "135": [305, 307], "136": [305, 307], "137": [307], "138": [304, 305, 307], "139": [305, 306, 307], "140": [304, 307], "141": [304, 305, 306], "142": [305, 307], "143": [305, 306], "144": [304, 307], "145": [305], "146": [304, 306], "147": [306], "148": [306, 307], "149": [304], "150": [305, 307], "151": [304, 305, 306, 307], "152": [306], "153": [305], "154": [304, 306], "155": [307], "156": [304], "157": [304, 306], "158": [305, 307], "159": [304, 307], "160": [305, 306], "161": [304], "162": [307], "163": [304, 305], "164": [], "165": [304, 305, 306], "166": [305, 306, 307], "167": [306, 307], "168": [307], "169": [305, 306, 307], "170": [304], "171": [304, 306], "172": [304, 305, 306, 307], "173": [304, 305, 307], "174": [304, 305, 307], "175": [305, 306], "176": [307], "177": [304], "178": [306, 307], "179": [304, 307], "180": [305, 307], "181": [304, 305, 307],