{"pedestrian_list": [{"radius": 0.3, "friend_zone": [83, 120, 199, 161, 214, 171, 278, 89, 259, 1, 20, 186, 70, 274, 155, 265, 79, 196, 93, 90, 230, 151, 164, 168, 272, 31, 254, 77, 220, 124, 110, 182, 184, 189, 149, 266, 132, 10, 11, 80, 125, 14, 74, 157, 200, 111, 172, 264, 55, 235, 13, 0, 5, 177, 154, 71, 158, 69, 159, 57, 126, 129, 18, 119, 84, 253, 240, 102, 258, 239, 260, 222, 32, 268, 44, 26, 227, 187, 115, 275, 210, 286, 282, 204, 60, 201, 117, 87, 176, 109, 169, 73, 52, 208, 4, 97, 7, 218, 42, 153, 39, 181, 116, 281, 152, 47, 19, 251, 290, 76, 41, 96, 141, 166, 63, 242, 145, 271, 140, 21, 62, 289, 67, 38, 173, 192, 9, 202, 228, 46, 143, 213, 269, 243, 146, 257, 34, 66, 211, 103, 128, 203, 86, 65, 61, 82], "in_group_a_range": 2.8, "in_group_r_strength": 40, "in_group_a_strength": 20, "target_a_range": 435, "position": [2.7487582279066216, 69.60610563153955], "out_group_a_range": 2.8, "attractor_count": 146, "out_group_r_strength": 64.0, "out_group_r_range": 2.0, "pedestrian_id": 292, "out_group_a_strength": 12.5, "in_group_r_range": 2.0, "group_id": 0, "target_a_strength": 22000000000, "target": [16.0, -39.0]}, {"radius": 0.3, "friend_zone": [195, 118, 137, 7, 125, 5, 264, 117, 224, 177, 266, 215, 268, 231, 156, 276, 61, 82, 206, 265, 53, 75, 96, 42, 65, 2, 22, 153, 163, 1, 167, 30, 87, 245, 78, 66, 134, 86, 159, 168, 146, 281, 52, 0, 69, 160, 182, 271, 128, 154, 101, 132, 85, 151, 226, 249, 262, 263, 209, 119, 100, 218, 250, 202, 236, 120, 235, 286, 111, 214, 190, 77, 189, 105, 244, 17, 24, 97, 4, 241, 47, 60, 48, 110, 6, 81, 38, 208, 54, 140, 71, 115, 14, 204, 91, 67, 116, 287, 254, 37, 147, 157, 288, 275, 239, 267, 43, 51, 72, 107, 89, 44, 138, 106, 196, 3, 255, 257, 280, 19, 33, 80, 9, 237, 164, 240, 230, 64, 112, 29, 122, 203, 228, 199, 284, 36, 131, 136, 108, 172, 11, 246, 28, 93, 290, 261], "in_group_a_range": 2.8, "in_group_r_strength": 40, "in_group_a_strength": 20, "target_a_range": 435, "position": [6.616603083218168, 66.33290074657734], "out_group_a_range": 2.8, "attractor_count": 146, "out_group_r_strength": 64.0, "out_group_r_range": 2.0, "pedestrian_id": 293, "out_group_a_strength": 12.5, "in_group_r_range": 2.0, "group_id": 0, "target_a_strength": 22000000000, "target": [16.0, -39.0]}, {"radius": 0.3, "friend_zone": [100, 6, 278, 111, 16, 122, 229, 265, 165, 2, 84, 94, 270, 243, 188, 4, 148, 195, 182, 121, 153, 58, 208, 227, 244, 46, 30, 289, 137, 273, 285, 163, 222, 288, 90, 127, 0, 72, 253, 200, 260, 41, 99, 250, 103, 283, 7, 77, 18, 78, 92, 169, 156, 193, 102, 180, 263, 131, 51, 272, 31, 57, 282, 218, 59, 95, 24, 134, 61, 159, 52, 81, 279, 66, 152, 34, 37, 130, 89, 242, 125, 141, 118, 35, 9, 143, 267, 172, 145, 230, 80, 256, 1, 237, 150, 8, 238, 63, 97, 79, 88, 269, 22, 20, 115, 135, 87, 206, 29, 74, 181, 107, 175, 231, 234, 274, 117, 281, 91, 287, 204, 280, 161, 261, 216, 196, 71, 133, 119, 167, 257, 151, 147, 136, 123, 232, 213, 64, 225, 17, 241, 246, 14, 138, 207, 116], "in_group_a_range": 2.8, "in_group_r_strength": 40, "in_group_a_strength": 20, "target_a_range": 435, "position": [3.3873422087880836, 51.423785075820774], "out_group_a_range": 2.8, "attractor_count": 146, "out_group_r_strength": 64.0, "out_group_r_range": 2.0, "pedestrian_id": 294, "out_group_a_strength": 12.5, "in_group_r_range": 2.0, "group_id": 1, "target_a_strength": 22000000000, "target": [16.0, -39.0]}, {"radius": 0.3, "friend_zone": [98, 47, 215, 33, 141, 157, 80, 125, 104, 116, 154, 123, 256, 174, 245, 24, 271, 105, 239, 156, 28, 70, 251, 261, 22, 176, 227, 130, 216, 183, 52, 136, 29, 46, 88, 87, 89, 171, 151, 149, 35, 177, 13, 145, 209, 179, 76, 8, 238, 290, 287, 65, 220, 81, 285, 134, 199, 16, 111, 258, 208, 44, 270, 186, 72, 247, 182, 128, 189, 144, 165, 51, 263, 23, 82, 211, 62, 203, 41, 161, 54, 131, 127, 225, 175, 85, 213, 63, 202, 5, 249, 14, 138, 113, 139, 42, 3, 75, 7, 17, 266, 206, 90, 38, 0, 45, 259, 166, 163, 243, 146, 273, 226, 1, 289, 49, 170, 140, 159, 274, 64, 94, 34, 242, 79, 262, 181, 135, 222, 187, 180, 212, 31, 106, 114, 84, 147, 217, 133, 99, 264, 132, 168, 167, 108, 192], "in_group_a_range": 2.8, "in_group_r_strength": 40, "in_group_a_strength": 20, "target_a_range": 435, "position": [12.46320814361286, 51.37703075265549], "out_group_a_range": 2.8, "attractor_count": 146, "out_group_r_strength": 64.0, "out_group_r_range": 2.0, "pedestrian_id": 295, "out_group_a_strength": 12.5, "in_group_r_range": 2.0, "group_id": 1, "target_a_strength": 22000000000, "target": [16.0, -39.0]}], "additional_id_existed_ped": {"0": [292, 294, 295], "1": [293], "2": [292, 293, 295], "3": [292, 293, 294, 295], "4": [292, 294], "5": [294], "6": [292, 294], "7": [292, 293, 294], "8": [292, 293, 295], "9": [292, 293, 294, 295], "10": [292, 294, 295], "11": [292, 294], "12": [292, 293, 295], "13": [293], "14": [292, 294, 295], "15": [292, 293], "16": [292, 293, 294], "17": [293], "18": [292, 293], "19": [293, 294, 295], "20": [292, 294], "21": [292, 295], "22": [295], "23": [292, 294], "24": [294], "25": [292, 293, 294], "26": [292], "27": [292, 293, 294, 295], "28": [], "29": [292, 293, 294], "30": [294, 295], "31": [294, 295], "32": [293], "33": [293, 295], "34": [295], "35": [293, 294], "36": [292, 294, 295], "37": [294], "38": [293, 294, 295], "39": [294, 295], "40": [293], "41": [293, 294], "42": [], "43": [292, 293, 295], "44": [293, 294, 295], "45": [294], "46": [292, 293, 295], "47": [292, 293, 294], "48": [295], "49": [293, 294, 295], "50": [293, 294, 295], "51": [294, 295], "52": [294], "53": [293, 294, 295], "54": [294, 295], "55": [293], "56": [292, 293, 295], "57": [], "58": [292, 293, 294], "59": [292, 294], "60": [292, 295], "61": [294, 295], "62": [294], "63": [292, 293, 294, 295], "64": [292, 294], "65": [292, 293, 294], "66": [294, 295], "67": [292, 294], "68": [292, 294], "69": [295], "70": [293, 294], "71": [293, 295], "72": [292, 294], "73": [292], "74": [292, 294], "75": [294], "76": [292, 293, 294], "77": [293, 295], "78": [293, 295], "79": [293, 294, 295], "80": [292, 294, 295], "81": [295], "82": [292, 293, 295], "83": [293, 294], "84": [294, 295], "85": [292], "86": [293, 294], "87": [292, 293, 295], "88": [292, 293, 295], "89": [295], "90": [292], "91": [292, 293, 295], "92": [292], "93": [292, 293, 295], "94": [292, 293], "95": [292], "96": [292, 293, 294, 295], "97": [293, 294, 295], "98": [], "99": [294], "100": [292, 293, 294], "101": [295], "102": [292, 293, 294, 295], "103": [293, 295], "104": [293, 295], "105": [292, 293, 294], "106": [292, 294, 295], "107": [292, 293], "108": [293], "109": [], "110": [294, 295], "111": [293, 295], "112": [293, 294, 295], "113": [292, 293, 294], "114": [292, 293, 294, 295], "115": [292, 293, 295], "116": [294, 295], "117": [292, 293, 295], "118": [292, 295], "119": [295], "120": [293, 294], "121": [293], "122": [293, 295], "123": [292, 294], "124": [292, 293, 295], "125": [294], "126": [292, 293], "127": [], "128": [], "129": [292, 295], "130": [292, 294, 295], "131": [292], "132": [292, 293, 295], "133": [292, 294], "134": [293, 294], "135": [292, 293, 294, 295], "136": [292, 293], "137": [293, 294, 295], "138": [292, 294, 295], "139": [], "140": [295], "141": [293], "142": [292, 293, 294, 295], "143": [293, 294, 295], "144": [293, 294, 295], "145": [292, 293, 294], "146": [292], "147": [293, 295], "148": [292, 294], "149": [292], "150": [293, 295], "151": [], "152": [293, 294], "153": [292], "154": [293, 295], "155": [293], "156": [293], "157": [292, 293, 294], "158": [292, 294], "159": [292, 295], "160": [292, 294], "161": [295], "162": [294, 295], "163": [], "164": [293, 294], "165": [292, 294, 295], "166": [294], "167": [292, 294, 295], "168": [292, 295], "169": [294, 295], "170": [292, 295], "171": [295], "172": [], "173": [292, 295], "174": [292, 293, 294], "175": [292, 295], "176": [293, 294, 295], "177": [292, 293, 294, 295], "178": [292, 295], "179": [292, 294], "180": [], "181": [293, 294, 295], "182": [292, 293], "183": [293, 294, 295], "184": [292, 294, 295],