{"pedestrian_list": [{"radius": 0.3, "friend_zone": [100, 26, 99, 50, 15, 92, 79, 129, 4, 45, 81, 74, 98, 111, 22, 94, 21, 40, 144, 133, 90, 91, 2, 42, 25, 13, 110, 130, 147, 18, 16, 6, 132, 23, 70, 152, 46, 80, 1, 14, 151, 155, 58, 127, 149, 32, 137, 54, 125, 86, 69, 146, 145, 154, 11, 82, 87, 142, 38, 20, 56, 5, 122, 28, 53, 63, 24, 103, 84, 116, 108, 93, 8, 34, 43, 29, 83, 101], "in_group_a_range": 2.8, "in_group_r_strength": 40, "in_group_a_strength": 20, "target_a_range": 435, "position": [-3.793035855603108, 45.543303753005134], "out_group_a_range": 2.8, "attractor_count": 78, "out_group_r_strength": 64.0, "out_group_r_range": 2.0, "pedestrian_id": 156, "out_group_a_strength": 12.5, "in_group_r_range": 2.0, "group_id": 0, "target_a_strength": 22000000000, "target": [16.0, -39.0]}, {"radius": 0.3, "friend_zone": [117, 12, 101, 116, 48, 10, 84, 9, 65, 103, 148, 106, 149, 80, 112, 141, 130, 79, 50, 146, 97, 69, 90, 107, 21, 77, 95, 142, 87, 53, 72, 60, 5, 123, 64, 58, 109, 152, 43, 150, 102, 45, 133, 15, 131, 89, 38, 120, 56, 28, 11, 20, 14, 24, 34, 63, 128, 76, 29, 88, 35, 31, 32, 143, 153, 94, 100, 36, 129, 61, 47, 86, 51, 154, 18, 0, 27, 144], "in_group_a_range": 2.8, "in_group_r_strength": 40, "in_group_a_strength": 20, "target_a_range": 435, "position": [-5.714300812150736, 49.442877296290845], "out_group_a_range": 2.8, "attractor_count": 78, "out_group_r_strength": 64.0, "out_group_r_range": 2.0, "pedestrian_id": 157, "out_group_a_strength": 12.5, "in_group_r_range": 2.0, "group_id": 0, "target_a_strength": 22000000000, "target": [16.0, -39.0]}, {"radius": 0.3, "friend_zone": [92, 149, 5, 52, 144, 127, 97, 95, 54, 32, 118, 105, 74, 79, 78, 107, 6, 137, 42, 154, 121, 115, 15, 136, 49, 63, 84, 120, 44, 125, 20, 2, 56, 123, 3, 59, 37, 9, 131, 58, 24, 27, 40, 67, 119, 18, 16, 110, 30, 135, 43, 151, 12, 142, 71, 34, 122, 75, 0, 132, 73, 86, 138, 14, 100, 96, 111, 117, 8, 60, 81, 104, 91, 19, 68, 85, 77, 98], "in_group_a_range": 2.8, "in_group_r_strength": 40, "in_group_a_strength": 20, "target_a_range": 435, "position": [5.311436738406931, 71.57481593070034], "out_group_a_range": 2.8, "attractor_count": 78, "out_group_r_strength": 64.0, "out_group_r_range": 2.0, "pedestrian_id": 158, "out_group_a_strength": 12.5, "in_group_r_range": 2.0, "group_id": 1, "target_a_strength": 22000000000, "target": [16.0, -39.0]}, {"radius": 0.3, "friend_zone": [42, 114, 103, 55, 18, 152, 2, 149, 14, 48, 118, 111, 3, 19, 45, 69, 84, 65, 92, 116, 82, 10, 95, 146, 108, 70, 12, 122, 81, 33, 16, 26, 153, 31, 52, 50, 106, 121, 148, 109, 125, 34, 59, 66, 30, 39, 76, 98, 113, 9, 104, 102, 51, 115, 15, 88, 94, 20, 85, 23, 63, 44, 71, 25, 73, 6, 135, 136, 37, 134, 13, 46, 40, 117, 43, 133, 100, 36], "in_group_a_range": 2.8, "in_group_r_strength": 40, "in_group_a_strength": 20, "target_a_range": 435, "position": [0.7639412971270189, 42.31555721498694], "out_group_a_range": 2.8, "attractor_count": 78, "out_group_r_strength": 64.0, "out_group_r_range": 2.0, "pedestrian_id": 159, "out_group_a_strength": 12.5, "in_group_r_range": 2.0, "group_id": 1, "target_a_strength": 22000000000, "target": [16.0, -39.0]}], "additional_id_existed_ped": {"0": [156, 157, 158, 159], "1": [156, 157], "2": [156, 157, 158, 159], "3": [156, 159], "4": [159], "5": [157], "6": [156, 157, 158, 159], "7": [158], "8": [157, 159], "9": [156, 157, 158], "10": [156, 158], "11": [156, 157, 158, 159], "12": [156, 158], "13": [156, 157], "14": [156, 159], "15": [156], "16": [157, 159], "17": [156, 158, 159], "18": [157, 158, 159], "19": [158], "20": [156, 157, 159], "21": [157, 158, 159], "22": [157], "23": [157], "24": [157, 159], "25": [157, 158], "26": [157, 159], "27": [157, 159], "28": [156, 158, 159], "29": [156, 157, 158, 159], "30": [157], "31": [156, 157, 159], "32": [157, 158], "33": [156], "34": [156, 157, 159], "35": [156, 157, 158], "36": [157], "37": [158], "38": [158], "39": [157, 158, 159], "40": [156, 157], "41": [159], "42": [158, 159], "43": [158, 159], "44": [159], "45": [156, 157], "46": [159], "47": [158], "48": [157, 158], "49": [], "50": [159], "51": [156], "52": [158], "53": [159], "54": [157], "55": [156, 157], "56": [156, 157, 158], "57": [157, 158, 159], "58": [158], "59": [157, 158], "60": [], "61": [156, 157, 159], "62": [157, 158, 159], "63": [156, 157, 158, 159], "64": [157, 158], "65": [156, 157], "66": [158, 159], "67": [156, 157, 158, 159], "68": [156, 157, 158], "69": [157], "70": [156, 157, 158, 159], "71": [156, 159], "72": [157, 158], "73": [156, 157], "74": [158, 159], "75": [157, 158], "76": [156, 157], "77": [156, 158], "78": [156, 157, 158, 159], "79": [158, 159], "80": [159], "81": [156, 157, 158, 159], "82": [157], "83": [156, 158, 159], "84": [156, 157], "85": [157], "86": [157, 158, 159], "87": [156, 158], "88": [156, 158], "89": [158, 159], "90": [156, 158, 159], "91": [156], "92": [157, 159], "93": [159], "94": [157, 159], "95": [156, 158], "96": [156], "97": [156, 157, 158, 159], "98": [156, 157, 158, 159], "99": [156, 158, 159], "100": [159], "101": [158, 159], "102": [156, 157], "103": [156], "104": [156], "105": [156, 157, 159], "106": [158, 159], "107": [156], "108": [158], "109": [156, 157, 158, 159], "110": [157], "111": [156, 157, 158], "112": [156, 158], "113": [156, 157, 158, 159], "114": [158], "115": [158, 159], "116": [156, 157, 159], "117": [157, 159], "118": [156, 157], "119": [156, 158], "120": [156, 158, 159], "121": [157, 159], "122": [156, 158], "123": [156, 157], "124": [156, 157], "125": [157, 158, 159], "126": [158, 159], "127": [159], "128": [159], "129": [156, 159], "130": [158], "131": [157, 158, 159], "132": [], "133": [156], "134": [157, 159], "135": [156, 158], "136": [156], "137": [157], "138": [156, 158, 159], "139": [158], "140": [156, 157], "141": [159], "142": [156, 159], "143": [156, 159], "144": [158], "145": [157], "146": [157, 159], "147": [156, 157, 159], "148": [158], "149": [156, 159], "150": [156, 158], "151": [156, 158], "152": [156, 159], "153": [156, 158, 159], "154": [], "155": [158]}, "frame_second": "3400"}