{"frame_second": "900", "additional_id_existed_ped": {"0": [56, 57, 58], "1": [59], "2": [57, 58, 59], "3": [56, 57, 58], "4": [56, 58], "5": [57, 58, 59], "6": [56, 58, 59], "7": [57, 59], "8": [58], "9": [56, 57, 59], "10": [56], "11": [56, 57, 58, 59], "12": [], "13": [56, 58, 59], "14": [57, 58, 59], "15": [56, 59], "16": [56, 57, 59], "17": [58], "18": [56, 57, 58, 59], "19": [56, 57, 58], "20": [57, 58], "21": [56], "22": [57, 58], "23": [56, 57], "24": [56, 58], "25": [56, 58, 59], "26": [59], "27": [57, 59], "28": [56, 58], "29": [56, 57, 59], "30": [58], "31": [59], "32": [56, 59], "33": [59], "34": [57], "35": [56, 57], "36": [56], "37": [56, 59], "38": [57, 59], "39": [56, 57, 59], "40": [59], "41": [58], "42": [57], "43": [57, 58, 59], "44": [56], "45": [], "46": [57], "47": [59], "48": [57, 58], "49": [58], "50": [56, 57], "51": [56, 58, 59], "52": [56, 57, 58, 59], "53": [57, 58], "54": [57, 58], "55": [56, 58, 59]}, "pedestrian_list": [{"in_group_r_range": 2.0, "out_group_r_strength": 64.0, "attractor_count": 28, "in_group_a_range": 2.8, "position": [-9.641665271831702, 40.340576737900136], "target_a_strength": 22000000000, "friend_zone": [29, 54, 46, 26, 28, 41, 7, 18, 36, 24, 1, 13, 15, 39, 44, 2, 33, 10, 9, 34, 23, 14, 3, 48, 6, 43, 4, 38], "out_group_a_strength": 12.5, "pedestrian_id": 56, "out_group_a_range": 2.8, "out_group_r_range": 2.0, "in_group_r_strength": 40, "target_a_range": 435, "in_group_a_strength": 20, "target": [16.0, -39.0], "group_id": 0, "radius": 0.3}, {"in_group_r_range": 2.0, "out_group_r_strength": 64.0, "attractor_count": 28, "in_group_a_range": 2.8, "position": [0.7567007785721521, 49.4269268762543], "target_a_strength": 22000000000, "friend_zone": [21, 53, 35, 29, 39, 1, 25, 34, 26, 30, 10, 41, 15, 46, 42, 18, 23, 9, 14, 22, 47, 6, 17, 38, 48, 51, 45, 13], "out_group_a_strength": 12.5, "pedestrian_id": 57, "out_group_a_range": 2.8, "out_group_r_range": 2.0, "in_group_r_strength": 40, "target_a_range": 435, "in_group_a_strength": 20, "target": [16.0, -39.0], "group_id": 0, "radius": 0.3}, {"in_group_r_range": 2.0, "out_group_r_strength": 64.0, "attractor_count": 28, "in_group_a_range": 2.8, "position": [11.839098925298641, 47.48598590765188], "target_a_strength": 22000000000, "friend_zone": [32, 46, 12, 50, 40, 34, 42, 7, 17, 2, 0, 24, 9, 36, 20, 10, 41, 30, 43, 23, 45, 48, 35, 22, 3, 37, 33, 4], "out_group_a_strength": 12.5, "pedestrian_id": 58, "out_group_a_range": 2.8, "out_group_r_range": 2.0, "in_group_r_strength": 40, "target_a_range": 435, "in_group_a_strength": 20, "target": [16.0, -39.0], "group_id": 1, "radius": 0.3}, {"in_group_r_range": 2.0, "out_group_r_strength": 64.0, "attractor_count": 28, "in_group_a_range": 2.8, "position": [6.608632982244217, 41.01630276297112], "target_a_strength": 22000000000, "friend_zone": [6, 19, 41, 15, 32, 4, 0, 44, 31, 30, 25, 29, 17, 9, 36, 43, 38, 42, 10, 53, 16, 26, 3, 52, 13, 8, 54, 51], "out_group_a_strength": 12.5, "pedestrian_id": 59, "out_group_a_range": 2.8, "out_group_r_range": 2.0, "in_group_r_strength": 40, "target_a_range": 435, "in_group_a_strength": 20, "target": [16.0, -39.0], "group_id": 1, "radius": 0.3}]}