{"pedestrian_list": [{"radius": 0.3, "friend_zone": [63, 82, 155, 181, 80, 192, 179, 128, 16, 151, 12, 147, 10, 30, 67, 11, 5, 61, 201, 54, 45, 28, 110, 3, 85, 91, 130, 168, 138, 167, 50, 183, 188, 93, 108, 35, 197, 104, 58, 162, 32, 185, 186, 69, 146, 132, 113, 137, 203, 202, 131, 62, 195, 33, 119, 152, 157, 100, 77, 135, 123, 118, 19, 17, 136, 2, 158, 89, 65, 174, 189, 98, 22, 26, 169, 187, 51, 66, 39, 111, 79, 164, 194, 73, 76, 121, 97, 106, 31, 52, 9, 83, 74, 107, 15, 171, 196, 193, 148, 95, 199, 190], "in_group_a_range": 2.8, "in_group_r_strength": 40, "in_group_a_strength": 20, "target_a_range": 435, "position": [5.313939743450108, 65.03914194150573], "out_group_a_range": 2.8, "attractor_count": 102, "out_group_r_strength": 64.0, "out_group_r_range": 2.0, "pedestrian_id": 204, "out_group_a_strength": 12.5, "in_group_r_range": 2.0, "group_id": 0, "target_a_strength": 22000000000, "target": [16.0, -39.0]}, {"radius": 0.3, "friend_zone": [103, 194, 28, 191, 177, 122, 132, 169, 145, 155, 11, 87, 96, 168, 35, 199, 84, 180, 144, 30, 120, 12, 41, 140, 135, 189, 70, 76, 107, 113, 129, 23, 60, 149, 160, 162, 78, 94, 40, 31, 15, 56, 39, 188, 7, 173, 124, 22, 139, 151, 27, 13, 136, 88, 176, 112, 197, 21, 141, 66, 38, 37, 49, 36, 29, 193, 153, 82, 106, 171, 201, 98, 114, 130, 147, 1, 131, 148, 44, 196, 80, 9, 63, 91, 181, 115, 55, 73, 24, 159, 47, 118, 128, 2, 111, 125, 90, 123, 3, 64, 161, 158], "in_group_a_range": 2.8, "in_group_r_strength": 40, "in_group_a_strength": 20, "target_a_range": 435, "position": [11.83271164624468, 49.42813238484263], "out_group_a_range": 2.8, "attractor_count": 102, "out_group_r_strength": 64.0, "out_group_r_range": 2.0, "pedestrian_id": 205, "out_group_a_strength": 12.5, "in_group_r_range": 2.0, "group_id": 0, "target_a_strength": 22000000000, "target": [16.0, -39.0]}, {"radius": 0.3, "friend_zone": [42, 111, 188, 153, 115, 108, 89, 137, 39, 26, 92, 163, 60, 173, 192, 35, 118, 195, 78, 69, 52, 86, 135, 121, 100, 126, 154, 25, 88, 176, 65, 189, 101, 168, 185, 145, 23, 72, 130, 0, 5, 198, 140, 81, 129, 53, 174, 161, 148, 190, 125, 91, 193, 180, 175, 182, 197, 107, 114, 181, 46, 79, 152, 51, 29, 203, 170, 149, 50, 134, 146, 20, 54, 38, 112, 75, 95, 97, 62, 58, 71, 103, 68, 40, 45, 44, 156, 120, 9, 136, 49, 7, 184, 166, 24, 96, 8, 55, 127, 106, 12, 11], "in_group_a_range": 2.8, "in_group_r_strength": 40, "in_group_a_strength": 20, "target_a_range": 435, "position": [1.4384091702985458, 42.9603539533401], "out_group_a_range": 2.8, "attractor_count": 102, "out_group_r_strength": 64.0, "out_group_r_range": 2.0, "pedestrian_id": 206, "out_group_a_strength": 12.5, "in_group_r_range": 2.0, "group_id": 1, "target_a_strength": 22000000000, "target": [16.0, -39.0]}, {"radius": 0.3, "friend_zone": [54, 85, 58, 143, 99, 186, 115, 117, 126, 200, 163, 47, 124, 86, 97, 5, 203, 80, 64, 151, 139, 69, 74, 133, 155, 106, 51, 0, 15, 195, 65, 81, 17, 183, 141, 162, 197, 46, 136, 10, 140, 112, 93, 25, 131, 123, 202, 32, 146, 7, 82, 174, 148, 60, 36, 73, 84, 164, 193, 137, 119, 11, 72, 149, 37, 39, 185, 20, 3, 178, 30, 152, 156, 105, 198, 23, 55, 4, 100, 180, 22, 34, 92, 95, 187, 104, 113, 71, 114, 160, 8, 125, 109, 61, 135, 132, 161, 181, 67, 145, 138, 49], "in_group_a_range": 2.8, "in_group_r_strength": 40, "in_group_a_strength": 20, "target_a_range": 435, "position": [7.933713720642229, 41.631602278936114], "out_group_a_range": 2.8, "attractor_count": 102, "out_group_r_strength": 64.0, "out_group_r_range": 2.0, "pedestrian_id": 207, "out_group_a_strength": 12.5, "in_group_r_range": 2.0, "group_id": 1, "target_a_strength": 22000000000, "target": [16.0, -39.0]}], "additional_id_existed_ped": {"0": [204, 206, 207], "1": [204, 205], "2": [204, 205], "3": [204, 205, 206], "4": [204, 206], "5": [204, 205, 206, 207], "6": [206], "7": [204, 205], "8": [204, 206, 207], "9": [204, 205, 206], "10": [204, 205], "11": [205, 206, 207], "12": [204, 205, 207], "13": [205, 206], "14": [206], "15": [205, 206], "16": [204], "17": [204, 205, 206], "18": [205, 207], "19": [205, 206], "20": [206, 207], "21": [205, 206], "22": [204, 205, 207], "23": [204, 205], "24": [204, 207], "25": [205, 206], "26": [206], "27": [207], "28": [204, 206], "29": [206, 207], "30": [204, 205, 206], "31": [], "32": [205, 206], "33": [], "34": [205, 206], "35": [204, 207], "36": [204, 205, 206], "37": [204, 205, 206, 207], "38": [204, 205, 207], "39": [207], "40": [204], "41": [206, 207], "42": [205, 206], "43": [204], "44": [207], "45": [204, 205], "46": [206], "47": [204, 205, 206], "48": [204, 205, 206, 207], "49": [204, 205, 206, 207], "50": [], "51": [204, 205, 207], "52": [207], "53": [205, 207], "54": [205, 206], "55": [207], "56": [206, 207], "57": [205], "58": [205], "59": [204, 206], "60": [205, 207], "61": [204, 206, 207], "62": [205], "63": [], "64": [204, 205, 206, 207], "65": [204], "66": [204, 206, 207], "67": [205, 207], "68": [204, 207], "69": [204, 207], "70": [204, 206], "71": [204, 205, 206], "72": [204, 205], "73": [205, 207], "74": [204, 205], "75": [205, 207], "76": [204, 205], "77": [], "78": [204, 207], "79": [], "80": [206, 207], "81": [204], "82": [204, 205, 207], "83": [205], "84": [205, 206], "85": [204, 206, 207], "86": [204, 205, 207], "87": [205, 207], "88": [204, 205, 207], "89": [205, 207], "90": [207], "91": [204, 205, 206], "92": [204, 205], "93": [204, 206], "94": [204, 205], "95": [204, 207], "96": [204, 206, 207], "97": [205, 207], "98": [], "99": [206], "100": [206], "101": [204, 206, 207], "102": [204, 206], "103": [204, 205, 207], "104": [204, 205, 206], "105": [206, 207], "106": [205, 207], "107": [204, 206, 207], "108": [207], "109": [204, 205], "110": [205], "111": [204, 206, 207], "112": [204, 207], "113": [204, 205, 206, 207], "114": [206, 207], "115": [204, 205, 207], "116": [204, 206], "117": [204, 206], "118": [204, 206], "119": [205, 206, 207], "120": [204, 205, 206], "121": [204, 206, 207], "122": [204, 205, 206], "123": [204, 207], "124": [207], "125": [204, 206], "126": [205], "127": [206, 207], "128": [205, 206, 207], "129": [205, 207], "130": [204, 206, 207], "131": [205, 206, 207], "132": [], "133": [207], "134": [204, 206, 207], "135": [205, 206, 207], "136": [204, 206], "137": [206, 207], "138": [204, 205, 206], "139": [], "140": [204], "141": [204, 206], "142": [204], "143": [204], "144": [204, 205, 207], "145": [206, 207], "146": [204, 205, 206, 207], "147": [205], "148": [205, 207], "149": [205], "150": [205, 206, 207], "151": [204, 206], "152": [205], "153": [204, 205, 206, 207], "154": [204, 206], "155": [], "156": [204, 205, 206, 207], "157": [206, 207], "158": [205], "159": [207], "160": [205, 207], "161": [207], "162": [205, 206], "163": [205, 206, 207], "164": [204, 205], "165": [207], "166": [204, 205, 206, 207], "167": [205], "168": [206], "169": [], "170": [206, 207], "171": [205, 206, 207], "172": [204, 206], "173": [], "174": [205], "175": [204, 205, 206], "176": [206], "177": [206], "178": [205, 206, 207], "179": [204], "180": [206, 207], "181": [205], "182": [204, 207], "183": [205, 207], "184": [204, 205, 206, 207], "185": [204, 205, 207], "186": [204, 205, 206, 207], "187": [204, 205, 207], "188": [204], "189": [204, 205, 206], "190": [], "191": [204, 205, 206, 207], "192": [207], "193": [207], "194": [207], "195": [204, 206, 207], "196": [204, 206], "197": [205], "198": [206, 207], "199": [205, 207], "200": [206], "201": [205, 206, 207], "202": [204], "203": [204, 206, 207]}, "frame_second": "4600"}