{"frame_second": "1700", "additional_id_existed_ped": {"0": [88, 91], "1": [88, 90, 91], "2": [90, 91], "3": [88], "4": [89], "5": [88, 91], "6": [88, 89], "7": [89, 90], "8": [89, 90, 91], "9": [88, 91], "10": [90], "11": [88, 89, 91], "12": [89, 90], "13": [88, 89], "14": [89, 91], "15": [89], "16": [], "17": [88, 90], "18": [88, 90], "19": [89], "20": [89, 90], "21": [88, 91], "22": [90], "23": [88, 91], "24": [88, 89], "25": [88, 89, 90, 91], "26": [89, 90], "27": [89], "28": [91], "29": [89, 90], "30": [89], "31": [88, 89, 90, 91], "32": [90], "33": [88], "34": [88, 91], "35": [88, 89, 91], "36": [88, 89, 91], "37": [89, 91], "38": [88, 89], "39": [88, 90, 91], "40": [90], "41": [89, 91], "42": [90, 91], "43": [91], "44": [90], "45": [89, 90, 91], "46": [90], "47": [88, 90, 91], "48": [88, 89, 90], "49": [88, 91], "50": [88, 89, 91], "51": [88], "52": [88, 90], "53": [89, 90, 91], "54": [88, 89, 91], "55": [90], "56": [89, 91], "57": [88, 89, 90, 91], "58": [88, 90, 91], "59": [90], "60": [89, 90, 91], "61": [88, 90], "62": [88], "63": [88, 90], "64": [89, 90, 91], "65": [90], "66": [88, 89, 90, 91], "67": [88, 90, 91], "68": [], "69": [89], "70": [88, 91], "71": [88, 89, 91], "72": [89], "73": [88, 90, 91], "74": [89, 90], "75": [88], "76": [91], "77": [88, 89, 90], "78": [88, 90, 91], "79": [88, 89, 91], "80": [90, 91], "81": [89, 91], "82": [88, 89, 90], "83": [89, 90, 91], "84": [89, 90], "85": [89], "86": [91], "87": [88]}, "pedestrian_list": [{"in_group_r_range": 2.0, "out_group_r_strength": 64.0, "attractor_count": 44, "in_group_a_range": 2.8, "position": [7.267815902852822, 68.94882822988015], "target_a_strength": 22000000000, "friend_zone": [53, 1, 78, 75, 10, 46, 2, 18, 34, 27, 13, 56, 51, 54, 61, 29, 35, 25, 41, 64, 52, 70, 69, 72, 73, 9, 14, 38, 4, 71, 80, 59, 6, 84, 83, 16, 8, 32, 65, 40, 5, 79, 60, 43], "out_group_a_strength": 12.5, "pedestrian_id": 88, "out_group_a_range": 2.8, "out_group_r_range": 2.0, "in_group_r_strength": 40, "target_a_range": 435, "in_group_a_strength": 20, "target": [16.0, -39.0], "group_id": 0, "radius": 0.3}, {"in_group_r_range": 2.0, "out_group_r_strength": 64.0, "attractor_count": 44, "in_group_a_range": 2.8, "position": [-2.4625269319599905, 46.84835688785482], "target_a_strength": 22000000000, "friend_zone": [74, 9, 81, 28, 83, 75, 31, 67, 71, 33, 70, 53, 58, 37, 61, 14, 25, 79, 30, 55, 41, 2, 52, 42, 18, 11, 56, 63, 8, 80, 3, 15, 4, 62, 44, 64, 1, 20, 10, 54, 49, 27, 24, 6], "out_group_a_strength": 12.5, "pedestrian_id": 89, "out_group_a_range": 2.8, "out_group_r_range": 2.0, "in_group_r_strength": 40, "target_a_range": 435, "in_group_a_strength": 20, "target": [16.0, -39.0], "group_id": 0, "radius": 0.3}, {"in_group_r_range": 2.0, "out_group_r_strength": 64.0, "attractor_count": 44, "in_group_a_range": 2.8, "position": [-3.1160619083927106, 42.930881903004405], "target_a_strength": 22000000000, "friend_zone": [42, 21, 23, 22, 25, 72, 38, 77, 71, 13, 36, 31, 41, 0, 67, 76, 82, 85, 44, 1, 75, 19, 84, 80, 7, 79, 87, 60, 8, 35, 47, 86, 30, 58, 62, 39, 65, 6, 17, 51, 3, 74, 68, 46], "out_group_a_strength": 12.5, "pedestrian_id": 90, "out_group_a_range": 2.8, "out_group_r_range": 2.0, "in_group_r_strength": 40, "target_a_range": 435, "in_group_a_strength": 20, "target": [16.0, -39.0], "group_id": 1, "radius": 0.3}, {"in_group_r_range": 2.0, "out_group_r_strength": 64.0, "attractor_count": 44, "in_group_a_range": 2.8, "position": [2.7230657367819733, 61.821344636250025], "target_a_strength": 22000000000, "friend_zone": [15, 35, 50, 44, 7, 3, 60, 73, 12, 2, 39, 72, 51, 47, 49, 14, 87, 78, 8, 76, 21, 5, 23, 40, 68, 9, 71, 52, 22, 29, 20, 81, 82, 69, 25, 37, 19, 74, 66, 80, 70, 43, 24, 1], "out_group_a_strength": 12.5, "pedestrian_id": 91, "out_group_a_range": 2.8, "out_group_r_range": 2.0, "in_group_r_strength": 40, "target_a_range": 435, "in_group_a_strength": 20, "target": [16.0, -39.0], "group_id": 1, "radius": 0.3}]}