{"pedestrian_list": [{"radius": 0.3, "friend_zone": [117, 49, 222, 11, 149, 60, 17, 8, 81, 30, 221, 6, 106, 92, 26, 171, 217, 22, 135, 150, 214, 104, 9, 61, 45, 213, 51, 74, 145, 161, 58, 14, 202, 123, 218, 178, 138, 103, 194, 27, 181, 142, 91, 36, 127, 54, 121, 64, 95, 147, 57, 94, 173, 19, 141, 89, 114, 53, 77, 40, 78, 1, 137, 184, 24, 16, 7, 70, 97, 25, 185, 2, 177, 162, 203, 169, 105, 206, 151, 99, 18, 133, 124, 170, 83, 47, 0, 179, 134, 174, 129, 63, 163, 98, 189, 199, 21, 73, 116, 38, 140, 157, 175, 130, 209, 13, 112, 211, 23, 180, 176, 41], "in_group_a_range": 2.8, "in_group_r_strength": 40, "in_group_a_strength": 20, "target_a_range": 435, "position": [-7.688971317258911, 52.72062021344095], "out_group_a_range": 2.8, "attractor_count": 112, "out_group_r_strength": 64.0, "out_group_r_range": 2.0, "pedestrian_id": 224, "out_group_a_strength": 12.5, "in_group_r_range": 2.0, "group_id": 0, "target_a_strength": 22000000000, "target": [16.0, -39.0]}, {"radius": 0.3, "friend_zone": [144, 172, 80, 42, 86, 132, 17, 69, 141, 169, 3, 128, 130, 203, 37, 139, 32, 162, 181, 131, 83, 164, 160, 218, 74, 151, 147, 220, 96, 148, 122, 99, 5, 187, 6, 48, 109, 183, 153, 72, 43, 4, 44, 149, 36, 26, 100, 197, 1, 168, 170, 24, 45, 198, 97, 76, 134, 173, 18, 60, 55, 112, 192, 22, 82, 79, 92, 191, 108, 13, 35, 11, 193, 156, 165, 174, 206, 50, 102, 62, 222, 15, 107, 63, 54, 93, 0, 52, 157, 215, 135, 57, 159, 71, 47, 40, 20, 105, 84, 89, 21, 106, 176, 19, 190, 61, 27, 209, 196, 7, 182, 98], "in_group_a_range": 2.8, "in_group_r_strength": 40, "in_group_a_strength": 20, "target_a_range": 435, "position": [5.999414405515773, 46.19376458968046], "out_group_a_range": 2.8, "attractor_count": 112, "out_group_r_strength": 64.0, "out_group_r_range": 2.0, "pedestrian_id": 225, "out_group_a_strength": 12.5, "in_group_r_range": 2.0, "group_id": 0, "target_a_strength": 22000000000, "target": [16.0, -39.0]}, {"radius": 0.3, "friend_zone": [199, 87, 108, 53, 147, 34, 88, 169, 125, 156, 86, 100, 144, 212, 94, 138, 175, 98, 73, 40, 80, 68, 19, 91, 162, 221, 179, 93, 153, 25, 71, 70, 109, 154, 171, 74, 57, 188, 28, 120, 203, 129, 111, 16, 195, 14, 134, 106, 55, 166, 35, 172, 78, 81, 151, 48, 192, 115, 17, 163, 41, 222, 21, 209, 189, 198, 216, 77, 99, 126, 51, 79, 190, 3, 95, 45, 76, 114, 69, 182, 43, 56, 33, 223, 63, 1, 13, 89, 67, 157, 215, 44, 27, 148, 135, 164, 85, 143, 123, 214, 82, 62, 201, 65, 113, 150, 136, 84, 75, 183, 96, 119], "in_group_a_range": 2.8, "in_group_r_strength": 40, "in_group_a_strength": 20, "target_a_range": 435, "position": [15.05242493517505, 40.36168698126867], "out_group_a_range": 2.8, "attractor_count": 112, "out_group_r_strength": 64.0, "out_group_r_range": 2.0, "pedestrian_id": 226, "out_group_a_strength": 12.5, "in_group_r_range": 2.0, "group_id": 1, "target_a_strength": 22000000000, "target": [16.0, -39.0]}, {"radius": 0.3, "friend_zone": [85, 62, 214, 220, 144, 175, 200, 53, 130, 119, 101, 185, 46, 218, 38, 207, 102, 87, 208, 202, 23, 134, 2, 15, 136, 3, 149, 147, 56, 75, 160, 174, 78, 0, 18, 104, 84, 59, 152, 168, 162, 193, 122, 138, 24, 36, 120, 28, 79, 115, 148, 127, 129, 204, 111, 10, 99, 61, 71, 180, 194, 41, 40, 221, 89, 21, 91, 16, 170, 64, 82, 57, 8, 51, 7, 126, 13, 177, 12, 67, 60, 19, 30, 196, 117, 20, 100, 81, 215, 34, 31, 178, 184, 140, 172, 173, 222, 14, 179, 217, 176, 44, 143, 199, 189, 131, 9, 108, 190, 11, 191, 65], "in_group_a_range": 2.8, "in_group_r_strength": 40, "in_group_a_strength": 20, "target_a_range": 435, "position": [15.077605913008826, 48.779834197597225], "out_group_a_range": 2.8, "attractor_count": 112, "out_group_r_strength": 64.0, "out_group_r_range": 2.0, "pedestrian_id": 227, "out_group_a_strength": 12.5, "in_group_r_range": 2.0, "group_id": 1, "target_a_strength": 22000000000, "target": [16.0, -39.0]}], "additional_id_existed_ped": {"0": [225, 226], "1": [225, 226, 227], "2": [224, 227], "3": [224, 226], "4": [224, 226, 227], "5": [224, 225, 226], "6": [227], "7": [224, 225, 227], "8": [224, 225, 227], "9": [224, 225, 227], "10": [226, 227], "11": [224, 227], "12": [], "13": [224, 226, 227], "14": [224, 225, 226], "15": [225, 226], "16": [224], "17": [224, 225, 226], "18": [224, 225, 227], "19": [224, 225], "20": [224, 225], "21": [224, 225, 227], "22": [225, 226, 227], "23": [224, 225, 227], "24": [224, 225, 227], "25": [225, 227], "26": [], "27": [224, 225, 226, 227], "28": [224, 226], "29": [227], "30": [224, 225, 226], "31": [225, 226], "32": [225, 226], "33": [224, 226, 227], "34": [224, 227], "35": [225, 226], "36": [227], "37": [225, 227], "38": [225, 226], "39": [225, 227], "40": [225, 227], "41": [], "42": [225, 227], "43": [225, 226, 227], "44": [225, 227], "45": [225, 227], "46": [227], "47": [224, 225, 226, 227], "48": [224, 226], "49": [227], "50": [224, 227], "51": [224, 226], "52": [224, 225], "53": [225, 226, 227], "54": [224], "55": [226, 227], "56": [224, 226, 227], "57": [225], "58": [224, 225, 227], "59": [227], "60": [224, 226], "61": [225], "62": [226], "63": [226, 227], "64": [225, 226], "65": [224, 225], "66": [224, 227], "67": [225, 226], "68": [224, 226], "69": [224, 226, 227], "70": [], "71": [224, 225], "72": [225, 226, 227], "73": [224, 226, 227], "74": [], "75": [226], "76": [224, 226], "77": [224, 226, 227], "78": [224, 226], "79": [], "80": [], "81": [225], "82": [], "83": [227], "84": [226], "85": [224, 226], "86": [226], "87": [225], "88": [224, 227], "89": [224, 225], "90": [225], "91": [224, 226, 227], "92": [224, 225, 226, 227], "93": [225], "94": [224, 225, 226, 227], "95": [226], "96": [225], "97": [225, 226, 227], "98": [224, 227], "99": [224, 225, 226], "100": [225, 226], "101": [224, 227], "102": [224, 225, 226], "103": [225, 226, 227], "104": [224, 226, 227], "105": [], "106": [227], "107": [226], "108": [224, 227], "109": [225, 227], "110": [224, 226, 227], "111": [227], "112": [224, 225, 226, 227], "113": [224, 227], "114": [226], "115": [225, 226], "116": [224, 225, 226, 227], "117": [], "118": [225], "119": [224, 226, 227], "120": [224, 226, 227], "121": [224, 226, 227], "122": [225, 227], "123": [226], "124": [225, 227], "125": [224, 227], "126": [224, 226, 227], "127": [226], "128": [], "129": [224, 226], "130": [224, 226], "131": [], "132": [224, 225, 226], "133": [225, 227], "134": [227], "135": [226, 227], "136": [225, 226, 227], "137": [], "138": [225], "139": [226], "140": [224], "141": [225, 226, 227], "142": [224, 225, 226, 227], "143": [227], "144": [224, 225, 227], "145": [224, 225], "146": [224, 225, 227], "147": [227], "148": [225, 226, 227], "149": [224], "150": [226], "151": [225], "152": [224, 225, 227], "153": [225, 227], "154": [224], "155": [224], "156": [224, 225, 226, 227], "157": [224, 225, 226], "158": [225, 226, 227], "159": [225, 226], "160": [225], "161": [224, 225, 227], "162": [224], "163": [224], "164": [224, 226, 227], "165": [224, 225, 226, 227], "166": [], "167": [225, 226], "168": [225], "169": [224, 225, 227], "170": [224, 225, 227], "171": [224, 225], "172": [224, 225, 226, 227], "173": [224, 225, 226, 227], "174": [224, 226, 227], "175": [226], "176": [224, 225, 226, 227], "177": [224, 226, 227], "178": [226], "179": [224, 225, 227], "180": [224, 225, 226, 227], "181": [224, 227], "182": [224, 225, 227], "183": [226, 227], "184": [225, 226], "185": [225], "186": [224, 225, 226], "187": [225, 226], "188": [224, 225], "189": [], "190": [224, 225, 226], "191": [224, 225], "192": [224, 227], "193": [226, 227], "194": [224], "195": [225, 226, 227], "196": [224, 226, 227], "197": [225, 227], "198": [225, 226], "199": [226], "200": [225, 226], "201": [224, 225, 227], "202": [224, 225, 226], "203": [227], "204": [224, 225, 226, 227], "205": [226, 227], "206": [224], "207": [224, 226], "208": [224, 226, 227], "209": [224, 225, 226], "210": [226], "211": [224, 225, 226], "212": [224, 225, 226], "213": [226, 227], "214": [], "215": [225], "216": [224], "217": [224, 226, 227], "218": [], "219": [225], "220": [224, 225, 226], "221": [227],