{"pedestrian_list": [{"radius": 0.3, "friend_zone": [115, 84, 91, 187, 111, 230, 95, 210, 98, 223, 65, 124, 19, 27, 196, 233, 132, 182, 54, 139, 63, 219, 21, 232, 140, 249, 58, 236, 141, 176, 126, 29, 190, 225, 44, 72, 73, 59, 257, 109, 263, 4, 222, 156, 116, 242, 254, 35, 74, 184, 137, 189, 106, 211, 25, 209, 118, 193, 152, 149, 251, 100, 61, 133, 163, 206, 38, 198, 215, 220, 102, 144, 33, 2, 191, 113, 123, 8, 93, 226, 151, 92, 228, 150, 94, 15, 88, 5, 177, 101, 17, 127, 40, 20, 12, 24, 80, 185, 103, 69, 57, 78, 265, 165, 200, 253, 216, 238, 214, 120, 71, 89, 104, 119, 37, 229, 97, 142, 13, 246, 55, 30, 218, 204, 77, 117, 34, 207, 67, 125, 64, 114, 1, 250], "in_group_a_range": 2.8, "in_group_r_strength": 40, "in_group_a_strength": 20, "target_a_range": 435, "position": [-4.438663827324414, 54.633041300142445], "out_group_a_range": 2.8, "attractor_count": 134, "out_group_r_strength": 64.0, "out_group_r_range": 2.0, "pedestrian_id": 268, "out_group_a_strength": 12.5, "in_group_r_range": 2.0, "group_id": 0, "target_a_strength": 22000000000, "target": [16.0, -39.0]}, {"radius": 0.3, "friend_zone": [33, 46, 129, 72, 3, 231, 256, 73, 199, 140, 180, 202, 207, 262, 24, 166, 211, 97, 182, 220, 204, 222, 56, 43, 168, 126, 44, 84, 152, 102, 110, 120, 154, 88, 100, 160, 83, 105, 139, 142, 198, 223, 259, 31, 184, 246, 119, 229, 67, 49, 6, 0, 203, 158, 89, 39, 143, 80, 217, 240, 121, 116, 18, 237, 4, 35, 55, 175, 134, 68, 20, 96, 221, 244, 213, 227, 136, 243, 233, 226, 36, 141, 238, 200, 178, 62, 108, 115, 104, 209, 1, 57, 250, 219, 164, 124, 183, 65, 232, 205, 109, 127, 23, 196, 50, 186, 193, 113, 214, 114, 130, 267, 144, 188, 135, 42, 98, 101, 167, 257, 195, 157, 2, 177, 169, 242, 69, 197, 5, 79, 16, 17, 13, 107], "in_group_a_range": 2.8, "in_group_r_strength": 40, "in_group_a_strength": 20, "target_a_range": 435, "position": [17.040988000638514, 58.54128215554782], "out_group_a_range": 2.8, "attractor_count": 134, "out_group_r_strength": 64.0, "out_group_r_range": 2.0, "pedestrian_id": 269, "out_group_a_strength": 12.5, "in_group_r_range": 2.0, "group_id": 0, "target_a_strength": 22000000000, "target": [16.0, -39.0]}, {"radius": 0.3, "friend_zone": [215, 192, 1, 163, 11, 194, 184, 178, 91, 199, 129, 69, 133, 7, 31, 0, 257, 152, 120, 52, 96, 175, 190, 47, 98, 95, 9, 206, 53, 134, 118, 64, 74, 103, 97, 117, 169, 233, 75, 229, 90, 132, 244, 38, 115, 70, 121, 87, 259, 174, 42, 241, 30, 187, 57, 148, 203, 93, 29, 167, 161, 35, 248, 16, 201, 256, 176, 185, 37, 226, 71, 162, 262, 36, 49, 154, 55, 3, 76, 231, 171, 159, 191, 222, 189, 135, 101, 237, 151, 140, 112, 138, 258, 158, 13, 249, 107, 141, 73, 182, 89, 156, 108, 130, 197, 153, 210, 77, 211, 200, 125, 56, 177, 219, 4, 224, 27, 155, 160, 186, 209, 48, 114, 217, 218, 58, 83, 247, 205, 220, 68, 54, 254, 136], "in_group_a_range": 2.8, "in_group_r_strength": 40, "in_group_a_strength": 20, "target_a_range": 435, "position": [2.74333425503082, 64.39254971233439], "out_group_a_range": 2.8, "attractor_count": 134, "out_group_r_strength": 64.0, "out_group_r_range": 2.0, "pedestrian_id": 270, "out_group_a_strength": 12.5, "in_group_r_range": 2.0, "group_id": 1, "target_a_strength": 22000000000, "target": [16.0, -39.0]}, {"radius": 0.3, "friend_zone": [246, 76, 82, 173, 148, 63, 212, 191, 40, 223, 150, 98, 3, 91, 202, 262, 136, 60, 81, 235, 258, 122, 5, 205, 45, 108, 53, 103, 66, 74, 20, 30, 10, 213, 181, 31, 185, 38, 139, 69, 133, 101, 141, 164, 80, 157, 182, 92, 222, 251, 229, 85, 167, 255, 193, 96, 201, 127, 140, 196, 68, 146, 153, 25, 155, 184, 132, 65, 163, 47, 24, 56, 6, 102, 170, 183, 241, 44, 2, 236, 23, 260, 119, 249, 233, 42, 16, 112, 151, 161, 190, 114, 7, 230, 43, 126, 186, 247, 231, 178, 204, 224, 78, 36, 87, 107, 105, 240, 86, 210, 32, 73, 160, 93, 238, 61, 9, 75, 195, 94, 35, 48, 52, 59, 208, 49, 118, 203, 97, 84, 95, 154, 109, 144], "in_group_a_range": 2.8, "in_group_r_strength": 40, "in_group_a_strength": 20, "target_a_range": 435, "position": [16.355819296109146, 40.35217098328753], "out_group_a_range": 2.8, "attractor_count": 134, "out_group_r_strength": 64.0, "out_group_r_range": 2.0, "pedestrian_id": 271, "out_group_a_strength": 12.5, "in_group_r_range": 2.0, "group_id": 1, "target_a_strength": 22000000000, "target": [16.0, -39.0]}], "additional_id_existed_ped": {"0": [269, 270, 271], "1": [268, 269, 270], "2": [268, 269, 270], "3": [269], "4": [271], "5": [269, 270, 271], "6": [268, 270], "7": [269, 270, 271], "8": [268, 269, 270], "9": [271], "10": [269, 270], "11": [268, 269, 271], "12": [268, 269], "13": [268, 269], "14": [270, 271], "15": [270], "16": [268, 269, 271], "17": [271], "18": [269, 270, 271], "19": [268, 270, 271], "20": [268, 271], "21": [268, 269], "22": [270, 271], "23": [268, 270, 271], "24": [268, 269, 270], "25": [270, 271], "26": [268, 269, 271], "27": [268], "28": [268, 270], "29": [268, 270], "30": [], "31": [269, 270, 271], "32": [268], "33": [269, 271], "34": [268], "35": [269, 271], "36": [268, 269, 270], "37": [269], "38": [270, 271], "39": [268], "40": [], "41": [269, 271], "42": [268, 271], "43": [269, 270, 271], "44": [], "45": [270], "46": [270, 271], "47": [270], "48": [271], "49": [269, 270], "50": [268, 270, 271], "51": [268, 269, 271], "52": [268, 269], "53": [268, 270], "54": [269, 270], "55": [268, 269, 270], "56": [], "57": [268, 270, 271], "58": [271], "59": [270], "60": [270], "61": [271], "62": [270], "63": [268, 269, 271], "64": [268, 269], "65": [268, 269, 271], "66": [268, 269, 271], "67": [], "68": [268, 270, 271], "69": [268, 270, 271], "70": [269], "71": [268, 269, 270], "72": [269], "73": [269, 270, 271], "74": [270], "75": [268, 271], "76": [268, 269, 270, 271], "77": [268, 270], "78": [269], "79": [268, 269, 270, 271], "80": [268, 269], "81": [268, 269, 270], "82": [270], "83": [268, 269, 270], "84": [270], "85": [269, 270], "86": [268, 269, 270], "87": [268, 269, 270, 271], "88": [], "89": [268, 270], "90": [271], "91": [268, 269, 271], "92": [268, 269], "93": [269, 270, 271], "94": [268, 270, 271], "95": [269, 270], "96": [271], "97": [270], "98": [269, 270], "99": [269, 270, 271], "100": [270], "101": [268, 269], "102": [268, 269, 271], "103": [269, 271], "104": [268, 269, 270, 271], "105": [268, 269, 271], "106": [269, 270, 271], "107": [269], "108": [268, 270, 271], "109": [269], "110": [269, 270], "111": [268, 270], "112": [269, 271], "113": [268, 269], "114": [268, 271], "115": [268, 269], "116": [270, 271], "117": [269], "118": [268, 270, 271], "119": [270], "120": [269, 271], "121": [268, 269], "122": [269], "123": [269], "124": [268, 271], "125": [268, 269, 271], "126": [269, 270, 271], "127": [270, 271], "128": [268, 269, 270, 271], "129": [268, 269, 270], "130": [268, 269, 270, 271], "131": [269, 270], "132": [268, 270], "133": [268, 269, 270, 271], "134": [269, 270, 271], "135": [269, 271], "136": [268, 271], "137": [270, 271], "138": [268, 269, 270, 271], "139": [268, 269], "140": [269, 270], "141": [268], "142": [268, 270], "143": [268, 271], "144": [271], "145": [269, 270, 271], "146": [270, 271], "147": [269, 270, 271], "148": [268, 270], "149": [269, 270], "150": [268, 269, 270, 271], "151": [268], "152": [268, 271], "153": [269], "154": [270], "155": [269, 271], "156": [], "157": [], "158": [270, 271], "159": [270, 271], "160": [271], "161": [270], "162": [269, 270], "163": [268, 271], "164": [269, 270], "165": [268], "166": [268, 269, 271], "167": [268, 271], "168": [269, 270], "169": [], "170": [269, 271], "171": [268], "172": [268, 270, 271], "173": [270, 271], "174": [268, 269, 271], "175": [270, 271], "176": [269, 270], "177": [268, 269, 270], "178": [268, 269], "179": [269, 271], "180": [268, 269, 270], "181": [269, 270], "182": [270], "183": [268, 269, 271], "184": [269, 271], "185": [268], "186": [268, 269, 271], "187": [271], "188": [268, 269, 271], "189": [270, 271], "190": [270], "191": [268, 271], "192": [269, 270], "193": [268], "194": [268, 270, 271], "195": [271], "196": [268, 270, 271], "197": [271],