{"frame_second": "700", "additional_id_existed_ped": {"0": [48, 51], "1": [49, 50], "2": [48, 49, 50, 51], "3": [48, 49], "4": [48, 49, 50], "5": [48, 50], "6": [48, 50, 51], "7": [51], "8": [48, 50], "9": [48, 49, 51], "10": [49, 50, 51], "11": [48, 50, 51], "12": [48, 51], "13": [50, 51], "14": [48, 49, 50, 51], "15": [49, 50], "16": [51], "17": [48], "18": [48, 49, 50], "19": [48, 51], "20": [49, 50], "21": [51], "22": [48, 49, 51], "23": [48, 49, 50, 51], "24": [49, 51], "25": [], "26": [48, 50, 51], "27": [], "28": [50], "29": [48, 49, 50], "30": [51], "31": [49, 50], "32": [48, 50, 51], "33": [], "34": [48, 49], "35": [], "36": [], "37": [48, 49, 50], "38": [48, 49, 50], "39": [49, 51], "40": [49], "41": [], "42": [49, 50, 51], "43": [49, 50, 51], "44": [48, 49, 51], "45": [48, 50], "46": [49, 51], "47": []}, "pedestrian_list": [{"in_group_r_range": 2.0, "out_group_r_strength": 64.0, "attractor_count": 24, "in_group_a_range": 2.8, "position": [-8.981404198799698, 37.738471644465875], "target_a_strength": 22000000000, "friend_zone": [12, 33, 46, 26, 14, 21, 30, 1, 43, 22, 38, 13, 6, 20, 36, 5, 24, 17, 34, 23, 40, 47, 27, 32], "out_group_a_strength": 12.5, "pedestrian_id": 48, "out_group_a_range": 2.8, "out_group_r_range": 2.0, "in_group_r_strength": 40, "target_a_range": 435, "in_group_a_strength": 20, "target": [16.0, -39.0], "group_id": 0, "radius": 0.3}, {"in_group_r_range": 2.0, "out_group_r_strength": 64.0, "attractor_count": 24, "in_group_a_range": 2.8, "position": [9.202353382654689, 50.76325151320088], "target_a_strength": 22000000000, "friend_zone": [31, 13, 12, 43, 46, 23, 15, 35, 16, 47, 5, 40, 27, 20, 44, 37, 10, 45, 29, 32, 28, 22, 3, 4], "out_group_a_strength": 12.5, "pedestrian_id": 49, "out_group_a_range": 2.8, "out_group_r_range": 2.0, "in_group_r_strength": 40, "target_a_range": 435, "in_group_a_strength": 20, "target": [16.0, -39.0], "group_id": 0, "radius": 0.3}, {"in_group_r_range": 2.0, "out_group_r_strength": 64.0, "attractor_count": 24, "in_group_a_range": 2.8, "position": [19.646286343679293, 63.72835671522848], "target_a_strength": 22000000000, "friend_zone": [47, 12, 28, 43, 13, 46, 18, 23, 11, 0, 6, 15, 4, 27, 45, 44, 2, 40, 36, 16, 29, 25, 37, 20], "out_group_a_strength": 12.5, "pedestrian_id": 50, "out_group_a_range": 2.8, "out_group_r_range": 2.0, "in_group_r_strength": 40, "target_a_range": 435, "in_group_a_strength": 20, "target": [16.0, -39.0], "group_id": 1, "radius": 0.3}, {"in_group_r_range": 2.0, "out_group_r_strength": 64.0, "attractor_count": 24, "in_group_a_range": 2.8, "position": [2.734797361866494, 37.089499012911226], "target_a_strength": 22000000000, "friend_zone": [15, 2, 17, 14, 21, 5, 31, 1, 44, 18, 9, 34, 32, 23, 24, 27, 40, 30, 10, 13, 43, 8, 16, 26], "out_group_a_strength": 12.5, "pedestrian_id": 51, "out_group_a_range": 2.8, "out_group_r_range": 2.0, "in_group_r_strength": 40, "target_a_range": 435, "in_group_a_strength": 20, "target": [16.0, -39.0], "group_id": 1, "radius": 0.3}]}