{"pedestrian_list": [{"radius": 0.3, "friend_zone": [0, 181, 35, 170, 89, 39, 66, 28, 76, 164, 70, 34, 48, 42, 98, 82, 191, 113, 183, 172, 112, 58, 128, 3, 155, 45, 150, 40, 186, 166, 94, 154, 143, 162, 20, 153, 46, 51, 123, 177, 194, 10, 178, 15, 59, 100, 151, 131, 174, 72, 23, 6, 108, 106, 159, 148, 132, 1, 189, 116, 124, 137, 85, 57, 87, 103, 182, 165, 61, 27, 49, 17, 138, 109, 75, 145, 53, 187, 79, 160, 119, 118, 190, 179, 14, 175, 130, 69, 11, 18, 129, 96, 37, 5, 156, 111, 80, 30], "in_group_a_range": 2.8, "in_group_r_strength": 40, "in_group_a_strength": 20, "target_a_range": 435, "position": [7.91140729957461, 62.42842657911108], "out_group_a_range": 2.8, "attractor_count": 98, "out_group_r_strength": 64.0, "out_group_r_range": 2.0, "pedestrian_id": 196, "out_group_a_strength": 12.5, "in_group_r_range": 2.0, "group_id": 0, "target_a_strength": 22000000000, "target": [16.0, -39.0]}, {"radius": 0.3, "friend_zone": [164, 131, 83, 119, 86, 110, 6, 127, 11, 136, 77, 67, 126, 69, 87, 23, 75, 78, 33, 73, 51, 79, 13, 186, 165, 171, 193, 187, 159, 153, 1, 172, 7, 192, 42, 178, 100, 139, 30, 116, 57, 53, 118, 102, 106, 63, 138, 191, 74, 0, 140, 93, 185, 105, 76, 103, 38, 155, 48, 81, 80, 163, 16, 55, 45, 184, 90, 62, 145, 52, 4, 129, 117, 157, 135, 64, 82, 39, 125, 160, 112, 20, 114, 158, 188, 25, 71, 44, 22, 146, 46, 91, 169, 189, 89, 65, 104, 176], "in_group_a_range": 2.8, "in_group_r_strength": 40, "in_group_a_strength": 20, "target_a_range": 435, "position": [-4.433483738821915, 45.54431886059776], "out_group_a_range": 2.8, "attractor_count": 98, "out_group_r_strength": 64.0, "out_group_r_range": 2.0, "pedestrian_id": 197, "out_group_a_strength": 12.5, "in_group_r_range": 2.0, "group_id": 0, "target_a_strength": 22000000000, "target": [16.0, -39.0]}, {"radius": 0.3, "friend_zone": [120, 123, 31, 124, 80, 186, 154, 99, 157, 79, 65, 159, 89, 116, 5, 95, 32, 69, 147, 34, 188, 98, 175, 195, 128, 125, 160, 14, 142, 141, 73, 64, 22, 9, 166, 18, 132, 10, 76, 194, 167, 107, 66, 140, 180, 103, 118, 169, 135, 17, 70, 193, 20, 39, 126, 150, 172, 57, 158, 92, 93, 121, 163, 114, 137, 1, 119, 38, 91, 183, 49, 78, 72, 94, 60, 127, 23, 162, 133, 36, 53, 75, 110, 106, 44, 143, 187, 152, 48, 2, 97, 77, 83, 6, 43, 112, 52, 56], "in_group_a_range": 2.8, "in_group_r_strength": 40, "in_group_a_strength": 20, "target_a_range": 435, "position": [-9.630621269318185, 42.287484116389386], "out_group_a_range": 2.8, "attractor_count": 98, "out_group_r_strength": 64.0, "out_group_r_range": 2.0, "pedestrian_id": 198, "out_group_a_strength": 12.5, "in_group_r_range": 2.0, "group_id": 1, "target_a_strength": 22000000000, "target": [16.0, -39.0]}, {"radius": 0.3, "friend_zone": [157, 66, 61, 162, 78, 27, 140, 101, 194, 20, 126, 54, 191, 187, 69, 94, 36, 171, 97, 92, 144, 123, 65, 56, 10, 63, 30, 74, 155, 40, 132, 145, 51, 193, 165, 138, 112, 152, 107, 172, 93, 146, 44, 0, 120, 105, 128, 67, 131, 86, 170, 75, 104, 150, 174, 28, 167, 46, 71, 11, 81, 90, 91, 184, 163, 15, 16, 21, 185, 124, 100, 133, 76, 4, 39, 119, 29, 189, 178, 87, 149, 37, 110, 111, 108, 80, 47, 77, 18, 95, 58, 183, 68, 53, 180, 43, 158, 102], "in_group_a_range": 2.8, "in_group_r_strength": 40, "in_group_a_strength": 20, "target_a_range": 435, "position": [7.2594386946220055, 55.97226912671289], "out_group_a_range": 2.8, "attractor_count": 98, "out_group_r_strength": 64.0, "out_group_r_range": 2.0, "pedestrian_id": 199, "out_group_a_strength": 12.5, "in_group_r_range": 2.0, "group_id": 1, "target_a_strength": 22000000000, "target": [16.0, -39.0]}], "additional_id_existed_ped": {"0": [196, 197], "1": [198], "2": [199], "3": [196, 198], "4": [196, 199], "5": [198, 199], "6": [196, 199], "7": [196, 197], "8": [197, 198], "9": [], "10": [197, 198], "11": [196], "12": [196], "13": [197, 198, 199], "14": [197, 199], "15": [197, 199], "16": [196, 197, 198], "17": [196, 198, 199], "18": [197, 198], "19": [199], "20": [196, 199], "21": [197, 199], "22": [197, 198, 199], "23": [197, 199], "24": [199], "25": [197, 198, 199], "26": [197], "27": [199], "28": [196, 199], "29": [196, 199], "30": [198, 199], "31": [196, 199], "32": [199], "33": [198], "34": [197, 198], "35": [198, 199], "36": [196, 197, 198], "37": [197], "38": [197, 198], "39": [196, 199], "40": [197, 198, 199], "41": [], "42": [199], "43": [197], "44": [198], "45": [196, 199], "46": [197, 198], "47": [196, 198, 199], "48": [], "49": [197, 198, 199], "50": [198, 199], "51": [], "52": [198, 199], "53": [197, 199], "54": [196, 197, 198, 199], "55": [196, 197], "56": [196, 197], "57": [198], "58": [196, 197, 199], "59": [197], "60": [196], "61": [198], "62": [196, 197, 199], "63": [196, 197, 198, 199], "64": [196, 198], "65": [198], "66": [197, 198, 199], "67": [197, 198], "68": [197, 198, 199], "69": [196, 198, 199], "70": [196, 198, 199], "71": [197, 199], "72": [196, 199], "73": [], "74": [196, 197], "75": [196, 197, 198], "76": [196, 198, 199], "77": [196, 198], "78": [196, 197], "79": [197], "80": [196, 197, 198, 199], "81": [196, 197, 199], "82": [197, 198], "83": [196, 198], "84": [196, 198, 199], "85": [196, 197, 198], "86": [199], "87": [196, 198, 199], "88": [196, 199], "89": [196, 197, 198, 199], "90": [197], "91": [196, 197], "92": [196, 197], "93": [197, 199], "94": [199], "95": [197, 199], "96": [196], "97": [199], "98": [197, 198], "99": [196, 197, 198], "100": [197, 198, 199], "101": [196, 199], "102": [196, 197], "103": [198], "104": [196, 199], "105": [196, 198], "106": [196, 197, 198], "107": [197, 198], "108": [196, 197, 198], "109": [197, 199], "110": [], "111": [196, 197], "112": [196, 199], "113": [196, 197, 198], "114": [], "115": [196, 197], "116": [196, 198], "117": [], "118": [197], "119": [197, 198], "120": [196, 198, 199], "121": [196, 198, 199], "122": [196, 197, 199], "123": [196, 197, 198, 199], "124": [198, 199], "125": [198], "126": [196, 198, 199], "127": [196, 197, 198, 199], "128": [], "129": [197, 199], "130": [196, 197], "131": [196, 197, 199], "132": [196, 197], "133": [197, 198, 199], "134": [196, 197, 198, 199], "135": [196, 198, 199], "136": [196, 199], "137": [198, 199], "138": [197, 198, 199], "139": [196, 199], "140": [196, 199], "141": [198, 199], "142": [196, 199], "143": [196, 197], "144": [196, 199], "145": [198, 199], "146": [196, 197, 199], "147": [196, 197, 198, 199], "148": [196, 197, 198, 199], "149": [196, 199], "150": [198], "151": [196, 199], "152": [], "153": [198], "154": [198], "155": [196, 197, 198, 199], "156": [197, 198], "157": [196, 197], "158": [198], "159": [], "160": [198], "161": [], "162": [196, 197, 198], "163": [196, 198, 199], "164": [196, 197], "165": [196, 197, 198], "166": [198, 199], "167": [196, 197, 198], "168": [], "169": [196, 197], "170": [], "171": [197, 198], "172": [197, 199], "173": [197, 198, 199], "174": [196, 197], "175": [], "176": [196, 198], "177": [196, 198, 199], "178": [197, 199], "179": [196], "180": [197, 198, 199], "181": [196, 198], "182": [196, 197, 198, 199], "183": [197], "184": [198, 199], "185": [196], "186": [197, 198, 199], "187": [196, 197], "188": [197], "189": [196, 197], "190": [198], "191": [198, 199], "192": [196, 198], "193": [196, 197, 199], "194": [196, 197, 198, 199], "195": [197, 198]}, "frame_second": "4400"}