{"pedestrian_list": [{"radius": 0.3, "friend_zone": [48, 60, 79, 72, 216, 234, 188, 92, 186, 30, 10, 126, 51, 132, 9, 138, 141, 85, 61, 94, 104, 7, 170, 56, 84, 196, 136, 156, 101, 113, 52, 24, 120, 44, 41, 22, 93, 142, 193, 235, 194, 140, 217, 163, 35, 83, 119, 29, 121, 0, 233, 177, 115, 55, 4, 105, 192, 80, 151, 73, 144, 195, 175, 5, 38, 162, 150, 230, 182, 204, 180, 112, 78, 42, 218, 33, 214, 178, 88, 189, 91, 210, 237, 122, 206, 43, 238, 225, 149, 173, 114, 11, 57, 165, 127, 32, 14, 64, 197, 199, 118, 110, 222, 67, 207, 190, 34, 161, 143, 68, 168, 211, 129, 203, 213, 3, 102, 27, 58, 226], "in_group_a_range": 2.8, "in_group_r_strength": 40, "in_group_a_strength": 20, "target_a_range": 435, "position": [-4.402099078786526, 44.88257639673032], "out_group_a_range": 2.8, "attractor_count": 120, "out_group_r_strength": 64.0, "out_group_r_range": 2.0, "pedestrian_id": 240, "out_group_a_strength": 12.5, "in_group_r_range": 2.0, "group_id": 0, "target_a_strength": 22000000000, "target": [16.0, -39.0]}, {"radius": 0.3, "friend_zone": [216, 50, 133, 77, 1, 119, 64, 7, 168, 112, 95, 140, 132, 16, 17, 141, 20, 108, 176, 52, 61, 117, 228, 207, 18, 157, 54, 235, 92, 136, 33, 114, 69, 31, 221, 76, 170, 82, 142, 43, 166, 178, 5, 12, 56, 86, 109, 172, 223, 49, 191, 161, 74, 195, 175, 147, 57, 125, 88, 219, 91, 151, 101, 197, 8, 213, 34, 72, 173, 51, 190, 220, 148, 231, 218, 87, 71, 182, 96, 128, 102, 68, 156, 202, 116, 127, 30, 144, 107, 70, 78, 229, 179, 42, 234, 181, 174, 110, 6, 155, 85, 212, 19, 89, 99, 105, 134, 192, 40, 149, 160, 224, 32, 209, 165, 226, 45, 60, 196, 81], "in_group_a_range": 2.8, "in_group_r_strength": 40, "in_group_a_strength": 20, "target_a_range": 435, "position": [12.450945149634727, 42.28912957433447], "out_group_a_range": 2.8, "attractor_count": 120, "out_group_r_strength": 64.0, "out_group_r_range": 2.0, "pedestrian_id": 241, "out_group_a_strength": 12.5, "in_group_r_range": 2.0, "group_id": 0, "target_a_strength": 22000000000, "target": [16.0, -39.0]}, {"radius": 0.3, "friend_zone": [47, 194, 130, 64, 200, 147, 77, 156, 46, 184, 71, 149, 100, 15, 6, 197, 171, 176, 139, 135, 137, 107, 79, 18, 203, 10, 30, 146, 101, 138, 68, 73, 76, 220, 210, 225, 62, 1, 204, 239, 215, 44, 152, 201, 70, 143, 124, 12, 99, 123, 96, 38, 4, 74, 82, 222, 159, 218, 191, 116, 19, 230, 216, 28, 205, 16, 141, 7, 57, 95, 105, 21, 55, 41, 131, 72, 78, 43, 232, 63, 234, 219, 39, 227, 40, 177, 104, 110, 169, 153, 173, 90, 170, 142, 183, 237, 50, 3, 117, 133, 114, 9, 86, 42, 186, 56, 121, 35, 98, 132, 231, 83, 54, 94, 174, 8, 2, 17, 195, 81], "in_group_a_range": 2.8, "in_group_r_strength": 40, "in_group_a_strength": 20, "target_a_range": 435, "position": [3.3845009953751375, 40.33958729992315], "out_group_a_range": 2.8, "attractor_count": 120, "out_group_r_strength": 64.0, "out_group_r_range": 2.0, "pedestrian_id": 242, "out_group_a_strength": 12.5, "in_group_r_range": 2.0, "group_id": 1, "target_a_strength": 22000000000, "target": [16.0, -39.0]}, {"radius": 0.3, "friend_zone": [172, 58, 95, 165, 15, 231, 156, 24, 135, 104, 140, 96, 239, 168, 102, 75, 219, 74, 79, 28, 10, 39, 44, 218, 17, 139, 223, 221, 151, 202, 32, 147, 85, 128, 208, 72, 54, 153, 110, 71, 233, 148, 43, 12, 169, 73, 90, 127, 143, 149, 167, 154, 20, 214, 53, 144, 238, 87, 171, 41, 186, 14, 6, 31, 1, 93, 84, 81, 198, 166, 89, 36, 116, 78, 210, 130, 194, 182, 213, 126, 200, 105, 183, 26, 226, 83, 157, 152, 57, 142, 125, 30, 37, 86, 188, 25, 70, 211, 113, 209, 145, 108, 45, 49, 216, 163, 65, 62, 180, 94, 88, 174, 187, 23, 232, 196, 5, 191, 111, 51], "in_group_a_range": 2.8, "in_group_r_strength": 40, "in_group_a_strength": 20, "target_a_range": 435, "position": [11.18136457171571, 66.32685532826302], "out_group_a_range": 2.8, "attractor_count": 120, "out_group_r_strength": 64.0, "out_group_r_range": 2.0, "pedestrian_id": 243, "out_group_a_strength": 12.5, "in_group_r_range": 2.0, "group_id": 1, "target_a_strength": 22000000000, "target": [16.0, -39.0]}], "additional_id_existed_ped": {"0": [243], "1": [242], "2": [240, 241, 242], "3": [241], "4": [241, 242], "5": [240, 243], "6": [240, 243], "7": [241], "8": [241, 242], "9": [240, 242], "10": [241, 242, 243], "11": [240, 242, 243], "12": [240, 241, 242, 243], "13": [242, 243], "14": [240], "15": [242, 243], "16": [241, 243], "17": [241, 243], "18": [240], "19": [241, 243], "20": [240, 241, 242], "21": [240, 243], "22": [242, 243], "23": [242], "24": [240, 241], "25": [241], "26": [240, 242, 243], "27": [240, 242], "28": [], "29": [242, 243], "30": [243], "31": [242], "32": [242], "33": [240], "34": [240, 241], "35": [241, 242, 243], "36": [240], "37": [243], "38": [243], "39": [242, 243], "40": [240, 241, 242, 243], "41": [242], "42": [240, 241, 242, 243], "43": [242, 243], "44": [240, 243], "45": [240, 241, 242, 243], "46": [242], "47": [243], "48": [242, 243], "49": [240, 242], "50": [240, 242], "51": [242, 243], "52": [242, 243], "53": [240, 243], "54": [240], "55": [240, 242], "56": [240, 243], "57": [240, 241], "58": [242], "59": [242, 243], "60": [240, 242, 243], "61": [242], "62": [240, 241, 243], "63": [241, 243], "64": [241, 242, 243], "65": [242, 243], "66": [], "67": [240, 243], "68": [], "69": [240], "70": [240, 241], "71": [240], "72": [240, 241], "73": [241, 242], "74": [240, 241, 243], "75": [241, 243], "76": [241], "77": [241, 242, 243], "78": [240, 241, 242], "79": [240, 241, 242, 243], "80": [241], "81": [241], "82": [240, 241], "83": [240, 242, 243], "84": [241, 243], "85": [240, 242], "86": [240, 241, 243], "87": [240, 241, 242], "88": [240, 241, 242, 243], "89": [242, 243], "90": [242], "91": [241], "92": [242, 243], "93": [240, 241, 242], "94": [243], "95": [240, 241, 242], "96": [242, 243], "97": [240, 243], "98": [240, 242, 243], "99": [240, 241, 242], "100": [240, 241, 243], "101": [242], "102": [240, 241], "103": [243], "104": [241], "105": [240, 241, 243], "106": [240, 241], "107": [242, 243], "108": [240, 241, 242], "109": [240, 242], "110": [240, 241, 242, 243], "111": [243], "112": [242, 243], "113": [241], "114": [243], "115": [243], "116": [240, 241, 243], "117": [241, 242, 243], "118": [], "119": [240, 242], "120": [240, 242, 243], "121": [240, 243], "122": [240, 241], "123": [241, 242], "124": [240, 242, 243], "125": [241], "126": [240, 241, 242], "127": [240, 242], "128": [], "129": [241, 243], "130": [240], "131": [241, 243], "132": [240, 241, 242], "133": [240, 241, 242], "134": [241, 242, 243], "135": [240, 241, 242, 243], "136": [240, 241, 242], "137": [240], "138": [240, 241, 242], "139": [240, 241], "140": [241, 243], "141": [242, 243], "142": [240, 241], "143": [240], "144": [240], "145": [241], "146": [241, 242, 243], "147": [241, 242], "148": [242, 243], "149": [240, 243], "150": [242, 243], "151": [241], "152": [240, 242], "153": [240], "154": [], "155": [240, 242], "156": [241, 243], "157": [241, 242, 243], "158": [240, 242, 243], "159": [], "160": [240, 241, 243], "161": [240, 243], "162": [], "163": [240, 241, 242, 243], "164": [240, 241, 242, 243], "165": [240, 241, 243], "166": [242, 243], "167": [241], "168": [241, 242, 243], "169": [], "170": [240, 241, 243], "171": [241], "172": [241, 242, 243], "173": [240, 241], "174": [242], "175": [240, 241, 242], "176": [243], "177": [241, 243], "178": [241], "179": [240, 241, 242], "180": [243], "181": [241, 242], "182": [], "183": [240, 241, 242, 243], "184": [240, 241, 242, 243], "185": [240, 243], "186": [241, 242], "187": [241, 242], "188": [241, 242, 243], "189": [240, 241, 243], "190": [242, 243], "191": [240, 241, 242], "192": [240, 242, 243], "193": [240, 243], "194": [240], "195": [240, 241], "196": [241, 243], "197": [240, 242], "198": [242, 243], "199": [240], "200": [240, 243], "201": [242, 243], "202": [241, 243], "203": [240, 241, 243], "204": [240, 241, 242], "205": [240, 241], "206": [240, 243], "207": [240, 243], "208": [241, 242], "209": [241], "210": [240, 241, 242, 243], "211": [241, 243], "212": [242], "213": [240, 242], "214": [241, 242],