{"pedestrian_list": [{"radius": 0.3, "friend_zone": [113, 7, 72, 23, 82, 24, 55, 66, 132, 26, 95, 129, 19, 130, 34, 32, 138, 124, 115, 68, 81, 44, 51, 0, 140, 125, 143, 17, 2, 134, 101, 70, 118, 33, 48, 117, 114, 112, 119, 107, 16, 58, 15, 88, 60, 4, 120, 111, 108, 110, 49, 75, 89, 27, 61, 5, 123, 131, 122, 121, 53, 100, 109, 28, 77, 80, 139, 133, 42, 8, 47, 37], "in_group_a_range": 2.8, "in_group_r_strength": 40, "in_group_a_strength": 20, "target_a_range": 435, "position": [16.36874602424431, 64.40449635859756], "out_group_a_range": 2.8, "attractor_count": 72, "out_group_r_strength": 64.0, "out_group_r_range": 2.0, "pedestrian_id": 144, "out_group_a_strength": 12.5, "in_group_r_range": 2.0, "group_id": 0, "target_a_strength": 22000000000, "target": [16.0, -39.0]}, {"radius": 0.3, "friend_zone": [127, 8, 77, 135, 132, 2, 72, 33, 3, 86, 29, 88, 39, 61, 23, 97, 67, 113, 83, 53, 91, 81, 92, 122, 124, 118, 98, 134, 101, 133, 143, 28, 44, 46, 31, 110, 1, 131, 79, 6, 94, 10, 104, 119, 45, 93, 123, 100, 102, 22, 84, 95, 75, 4, 136, 115, 74, 141, 103, 64, 140, 63, 142, 71, 27, 56, 5, 11, 116, 138, 55, 18], "in_group_a_range": 2.8, "in_group_r_strength": 40, "in_group_a_strength": 20, "target_a_range": 435, "position": [-7.652308242239744, 59.19495976537088], "out_group_a_range": 2.8, "attractor_count": 72, "out_group_r_strength": 64.0, "out_group_r_range": 2.0, "pedestrian_id": 145, "out_group_a_strength": 12.5, "in_group_r_range": 2.0, "group_id": 0, "target_a_strength": 22000000000, "target": [16.0, -39.0]}, {"radius": 0.3, "friend_zone": [105, 108, 39, 65, 94, 47, 72, 138, 62, 34, 130, 44, 50, 29, 127, 45, 76, 0, 102, 56, 84, 40, 30, 13, 93, 57, 122, 125, 68, 33, 27, 24, 11, 82, 96, 135, 119, 16, 8, 106, 107, 53, 31, 64, 52, 115, 49, 110, 132, 77, 98, 88, 92, 73, 10, 131, 139, 15, 18, 74, 6, 81, 116, 129, 111, 46, 21, 91, 134, 79, 14, 141], "in_group_a_range": 2.8, "in_group_r_strength": 40, "in_group_a_strength": 20, "target_a_range": 435, "position": [-8.305229670581673, 48.80029403933121], "out_group_a_range": 2.8, "attractor_count": 72, "out_group_r_strength": 64.0, "out_group_r_range": 2.0, "pedestrian_id": 146, "out_group_a_strength": 12.5, "in_group_r_range": 2.0, "group_id": 1, "target_a_strength": 22000000000, "target": [16.0, -39.0]}, {"radius": 0.3, "friend_zone": [53, 44, 32, 33, 20, 137, 57, 138, 19, 34, 83, 142, 106, 99, 124, 72, 87, 75, 3, 103, 14, 104, 15, 71, 94, 40, 12, 7, 61, 49, 56, 81, 11, 39, 120, 27, 54, 10, 123, 85, 50, 30, 133, 126, 26, 134, 110, 135, 5, 101, 128, 1, 70, 127, 17, 107, 65, 64, 113, 41, 136, 102, 95, 13, 55, 0, 59, 38, 80, 45, 28, 89], "in_group_a_range": 2.8, "in_group_r_strength": 40, "in_group_a_strength": 20, "target_a_range": 435, "position": [13.111113485065669, 70.24718563863665], "out_group_a_range": 2.8, "attractor_count": 72, "out_group_r_strength": 64.0, "out_group_r_range": 2.0, "pedestrian_id": 147, "out_group_a_strength": 12.5, "in_group_r_range": 2.0, "group_id": 1, "target_a_strength": 22000000000, "target": [16.0, -39.0]}], "additional_id_existed_ped": {"0": [], "1": [144, 146, 147], "2": [145], "3": [146, 147], "4": [147], "5": [145, 147], "6": [144, 147], "7": [144, 147], "8": [144, 145], "9": [], "10": [145, 146, 147], "11": [145, 147], "12": [144, 145, 146, 147], "13": [144, 145], "14": [144, 147], "15": [147], "16": [], "17": [144, 146], "18": [145], "19": [144, 145, 146], "20": [146, 147], "21": [145, 147], "22": [146, 147], "23": [145, 146], "24": [144, 146], "25": [146, 147], "26": [144, 146, 147], "27": [145], "28": [145], "29": [146, 147], "30": [144, 145, 147], "31": [146, 147], "32": [144, 147], "33": [144, 145], "34": [], "35": [144, 145, 147], "36": [146, 147], "37": [145, 146, 147], "38": [144, 145], "39": [147], "40": [147], "41": [145], "42": [], "43": [144, 145, 146, 147], "44": [144, 146], "45": [146], "46": [146, 147], "47": [145, 146, 147], "48": [144, 145, 146], "49": [146], "50": [144, 145, 146, 147], "51": [145, 146], "52": [145, 147], "53": [144, 145, 146, 147], "54": [144, 146], "55": [144, 145, 146], "56": [144], "57": [144, 146], "58": [144, 145, 146, 147], "59": [145], "60": [145, 146], "61": [146, 147], "62": [144, 145], "63": [144, 146], "64": [144], "65": [145, 147], "66": [147], "67": [144, 146, 147], "68": [145, 146, 147], "69": [144, 147], "70": [145, 147], "71": [144, 145, 146, 147], "72": [145], "73": [145], "74": [146, 147], "75": [144, 145], "76": [144], "77": [144, 146], "78": [144, 145, 146], "79": [146], "80": [146], "81": [144], "82": [144, 145, 147], "83": [146, 147], "84": [144, 145, 147], "85": [144, 145], "86": [144], "87": [146], "88": [], "89": [144, 145, 146], "90": [145, 146, 147], "91": [], "92": [145], "93": [144, 145, 147], "94": [144, 146], "95": [145, 146, 147], "96": [145, 146], "97": [146, 147], "98": [147], "99": [144, 145, 146], "100": [144, 145, 147], "101": [144, 145, 147], "102": [144, 145, 146, 147], "103": [146, 147], "104": [144], "105": [147], "106": [144], "107": [144, 145, 146], "108": [144, 145, 147], "109": [144, 147], "110": [145, 147], "111": [144], "112": [144, 145, 146], "113": [145, 147], "114": [145, 147], "115": [144, 145, 146, 147], "116": [146], "117": [144, 145, 146, 147], "118": [144, 145], "119": [144, 146], "120": [145, 146, 147], "121": [144, 146], "122": [146], "123": [146], "124": [], "125": [], "126": [144, 145, 146], "127": [144, 145, 147], "128": [144, 146], "129": [147], "130": [144, 146], "131": [144], "132": [145, 147], "133": [], "134": [145, 146], "135": [144, 145, 147], "136": [144, 145, 146], "137": [146, 147], "138": [145, 147], "139": [144, 145, 146, 147], "140": [144, 145, 146, 147], "141": [144, 146], "142": [144, 147], "143": [144, 145, 146, 147]}, "frame_second": "3100"}