{"pedestrian_list": [{"radius": 0.3, "friend_zone": [117, 69, 43, 14, 75, 68, 41, 6, 87, 98, 44, 127, 123, 131, 31, 17, 24, 4, 12, 64, 39, 59, 7, 63, 102, 57, 119, 85, 66, 83, 42, 82, 110, 81, 96, 73, 118, 40, 89, 79, 111, 26, 18, 65, 72, 124, 121, 80, 1, 71, 36, 28, 112, 113, 128, 27, 2, 129, 62, 37, 56, 5, 101, 125, 104, 8, 16, 74], "in_group_a_range": 2.8, "in_group_r_strength": 40, "in_group_a_strength": 20, "target_a_range": 435, "position": [18.302755168487455, 48.145370384599374], "out_group_a_range": 2.8, "attractor_count": 68, "out_group_r_strength": 64.0, "out_group_r_range": 2.0, "pedestrian_id": 136, "out_group_a_strength": 12.5, "in_group_r_range": 2.0, "group_id": 0, "target_a_strength": 22000000000, "target": [16.0, -39.0]}, {"radius": 0.3, "friend_zone": [60, 68, 6, 100, 8, 37, 34, 128, 104, 61, 22, 90, 135, 67, 78, 86, 122, 98, 110, 85, 21, 12, 1, 99, 46, 33, 16, 92, 49, 41, 39, 132, 116, 134, 123, 5, 105, 55, 74, 56, 47, 97, 124, 117, 111, 88, 35, 96, 14, 50, 102, 72, 127, 131, 115, 13, 77, 52, 133, 54, 81, 48, 38, 40, 82, 84, 101, 94], "in_group_a_range": 2.8, "in_group_r_strength": 40, "in_group_a_strength": 20, "target_a_range": 435, "position": [11.826616528923815, 37.07596284702841], "out_group_a_range": 2.8, "attractor_count": 68, "out_group_r_strength": 64.0, "out_group_r_range": 2.0, "pedestrian_id": 137, "out_group_a_strength": 12.5, "in_group_r_range": 2.0, "group_id": 0, "target_a_strength": 22000000000, "target": [16.0, -39.0]}, {"radius": 0.3, "friend_zone": [59, 88, 127, 77, 32, 111, 87, 107, 72, 34, 55, 53, 9, 122, 64, 16, 85, 103, 81, 6, 86, 133, 31, 126, 128, 30, 117, 50, 116, 92, 82, 54, 8, 5, 48, 69, 78, 62, 75, 39, 18, 42, 115, 61, 113, 43, 121, 14, 20, 66, 58, 67, 131, 0, 84, 80, 56, 41, 94, 23, 37, 97, 46, 99, 35, 125, 129, 47], "in_group_a_range": 2.8, "in_group_r_strength": 40, "in_group_a_strength": 20, "target_a_range": 435, "position": [17.031979710023432, 59.20466645465724], "out_group_a_range": 2.8, "attractor_count": 68, "out_group_r_strength": 64.0, "out_group_r_range": 2.0, "pedestrian_id": 138, "out_group_a_strength": 12.5, "in_group_r_range": 2.0, "group_id": 1, "target_a_strength": 22000000000, "target": [16.0, -39.0]}, {"radius": 0.3, "friend_zone": [66, 47, 81, 105, 109, 113, 89, 131, 57, 86, 107, 97, 63, 84, 71, 103, 17, 39, 102, 41, 4, 124, 82, 34, 130, 98, 106, 50, 9, 59, 67, 3, 44, 19, 87, 76, 79, 118, 120, 99, 73, 18, 85, 49, 114, 33, 12, 94, 68, 8, 36, 53, 128, 56, 108, 134, 31, 123, 74, 119, 51, 83, 13, 24, 48, 78, 101, 72], "in_group_a_range": 2.8, "in_group_r_strength": 40, "in_group_a_strength": 20, "target_a_range": 435, "position": [10.545424454003632, 50.09562316927959], "out_group_a_range": 2.8, "attractor_count": 68, "out_group_r_strength": 64.0, "out_group_r_range": 2.0, "pedestrian_id": 139, "out_group_a_strength": 12.5, "in_group_r_range": 2.0, "group_id": 1, "target_a_strength": 22000000000, "target": [16.0, -39.0]}], "additional_id_existed_ped": {"0": [136, 138, 139], "1": [136, 138], "2": [], "3": [136], "4": [136, 137], "5": [136, 137, 139], "6": [136], "7": [136, 137, 138], "8": [136, 139], "9": [136, 138], "10": [136], "11": [137], "12": [136, 139], "13": [136, 137], "14": [138], "15": [137, 139], "16": [137], "17": [136, 137], "18": [136], "19": [136, 139], "20": [137, 138, 139], "21": [136, 137, 138], "22": [136, 139], "23": [139], "24": [138, 139], "25": [137], "26": [137], "27": [139], "28": [136], "29": [136, 137, 138, 139], "30": [136, 138, 139], "31": [136, 138, 139], "32": [136, 138, 139], "33": [136, 137, 138], "34": [138], "35": [137, 139], "36": [], "37": [138, 139], "38": [137, 139], "39": [138, 139], "40": [136, 137], "41": [136, 138, 139], "42": [139], "43": [136, 137, 138], "44": [136], "45": [136, 137, 139], "46": [137], "47": [136, 137, 138, 139], "48": [137, 138, 139], "49": [138], "50": [136, 137, 138, 139], "51": [136, 137, 139], "52": [139], "53": [136, 137, 138], "54": [136, 139], "55": [136], "56": [136, 137, 139], "57": [138, 139], "58": [138, 139], "59": [139], "60": [136, 137, 138], "61": [137, 138], "62": [138, 139], "63": [], "64": [136, 137, 139], "65": [137, 139], "66": [137, 138, 139], "67": [136, 137, 138], "68": [137], "69": [139], "70": [137, 139], "71": [136, 139], "72": [136], "73": [136, 137, 139], "74": [136, 137, 138], "75": [136, 137], "76": [138, 139], "77": [137], "78": [137, 138, 139], "79": [], "80": [136, 137, 138], "81": [], "82": [137, 139], "83": [137, 138], "84": [136, 137], "85": [136, 137], "86": [138, 139], "87": [137, 138, 139], "88": [138], "89": [136, 138], "90": [137, 138, 139], "91": [139], "92": [138, 139], "93": [137, 138], "94": [137, 138, 139], "95": [139], "96": [136, 139], "97": [138, 139], "98": [136, 139], "99": [138, 139], "100": [136, 137, 138, 139], "101": [137, 139], "102": [137, 138], "103": [136, 137], "104": [136, 139], "105": [138, 139], "106": [137, 138], "107": [136, 137, 138], "108": [], "109": [138], "110": [137, 138], "111": [136, 138, 139], "112": [136, 138, 139], "113": [136, 137, 139], "114": [138, 139], "115": [138], "116": [], "117": [137, 138, 139], "118": [136, 137, 138], "119": [136, 137, 138, 139], "120": [136, 138], "121": [136], "122": [136, 137], "123": [137, 138], "124": [136, 137, 138, 139], "125": [136, 137, 138, 139], "126": [136, 137], "127": [136], "128": [138], "129": [138], "130": [136, 138], "131": [], "132": [136, 137, 139], "133": [137], "134": [137, 138, 139], "135": [136, 137, 138]}, "frame_second": "2900"}