{"pedestrian_list": [{"radius": 0.3, "friend_zone": [150, 32, 33, 135, 43, 47, 38, 152, 42, 2, 132, 25, 151, 0, 144, 7, 103, 137, 44, 52, 136, 50, 81, 138, 107, 130, 10, 61, 78, 4, 69, 56, 24, 106, 70, 77, 109, 100, 155, 54, 21, 55, 49, 66, 117, 119, 60, 79, 14, 86, 115, 126, 141, 111, 159, 93, 80, 104, 74, 88, 122, 145, 57, 62, 85, 68, 40, 139, 37, 39, 131, 83, 17, 116, 147, 5, 133, 87, 125, 1], "in_group_a_range": 2.8, "in_group_r_strength": 40, "in_group_a_strength": 20, "target_a_range": 435, "position": [5.323791011329251, 67.67068260535221], "out_group_a_range": 2.8, "attractor_count": 80, "out_group_r_strength": 64.0, "out_group_r_range": 2.0, "pedestrian_id": 160, "out_group_a_strength": 12.5, "in_group_r_range": 2.0, "group_id": 0, "target_a_strength": 22000000000, "target": [16.0, -39.0]}, {"radius": 0.3, "friend_zone": [29, 25, 18, 149, 82, 52, 123, 7, 8, 28, 13, 126, 33, 146, 106, 88, 147, 20, 46, 63, 154, 73, 153, 23, 117, 60, 70, 47, 91, 79, 140, 45, 34, 111, 71, 40, 151, 120, 115, 75, 35, 100, 67, 112, 139, 61, 148, 50, 24, 109, 159, 131, 89, 17, 43, 78, 65, 102, 118, 74, 56, 143, 116, 137, 30, 15, 36, 59, 11, 142, 12, 124, 104, 133, 80, 69, 136, 76, 97, 62], "in_group_a_range": 2.8, "in_group_r_strength": 40, "in_group_a_strength": 20, "target_a_range": 435, "position": [7.913701352792995, 44.24261842505424], "out_group_a_range": 2.8, "attractor_count": 80, "out_group_r_strength": 64.0, "out_group_r_range": 2.0, "pedestrian_id": 161, "out_group_a_strength": 12.5, "in_group_r_range": 2.0, "group_id": 0, "target_a_strength": 22000000000, "target": [16.0, -39.0]}, {"radius": 0.3, "friend_zone": [99, 109, 6, 44, 111, 94, 118, 115, 112, 102, 8, 41, 150, 35, 90, 135, 81, 23, 66, 72, 103, 129, 57, 27, 127, 49, 106, 36, 75, 70, 54, 60, 31, 45, 137, 98, 3, 29, 91, 134, 52, 55, 113, 87, 76, 50, 17, 39, 40, 107, 83, 65, 14, 63, 121, 51, 28, 159, 42, 93, 117, 16, 20, 86, 148, 46, 48, 132, 143, 120, 12, 85, 147, 43, 73, 100, 25, 110, 33, 151], "in_group_a_range": 2.8, "in_group_r_strength": 40, "in_group_a_strength": 20, "target_a_range": 435, "position": [-0.5443358833966327, 40.99976293336602], "out_group_a_range": 2.8, "attractor_count": 80, "out_group_r_strength": 64.0, "out_group_r_range": 2.0, "pedestrian_id": 162, "out_group_a_strength": 12.5, "in_group_r_range": 2.0, "group_id": 1, "target_a_strength": 22000000000, "target": [16.0, -39.0]}, {"radius": 0.3, "friend_zone": [58, 50, 38, 138, 8, 76, 98, 129, 79, 62, 41, 111, 128, 31, 37, 52, 126, 27, 107, 7, 23, 35, 30, 1, 63, 61, 159, 122, 69, 18, 71, 125, 60, 149, 53, 3, 36, 92, 40, 135, 134, 45, 81, 11, 15, 29, 43, 48, 56, 116, 95, 57, 114, 51, 153, 47, 33, 100, 141, 86, 151, 142, 84, 26, 97, 150, 130, 9, 13, 115, 157, 32, 132, 103, 55, 155, 105, 68, 10, 139], "in_group_a_range": 2.8, "in_group_r_strength": 40, "in_group_a_strength": 20, "target_a_range": 435, "position": [4.677479634135142, 47.47684475107077], "out_group_a_range": 2.8, "attractor_count": 80, "out_group_r_strength": 64.0, "out_group_r_range": 2.0, "pedestrian_id": 163, "out_group_a_strength": 12.5, "in_group_r_range": 2.0, "group_id": 1, "target_a_strength": 22000000000, "target": [16.0, -39.0]}], "additional_id_existed_ped": {"0": [160, 163], "1": [160, 161, 162], "2": [163], "3": [161, 162, 163], "4": [160], "5": [161, 163], "6": [160, 162], "7": [], "8": [160, 161, 162, 163], "9": [161, 162, 163], "10": [], "11": [160, 161], "12": [160, 161, 163], "13": [160, 162, 163], "14": [162], "15": [160], "16": [163], "17": [161, 162], "18": [160, 161], "19": [], "20": [161, 162, 163], "21": [162, 163], "22": [162], "23": [160, 161], "24": [161, 163], "25": [163], "26": [161, 162], "27": [162, 163], "28": [160, 161, 163], "29": [160], "30": [161, 162, 163], "31": [161, 162], "32": [160, 161, 162], "33": [160, 162], "34": [160, 161, 162], "35": [160, 162], "36": [], "37": [162], "38": [160, 161, 162], "39": [163], "40": [160, 162, 163], "41": [163], "42": [161, 163], "43": [160, 162], "44": [162, 163], "45": [161, 162, 163], "46": [], "47": [161, 163], "48": [160, 162], "49": [161, 162], "50": [162, 163], "51": [161], "52": [160, 161, 163], "53": [], "54": [162], "55": [160, 161, 162, 163], "56": [161, 163], "57": [], "58": [162], "59": [160, 162], "60": [160, 161, 162, 163], "61": [160, 161], "62": [160, 161], "63": [160, 162, 163], "64": [], "65": [160, 162, 163], "66": [160, 162, 163], "67": [160, 163], "68": [162, 163], "69": [160, 161, 163], "70": [162, 163], "71": [162, 163], "72": [161], "73": [160, 163], "74": [160, 162], "75": [], "76": [160, 161, 163], "77": [160, 161], "78": [161, 163], "79": [160, 161, 162], "80": [160, 163], "81": [161], "82": [160, 161, 162, 163], "83": [161, 162, 163], "84": [163], "85": [160, 162], "86": [162], "87": [161, 162], "88": [160, 161, 163], "89": [160, 161, 162, 163], "90": [160, 163], "91": [161], "92": [161, 163], "93": [160, 161], "94": [163], "95": [160, 161, 162], "96": [160, 161, 163], "97": [], "98": [161, 162], "99": [160, 161, 162], "100": [160, 161, 162, 163], "101": [160], "102": [161, 162, 163], "103": [161, 163], "104": [], "105": [160, 162, 163], "106": [160, 161, 162, 163], "107": [160, 162, 163], "108": [162], "109": [160, 161], "110": [160, 163], "111": [161, 163], "112": [160, 161], "113": [160, 161], "114": [161, 162, 163], "115": [160, 162], "116": [162, 163], "117": [160, 163], "118": [160, 161, 163], "119": [161], "120": [160, 161, 162], "121": [160, 163], "122": [163], "123": [160, 163], "124": [161], "125": [162, 163], "126": [160, 162, 163], "127": [160, 161, 163], "128": [162, 163], "129": [160, 161], "130": [163], "131": [160, 161, 163], "132": [160, 163], "133": [160, 161], "134": [160, 161, 162], "135": [160, 162], "136": [161], "137": [163], "138": [162, 163], "139": [160, 161, 162], "140": [162, 163], "141": [162], "142": [], "143": [162, 163], "144": [162], "145": [160, 161], "146": [160, 161, 162], "147": [162, 163], "148": [160, 161], "149": [161, 162], "150": [160, 162, 163], "151": [161], "152": [160, 161, 162, 163], "153": [160, 163], "154": [162], "155": [160, 161, 162, 163], "156": [160, 161], "157": [161, 162], "158": [161, 162], "159": [160, 161]}, "frame_second": "3500"}