{"additional_id_existed_ped": {"0": [20, 21], "1": [20, 22, 23], "2": [20, 22, 23], "3": [22], "4": [20, 23], "5": [23], "6": [22], "7": [20, 21], "8": [21, 22, 23], "9": [22], "10": [21, 23], "11": [20], "12": [20, 21, 23], "13": [20], "14": [20, 21], "15": [21, 22], "16": [21, 22, 23], "17": [20, 23], "18": [21, 22], "19": [21, 22, 23]}, "frame_second": "0", "pedestrian_list": [{"out_group_a_strength": 14.285714285714286, "pedestrian_id": 20, "target_a_range": 435.0, "in_group_r_range": 2.0, "target": [16.0, -39.0], "friend_zone": [3, 14, 6, 12, 0, 19, 5, 7, 2, 15], "in_group_a_range": 2.8, "out_group_r_range": 2.0, "out_group_r_strength": 56.0, "attractor_count": 10, "target_a_strength": 22000000000.0, "out_group_a_range": 2.8, "radius": 0.3, "in_group_r_strength": 40.0, "in_group_a_strength": 20.0, "position": [18.347340445240132, 70.87715975769024], "group_id": 0}, {"out_group_a_strength": 14.285714285714286, "pedestrian_id": 21, "target_a_range": 435.0, "in_group_r_range": 2.0, "target": [16.0, -39.0], "friend_zone": [5, 1, 6, 15, 7, 4, 3, 18, 8, 12], "in_group_a_range": 2.8, "out_group_r_range": 2.0, "out_group_r_strength": 56.0, "attractor_count": 10, "target_a_strength": 22000000000.0, "out_group_a_range": 2.8, "radius": 0.3, "in_group_r_strength": 40.0, "in_group_a_strength": 20.0, "position": [3.3902108085965312, 40.33707420241407], "group_id": 0}, {"out_group_a_strength": 14.285714285714286, "pedestrian_id": 22, "target_a_range": 435.0, "in_group_r_range": 2.0, "target": [16.0, -39.0], "friend_zone": [7, 13, 2, 0, 6, 12, 8, 14, 9, 3], "in_group_a_range": 2.8, "out_group_r_range": 2.0, "out_group_r_strength": 56.0, "attractor_count": 10, "target_a_strength": 22000000000.0, "out_group_a_range": 2.8, "radius": 0.3, "in_group_r_strength": 40.0, "in_group_a_strength": 20.0, "position": [2.733289678530127, 39.721013571437354], "group_id": 1}, {"out_group_a_strength": 14.285714285714286, "pedestrian_id": 23, "target_a_range": 435.0, "in_group_r_range": 2.0, "target": [16.0, -39.0], "friend_zone": [17, 7, 3, 5, 2, 12, 4, 11, 8, 10], "in_group_a_range": 2.8, "out_group_r_range": 2.0, "out_group_r_strength": 56.0, "attractor_count": 10, "target_a_strength": 22000000000.0, "out_group_a_range": 2.8, "radius": 0.3, "in_group_r_strength": 40.0, "in_group_a_strength": 20.0, "position": [8.573471325520181, 55.9531975325072], "group_id": 1}]}