{"pedestrian_list": [{"attractor_count": 18, "radius": 0.3, "group_id": 0, "friend_zone": [7, 6, 5, 34, 35, 27, 29, 18, 15, 12, 3, 9, 30, 2, 32, 17, 1, 19], "out_group_a_range": 2.8, "in_group_r_range": 2.0, "out_group_r_range": 2.0, "in_group_a_strength": 20, "out_group_r_strength": 80.0, "pedestrian_id": 36, "target_a_range": 435, "in_group_r_strength": 40, "in_group_a_range": 2.8, "out_group_a_strength": 10.0, "target_a_strength": 22000000000, "position": [17.013857775028157, 37.12151594661004], "target": [16.0, -39.0]}, {"attractor_count": 18, "radius": 0.3, "group_id": 0, "friend_zone": [31, 1, 29, 15, 23, 6, 33, 24, 28, 17, 5, 19, 14, 22, 21, 30, 35, 18], "out_group_a_range": 2.8, "in_group_r_range": 2.0, "out_group_r_range": 2.0, "in_group_a_strength": 20, "out_group_r_strength": 80.0, "pedestrian_id": 37, "target_a_range": 435, "in_group_r_strength": 40, "in_group_a_range": 2.8, "out_group_a_strength": 10.0, "target_a_strength": 22000000000, "position": [-6.351539282751058, 56.60695264785696], "target": [16.0, -39.0]}, {"attractor_count": 18, "radius": 0.3, "group_id": 1, "friend_zone": [8, 34, 18, 0, 15, 33, 16, 13, 27, 5, 23, 29, 31, 19, 28, 7, 32, 9], "out_group_a_range": 2.8, "in_group_r_range": 2.0, "out_group_r_range": 2.0, "in_group_a_strength": 20, "out_group_r_strength": 80.0, "pedestrian_id": 38, "target_a_range": 435, "in_group_r_strength": 40, "in_group_a_range": 2.8, "out_group_a_strength": 10.0, "target_a_strength": 22000000000, "position": [-9.643336740033693, 48.81835065128379], "target": [16.0, -39.0]}, {"attractor_count": 18, "radius": 0.3, "group_id": 1, "friend_zone": [10, 19, 5, 24, 2, 28, 32, 12, 29, 9, 13, 26, 14, 6, 35, 4, 11, 30], "out_group_a_range": 2.8, "in_group_r_range": 2.0, "out_group_r_range": 2.0, "in_group_a_strength": 20, "out_group_r_strength": 80.0, "pedestrian_id": 39, "target_a_range": 435, "in_group_r_strength": 40, "in_group_a_range": 2.8, "out_group_a_strength": 10.0, "target_a_strength": 22000000000, "position": [2.719729820739147, 53.35078601772368], "target": [16.0, -39.0]}], "additional_id_existed_ped": {"0": [38], "1": [36, 37], "2": [39], "3": [36, 37], "4": [36, 38], "5": [], "6": [38], "7": [36, 37, 38, 39], "8": [], "9": [36, 37, 38, 39], "10": [36, 37, 38, 39], "11": [36, 37, 39], "12": [38, 39], "13": [36, 37, 38], "14": [36, 37, 38], "15": [36, 37, 38, 39], "16": [], "17": [37], "18": [37, 39], "19": [36, 37, 38, 39], "20": [36, 37, 38], "21": [37, 39], "22": [38, 39], "23": [], "24": [36, 37, 38, 39], "25": [36], "26": [36, 37, 38], "27": [36], "28": [39], "29": [37], "30": [38, 39], "31": [36, 38, 39], "32": [36, 39], "33": [37, 38], "34": [39], "35": [39]}, "frame_second": "400"}