{"frame_second": "2000", "additional_id_existed_ped": {"0": [100, 102, 103], "1": [], "2": [100, 102, 103], "3": [101], "4": [100, 101, 102], "5": [102], "6": [100], "7": [103], "8": [101, 102], "9": [101], "10": [], "11": [100, 101, 103], "12": [102], "13": [100, 103], "14": [100, 101], "15": [100, 103], "16": [100, 101, 102, 103], "17": [101, 103], "18": [100], "19": [100], "20": [100, 101, 103], "21": [100, 101, 102, 103], "22": [100, 102, 103], "23": [102], "24": [100, 102], "25": [101, 103], "26": [], "27": [102], "28": [101, 102], "29": [100, 102, 103], "30": [101, 102], "31": [102], "32": [], "33": [101, 103], "34": [100, 103], "35": [100, 101, 102], "36": [103], "37": [103], "38": [100], "39": [101, 102], "40": [100, 101, 103], "41": [101, 102, 103], "42": [100, 101], "43": [100, 101, 103], "44": [101, 102, 103], "45": [100], "46": [102], "47": [100, 102, 103], "48": [100, 102, 103], "49": [102], "50": [101], "51": [100, 102], "52": [100, 101, 103], "53": [100, 101], "54": [100, 102, 103], "55": [101, 102], "56": [100, 103], "57": [], "58": [100, 101, 102, 103], "59": [101, 103], "60": [101], "61": [], "62": [100, 101], "63": [101, 103], "64": [101, 102, 103], "65": [100, 101, 103], "66": [100, 102], "67": [101, 102, 103], "68": [100, 102, 103], "69": [102, 103], "70": [101, 102], "71": [100, 102], "72": [101, 102], "73": [101], "74": [103], "75": [101], "76": [100, 101], "77": [101, 102], "78": [100, 102, 103], "79": [101, 102, 103], "80": [100, 101], "81": [100, 102], "82": [100], "83": [101, 103], "84": [100, 102, 103], "85": [102], "86": [101, 102], "87": [100, 101, 103], "88": [100, 102, 103], "89": [], "90": [100, 101, 102, 103], "91": [100, 101, 102, 103], "92": [100, 101, 103], "93": [101, 102, 103], "94": [100, 101], "95": [100, 101, 102, 103], "96": [100, 102, 103], "97": [103], "98": [102, 103], "99": [103]}, "pedestrian_list": [{"in_group_r_range": 2.0, "attractor_count": 50, "target": [16.0, -39.0], "out_group_a_strength": 10.0, "out_group_r_strength": 80.0, "out_group_r_range": 2.0, "in_group_a_strength": 20, "position": [13.774419883810651, 66.3571323944324], "friend_zone": [39, 85, 72, 70, 52, 67, 13, 0, 69, 83, 81, 15, 33, 60, 25, 94, 97, 24, 53, 11, 80, 6, 65, 95, 16, 96, 82, 14, 30, 48, 78, 47, 34, 19, 92, 68, 2, 10, 55, 21, 66, 99, 37, 84, 41, 43, 61, 50, 89, 8], "in_group_r_strength": 40, "out_group_a_range": 2.8, "pedestrian_id": 100, "target_a_strength": 22000000000, "group_id": 0, "target_a_range": 435, "radius": 0.3, "in_group_a_range": 2.8}, {"in_group_r_range": 2.0, "attractor_count": 50, "target": [16.0, -39.0], "out_group_a_strength": 10.0, "out_group_r_strength": 80.0, "out_group_r_range": 2.0, "in_group_a_strength": 20, "position": [9.210065573840083, 54.66180040963059], "friend_zone": [77, 7, 61, 53, 76, 56, 97, 6, 2, 47, 31, 74, 70, 88, 65, 75, 11, 35, 71, 98, 80, 55, 48, 10, 25, 4, 60, 19, 34, 14, 51, 3, 43, 45, 67, 72, 39, 9, 81, 87, 33, 16, 20, 50, 93, 44, 84, 92, 15, 27], "in_group_r_strength": 40, "out_group_a_range": 2.8, "pedestrian_id": 101, "target_a_strength": 22000000000, "group_id": 0, "target_a_range": 435, "radius": 0.3, "in_group_a_range": 2.8}, {"in_group_r_range": 2.0, "attractor_count": 50, "target": [16.0, -39.0], "out_group_a_strength": 10.0, "out_group_r_strength": 80.0, "out_group_r_range": 2.0, "in_group_a_strength": 20, "position": [-0.5096564563101369, 48.13873164572702], "friend_zone": [8, 33, 27, 59, 51, 19, 36, 76, 91, 45, 6, 15, 30, 40, 78, 64, 94, 47, 67, 4, 82, 43, 42, 81, 52, 73, 96, 46, 71, 25, 83, 37, 61, 9, 21, 65, 20, 89, 84, 28, 92, 87, 38, 60, 80, 22, 95, 39, 74, 16], "in_group_r_strength": 40, "out_group_a_range": 2.8, "pedestrian_id": 102, "target_a_strength": 22000000000, "group_id": 1, "target_a_range": 435, "radius": 0.3, "in_group_a_range": 2.8}, {"in_group_r_range": 2.0, "attractor_count": 50, "target": [16.0, -39.0], "out_group_a_strength": 10.0, "out_group_r_strength": 80.0, "out_group_r_range": 2.0, "in_group_a_strength": 20, "position": [0.13948303009623977, 66.98683327095392], "friend_zone": [68, 84, 57, 80, 74, 71, 11, 17, 33, 35, 52, 10, 81, 60, 28, 53, 56, 39, 15, 86, 38, 0, 43, 67, 98, 54, 44, 19, 13, 88, 76, 16, 6, 83, 7, 1, 92, 62, 87, 90, 96, 29, 46, 45, 91, 95, 18, 21, 79, 64], "in_group_r_strength": 40, "out_group_a_range": 2.8, "pedestrian_id": 103, "target_a_strength": 22000000000, "group_id": 1, "target_a_range": 435, "radius": 0.3, "in_group_a_range": 2.8}]}