{"pedestrian_list": [{"attractor_count": 28, "radius": 0.3, "group_id": 0, "friend_zone": [35, 11, 50, 45, 36, 47, 24, 8, 10, 52, 13, 48, 27, 12, 34, 31, 7, 2, 41, 39, 28, 40, 32, 53, 29, 51, 6, 15], "out_group_a_range": 2.8, "in_group_r_range": 2.0, "out_group_r_range": 2.0, "in_group_a_strength": 20, "out_group_r_strength": 80.0, "pedestrian_id": 56, "target_a_range": 435, "in_group_r_strength": 40, "in_group_a_range": 2.8, "out_group_a_strength": 10.0, "target_a_strength": 22000000000, "position": [-6.357072329766974, 63.1099816118431], "target": [16.0, -39.0]}, {"attractor_count": 28, "radius": 0.3, "group_id": 0, "friend_zone": [44, 7, 19, 38, 31, 3, 54, 8, 32, 52, 34, 53, 26, 50, 27, 22, 39, 33, 2, 10, 37, 40, 1, 6, 16, 35, 45, 55], "out_group_a_range": 2.8, "in_group_r_range": 2.0, "out_group_r_range": 2.0, "in_group_a_strength": 20, "out_group_r_strength": 80.0, "pedestrian_id": 57, "target_a_range": 435, "in_group_r_strength": 40, "in_group_a_range": 2.8, "out_group_a_strength": 10.0, "target_a_strength": 22000000000, "position": [-1.8303972929300751, 50.73393203733373], "target": [16.0, -39.0]}, {"attractor_count": 28, "radius": 0.3, "group_id": 1, "friend_zone": [15, 42, 17, 48, 14, 45, 50, 6, 22, 55, 39, 1, 47, 13, 21, 0, 32, 4, 53, 46, 9, 49, 37, 2, 35, 34, 8, 20], "out_group_a_range": 2.8, "in_group_r_range": 2.0, "out_group_r_range": 2.0, "in_group_a_strength": 20, "out_group_r_strength": 80.0, "pedestrian_id": 58, "target_a_range": 435, "in_group_r_strength": 40, "in_group_a_range": 2.8, "out_group_a_strength": 10.0, "target_a_strength": 22000000000, "position": [-9.642776389545286, 70.25172178655932], "target": [16.0, -39.0]}, {"attractor_count": 28, "radius": 0.3, "group_id": 1, "friend_zone": [11, 21, 27, 34, 2, 47, 45, 40, 46, 5, 20, 53, 37, 41, 38, 29, 8, 54, 19, 48, 7, 3, 1, 50, 49, 32, 15, 42], "out_group_a_range": 2.8, "in_group_r_range": 2.0, "out_group_r_range": 2.0, "in_group_a_strength": 20, "out_group_r_strength": 80.0, "pedestrian_id": 59, "target_a_range": 435, "in_group_r_strength": 40, "in_group_a_range": 2.8, "out_group_a_strength": 10.0, "target_a_strength": 22000000000, "position": [17.019588263496807, 70.88163862433713], "target": [16.0, -39.0]}], "additional_id_existed_ped": {"0": [56, 57, 58, 59], "1": [58], "2": [56, 57, 58, 59], "3": [57], "4": [56, 57], "5": [56, 57, 58, 59], "6": [57, 58], "7": [57], "8": [57], "9": [57, 59], "10": [56, 57, 58, 59], "11": [], "12": [58, 59], "13": [56, 57, 58, 59], "14": [56, 59], "15": [56], "16": [59], "17": [57, 58, 59], "18": [56, 57], "19": [56], "20": [56, 58], "21": [56, 57, 58], "22": [57, 58, 59], "23": [56], "24": [56, 58, 59], "25": [56, 57], "26": [56], "27": [57, 58], "28": [56, 57, 58], "29": [57], "30": [59], "31": [58], "32": [58, 59], "33": [59], "34": [57, 58], "35": [56, 57, 59], "36": [59], "37": [57, 59], "38": [56, 58, 59], "39": [56, 57, 58, 59], "40": [56], "41": [56, 57], "42": [57, 59], "43": [57, 58, 59], "44": [58], "45": [56, 59], "46": [58, 59], "47": [56], "48": [58, 59], "49": [56, 58, 59], "50": [56, 59], "51": [59], "52": [56, 58], "53": [58], "54": [57, 58], "55": [56, 57]}, "frame_second": "900"}