{"pedestrian_list": [{"attractor_count": 16, "radius": 0.3, "group_id": 0, "friend_zone": [23, 2, 1, 21, 29, 6, 30, 25, 10, 15, 11, 7, 12, 4, 16, 14], "out_group_a_range": 2.8, "in_group_r_range": 2.0, "out_group_r_range": 2.0, "in_group_a_strength": 20, "out_group_r_strength": 80.0, "pedestrian_id": 32, "target_a_range": 435, "in_group_r_strength": 40, "in_group_a_range": 2.8, "out_group_a_strength": 10.0, "target_a_strength": 22000000000, "position": [1.432499304925692, 56.57618921501934], "target": [16.0, -39.0]}, {"attractor_count": 16, "radius": 0.3, "group_id": 0, "friend_zone": [24, 26, 6, 11, 2, 22, 23, 14, 28, 21, 30, 0, 19, 16, 1, 18], "out_group_a_range": 2.8, "in_group_r_range": 2.0, "out_group_r_range": 2.0, "in_group_a_strength": 20, "out_group_r_strength": 80.0, "pedestrian_id": 33, "target_a_range": 435, "in_group_r_strength": 40, "in_group_a_range": 2.8, "out_group_a_strength": 10.0, "target_a_strength": 22000000000, "position": [-0.5328318500082467, 65.04956563942035], "target": [16.0, -39.0]}, {"attractor_count": 16, "radius": 0.3, "group_id": 1, "friend_zone": [17, 27, 8, 6, 28, 19, 21, 29, 7, 11, 22, 31, 12, 15, 20, 1], "out_group_a_range": 2.8, "in_group_r_range": 2.0, "out_group_r_range": 2.0, "in_group_a_strength": 20, "out_group_r_strength": 80.0, "pedestrian_id": 34, "target_a_range": 435, "in_group_r_strength": 40, "in_group_a_range": 2.8, "out_group_a_strength": 10.0, "target_a_strength": 22000000000, "position": [-8.302069551447577, 37.08901865291262], "target": [16.0, -39.0]}, {"attractor_count": 16, "radius": 0.3, "group_id": 1, "friend_zone": [19, 14, 7, 15, 17, 9, 11, 2, 16, 10, 29, 22, 30, 27, 0, 5], "out_group_a_range": 2.8, "in_group_r_range": 2.0, "out_group_r_range": 2.0, "in_group_a_strength": 20, "out_group_r_strength": 80.0, "pedestrian_id": 35, "target_a_range": 435, "in_group_r_strength": 40, "in_group_a_range": 2.8, "out_group_a_strength": 10.0, "target_a_strength": 22000000000, "position": [13.136577585244185, 53.33368024587296], "target": [16.0, -39.0]}], "additional_id_existed_ped": {"0": [33, 35], "1": [35], "2": [32], "3": [33, 35], "4": [32, 34], "5": [33, 35], "6": [32, 35], "7": [34, 35], "8": [], "9": [32, 33, 34], "10": [34], "11": [32, 35], "12": [33, 34], "13": [32, 35], "14": [32, 33, 34, 35], "15": [32, 34], "16": [32, 34], "17": [32, 33, 34], "18": [32], "19": [33, 34, 35], "20": [32, 33], "21": [35], "22": [33], "23": [34, 35], "24": [33, 34, 35], "25": [32, 33, 35], "26": [33, 35], "27": [32, 33, 34], "28": [34], "29": [32], "30": [33, 34, 35], "31": [32, 33, 34]}, "frame_second": "300"}