{"pedestrian_list": [{"attractor_count": 34, "radius": 0.3, "group_id": 0, "friend_zone": [3, 29, 14, 8, 63, 57, 65, 5, 31, 18, 35, 30, 11, 24, 62, 46, 47, 59, 32, 4, 20, 6, 10, 49, 9, 52, 42, 16, 27, 66, 2, 60, 13, 39], "out_group_a_range": 2.8, "in_group_r_range": 2.0, "out_group_r_range": 2.0, "in_group_a_strength": 20, "out_group_r_strength": 80.0, "pedestrian_id": 68, "target_a_range": 435, "in_group_r_strength": 40, "in_group_a_range": 2.8, "out_group_a_strength": 10.0, "target_a_strength": 22000000000, "position": [12.457278028797392, 47.49315037224908], "target": [16.0, -39.0]}, {"attractor_count": 34, "radius": 0.3, "group_id": 0, "friend_zone": [14, 66, 21, 41, 63, 48, 30, 62, 29, 52, 34, 61, 0, 60, 53, 6, 20, 33, 55, 59, 31, 65, 7, 49, 43, 56, 37, 12, 13, 36, 22, 67, 47, 35], "out_group_a_range": 2.8, "in_group_r_range": 2.0, "out_group_r_range": 2.0, "in_group_a_strength": 20, "out_group_r_strength": 80.0, "pedestrian_id": 69, "target_a_range": 435, "in_group_r_strength": 40, "in_group_a_range": 2.8, "out_group_a_strength": 10.0, "target_a_strength": 22000000000, "position": [11.822064972505947, 61.789178983201644], "target": [16.0, -39.0]}, {"attractor_count": 34, "radius": 0.3, "group_id": 1, "friend_zone": [35, 19, 25, 34, 14, 16, 2, 47, 63, 65, 53, 49, 24, 48, 45, 40, 3, 61, 54, 30, 31, 55, 59, 11, 8, 67, 15, 29, 38, 46, 13, 9, 0, 10], "out_group_a_range": 2.8, "in_group_r_range": 2.0, "out_group_r_range": 2.0, "in_group_a_strength": 20, "out_group_r_strength": 80.0, "pedestrian_id": 70, "target_a_range": 435, "in_group_r_strength": 40, "in_group_a_range": 2.8, "out_group_a_strength": 10.0, "target_a_strength": 22000000000, "position": [15.705414668349711, 69.60021200442506], "target": [16.0, -39.0]}, {"attractor_count": 34, "radius": 0.3, "group_id": 1, "friend_zone": [50, 63, 37, 21, 57, 16, 28, 39, 51, 60, 1, 34, 12, 11, 8, 42, 33, 6, 54, 53, 40, 30, 13, 15, 66, 9, 7, 2, 64, 43, 56, 23, 25, 67], "out_group_a_range": 2.8, "in_group_r_range": 2.0, "out_group_r_range": 2.0, "in_group_a_strength": 20, "out_group_r_strength": 80.0, "pedestrian_id": 71, "target_a_range": 435, "in_group_r_strength": 40, "in_group_a_range": 2.8, "out_group_a_strength": 10.0, "target_a_strength": 22000000000, "position": [-3.11390270314187, 61.80773561153666], "target": [16.0, -39.0]}], "additional_id_existed_ped": {"0": [69], "1": [68, 69, 70], "2": [69, 70], "3": [71], "4": [68, 71], "5": [68, 69], "6": [68, 69], "7": [70], "8": [69, 71], "9": [69, 71], "10": [68, 69, 70, 71], "11": [68, 69, 71], "12": [], "13": [68, 69, 70], "14": [69, 70], "15": [70, 71], "16": [70], "17": [68, 69, 70, 71], "18": [71], "19": [68, 69], "20": [68, 70, 71], "21": [70, 71], "22": [68, 69, 71], "23": [68, 69, 70, 71], "24": [68, 69], "25": [68, 70], "26": [70, 71], "27": [69, 70], "28": [68, 69], "29": [68, 70, 71], "30": [69, 71], "31": [68, 69, 70], "32": [69, 70], "33": [70], "34": [68], "35": [69], "36": [69, 71], "37": [68, 69, 70], "38": [71], "39": [69], "40": [68, 69, 70, 71], "41": [68], "42": [68], "43": [70, 71], "44": [68, 70, 71], "45": [69, 70], "46": [69, 70], "47": [68, 69, 71], "48": [71], "49": [69, 70], "50": [69, 70, 71], "51": [68, 69, 71], "52": [68, 71], "53": [], "54": [68, 69, 70, 71], "55": [68, 71], "56": [69, 70], "57": [70, 71], "58": [70, 71], "59": [68], "60": [70, 71], "61": [68], "62": [], "63": [68, 70, 71], "64": [70, 71], "65": [68], "66": [68], "67": [68, 71]}, "frame_second": "1200"}