{"pedestrian_list": [{"attractor_count": 14, "radius": 0.3, "group_id": 0, "friend_zone": [18, 17, 2, 13, 1, 7, 21, 14, 10, 25, 12, 8, 22, 9], "out_group_a_range": 2.8, "in_group_r_range": 2.0, "out_group_r_range": 2.0, "in_group_a_strength": 20, "out_group_r_strength": 80.0, "pedestrian_id": 28, "target_a_range": 435, "in_group_r_strength": 40, "in_group_a_range": 2.8, "out_group_a_strength": 10.0, "target_a_strength": 22000000000, "position": [3.3651153932495697, 42.289470268248266], "target": [16.0, -39.0]}, {"attractor_count": 14, "radius": 0.3, "group_id": 0, "friend_zone": [4, 3, 20, 6, 14, 26, 12, 1, 2, 10, 15, 22, 25, 21], "out_group_a_range": 2.8, "in_group_r_range": 2.0, "out_group_r_range": 2.0, "in_group_a_strength": 20, "out_group_r_strength": 80.0, "pedestrian_id": 29, "target_a_range": 435, "in_group_r_strength": 40, "in_group_a_range": 2.8, "out_group_a_strength": 10.0, "target_a_strength": 22000000000, "position": [-5.743364627821124, 45.56393835413514], "target": [16.0, -39.0]}, {"attractor_count": 14, "radius": 0.3, "group_id": 1, "friend_zone": [20, 5, 2, 11, 14, 13, 12, 18, 9, 26, 19, 6, 15, 3], "out_group_a_range": 2.8, "in_group_r_range": 2.0, "out_group_r_range": 2.0, "in_group_a_strength": 20, "out_group_r_strength": 80.0, "pedestrian_id": 30, "target_a_range": 435, "in_group_r_strength": 40, "in_group_a_range": 2.8, "out_group_a_strength": 10.0, "target_a_strength": 22000000000, "position": [7.28087823684949, 52.70983326747466], "target": [16.0, -39.0]}, {"attractor_count": 14, "radius": 0.3, "group_id": 1, "friend_zone": [4, 11, 1, 9, 12, 20, 2, 22, 21, 26, 27, 7, 17, 10], "out_group_a_range": 2.8, "in_group_r_range": 2.0, "out_group_r_range": 2.0, "in_group_a_strength": 20, "out_group_r_strength": 80.0, "pedestrian_id": 31, "target_a_range": 435, "in_group_r_strength": 40, "in_group_a_range": 2.8, "out_group_a_strength": 10.0, "target_a_strength": 22000000000, "position": [-8.31100130590559, 50.73005789826146], "target": [16.0, -39.0]}], "additional_id_existed_ped": {"0": [30], "1": [28], "2": [29, 31], "3": [29, 30], "4": [29, 31], "5": [29, 30], "6": [28, 29, 30, 31], "7": [29, 31], "8": [28, 30], "9": [29, 30], "10": [28, 30, 31], "11": [28, 30], "12": [], "13": [28, 29], "14": [31], "15": [30, 31], "16": [28, 29], "17": [], "18": [28, 29, 31], "19": [28], "20": [28, 29, 30, 31], "21": [30, 31], "22": [28, 29, 30], "23": [28, 29, 30, 31], "24": [28, 29, 30, 31], "25": [], "26": [31], "27": [28, 31]}, "frame_second": "200"}