{"pedestrian_list": [{"attractor_count": 26, "radius": 0.3, "group_id": 0, "friend_zone": [26, 30, 32, 39, 0, 42, 38, 17, 15, 46, 3, 18, 11, 48, 51, 6, 44, 37, 10, 16, 50, 23, 19, 40, 7, 34], "out_group_a_range": 2.8, "in_group_r_range": 2.0, "out_group_r_range": 2.0, "in_group_a_strength": 20, "out_group_r_strength": 80.0, "pedestrian_id": 52, "target_a_range": 435, "in_group_r_strength": 40, "in_group_a_range": 2.8, "out_group_a_strength": 10.0, "target_a_strength": 22000000000, "position": [4.682381107932795, 63.11313107259227], "target": [16.0, -39.0]}, {"attractor_count": 26, "radius": 0.3, "group_id": 0, "friend_zone": [34, 44, 40, 49, 42, 50, 39, 37, 22, 5, 3, 28, 1, 10, 16, 7, 26, 8, 15, 2, 17, 27, 46, 29, 21, 18], "out_group_a_range": 2.8, "in_group_r_range": 2.0, "out_group_r_range": 2.0, "in_group_a_strength": 20, "out_group_r_strength": 80.0, "pedestrian_id": 53, "target_a_range": 435, "in_group_r_strength": 40, "in_group_a_range": 2.8, "out_group_a_strength": 10.0, "target_a_strength": 22000000000, "position": [9.89474999666928, 65.05799623064873], "target": [16.0, -39.0]}, {"attractor_count": 26, "radius": 0.3, "group_id": 1, "friend_zone": [31, 13, 25, 21, 46, 43, 41, 30, 15, 44, 24, 33, 11, 42, 49, 36, 7, 16, 6, 22, 34, 17, 48, 35, 8, 20], "out_group_a_range": 2.8, "in_group_r_range": 2.0, "out_group_r_range": 2.0, "in_group_a_strength": 20, "out_group_r_strength": 80.0, "pedestrian_id": 54, "target_a_range": 435, "in_group_r_strength": 40, "in_group_a_range": 2.8, "out_group_a_strength": 10.0, "target_a_strength": 22000000000, "position": [5.314478366793725, 63.07653012614275], "target": [16.0, -39.0]}, {"attractor_count": 26, "radius": 0.3, "group_id": 1, "friend_zone": [9, 36, 20, 4, 42, 12, 41, 34, 51, 21, 35, 22, 1, 48, 23, 25, 6, 44, 8, 37, 43, 40, 13, 16, 18, 27], "out_group_a_range": 2.8, "in_group_r_range": 2.0, "out_group_r_range": 2.0, "in_group_a_strength": 20, "out_group_r_strength": 80.0, "pedestrian_id": 55, "target_a_range": 435, "in_group_r_strength": 40, "in_group_a_range": 2.8, "out_group_a_strength": 10.0, "target_a_strength": 22000000000, "position": [-7.018360034488387, 44.885140960757376], "target": [16.0, -39.0]}], "additional_id_existed_ped": {"0": [54], "1": [54, 55], "2": [52, 53, 54, 55], "3": [53, 55], "4": [52, 53, 55], "5": [54], "6": [52, 53, 54], "7": [53, 55], "8": [], "9": [52, 55], "10": [], "11": [53, 55], "12": [52, 53], "13": [53, 55], "14": [53, 54], "15": [52, 55], "16": [53, 54, 55], "17": [53], "18": [], "19": [52, 53, 54, 55], "20": [52], "21": [53, 54], "22": [54], "23": [54, 55], "24": [52, 53, 55], "25": [52, 53, 55], "26": [52, 54], "27": [53, 54, 55], "28": [52, 54, 55], "29": [52], "30": [53, 55], "31": [54, 55], "32": [53], "33": [52, 54, 55], "34": [52, 53, 54], "35": [54], "36": [55], "37": [52, 55], "38": [53, 54, 55], "39": [52], "40": [52, 53, 54], "41": [52, 53], "42": [52, 53, 54, 55], "43": [52, 53, 54], "44": [52, 54, 55], "45": [53, 54], "46": [52, 54, 55], "47": [53], "48": [52, 54], "49": [52], "50": [], "51": [52, 55]}, "frame_second": "800"}