{"pedestrian_list": [{"attractor_count": 32, "radius": 0.3, "group_id": 0, "friend_zone": [27, 6, 3, 20, 31, 63, 61, 53, 18, 40, 30, 32, 9, 15, 0, 21, 4, 47, 34, 58, 45, 8, 50, 23, 51, 5, 60, 44, 39, 54, 56, 42], "out_group_a_range": 2.8, "in_group_r_range": 2.0, "out_group_r_range": 2.0, "in_group_a_strength": 20, "out_group_r_strength": 80.0, "pedestrian_id": 64, "target_a_range": 435, "in_group_r_strength": 40, "in_group_a_range": 2.8, "out_group_a_strength": 10.0, "target_a_strength": 22000000000, "position": [18.97764223947581, 65.05884860531256], "target": [16.0, -39.0]}, {"attractor_count": 32, "radius": 0.3, "group_id": 0, "friend_zone": [9, 62, 18, 60, 1, 30, 59, 38, 31, 5, 22, 36, 40, 49, 52, 54, 53, 4, 39, 7, 28, 14, 48, 51, 24, 6, 13, 15, 61, 43, 44, 57], "out_group_a_range": 2.8, "in_group_r_range": 2.0, "out_group_r_range": 2.0, "in_group_a_strength": 20, "out_group_r_strength": 80.0, "pedestrian_id": 65, "target_a_range": 435, "in_group_r_strength": 40, "in_group_a_range": 2.8, "out_group_a_strength": 10.0, "target_a_strength": 22000000000, "position": [19.63527941715015, 66.32822841194702], "target": [16.0, -39.0]}, {"attractor_count": 32, "radius": 0.3, "group_id": 1, "friend_zone": [11, 20, 38, 12, 0, 29, 34, 37, 56, 13, 55, 36, 8, 39, 54, 26, 19, 31, 53, 33, 46, 61, 1, 62, 63, 24, 44, 16, 43, 27, 7, 52], "out_group_a_range": 2.8, "in_group_r_range": 2.0, "out_group_r_range": 2.0, "in_group_a_strength": 20, "out_group_r_strength": 80.0, "pedestrian_id": 66, "target_a_range": 435, "in_group_r_strength": 40, "in_group_a_range": 2.8, "out_group_a_strength": 10.0, "target_a_strength": 22000000000, "position": [-4.416775431882132, 52.71648816397048], "target": [16.0, -39.0]}, {"attractor_count": 32, "radius": 0.3, "group_id": 1, "friend_zone": [3, 45, 43, 28, 15, 23, 17, 27, 49, 25, 31, 50, 14, 34, 2, 35, 63, 44, 29, 40, 10, 26, 1, 37, 42, 18, 6, 47, 58, 38, 32, 36], "out_group_a_range": 2.8, "in_group_r_range": 2.0, "out_group_r_range": 2.0, "in_group_a_strength": 20, "out_group_r_strength": 80.0, "pedestrian_id": 67, "target_a_range": 435, "in_group_r_strength": 40, "in_group_a_range": 2.8, "out_group_a_strength": 10.0, "target_a_strength": 22000000000, "position": [5.9565824525080195, 36.474109953264794], "target": [16.0, -39.0]}], "additional_id_existed_ped": {"0": [64, 66, 67], "1": [66, 67], "2": [65], "3": [64, 66, 67], "4": [], "5": [64, 65, 66], "6": [65, 66], "7": [65, 67], "8": [66, 67], "9": [64, 65, 66], "10": [65, 67], "11": [65], "12": [67], "13": [66, 67], "14": [64], "15": [64], "16": [67], "17": [66, 67], "18": [64, 65, 67], "19": [64, 65, 66], "20": [65, 67], "21": [66], "22": [66], "23": [65], "24": [64, 66, 67], "25": [64, 67], "26": [64, 65], "27": [64, 66, 67], "28": [64, 65, 66], "29": [64, 66, 67], "30": [64, 65], "31": [66, 67], "32": [64, 65, 66], "33": [65, 66], "34": [64, 65, 66], "35": [65, 67], "36": [66, 67], "37": [64, 65], "38": [67], "39": [64, 65, 66], "40": [65], "41": [65, 66, 67], "42": [64, 65, 67], "43": [65], "44": [65, 66, 67], "45": [64, 67], "46": [65, 66], "47": [65, 66, 67], "48": [64, 65, 66], "49": [], "50": [64, 66, 67], "51": [64, 67], "52": [65, 66, 67], "53": [66], "54": [], "55": [64, 65, 67], "56": [64, 67], "57": [64, 66], "58": [64, 65], "59": [64], "60": [64], "61": [67], "62": [64, 65, 66], "63": [64, 67]}, "frame_second": "1100"}