{"pedestrian_list": [{"attractor_count": 22, "radius": 0.3, "group_id": 0, "friend_zone": [36, 33, 40, 13, 41, 43, 19, 28, 32, 31, 34, 10, 11, 37, 42, 29, 9, 6, 30, 27, 16, 26], "out_group_a_range": 2.8, "in_group_r_range": 2.0, "out_group_r_range": 2.0, "in_group_a_strength": 20, "out_group_r_strength": 80.0, "pedestrian_id": 44, "target_a_range": 435, "in_group_r_strength": 40, "in_group_a_range": 2.8, "out_group_a_strength": 10.0, "target_a_strength": 22000000000, "position": [9.245726036383251, 42.96199767966927], "target": [16.0, -39.0]}, {"attractor_count": 22, "radius": 0.3, "group_id": 0, "friend_zone": [2, 9, 18, 27, 14, 5, 19, 17, 6, 42, 28, 13, 0, 21, 4, 25, 22, 11, 23, 30, 39, 32], "out_group_a_range": 2.8, "in_group_r_range": 2.0, "out_group_r_range": 2.0, "in_group_a_strength": 20, "out_group_r_strength": 80.0, "pedestrian_id": 45, "target_a_range": 435, "in_group_r_strength": 40, "in_group_a_range": 2.8, "out_group_a_strength": 10.0, "target_a_strength": 22000000000, "position": [12.455577249197736, 66.35045417122194], "target": [16.0, -39.0]}, {"attractor_count": 22, "radius": 0.3, "group_id": 1, "friend_zone": [3, 24, 30, 18, 27, 14, 12, 8, 42, 36, 20, 22, 25, 9, 32, 38, 35, 10, 15, 40, 21, 13], "out_group_a_range": 2.8, "in_group_r_range": 2.0, "out_group_r_range": 2.0, "in_group_a_strength": 20, "out_group_r_strength": 80.0, "pedestrian_id": 46, "target_a_range": 435, "in_group_r_strength": 40, "in_group_a_range": 2.8, "out_group_a_strength": 10.0, "target_a_strength": 22000000000, "position": [3.364419560776758, 51.40427902590297], "target": [16.0, -39.0]}, {"attractor_count": 22, "radius": 0.3, "group_id": 1, "friend_zone": [8, 39, 21, 17, 33, 22, 1, 27, 43, 11, 34, 32, 14, 2, 28, 4, 6, 29, 23, 37, 30, 24], "out_group_a_range": 2.8, "in_group_r_range": 2.0, "out_group_r_range": 2.0, "in_group_a_strength": 20, "out_group_r_strength": 80.0, "pedestrian_id": 47, "target_a_range": 435, "in_group_r_strength": 40, "in_group_a_range": 2.8, "out_group_a_strength": 10.0, "target_a_strength": 22000000000, "position": [6.6142184993581585, 44.89458991763907], "target": [16.0, -39.0]}], "additional_id_existed_ped": {"0": [44, 46, 47], "1": [44, 45, 46, 47], "2": [45, 47], "3": [44, 46, 47], "4": [44, 45, 46, 47], "5": [45, 46, 47], "6": [46, 47], "7": [46, 47], "8": [46, 47], "9": [45, 46, 47], "10": [44, 45, 46, 47], "11": [44], "12": [45, 47], "13": [45, 46], "14": [45], "15": [44, 47], "16": [45], "17": [45], "18": [], "19": [], "20": [44, 46], "21": [44, 46], "22": [45, 47], "23": [44], "24": [44, 46, 47], "25": [44, 45], "26": [44, 45, 46], "27": [44, 45], "28": [44, 47], "29": [45, 46, 47], "30": [44, 46, 47], "31": [45], "32": [45, 46], "33": [46], "34": [44, 46, 47], "35": [45, 47], "36": [44, 46, 47], "37": [44], "38": [44, 45], "39": [], "40": [45], "41": [44, 45, 47], "42": [46], "43": [44]}, "frame_second": "600"}