{"pedestrian_list": [{"attractor_count": 38, "radius": 0.3, "group_id": 0, "friend_zone": [35, 44, 38, 16, 25, 68, 58, 31, 14, 7, 21, 12, 51, 63, 18, 55, 8, 28, 41, 62, 29, 3, 53, 47, 75, 61, 70, 27, 74, 49, 48, 72, 1, 67, 50, 9, 19, 43], "out_group_a_range": 2.8, "in_group_r_range": 2.0, "out_group_r_range": 2.0, "in_group_a_strength": 20, "out_group_r_strength": 80.0, "pedestrian_id": 76, "target_a_range": 435, "in_group_r_strength": 40, "in_group_a_range": 2.8, "out_group_a_strength": 10.0, "target_a_strength": 22000000000, "position": [14.449748085692146, 44.88837979750307], "target": [16.0, -39.0]}, {"attractor_count": 38, "radius": 0.3, "group_id": 0, "friend_zone": [39, 54, 41, 65, 40, 9, 45, 16, 38, 66, 58, 62, 27, 24, 5, 10, 63, 60, 0, 42, 64, 71, 61, 14, 19, 12, 69, 72, 70, 43, 33, 7, 18, 15, 35, 17, 21, 59], "out_group_a_range": 2.8, "in_group_r_range": 2.0, "out_group_r_range": 2.0, "in_group_a_strength": 20, "out_group_r_strength": 80.0, "pedestrian_id": 77, "target_a_range": 435, "in_group_r_strength": 40, "in_group_a_range": 2.8, "out_group_a_strength": 10.0, "target_a_strength": 22000000000, "position": [-7.04514259709588, 66.98111747905197], "target": [16.0, -39.0]}, {"attractor_count": 38, "radius": 0.3, "group_id": 1, "friend_zone": [74, 75, 28, 0, 12, 1, 56, 31, 71, 8, 73, 3, 18, 52, 68, 59, 70, 7, 36, 10, 39, 11, 48, 49, 65, 17, 22, 29, 19, 67, 64, 27, 33, 6, 16, 15, 14, 57], "out_group_a_range": 2.8, "in_group_r_range": 2.0, "out_group_r_range": 2.0, "in_group_a_strength": 20, "out_group_r_strength": 80.0, "pedestrian_id": 78, "target_a_range": 435, "in_group_r_strength": 40, "in_group_a_range": 2.8, "out_group_a_strength": 10.0, "target_a_strength": 22000000000, "position": [-7.042590718075937, 38.41457393760392], "target": [16.0, -39.0]}, {"attractor_count": 38, "radius": 0.3, "group_id": 1, "friend_zone": [40, 63, 60, 33, 43, 34, 54, 47, 20, 73, 29, 58, 27, 7, 10, 21, 2, 65, 14, 66, 35, 30, 24, 68, 46, 8, 41, 49, 51, 36, 57, 16, 39, 13, 22, 42, 55, 59], "out_group_a_range": 2.8, "in_group_r_range": 2.0, "out_group_r_range": 2.0, "in_group_a_strength": 20, "out_group_r_strength": 80.0, "pedestrian_id": 79, "target_a_range": 435, "in_group_r_strength": 40, "in_group_a_range": 2.8, "out_group_a_strength": 10.0, "target_a_strength": 22000000000, "position": [-7.04855300186474, 52.69256275551733], "target": [16.0, -39.0]}], "additional_id_existed_ped": {"0": [77], "1": [], "2": [76, 77, 78], "3": [76, 77, 78], "4": [76, 77, 78], "5": [77, 78, 79], "6": [77, 79], "7": [76, 77], "8": [77], "9": [76, 77, 78, 79], "10": [76, 77], "11": [77], "12": [78, 79], "13": [76, 79], "14": [], "15": [76, 77], "16": [76, 77, 79], "17": [76, 78, 79], "18": [76], "19": [77, 78, 79], "20": [78], "21": [76, 77, 78, 79], "22": [77, 78], "23": [76, 78, 79], "24": [79], "25": [76, 77, 78, 79], "26": [77], "27": [79], "28": [77, 79], "29": [76, 77, 78, 79], "30": [76, 79], "31": [76, 77, 78], "32": [78, 79], "33": [77], "34": [], "35": [77, 79], "36": [76, 77, 78], "37": [76], "38": [76, 77], "39": [78], "40": [76, 77, 78], "41": [76, 77, 79], "42": [78, 79], "43": [77, 79], "44": [76, 79], "45": [77, 78], "46": [77, 79], "47": [76, 77, 78], "48": [76, 77, 79], "49": [78], "50": [78], "51": [76, 79], "52": [76], "53": [77, 78, 79], "54": [76, 78, 79], "55": [78], "56": [78, 79], "57": [76, 77, 78], "58": [76, 79], "59": [77, 78, 79], "60": [76, 78, 79], "61": [], "62": [76, 78, 79], "63": [], "64": [76], "65": [79], "66": [78, 79], "67": [78], "68": [76, 79], "69": [76, 78], "70": [76, 77, 78], "71": [], "72": [79], "73": [77, 78], "74": [76, 77, 79], "75": [76, 78, 79]}, "frame_second": "1400"}