{"pedestrian_list": [{"attractor_count": 20, "radius": 0.3, "group_id": 0, "friend_zone": [31, 37, 13, 33, 28, 17, 6, 14, 1, 8, 16, 39, 10, 15, 2, 22, 27, 29, 34, 11], "out_group_a_range": 2.8, "in_group_r_range": 2.0, "out_group_r_range": 2.0, "in_group_a_strength": 20, "out_group_r_strength": 80.0, "pedestrian_id": 40, "target_a_range": 435, "in_group_r_strength": 40, "in_group_a_range": 2.8, "out_group_a_strength": 10.0, "target_a_strength": 22000000000, "position": [-0.5183736474831258, 48.80913666599546], "target": [16.0, -39.0]}, {"attractor_count": 20, "radius": 0.3, "group_id": 0, "friend_zone": [20, 5, 2, 22, 37, 10, 29, 9, 28, 34, 31, 25, 8, 38, 6, 23, 36, 26, 15, 0], "out_group_a_range": 2.8, "in_group_r_range": 2.0, "out_group_r_range": 2.0, "in_group_a_strength": 20, "out_group_r_strength": 80.0, "pedestrian_id": 41, "target_a_range": 435, "in_group_r_strength": 40, "in_group_a_range": 2.8, "out_group_a_strength": 10.0, "target_a_strength": 22000000000, "position": [7.298000178858475, 68.32110906575144], "target": [16.0, -39.0]}, {"attractor_count": 20, "radius": 0.3, "group_id": 1, "friend_zone": [32, 10, 38, 1, 8, 36, 4, 16, 30, 21, 9, 24, 20, 11, 27, 33, 2, 7, 15, 22], "out_group_a_range": 2.8, "in_group_r_range": 2.0, "out_group_r_range": 2.0, "in_group_a_strength": 20, "out_group_r_strength": 80.0, "pedestrian_id": 42, "target_a_range": 435, "in_group_r_strength": 40, "in_group_a_range": 2.8, "out_group_a_strength": 10.0, "target_a_strength": 22000000000, "position": [-8.311051778011288, 44.243118656373255], "target": [16.0, -39.0]}, {"attractor_count": 20, "radius": 0.3, "group_id": 1, "friend_zone": [35, 18, 29, 8, 4, 13, 21, 1, 2, 23, 10, 0, 31, 12, 38, 3, 39, 15, 34, 32], "out_group_a_range": 2.8, "in_group_r_range": 2.0, "out_group_r_range": 2.0, "in_group_a_strength": 20, "out_group_r_strength": 80.0, "pedestrian_id": 43, "target_a_range": 435, "in_group_r_strength": 40, "in_group_a_range": 2.8, "out_group_a_strength": 10.0, "target_a_strength": 22000000000, "position": [7.27593111801915, 59.832620877112106], "target": [16.0, -39.0]}], "additional_id_existed_ped": {"0": [40, 41, 42, 43], "1": [41, 42], "2": [40, 41, 43], "3": [42, 43], "4": [41, 42], "5": [42, 43], "6": [41, 42], "7": [41, 42], "8": [40, 43], "9": [40, 43], "10": [40, 41], "11": [40, 42], "12": [], "13": [42], "14": [40, 42], "15": [40, 41, 43], "16": [41, 43], "17": [41, 42], "18": [42, 43], "19": [40, 41], "20": [41, 42], "21": [40, 41], "22": [42, 43], "23": [41, 43], "24": [43], "25": [42, 43], "26": [40, 41], "27": [41, 42, 43], "28": [40, 43], "29": [40, 43], "30": [43], "31": [40], "32": [42], "33": [], "34": [40, 41], "35": [40, 41, 42], "36": [40, 42, 43], "37": [40, 43], "38": [40, 41, 43], "39": [40, 41, 42]}, "frame_second": "500"}