{"pedestrian_list": [{"attractor_count": 24, "radius": 0.3, "group_id": 0, "friend_zone": [20, 16, 12, 21, 42, 41, 29, 9, 24, 8, 1, 45, 11, 6, 15, 28, 10, 32, 27, 39, 0, 40, 34, 2], "out_group_a_range": 2.8, "in_group_r_range": 2.0, "out_group_r_range": 2.0, "in_group_a_strength": 20, "out_group_r_strength": 80.0, "pedestrian_id": 48, "target_a_range": 435, "in_group_r_strength": 40, "in_group_a_range": 2.8, "out_group_a_strength": 10.0, "target_a_strength": 22000000000, "position": [-5.0907690393772365, 53.37481716417775], "target": [16.0, -39.0]}, {"attractor_count": 24, "radius": 0.3, "group_id": 0, "friend_zone": [32, 40, 23, 15, 36, 5, 42, 17, 14, 45, 29, 0, 6, 7, 22, 2, 30, 41, 3, 33, 27, 46, 37, 35], "out_group_a_range": 2.8, "in_group_r_range": 2.0, "out_group_r_range": 2.0, "in_group_a_strength": 20, "out_group_r_strength": 80.0, "pedestrian_id": 49, "target_a_range": 435, "in_group_r_strength": 40, "in_group_a_range": 2.8, "out_group_a_strength": 10.0, "target_a_strength": 22000000000, "position": [13.768818942033707, 66.33480784446216], "target": [16.0, -39.0]}, {"attractor_count": 24, "radius": 0.3, "group_id": 1, "friend_zone": [33, 17, 15, 39, 22, 10, 47, 29, 0, 6, 16, 44, 19, 46, 23, 45, 8, 12, 35, 37, 41, 40, 36, 30], "out_group_a_range": 2.8, "in_group_r_range": 2.0, "out_group_r_range": 2.0, "in_group_a_strength": 20, "out_group_r_strength": 80.0, "pedestrian_id": 50, "target_a_range": 435, "in_group_r_strength": 40, "in_group_a_range": 2.8, "out_group_a_strength": 10.0, "target_a_strength": 22000000000, "position": [14.407859088552115, 44.23834470193729], "target": [16.0, -39.0]}, {"attractor_count": 24, "radius": 0.3, "group_id": 1, "friend_zone": [26, 5, 31, 27, 9, 36, 45, 7, 6, 15, 29, 17, 24, 46, 42, 4, 13, 44, 16, 21, 40, 23, 47, 20], "out_group_a_range": 2.8, "in_group_r_range": 2.0, "out_group_r_range": 2.0, "in_group_a_strength": 20, "out_group_r_strength": 80.0, "pedestrian_id": 51, "target_a_range": 435, "in_group_r_strength": 40, "in_group_a_range": 2.8, "out_group_a_strength": 10.0, "target_a_strength": 22000000000, "position": [4.657695943712784, 44.90035566074569], "target": [16.0, -39.0]}], "additional_id_existed_ped": {"0": [48, 49, 50, 51], "1": [48, 49, 50, 51], "2": [48, 49, 51], "3": [48, 49], "4": [48, 51], "5": [50], "6": [50], "7": [48, 49, 50, 51], "8": [], "9": [48], "10": [49, 50], "11": [49, 50, 51], "12": [], "13": [49], "14": [49, 50], "15": [49, 50, 51], "16": [48, 49, 50], "17": [51], "18": [49, 51], "19": [48, 51], "20": [48], "21": [48, 49, 51], "22": [49], "23": [49, 50], "24": [48, 50, 51], "25": [49], "26": [50, 51], "27": [48, 51], "28": [49, 50, 51], "29": [49, 51], "30": [48, 51], "31": [49], "32": [48, 50], "33": [48, 51], "34": [49, 50, 51], "35": [48, 50, 51], "36": [49, 50], "37": [50, 51], "38": [48, 50], "39": [48, 50, 51], "40": [48, 50, 51], "41": [49, 51], "42": [48, 50], "43": [48], "44": [48], "45": [], "46": [48, 49], "47": [49, 50]}, "frame_second": "700"}