{"pedestrian_list": [{"attractor_count": 36, "radius": 0.3, "group_id": 0, "friend_zone": [52, 67, 51, 46, 6, 12, 37, 54, 36, 66, 11, 26, 17, 38, 16, 65, 48, 9, 10, 63, 49, 25, 45, 28, 71, 29, 32, 2, 53, 35, 44, 40, 64, 0, 3, 33], "out_group_a_range": 2.8, "in_group_r_range": 2.0, "out_group_r_range": 2.0, "in_group_a_strength": 20, "out_group_r_strength": 80.0, "pedestrian_id": 72, "target_a_range": 435, "in_group_r_strength": 40, "in_group_a_range": 2.8, "out_group_a_strength": 10.0, "target_a_strength": 22000000000, "position": [17.016890520505974, 51.422512509004385], "target": [16.0, -39.0]}, {"attractor_count": 36, "radius": 0.3, "group_id": 0, "friend_zone": [9, 25, 2, 8, 50, 64, 10, 65, 19, 61, 42, 41, 60, 7, 12, 11, 58, 23, 24, 31, 34, 30, 4, 63, 13, 21, 17, 57, 47, 68, 66, 37, 48, 69, 1, 43], "out_group_a_range": 2.8, "in_group_r_range": 2.0, "out_group_r_range": 2.0, "in_group_a_strength": 20, "out_group_r_strength": 80.0, "pedestrian_id": 73, "target_a_range": 435, "in_group_r_strength": 40, "in_group_a_range": 2.8, "out_group_a_strength": 10.0, "target_a_strength": 22000000000, "position": [-5.74893043083426, 53.36449064844418], "target": [16.0, -39.0]}, {"attractor_count": 36, "radius": 0.3, "group_id": 1, "friend_zone": [11, 2, 25, 68, 47, 51, 41, 0, 30, 22, 62, 42, 60, 46, 37, 27, 10, 1, 38, 28, 44, 5, 55, 31, 32, 58, 49, 43, 26, 56, 8, 6, 50, 17, 34, 29], "out_group_a_range": 2.8, "in_group_r_range": 2.0, "out_group_r_range": 2.0, "in_group_a_strength": 20, "out_group_r_strength": 80.0, "pedestrian_id": 74, "target_a_range": 435, "in_group_r_strength": 40, "in_group_a_range": 2.8, "out_group_a_strength": 10.0, "target_a_strength": 22000000000, "position": [16.38633007994889, 70.27327831492306], "target": [16.0, -39.0]}, {"attractor_count": 36, "radius": 0.3, "group_id": 1, "friend_zone": [27, 53, 33, 11, 23, 18, 35, 43, 17, 49, 65, 25, 14, 13, 52, 68, 64, 48, 58, 66, 34, 51, 59, 6, 47, 57, 38, 46, 71, 61, 10, 15, 12, 45, 40, 20], "out_group_a_range": 2.8, "in_group_r_range": 2.0, "out_group_r_range": 2.0, "in_group_a_strength": 20, "out_group_r_strength": 80.0, "pedestrian_id": 75, "target_a_range": 435, "in_group_r_strength": 40, "in_group_a_range": 2.8, "out_group_a_strength": 10.0, "target_a_strength": 22000000000, "position": [2.7283895701653047, 44.90778967401557], "target": [16.0, -39.0]}], "additional_id_existed_ped": {"0": [72, 75], "1": [74, 75], "2": [75], "3": [73, 74, 75], "4": [72, 74], "5": [72, 74], "6": [73, 74, 75], "7": [72, 73, 74, 75], "8": [72, 74, 75], "9": [72, 74], "10": [75], "11": [72, 73, 75], "12": [72], "13": [73, 75], "14": [72, 73, 75], "15": [73, 74], "16": [72, 73, 74, 75], "17": [72, 73, 75], "18": [73], "19": [72, 73, 74], "20": [72, 74, 75], "21": [72, 74], "22": [72], "23": [72, 74, 75], "24": [72, 73], "25": [75], "26": [72, 73, 74, 75], "27": [72, 74, 75], "28": [72, 74], "29": [74], "30": [73, 74, 75], "31": [73, 74, 75], "32": [75], "33": [73], "34": [73, 74, 75], "35": [72], "36": [72, 73, 74], "37": [74, 75], "38": [73], "39": [73], "40": [72, 73, 74, 75], "41": [72, 73], "42": [72, 73], "43": [75], "44": [75], "45": [72, 74, 75], "46": [], "47": [73], "48": [73, 75], "49": [73, 74, 75], "50": [], "51": [72], "52": [74], "53": [72, 75], "54": [72, 74], "55": [73], "56": [75], "57": [], "58": [74], "59": [73, 74], "60": [], "61": [72, 73], "62": [72, 73, 74], "63": [72, 74], "64": [73, 74], "65": [72, 73, 74], "66": [73, 75], "67": [72, 73, 75], "68": [72, 75], "69": [], "70": [72, 73, 74, 75], "71": [73, 74, 75]}, "frame_second": "1300"}