{"frame_second": "1900", "additional_id_existed_ped": {"0": [97], "1": [96, 97], "2": [96, 98], "3": [96], "4": [97, 98], "5": [96], "6": [98], "7": [97, 98, 99], "8": [97, 99], "9": [], "10": [96, 97, 98, 99], "11": [96, 98, 99], "12": [98], "13": [96, 97, 99], "14": [97], "15": [97, 99], "16": [98], "17": [98], "18": [96, 99], "19": [96], "20": [97, 98], "21": [96, 98, 99], "22": [96, 99], "23": [96, 99], "24": [96, 97, 99], "25": [96, 98], "26": [96, 98, 99], "27": [96, 97, 98, 99], "28": [98], "29": [96], "30": [99], "31": [97, 99], "32": [98, 99], "33": [99], "34": [96, 97, 98], "35": [96, 97, 99], "36": [96, 97, 98, 99], "37": [96, 97, 98], "38": [97, 98], "39": [96, 98], "40": [96, 97, 98], "41": [96, 97, 99], "42": [98], "43": [97, 98], "44": [99], "45": [99], "46": [96, 97, 98, 99], "47": [96, 99], "48": [96, 98], "49": [97, 98], "50": [96, 97, 99], "51": [96], "52": [96, 97, 99], "53": [97, 98, 99], "54": [96, 97, 98, 99], "55": [96, 98, 99], "56": [98], "57": [97, 99], "58": [97], "59": [96, 98], "60": [98], "61": [97, 98], "62": [96, 97], "63": [98], "64": [97, 98, 99], "65": [96, 97, 99], "66": [], "67": [97, 99], "68": [96, 97, 98, 99], "69": [97], "70": [97, 99], "71": [], "72": [97, 98, 99], "73": [97, 98, 99], "74": [96, 99], "75": [96], "76": [98], "77": [99], "78": [98], "79": [96, 97, 99], "80": [96, 99], "81": [97, 99], "82": [96, 97, 98, 99], "83": [97, 98], "84": [97, 98], "85": [96, 99], "86": [97, 99], "87": [96], "88": [96, 97, 98, 99], "89": [96], "90": [98, 99], "91": [98], "92": [96, 97, 99], "93": [96], "94": [96, 98], "95": [97]}, "pedestrian_list": [{"in_group_r_range": 2.0, "attractor_count": 48, "target": [16.0, -39.0], "out_group_a_strength": 10.0, "out_group_r_strength": 80.0, "out_group_r_range": 2.0, "in_group_a_strength": 20, "position": [13.76625473114642, 70.87622761572605], "friend_zone": [25, 10, 82, 35, 33, 7, 59, 61, 67, 92, 58, 13, 37, 21, 44, 23, 74, 14, 34, 50, 42, 95, 8, 26, 19, 53, 16, 89, 47, 84, 24, 57, 36, 52, 40, 66, 17, 69, 78, 29, 5, 38, 49, 43, 83, 68, 54, 31], "in_group_r_strength": 40, "out_group_a_range": 2.8, "pedestrian_id": 96, "target_a_strength": 22000000000, "group_id": 0, "target_a_range": 435, "radius": 0.3, "in_group_a_range": 2.8}, {"in_group_r_range": 2.0, "attractor_count": 48, "target": [16.0, -39.0], "out_group_a_strength": 10.0, "out_group_r_strength": 80.0, "out_group_r_range": 2.0, "in_group_a_strength": 20, "position": [5.31644565584655, 65.0499255911423], "friend_zone": [8, 82, 73, 84, 29, 13, 95, 4, 71, 66, 10, 36, 53, 45, 59, 85, 69, 61, 60, 1, 25, 39, 6, 64, 88, 23, 62, 76, 72, 86, 20, 80, 94, 5, 7, 91, 65, 41, 3, 90, 14, 70, 77, 22, 51, 43, 0, 37], "in_group_r_strength": 40, "out_group_a_range": 2.8, "pedestrian_id": 97, "target_a_strength": 22000000000, "group_id": 0, "target_a_range": 435, "radius": 0.3, "in_group_a_range": 2.8}, {"in_group_r_range": 2.0, "attractor_count": 48, "target": [16.0, -39.0], "out_group_a_strength": 10.0, "out_group_r_strength": 80.0, "out_group_r_range": 2.0, "in_group_a_strength": 20, "position": [2.0556769900544896, 70.25195121770979], "friend_zone": [74, 50, 25, 15, 5, 0, 79, 64, 41, 35, 6, 10, 20, 77, 42, 39, 67, 80, 19, 46, 21, 57, 53, 68, 62, 13, 89, 34, 24, 86, 92, 90, 82, 81, 60, 8, 44, 94, 61, 48, 14, 12, 28, 29, 7, 33, 84, 63], "in_group_r_strength": 40, "out_group_a_range": 2.8, "pedestrian_id": 98, "target_a_strength": 22000000000, "group_id": 1, "target_a_range": 435, "radius": 0.3, "in_group_a_range": 2.8}, {"in_group_r_range": 2.0, "attractor_count": 48, "target": [16.0, -39.0], "out_group_a_strength": 10.0, "out_group_r_strength": 80.0, "out_group_r_range": 2.0, "in_group_a_strength": 20, "position": [-7.022056788311361, 36.46508877053364], "friend_zone": [78, 63, 47, 30, 68, 0, 62, 50, 18, 93, 38, 27, 32, 81, 7, 5, 21, 91, 44, 1, 84, 25, 52, 13, 40, 70, 2, 60, 51, 3, 59, 61, 48, 16, 10, 45, 41, 8, 24, 46, 80, 31, 49, 26, 28, 57, 95, 37], "in_group_r_strength": 40, "out_group_a_range": 2.8, "pedestrian_id": 99, "target_a_strength": 22000000000, "group_id": 1, "target_a_range": 435, "radius": 0.3, "in_group_a_range": 2.8}]}