{"pedestrian_list": [{"attractor_count": 30, "radius": 0.3, "group_id": 0, "friend_zone": [16, 59, 25, 12, 52, 20, 17, 5, 7, 40, 46, 1, 42, 32, 58, 29, 31, 21, 24, 54, 4, 34, 35, 14, 45, 30, 43, 19, 2, 49], "out_group_a_range": 2.8, "in_group_r_range": 2.0, "out_group_r_range": 2.0, "in_group_a_strength": 20, "out_group_r_strength": 80.0, "pedestrian_id": 60, "target_a_range": 435, "in_group_r_strength": 40, "in_group_a_range": 2.8, "out_group_a_strength": 10.0, "target_a_strength": 22000000000, "position": [2.071188292457578, 38.375202870639114], "target": [16.0, -39.0]}, {"attractor_count": 30, "radius": 0.3, "group_id": 0, "friend_zone": [13, 28, 7, 45, 34, 46, 4, 54, 36, 10, 26, 43, 42, 55, 1, 58, 35, 39, 33, 22, 20, 12, 25, 6, 17, 56, 38, 57, 9, 32], "out_group_a_range": 2.8, "in_group_r_range": 2.0, "out_group_r_range": 2.0, "in_group_a_strength": 20, "out_group_r_strength": 80.0, "pedestrian_id": 61, "target_a_range": 435, "in_group_r_strength": 40, "in_group_a_range": 2.8, "out_group_a_strength": 10.0, "target_a_strength": 22000000000, "position": [4.048016519065754, 71.55564828700153], "target": [16.0, -39.0]}, {"attractor_count": 30, "radius": 0.3, "group_id": 1, "friend_zone": [6, 4, 21, 7, 1, 27, 35, 36, 26, 17, 45, 2, 53, 41, 0, 31, 24, 46, 23, 37, 34, 25, 10, 19, 58, 52, 49, 12, 51, 9], "out_group_a_range": 2.8, "in_group_r_range": 2.0, "out_group_r_range": 2.0, "in_group_a_strength": 20, "out_group_r_strength": 80.0, "pedestrian_id": 62, "target_a_range": 435, "in_group_r_strength": 40, "in_group_a_range": 2.8, "out_group_a_strength": 10.0, "target_a_strength": 22000000000, "position": [-1.1701288283352316, 45.531132183298176], "target": [16.0, -39.0]}, {"attractor_count": 30, "radius": 0.3, "group_id": 1, "friend_zone": [36, 29, 12, 42, 32, 47, 5, 37, 31, 17, 56, 53, 43, 7, 16, 30, 9, 13, 18, 49, 40, 4, 15, 38, 2, 14, 51, 46, 59, 6], "out_group_a_range": 2.8, "in_group_r_range": 2.0, "out_group_r_range": 2.0, "in_group_a_strength": 20, "out_group_r_strength": 80.0, "pedestrian_id": 63, "target_a_range": 435, "in_group_r_strength": 40, "in_group_a_range": 2.8, "out_group_a_strength": 10.0, "target_a_strength": 22000000000, "position": [11.82753836241954, 41.00652133814872], "target": [16.0, -39.0]}], "additional_id_existed_ped": {"0": [60, 61, 62, 63], "1": [61, 62], "2": [60, 63], "3": [61, 62], "4": [60, 63], "5": [60], "6": [60, 62, 63], "7": [62], "8": [63], "9": [62, 63], "10": [60, 62], "11": [61, 62], "12": [61, 62], "13": [60, 61], "14": [61], "15": [60, 61, 63], "16": [63], "17": [60, 63], "18": [60, 62, 63], "19": [60, 61, 62], "20": [60, 61, 63], "21": [60], "22": [60, 62, 63], "23": [61, 63], "24": [60, 61, 62, 63], "25": [61, 62], "26": [62], "27": [60, 61], "28": [61, 63], "29": [61], "30": [62], "31": [63], "32": [60, 61, 63], "33": [62, 63], "34": [61, 62, 63], "35": [63], "36": [60, 61, 62], "37": [61, 62, 63], "38": [60, 63], "39": [61, 62], "40": [63], "41": [60, 61, 62], "42": [60, 61], "43": [60], "44": [60, 62, 63], "45": [63], "46": [62, 63], "47": [60, 61, 62], "48": [61, 62, 63], "49": [60, 61], "50": [60, 62], "51": [61], "52": [60], "53": [60, 62, 63], "54": [60, 61, 63], "55": [61, 62], "56": [61, 63], "57": [], "58": [60, 62], "59": []}, "frame_second": "1000"}