{"frame_second": "2800", "pedestrian_list": [{"attractor_count": 66, "group_id": 0, "friend_zone": [64, 102, 14, 91, 65, 122, 46, 18, 81, 78, 85, 66, 19, 40, 90, 38, 23, 44, 6, 128, 62, 71, 45, 4, 111, 33, 8, 26, 1, 36, 92, 42, 87, 60, 48, 61, 89, 96, 52, 125, 74, 127, 12, 41, 104, 21, 98, 50, 109, 112, 126, 119, 131, 32, 120, 5, 118, 27, 105, 59, 80, 72, 13, 86, 110, 121], "position": [11.183273454999963, 66.33669865515455], "out_group_a_strength": 7.142857142857143, "target": [16.0, -39.0], "out_group_a_range": 2.8, "in_group_a_range": 2.8, "in_group_a_strength": 20, "target_a_range": 435, "radius": 0.3, "pedestrian_id": 132, "in_group_r_range": 2.0, "in_group_r_strength": 40, "out_group_r_range": 2.0, "target_a_strength": 22000000000, "out_group_r_strength": 112.0}, {"attractor_count": 66, "group_id": 0, "friend_zone": [109, 88, 26, 118, 43, 73, 129, 55, 98, 104, 87, 110, 38, 33, 32, 3, 0, 75, 121, 41, 17, 131, 65, 45, 71, 59, 2, 62, 16, 117, 100, 108, 30, 126, 128, 53, 90, 120, 66, 22, 96, 119, 83, 127, 4, 81, 67, 103, 15, 60, 51, 111, 8, 91, 115, 36, 80, 70, 68, 54, 47, 5, 42, 46, 92, 35], "position": [-8.346557323861315, 53.37487549544947], "out_group_a_strength": 7.142857142857143, "target": [16.0, -39.0], "out_group_a_range": 2.8, "in_group_a_range": 2.8, "in_group_a_strength": 20, "target_a_range": 435, "radius": 0.3, "pedestrian_id": 133, "in_group_r_range": 2.0, "in_group_r_strength": 40, "out_group_r_range": 2.0, "target_a_strength": 22000000000, "out_group_r_strength": 112.0}, {"attractor_count": 66, "group_id": 1, "friend_zone": [8, 69, 16, 96, 46, 51, 0, 72, 25, 116, 90, 78, 31, 76, 53, 18, 36, 120, 122, 28, 110, 22, 129, 59, 4, 45, 50, 64, 62, 73, 58, 61, 10, 34, 55, 84, 30, 66, 43, 74, 123, 27, 99, 109, 100, 19, 11, 124, 35, 67, 97, 104, 101, 83, 91, 33, 130, 105, 23, 65, 80, 5, 12, 87, 108, 57], "position": [-4.438634319641639, 59.833730000593235], "out_group_a_strength": 7.142857142857143, "target": [16.0, -39.0], "out_group_a_range": 2.8, "in_group_a_range": 2.8, "in_group_a_strength": 20, "target_a_range": 435, "radius": 0.3, "pedestrian_id": 134, "in_group_r_range": 2.0, "in_group_r_strength": 40, "out_group_r_range": 2.0, "target_a_strength": 22000000000, "out_group_r_strength": 112.0}, {"attractor_count": 66, "group_id": 1, "friend_zone": [38, 106, 103, 5, 131, 70, 36, 95, 2, 72, 31, 41, 87, 20, 123, 112, 48, 98, 83, 15, 51, 104, 76, 73, 122, 4, 74, 25, 32, 33, 46, 89, 18, 62, 79, 88, 102, 23, 12, 35, 115, 40, 71, 93, 84, 50, 43, 69, 30, 80, 114, 1, 78, 100, 110, 8, 16, 66, 107, 108, 63, 82, 85, 130, 99, 11], "position": [-7.017635423076626, 44.90781234767265], "out_group_a_strength": 7.142857142857143, "target": [16.0, -39.0], "out_group_a_range": 2.8, "in_group_a_range": 2.8, "in_group_a_strength": 20, "target_a_range": 435, "radius": 0.3, "pedestrian_id": 135, "in_group_r_range": 2.0, "in_group_r_strength": 40, "out_group_r_range": 2.0, "target_a_strength": 22000000000, "out_group_r_strength": 112.0}], "additional_id_existed_ped": {"0": [132, 133, 134], "1": [], "2": [134, 135], "3": [133], "4": [135], "5": [], "6": [132, 133, 135], "7": [], "8": [132, 133], "9": [132, 133], "10": [133], "11": [133, 134, 135], "12": [133, 134, 135], "13": [132, 133], "14": [132, 133], "15": [135], "16": [133, 134], "17": [132, 133, 134], "18": [133], "19": [132, 133], "20": [135], "21": [132, 134, 135], "22": [132, 133, 134], "23": [132, 134, 135], "24": [132, 133], "25": [132, 134, 135], "26": [132], "27": [133, 134, 135], "28": [], "29": [132, 134, 135], "30": [132, 133, 135], "31": [132, 135], "32": [133, 134, 135], "33": [134, 135], "34": [], "35": [], "36": [132, 134], "37": [132, 134], "38": [134], "39": [132, 134], "40": [132, 133, 134, 135], "41": [135], "42": [132, 134, 135], "43": [132, 134], "44": [132, 134, 135], "45": [132, 133, 135], "46": [134, 135], "47": [132, 133, 134], "48": [], "49": [132, 134, 135], "50": [133, 134, 135], "51": [133, 135], "52": [132, 134], "53": [133], "54": [], "55": [133], "56": [133, 134, 135], "57": [132, 135], "58": [133, 135], "59": [134], "60": [134], "61": [132, 134, 135], "62": [134, 135], "63": [133, 135], "64": [133], "65": [132], "66": [132, 133], "67": [132, 135], "68": [134], "69": [], "70": [133, 134, 135], "71": [133, 135], "72": [133, 134, 135], "73": [133, 135], "74": [], "75": [133, 134], "76": [135], "77": [132, 134, 135], "78": [132, 134], "79": [133, 134, 135], "80": [132, 134, 135], "81": [132, 135], "82": [133, 135], "83": [132, 135], "84": [132, 135], "85": [132, 133, 134], "86": [132, 133, 135], "87": [134, 135], "88": [132, 134, 135], "89": [133, 134], "90": [132], "91": [133], "92": [132, 134, 135], "93": [132, 133, 134, 135], "94": [132, 134], "95": [132, 133, 134, 135], "96": [133, 134], "97": [132, 133, 134, 135], "98": [132, 133, 134, 135], "99": [132, 133, 134, 135], "100": [], "101": [132], "102": [132, 134, 135], "103": [132, 133, 134, 135], "104": [133], "105": [134], "106": [132, 133, 135], "107": [133, 134, 135], "108": [132, 135], "109": [133, 134, 135], "110": [135], "111": [133], "112": [133], "113": [132, 133, 134], "114": [134, 135], "115": [132], "116": [132, 134], "117": [132], "118": [132], "119": [132, 133, 134], "120": [132, 135], "121": [133, 134, 135], "122": [133], "123": [132, 133, 134], "124": [132, 133], "125": [133, 134, 135], "126": [], "127": [132, 133], "128": [132, 133, 135], "129": [133], "130": [134, 135], "131": [133, 134]}}