{"frame_second": "1600", "pedestrian_list": [{"attractor_count": 42, "group_id": 0, "friend_zone": [65, 43, 53, 59, 83, 34, 66, 41, 21, 47, 8, 64, 32, 27, 14, 56, 11, 62, 74, 60, 33, 16, 70, 4, 48, 69, 39, 31, 67, 46, 49, 35, 15, 57, 3, 28, 76, 6, 22, 58, 61, 73], "position": [-3.1137569706959005, 61.789780786597895], "out_group_a_strength": 7.142857142857143, "target": [16.0, -39.0], "out_group_a_range": 2.8, "in_group_a_range": 2.8, "in_group_a_strength": 20, "target_a_range": 435, "radius": 0.3, "pedestrian_id": 84, "in_group_r_range": 2.0, "in_group_r_strength": 40, "out_group_r_range": 2.0, "target_a_strength": 22000000000, "out_group_r_strength": 112.0}, {"attractor_count": 42, "group_id": 0, "friend_zone": [53, 63, 22, 29, 12, 79, 49, 33, 31, 45, 8, 65, 17, 75, 34, 54, 55, 42, 41, 50, 28, 61, 72, 16, 78, 46, 7, 83, 1, 24, 6, 81, 82, 10, 2, 68, 66, 5, 20, 35, 37, 56], "position": [5.306559010021277, 43.58108878810355], "out_group_a_strength": 7.142857142857143, "target": [16.0, -39.0], "out_group_a_range": 2.8, "in_group_a_range": 2.8, "in_group_a_strength": 20, "target_a_range": 435, "radius": 0.3, "pedestrian_id": 85, "in_group_r_range": 2.0, "in_group_r_strength": 40, "out_group_r_range": 2.0, "target_a_strength": 22000000000, "out_group_r_strength": 112.0}, {"attractor_count": 42, "group_id": 1, "friend_zone": [10, 71, 5, 56, 3, 47, 6, 17, 52, 34, 15, 29, 53, 35, 22, 81, 24, 62, 64, 44, 79, 33, 59, 37, 49, 36, 0, 60, 32, 83, 55, 13, 70, 1, 76, 9, 65, 42, 66, 46, 63, 50], "position": [13.125857493566413, 62.44947655635942], "out_group_a_strength": 7.142857142857143, "target": [16.0, -39.0], "out_group_a_range": 2.8, "in_group_a_range": 2.8, "in_group_a_strength": 20, "target_a_range": 435, "radius": 0.3, "pedestrian_id": 86, "in_group_r_range": 2.0, "in_group_r_strength": 40, "out_group_r_range": 2.0, "target_a_strength": 22000000000, "out_group_r_strength": 112.0}, {"attractor_count": 42, "group_id": 1, "friend_zone": [70, 24, 10, 60, 5, 0, 7, 58, 57, 18, 48, 71, 81, 16, 36, 20, 38, 42, 61, 25, 50, 37, 40, 82, 2, 64, 79, 33, 41, 6, 80, 19, 29, 83, 67, 27, 22, 75, 53, 72, 35, 26], "position": [2.0510198716153742, 53.35998154971207], "out_group_a_strength": 7.142857142857143, "target": [16.0, -39.0], "out_group_a_range": 2.8, "in_group_a_range": 2.8, "in_group_a_strength": 20, "target_a_range": 435, "radius": 0.3, "pedestrian_id": 87, "in_group_r_range": 2.0, "in_group_r_strength": 40, "out_group_r_range": 2.0, "target_a_strength": 22000000000, "out_group_r_strength": 112.0}], "additional_id_existed_ped": {"0": [84, 87], "1": [84], "2": [85, 86, 87], "3": [87], "4": [84, 86, 87], "5": [84, 85, 87], "6": [85, 87], "7": [85, 86, 87], "8": [84, 85, 86], "9": [], "10": [87], "11": [87], "12": [84, 85, 86], "13": [84, 85, 87], "14": [85, 87], "15": [87], "16": [84, 85], "17": [85], "18": [86, 87], "19": [84, 85, 87], "20": [84, 85, 86], "21": [85, 86], "22": [], "23": [84, 86, 87], "24": [86], "25": [84, 85], "26": [84, 86, 87], "27": [84, 87], "28": [84, 85, 86, 87], "29": [84, 86], "30": [84, 85, 86], "31": [84, 86], "32": [], "33": [84], "34": [85], "35": [84, 85, 86, 87], "36": [85, 87], "37": [84], "38": [85, 86, 87], "39": [87], "40": [84, 85, 86], "41": [84, 85, 86, 87], "42": [84, 85, 86], "43": [84, 87], "44": [], "45": [85, 86], "46": [84], "47": [86, 87], "48": [84, 87], "49": [86, 87], "50": [84, 85], "51": [84, 86], "52": [85], "53": [84, 87], "54": [85, 86, 87], "55": [84, 86], "56": [85, 86, 87], "57": [], "58": [84], "59": [84], "60": [85, 86], "61": [84, 86], "62": [86, 87], "63": [85, 86], "64": [84, 85], "65": [84, 86], "66": [84, 86, 87], "67": [84, 85, 87], "68": [85, 86], "69": [], "70": [84, 85, 87], "71": [85, 86], "72": [85, 86], "73": [84, 87], "74": [84], "75": [85, 86, 87], "76": [85], "77": [85, 86], "78": [86, 87], "79": [87], "80": [85, 87], "81": [86, 87], "82": [84, 85, 86, 87], "83": [85, 86, 87]}}