{"frame_second": "700", "pedestrian_list": [{"attractor_count": 24, "group_id": 0, "friend_zone": [47, 7, 19, 31, 28, 32, 18, 25, 26, 36, 33, 3, 37, 29, 22, 27, 30, 13, 40, 45, 15, 34, 42, 12], "position": [15.08054060574339, 67.02059413714201], "out_group_a_strength": 7.142857142857143, "target": [16.0, -39.0], "out_group_a_range": 2.8, "in_group_a_range": 2.8, "in_group_a_strength": 20, "target_a_range": 435, "radius": 0.3, "pedestrian_id": 48, "in_group_r_range": 2.0, "in_group_r_strength": 40, "out_group_r_range": 2.0, "target_a_strength": 22000000000, "out_group_r_strength": 112.0}, {"attractor_count": 24, "group_id": 0, "friend_zone": [9, 31, 2, 6, 4, 33, 14, 10, 16, 1, 18, 17, 24, 12, 7, 29, 8, 3, 36, 46, 32, 28, 25, 27], "position": [7.913854432298795, 42.29526072058263], "out_group_a_strength": 7.142857142857143, "target": [16.0, -39.0], "out_group_a_range": 2.8, "in_group_a_range": 2.8, "in_group_a_strength": 20, "target_a_range": 435, "radius": 0.3, "pedestrian_id": 49, "in_group_r_range": 2.0, "in_group_r_strength": 40, "out_group_r_range": 2.0, "target_a_strength": 22000000000, "out_group_r_strength": 112.0}, {"attractor_count": 24, "group_id": 1, "friend_zone": [31, 13, 38, 44, 32, 12, 33, 46, 34, 6, 11, 35, 8, 47, 19, 36, 16, 23, 10, 14, 1, 29, 45, 21], "position": [17.69242274097351, 68.32494264784516], "out_group_a_strength": 7.142857142857143, "target": [16.0, -39.0], "out_group_a_range": 2.8, "in_group_a_range": 2.8, "in_group_a_strength": 20, "target_a_range": 435, "radius": 0.3, "pedestrian_id": 50, "in_group_r_range": 2.0, "in_group_r_strength": 40, "out_group_r_range": 2.0, "target_a_strength": 22000000000, "out_group_r_strength": 112.0}, {"attractor_count": 24, "group_id": 1, "friend_zone": [2, 7, 10, 18, 17, 21, 6, 29, 23, 9, 22, 31, 0, 20, 43, 38, 40, 42, 39, 45, 34, 47, 41, 33], "position": [-8.968255793110211, 40.341570234318056], "out_group_a_strength": 7.142857142857143, "target": [16.0, -39.0], "out_group_a_range": 2.8, "in_group_a_range": 2.8, "in_group_a_strength": 20, "target_a_range": 435, "radius": 0.3, "pedestrian_id": 51, "in_group_r_range": 2.0, "in_group_r_strength": 40, "out_group_r_range": 2.0, "target_a_strength": 22000000000, "out_group_r_strength": 112.0}], "additional_id_existed_ped": {"0": [48, 51], "1": [49, 50, 51], "2": [48, 49, 50, 51], "3": [48, 51], "4": [48, 50, 51], "5": [48, 50], "6": [48, 49, 50, 51], "7": [49, 51], "8": [49], "9": [48, 49, 50], "10": [48, 49], "11": [], "12": [50, 51], "13": [48, 49, 51], "14": [], "15": [48, 51], "16": [], "17": [50, 51], "18": [48, 49, 50], "19": [48, 49, 50, 51], "20": [48, 49, 50, 51], "21": [49, 50], "22": [48, 50], "23": [49, 50], "24": [48, 51], "25": [49, 50], "26": [], "27": [49, 50], "28": [49], "29": [49, 51], "30": [48, 49], "31": [], "32": [50, 51], "33": [51], "34": [48, 50, 51], "35": [48, 51], "36": [50], "37": [49], "38": [49, 51], "39": [50, 51], "40": [48, 50, 51], "41": [50], "42": [48, 49, 50], "43": [49, 50], "44": [48, 49], "45": [48, 51], "46": [48], "47": [48, 49, 51]}}