{"frame_second": "100", "pedestrian_list": [{"attractor_count": 12, "group_id": 0, "friend_zone": [17, 16, 7, 20, 5, 11, 21, 2, 0, 10, 1, 12], "position": [15.08745567747482, 55.93205055953548], "out_group_a_strength": 7.142857142857143, "target": [16.0, -39.0], "out_group_a_range": 2.8, "in_group_a_range": 2.8, "in_group_a_strength": 20, "target_a_range": 435, "radius": 0.3, "pedestrian_id": 24, "in_group_r_range": 2.0, "in_group_r_strength": 40, "out_group_r_range": 2.0, "target_a_strength": 22000000000, "out_group_r_strength": 112.0}, {"attractor_count": 12, "group_id": 0, "friend_zone": [23, 9, 20, 22, 15, 14, 16, 13, 21, 10, 2, 11], "position": [-5.745859783568457, 37.77302773287491], "out_group_a_strength": 7.142857142857143, "target": [16.0, -39.0], "out_group_a_range": 2.8, "in_group_a_range": 2.8, "in_group_a_strength": 20, "target_a_range": 435, "radius": 0.3, "pedestrian_id": 25, "in_group_r_range": 2.0, "in_group_r_strength": 40, "out_group_r_range": 2.0, "target_a_strength": 22000000000, "out_group_r_strength": 112.0}, {"attractor_count": 12, "group_id": 1, "friend_zone": [7, 4, 19, 14, 20, 9, 17, 11, 15, 16, 23, 2], "position": [-9.646879015046967, 46.855673746930435], "out_group_a_strength": 7.142857142857143, "target": [16.0, -39.0], "out_group_a_range": 2.8, "in_group_a_range": 2.8, "in_group_a_strength": 20, "target_a_range": 435, "radius": 0.3, "pedestrian_id": 26, "in_group_r_range": 2.0, "in_group_r_strength": 40, "out_group_r_range": 2.0, "target_a_strength": 22000000000, "out_group_r_strength": 112.0}, {"attractor_count": 12, "group_id": 1, "friend_zone": [10, 1, 18, 22, 15, 8, 7, 21, 17, 2, 14, 11], "position": [11.159848664662817, 53.353334836301705], "out_group_a_strength": 7.142857142857143, "target": [16.0, -39.0], "out_group_a_range": 2.8, "in_group_a_range": 2.8, "in_group_a_strength": 20, "target_a_range": 435, "radius": 0.3, "pedestrian_id": 27, "in_group_r_range": 2.0, "in_group_r_strength": 40, "out_group_r_range": 2.0, "target_a_strength": 22000000000, "out_group_r_strength": 112.0}], "additional_id_existed_ped": {"0": [27], "1": [24, 26], "2": [27], "3": [24, 25, 26, 27], "4": [26, 27], "5": [24], "6": [24, 25, 26, 27], "7": [24, 25, 26], "8": [25, 26], "9": [26], "10": [26], "11": [25, 27], "12": [24, 26, 27], "13": [25, 27], "14": [24, 27], "15": [24, 27], "16": [25], "17": [24, 26], "18": [24, 25, 26], "19": [24], "20": [25, 27], "21": [24, 25], "22": [25], "23": [25, 26, 27]}}