{"frame_second": "1400", "pedestrian_list": [{"attractor_count": 38, "group_id": 0, "friend_zone": [54, 71, 6, 75, 4, 14, 61, 60, 56, 32, 28, 72, 24, 21, 0, 51, 47, 7, 69, 3, 52, 45, 39, 73, 50, 70, 18, 29, 27, 33, 5, 41, 8, 43, 58, 55, 34, 53], "position": [-8.313446261696697, 63.758164850174204], "out_group_a_strength": 7.142857142857143, "target": [16.0, -39.0], "out_group_a_range": 2.8, "in_group_a_range": 2.8, "in_group_a_strength": 20, "target_a_range": 435, "radius": 0.3, "pedestrian_id": 76, "in_group_r_range": 2.0, "in_group_r_strength": 40, "out_group_r_range": 2.0, "target_a_strength": 22000000000, "out_group_r_strength": 112.0}, {"attractor_count": 38, "group_id": 0, "friend_zone": [5, 64, 43, 4, 15, 13, 56, 72, 29, 21, 52, 25, 60, 35, 22, 48, 38, 71, 33, 46, 20, 67, 63, 54, 59, 55, 42, 10, 28, 27, 7, 45, 34, 2, 47, 39, 41, 69], "position": [2.067531294821852, 39.04736540161237], "out_group_a_strength": 7.142857142857143, "target": [16.0, -39.0], "out_group_a_range": 2.8, "in_group_a_range": 2.8, "in_group_a_strength": 20, "target_a_range": 435, "radius": 0.3, "pedestrian_id": 77, "in_group_r_range": 2.0, "in_group_r_strength": 40, "out_group_r_range": 2.0, "target_a_strength": 22000000000, "out_group_r_strength": 112.0}, {"attractor_count": 38, "group_id": 1, "friend_zone": [37, 55, 73, 63, 30, 31, 13, 41, 61, 35, 0, 15, 47, 50, 12, 20, 17, 67, 72, 59, 48, 69, 64, 34, 11, 43, 38, 1, 2, 65, 19, 23, 66, 42, 52, 7, 33, 49], "position": [3.374397231390721, 52.05822512706106], "out_group_a_strength": 7.142857142857143, "target": [16.0, -39.0], "out_group_a_range": 2.8, "in_group_a_range": 2.8, "in_group_a_strength": 20, "target_a_range": 435, "radius": 0.3, "pedestrian_id": 78, "in_group_r_range": 2.0, "in_group_r_strength": 40, "out_group_r_range": 2.0, "target_a_strength": 22000000000, "out_group_r_strength": 112.0}, {"attractor_count": 38, "group_id": 1, "friend_zone": [32, 8, 59, 19, 73, 26, 22, 50, 42, 6, 7, 67, 18, 62, 25, 24, 63, 1, 61, 9, 65, 31, 53, 29, 2, 0, 16, 60, 57, 4, 3, 30, 71, 5, 14, 39, 21, 46], "position": [15.076539662329655, 53.99946547689278], "out_group_a_strength": 7.142857142857143, "target": [16.0, -39.0], "out_group_a_range": 2.8, "in_group_a_range": 2.8, "in_group_a_strength": 20, "target_a_range": 435, "radius": 0.3, "pedestrian_id": 79, "in_group_r_range": 2.0, "in_group_r_strength": 40, "out_group_r_range": 2.0, "target_a_strength": 22000000000, "out_group_r_strength": 112.0}], "additional_id_existed_ped": {"0": [], "1": [77, 79], "2": [77], "3": [76, 77, 79], "4": [], "5": [77, 79], "6": [78, 79], "7": [76, 78, 79], "8": [], "9": [77, 78, 79], "10": [76, 79], "11": [78, 79], "12": [77, 78, 79], "13": [76, 77, 79], "14": [76, 78], "15": [76], "16": [76, 77, 78, 79], "17": [76, 78, 79], "18": [78], "19": [77, 78], "20": [76], "21": [76, 77, 78], "22": [77, 78, 79], "23": [76, 77, 78, 79], "24": [76, 77, 78, 79], "25": [76, 77, 78, 79], "26": [77], "27": [76, 77], "28": [76, 77], "29": [], "30": [76, 77], "31": [78], "32": [76, 79], "33": [76, 78], "34": [76, 77, 78, 79], "35": [76, 77], "36": [79], "37": [], "38": [76, 77, 79], "39": [76], "40": [77, 78, 79], "41": [78], "42": [76, 78], "43": [76], "44": [76], "45": [76, 77, 78], "46": [77, 78, 79], "47": [76], "48": [77, 78, 79], "49": [79], "50": [78, 79], "51": [77, 78, 79], "52": [76], "53": [79], "54": [76, 78], "55": [76], "56": [], "57": [78, 79], "58": [77, 78, 79], "59": [78], "60": [77, 78], "61": [76, 77, 78], "62": [76], "63": [76, 77], "64": [76, 77, 79], "65": [76, 79], "66": [77, 79], "67": [76, 77, 78], "68": [76, 77], "69": [76, 79], "70": [77, 78, 79], "71": [78, 79], "72": [79], "73": [77, 78, 79], "74": [77, 78], "75": [77, 78, 79]}}