{"frame_second": "1700", "pedestrian_list": [{"attractor_count": 44, "group_id": 0, "friend_zone": [32, 24, 5, 61, 48, 21, 34, 54, 75, 23, 81, 25, 37, 0, 47, 45, 33, 76, 13, 82, 14, 68, 31, 10, 70, 60, 52, 20, 65, 46, 7, 41, 85, 18, 53, 40, 56, 36, 27, 11, 57, 78, 26, 84], "position": [9.214119960538245, 65.03029977282004], "out_group_a_strength": 7.142857142857143, "target": [16.0, -39.0], "out_group_a_range": 2.8, "in_group_a_range": 2.8, "in_group_a_strength": 20, "target_a_range": 435, "radius": 0.3, "pedestrian_id": 88, "in_group_r_range": 2.0, "in_group_r_strength": 40, "out_group_r_range": 2.0, "target_a_strength": 22000000000, "out_group_r_strength": 112.0}, {"attractor_count": 44, "group_id": 0, "friend_zone": [25, 21, 63, 69, 1, 0, 26, 64, 62, 7, 87, 72, 55, 18, 37, 86, 84, 78, 51, 20, 33, 45, 12, 48, 85, 49, 50, 83, 67, 74, 2, 13, 35, 59, 23, 24, 3, 39, 36, 82, 16, 29, 40, 58], "position": [13.750447012825457, 61.13187079422798], "out_group_a_strength": 7.142857142857143, "target": [16.0, -39.0], "out_group_a_range": 2.8, "in_group_a_range": 2.8, "in_group_a_strength": 20, "target_a_range": 435, "radius": 0.3, "pedestrian_id": 89, "in_group_r_range": 2.0, "in_group_r_strength": 40, "out_group_r_range": 2.0, "target_a_strength": 22000000000, "out_group_r_strength": 112.0}, {"attractor_count": 44, "group_id": 1, "friend_zone": [45, 37, 50, 9, 61, 12, 49, 25, 31, 40, 80, 26, 38, 85, 41, 14, 4, 62, 18, 87, 29, 35, 79, 65, 46, 55, 11, 74, 28, 73, 23, 76, 27, 16, 17, 8, 3, 39, 44, 67, 32, 24, 69, 19], "position": [8.578414558287742, 68.95077415522552], "out_group_a_strength": 7.142857142857143, "target": [16.0, -39.0], "out_group_a_range": 2.8, "in_group_a_range": 2.8, "in_group_a_strength": 20, "target_a_range": 435, "radius": 0.3, "pedestrian_id": 90, "in_group_r_range": 2.0, "in_group_r_strength": 40, "out_group_r_range": 2.0, "target_a_strength": 22000000000, "out_group_r_strength": 112.0}, {"attractor_count": 44, "group_id": 1, "friend_zone": [24, 79, 69, 13, 2, 19, 38, 36, 84, 54, 46, 77, 16, 81, 1, 31, 43, 4, 25, 67, 75, 61, 70, 53, 3, 40, 18, 33, 73, 14, 42, 71, 11, 30, 39, 10, 60, 59, 35, 20, 23, 28, 72, 52], "position": [17.65660216045538, 42.936703449696395], "out_group_a_strength": 7.142857142857143, "target": [16.0, -39.0], "out_group_a_range": 2.8, "in_group_a_range": 2.8, "in_group_a_strength": 20, "target_a_range": 435, "radius": 0.3, "pedestrian_id": 91, "in_group_r_range": 2.0, "in_group_r_strength": 40, "out_group_r_range": 2.0, "target_a_strength": 22000000000, "out_group_r_strength": 112.0}], "additional_id_existed_ped": {"0": [88, 89, 90], "1": [88, 89, 90], "2": [88, 89, 91], "3": [], "4": [88, 91], "5": [88, 90], "6": [88, 90], "7": [88, 89, 91], "8": [88, 90, 91], "9": [88, 91], "10": [89], "11": [89, 90], "12": [88], "13": [88, 90], "14": [89, 90], "15": [88, 89, 90, 91], "16": [89, 91], "17": [91], "18": [89, 90], "19": [88, 89], "20": [91], "21": [90, 91], "22": [88], "23": [89, 91], "24": [89, 90], "25": [89, 90], "26": [88, 89, 91], "27": [88, 89], "28": [88, 89, 90], "29": [91], "30": [90], "31": [89, 90], "32": [88, 89], "33": [90, 91], "34": [88, 89, 90], "35": [90], "36": [90], "37": [91], "38": [88, 90], "39": [88, 90, 91], "40": [88, 91], "41": [89, 91], "42": [], "43": [89, 91], "44": [88, 90, 91], "45": [88, 89], "46": [88, 90], "47": [89, 90, 91], "48": [90, 91], "49": [90], "50": [88, 89, 91], "51": [90, 91], "52": [89, 91], "53": [88, 89], "54": [88, 91], "55": [91], "56": [89, 90], "57": [88, 89], "58": [89], "59": [90], "60": [], "61": [90], "62": [88, 89, 91], "63": [88, 89, 90, 91], "64": [88, 89, 91], "65": [90], "66": [89, 91], "67": [89, 90, 91], "68": [89], "69": [89, 90, 91], "70": [88, 90, 91], "71": [91], "72": [88, 89, 91], "73": [88, 89, 90, 91], "74": [88, 90, 91], "75": [91], "76": [88], "77": [], "78": [88, 89, 91], "79": [88, 89, 90, 91], "80": [89, 90], "81": [], "82": [88, 90, 91], "83": [89, 90, 91], "84": [88, 91], "85": [88, 89], "86": [88, 90], "87": [88, 90]}}