{"frame_second": "2500", "pedestrian_list": [{"attractor_count": 60, "group_id": 0, "friend_zone": [79, 70, 98, 119, 115, 117, 68, 3, 73, 23, 48, 81, 45, 34, 50, 97, 39, 28, 91, 1, 31, 41, 9, 55, 77, 17, 30, 22, 60, 106, 10, 67, 84, 111, 74, 7, 65, 118, 94, 24, 57, 85, 102, 35, 12, 100, 8, 46, 18, 69, 58, 43, 5, 72, 95, 49, 80, 6, 40, 32], "position": [-3.1473338626972986, 64.41243926561019], "out_group_a_strength": 7.142857142857143, "target": [16.0, -39.0], "out_group_a_range": 2.8, "in_group_a_range": 2.8, "in_group_a_strength": 20, "target_a_range": 435, "radius": 0.3, "pedestrian_id": 120, "in_group_r_range": 2.0, "in_group_r_strength": 40, "out_group_r_range": 2.0, "target_a_strength": 22000000000, "out_group_r_strength": 112.0}, {"attractor_count": 60, "group_id": 0, "friend_zone": [84, 54, 79, 62, 114, 111, 86, 82, 6, 28, 90, 3, 69, 43, 44, 26, 78, 64, 97, 38, 13, 2, 93, 104, 85, 81, 77, 39, 55, 25, 52, 33, 4, 17, 72, 8, 65, 22, 0, 92, 73, 19, 5, 32, 107, 63, 10, 106, 80, 37, 27, 41, 100, 76, 48, 119, 47, 68, 112, 67], "position": [-8.345765544035155, 70.24262566633445], "out_group_a_strength": 7.142857142857143, "target": [16.0, -39.0], "out_group_a_range": 2.8, "in_group_a_range": 2.8, "in_group_a_strength": 20, "target_a_range": 435, "radius": 0.3, "pedestrian_id": 121, "in_group_r_range": 2.0, "in_group_r_strength": 40, "out_group_r_range": 2.0, "target_a_strength": 22000000000, "out_group_r_strength": 112.0}, {"attractor_count": 60, "group_id": 1, "friend_zone": [78, 8, 60, 37, 97, 39, 61, 6, 119, 96, 93, 20, 80, 11, 57, 92, 62, 94, 118, 76, 84, 30, 1, 13, 29, 36, 109, 68, 73, 110, 34, 35, 38, 88, 108, 105, 115, 28, 32, 87, 86, 9, 43, 107, 90, 83, 0, 104, 113, 52, 64, 101, 95, 81, 75, 17, 33, 99, 26, 85], "position": [5.338490534418948, 50.72616128286951], "out_group_a_strength": 7.142857142857143, "target": [16.0, -39.0], "out_group_a_range": 2.8, "in_group_a_range": 2.8, "in_group_a_strength": 20, "target_a_range": 435, "radius": 0.3, "pedestrian_id": 122, "in_group_r_range": 2.0, "in_group_r_strength": 40, "out_group_r_range": 2.0, "target_a_strength": 22000000000, "out_group_r_strength": 112.0}, {"attractor_count": 60, "group_id": 1, "friend_zone": [37, 43, 99, 83, 85, 60, 46, 101, 54, 39, 106, 87, 58, 111, 4, 114, 79, 97, 22, 9, 27, 59, 92, 0, 113, 119, 118, 64, 89, 25, 94, 75, 12, 10, 96, 103, 3, 100, 38, 72, 50, 86, 33, 34, 102, 8, 2, 1, 26, 41, 76, 61, 109, 62, 24, 48, 35, 15, 17, 31], "position": [18.340871727035058, 48.805725512294444], "out_group_a_strength": 7.142857142857143, "target": [16.0, -39.0], "out_group_a_range": 2.8, "in_group_a_range": 2.8, "in_group_a_strength": 20, "target_a_range": 435, "radius": 0.3, "pedestrian_id": 123, "in_group_r_range": 2.0, "in_group_r_strength": 40, "out_group_r_range": 2.0, "target_a_strength": 22000000000, "out_group_r_strength": 112.0}], "additional_id_existed_ped": {"0": [122], "1": [120, 121, 123], "2": [120, 122, 123], "3": [120, 121], "4": [120, 123], "5": [120, 121, 122], "6": [120, 121, 122], "7": [120, 123], "8": [121, 122, 123], "9": [120, 121, 123], "10": [122, 123], "11": [121], "12": [122, 123], "13": [121, 123], "14": [], "15": [120, 122, 123], "16": [122], "17": [121, 122], "18": [121, 122], "19": [121, 123], "20": [120, 123], "21": [120, 122, 123], "22": [121, 123], "23": [121], "24": [120, 121, 123], "25": [120, 121], "26": [120, 121], "27": [120, 122], "28": [121, 123], "29": [122, 123], "30": [120, 123], "31": [121], "32": [120, 121, 122], "33": [], "34": [120, 122], "35": [121, 122, 123], "36": [122, 123], "37": [122], "38": [120, 121, 122, 123], "39": [120, 121, 123], "40": [121, 122], "41": [121, 123], "42": [122], "43": [120, 121, 122, 123], "44": [120], "45": [121], "46": [120, 121, 122, 123], "47": [120], "48": [120, 121, 122, 123], "49": [121, 122, 123], "50": [121], "51": [120, 122, 123], "52": [120, 122], "53": [120, 121], "54": [120, 121, 122, 123], "55": [120], "56": [], "57": [121, 122], "58": [120, 123], "59": [123], "60": [122], "61": [121, 123], "62": [120, 121, 122], "63": [121, 123], "64": [120, 122, 123], "65": [122, 123], "66": [120], "67": [], "68": [121, 123], "69": [121], "70": [123], "71": [123], "72": [120, 121, 123], "73": [120, 122], "74": [120, 122, 123], "75": [122, 123], "76": [122, 123], "77": [120, 121, 122], "78": [], "79": [121, 123], "80": [120], "81": [120], "82": [120, 121, 122], "83": [121, 122, 123], "84": [121, 123], "85": [121, 122], "86": [120, 123], "87": [120, 122], "88": [122, 123], "89": [121, 122], "90": [], "91": [120, 122], "92": [122], "93": [120, 122, 123], "94": [120, 122, 123], "95": [120, 122], "96": [120, 122], "97": [122], "98": [121], "99": [120, 121], "100": [120], "101": [120, 122, 123], "102": [120, 121, 122, 123], "103": [122], "104": [120, 121], "105": [121], "106": [120, 121, 122, 123], "107": [121, 123], "108": [121, 122], "109": [120, 121, 123], "110": [121, 123], "111": [], "112": [123], "113": [120, 121, 123], "114": [120, 122, 123], "115": [120, 121, 123], "116": [120, 121], "117": [122], "118": [121], "119": [120, 122, 123]}}