{"frame_second": "0", "pedestrian_list": [{"attractor_count": 10, "group_id": 0, "friend_zone": [13, 17, 16, 2, 12, 3, 10, 9, 19, 7], "position": [19.613841213202694, 44.25327348362482], "out_group_a_strength": 7.142857142857143, "target": [16.0, -39.0], "out_group_a_range": 2.8, "in_group_a_range": 2.8, "in_group_a_strength": 20, "target_a_range": 435, "radius": 0.3, "pedestrian_id": 20, "in_group_r_range": 2.0, "in_group_r_strength": 40, "out_group_r_range": 2.0, "target_a_strength": 22000000000, "out_group_r_strength": 112.0}, {"attractor_count": 10, "group_id": 0, "friend_zone": [12, 5, 15, 0, 11, 9, 16, 1, 13, 6], "position": [4.007611327073237, 48.818901590475534], "out_group_a_strength": 7.142857142857143, "target": [16.0, -39.0], "out_group_a_range": 2.8, "in_group_a_range": 2.8, "in_group_a_strength": 20, "target_a_range": 435, "radius": 0.3, "pedestrian_id": 21, "in_group_r_range": 2.0, "in_group_r_strength": 40, "out_group_r_range": 2.0, "target_a_strength": 22000000000, "out_group_r_strength": 112.0}, {"attractor_count": 10, "group_id": 1, "friend_zone": [19, 15, 14, 11, 6, 18, 13, 4, 1, 17], "position": [2.733905295961854, 55.28694018839569], "out_group_a_strength": 7.142857142857143, "target": [16.0, -39.0], "out_group_a_range": 2.8, "in_group_a_range": 2.8, "in_group_a_strength": 20, "target_a_range": 435, "radius": 0.3, "pedestrian_id": 22, "in_group_r_range": 2.0, "in_group_r_strength": 40, "out_group_r_range": 2.0, "target_a_strength": 22000000000, "out_group_r_strength": 112.0}, {"attractor_count": 10, "group_id": 1, "friend_zone": [3, 2, 12, 18, 13, 6, 15, 7, 8, 0], "position": [13.79208150377134, 65.04320871427447], "out_group_a_strength": 7.142857142857143, "target": [16.0, -39.0], "out_group_a_range": 2.8, "in_group_a_range": 2.8, "in_group_a_strength": 20, "target_a_range": 435, "radius": 0.3, "pedestrian_id": 23, "in_group_r_range": 2.0, "in_group_r_strength": 40, "out_group_r_range": 2.0, "target_a_strength": 22000000000, "out_group_r_strength": 112.0}], "additional_id_existed_ped": {"0": [20, 21, 22, 23], "1": [], "2": [21, 22, 23], "3": [20], "4": [21], "5": [20, 22], "6": [22], "7": [20], "8": [20, 22, 23], "9": [22], "10": [20, 21, 22, 23], "11": [21], "12": [21], "13": [20, 21, 23], "14": [20, 22], "15": [21, 23], "16": [20, 23], "17": [23], "18": [21, 22, 23], "19": [20, 21, 22, 23]}}