{"frame_second": "400", "pedestrian_list": [{"attractor_count": 18, "group_id": 0, "friend_zone": [17, 0, 5, 16, 3, 25, 13, 22, 4, 9, 18, 8, 31, 14, 11, 35, 7, 26], "position": [-8.34578811181087, 55.94543922349853], "out_group_a_strength": 7.142857142857143, "target": [16.0, -39.0], "out_group_a_range": 2.8, "in_group_a_range": 2.8, "in_group_a_strength": 20, "target_a_range": 435, "radius": 0.3, "pedestrian_id": 36, "in_group_r_range": 2.0, "in_group_r_strength": 40, "out_group_r_range": 2.0, "target_a_strength": 22000000000, "out_group_r_strength": 112.0}, {"attractor_count": 18, "group_id": 0, "friend_zone": [3, 19, 29, 1, 33, 25, 30, 24, 4, 15, 14, 27, 32, 18, 7, 28, 9, 17], "position": [14.445385850593814, 50.75774400409566], "out_group_a_strength": 7.142857142857143, "target": [16.0, -39.0], "out_group_a_range": 2.8, "in_group_a_range": 2.8, "in_group_a_strength": 20, "target_a_range": 435, "radius": 0.3, "pedestrian_id": 37, "in_group_r_range": 2.0, "in_group_r_strength": 40, "out_group_r_range": 2.0, "target_a_strength": 22000000000, "out_group_r_strength": 112.0}, {"attractor_count": 18, "group_id": 1, "friend_zone": [10, 17, 21, 31, 30, 35, 0, 12, 8, 24, 3, 6, 11, 32, 34, 14, 2, 9], "position": [13.125191956578918, 66.33025742093766], "out_group_a_strength": 7.142857142857143, "target": [16.0, -39.0], "out_group_a_range": 2.8, "in_group_a_range": 2.8, "in_group_a_strength": 20, "target_a_range": 435, "radius": 0.3, "pedestrian_id": 38, "in_group_r_range": 2.0, "in_group_r_strength": 40, "out_group_r_range": 2.0, "target_a_strength": 22000000000, "out_group_r_strength": 112.0}, {"attractor_count": 18, "group_id": 1, "friend_zone": [0, 9, 31, 22, 13, 6, 30, 5, 19, 28, 18, 17, 8, 7, 27, 4, 10, 2], "position": [15.089490222187349, 64.39617814767773], "out_group_a_strength": 7.142857142857143, "target": [16.0, -39.0], "out_group_a_range": 2.8, "in_group_a_range": 2.8, "in_group_a_strength": 20, "target_a_range": 435, "radius": 0.3, "pedestrian_id": 39, "in_group_r_range": 2.0, "in_group_r_strength": 40, "out_group_r_range": 2.0, "target_a_strength": 22000000000, "out_group_r_strength": 112.0}], "additional_id_existed_ped": {"0": [37, 38, 39], "1": [36, 39], "2": [39], "3": [37, 38], "4": [36, 37, 39], "5": [36, 37], "6": [36, 39], "7": [36, 37, 38, 39], "8": [], "9": [37], "10": [38, 39], "11": [39], "12": [37, 38], "13": [36, 39], "14": [37, 38, 39], "15": [38], "16": [36, 37, 38, 39], "17": [36, 37], "18": [36, 39], "19": [37, 38], "20": [38, 39], "21": [36, 37, 38], "22": [36, 37, 39], "23": [38], "24": [36, 37, 38], "25": [], "26": [36, 37, 38, 39], "27": [36, 37], "28": [36, 37], "29": [39], "30": [38], "31": [36], "32": [36, 37, 38], "33": [36, 39], "34": [38, 39], "35": [38]}}