{"frame_second": "200", "pedestrian_list": [{"attractor_count": 14, "group_id": 0, "friend_zone": [10, 20, 26, 27, 0, 18, 5, 22, 12, 13, 19, 17, 16, 8], "position": [9.882440252998629, 40.34517668019899], "out_group_a_strength": 7.142857142857143, "target": [16.0, -39.0], "out_group_a_range": 2.8, "in_group_a_range": 2.8, "in_group_a_strength": 20, "target_a_range": 435, "radius": 0.3, "pedestrian_id": 28, "in_group_r_range": 2.0, "in_group_r_strength": 40, "out_group_r_range": 2.0, "target_a_strength": 22000000000, "out_group_r_strength": 112.0}, {"attractor_count": 14, "group_id": 0, "friend_zone": [2, 27, 24, 4, 1, 12, 3, 11, 23, 14, 7, 5, 17, 0], "position": [15.09412959773775, 66.3692708197252], "out_group_a_strength": 7.142857142857143, "target": [16.0, -39.0], "out_group_a_range": 2.8, "in_group_a_range": 2.8, "in_group_a_strength": 20, "target_a_range": 435, "radius": 0.3, "pedestrian_id": 29, "in_group_r_range": 2.0, "in_group_r_strength": 40, "out_group_r_range": 2.0, "target_a_strength": 22000000000, "out_group_r_strength": 112.0}, {"attractor_count": 14, "group_id": 1, "friend_zone": [9, 15, 27, 26, 19, 14, 18, 2, 25, 23, 0, 24, 7, 17], "position": [11.830649018133887, 44.882577873471895], "out_group_a_strength": 7.142857142857143, "target": [16.0, -39.0], "out_group_a_range": 2.8, "in_group_a_range": 2.8, "in_group_a_strength": 20, "target_a_range": 435, "radius": 0.3, "pedestrian_id": 30, "in_group_r_range": 2.0, "in_group_r_strength": 40, "out_group_r_range": 2.0, "target_a_strength": 22000000000, "out_group_r_strength": 112.0}, {"attractor_count": 14, "group_id": 1, "friend_zone": [12, 2, 19, 18, 1, 17, 25, 10, 5, 16, 26, 23, 7, 24], "position": [11.835272912154075, 70.89610509666944], "out_group_a_strength": 7.142857142857143, "target": [16.0, -39.0], "out_group_a_range": 2.8, "in_group_a_range": 2.8, "in_group_a_strength": 20, "target_a_range": 435, "radius": 0.3, "pedestrian_id": 31, "in_group_r_range": 2.0, "in_group_r_strength": 40, "out_group_r_range": 2.0, "target_a_strength": 22000000000, "out_group_r_strength": 112.0}], "additional_id_existed_ped": {"0": [30, 31], "1": [28, 29], "2": [28, 29], "3": [28, 30, 31], "4": [28, 29, 30], "5": [29], "6": [28, 31], "7": [29, 30], "8": [28, 31], "9": [28, 31], "10": [28, 29], "11": [28, 29, 30, 31], "12": [29, 30, 31], "13": [30], "14": [29, 30, 31], "15": [28, 29, 30], "16": [31], "17": [28, 30], "18": [31], "19": [29], "20": [28, 30], "21": [29, 31], "22": [28], "23": [30, 31], "24": [31], "25": [30, 31], "26": [29], "27": [28, 29, 30]}}