{"frame_second": "1900", "pedestrian_list": [{"attractor_count": 48, "group_id": 0, "friend_zone": [40, 46, 49, 33, 64, 35, 22, 92, 19, 9, 1, 70, 47, 89, 10, 23, 67, 88, 72, 8, 32, 75, 21, 6, 62, 79, 56, 78, 82, 84, 36, 80, 34, 66, 83, 65, 71, 63, 73, 68, 41, 54, 60, 51, 31, 87, 16, 43], "position": [11.826328718497308, 39.06076694832272], "out_group_a_strength": 7.142857142857143, "target": [16.0, -39.0], "out_group_a_range": 2.8, "in_group_a_range": 2.8, "in_group_a_strength": 20, "target_a_range": 435, "radius": 0.3, "pedestrian_id": 96, "in_group_r_range": 2.0, "in_group_r_strength": 40, "out_group_r_range": 2.0, "target_a_strength": 22000000000, "out_group_r_strength": 112.0}, {"attractor_count": 48, "group_id": 0, "friend_zone": [64, 75, 44, 37, 25, 76, 46, 21, 57, 20, 43, 59, 16, 40, 51, 0, 89, 5, 13, 72, 39, 53, 77, 95, 74, 29, 38, 67, 8, 85, 31, 22, 7, 68, 52, 10, 26, 83, 86, 55, 78, 47, 58, 12, 49, 56, 88, 54], "position": [6.621520255871094, 44.92169012528079], "out_group_a_strength": 7.142857142857143, "target": [16.0, -39.0], "out_group_a_range": 2.8, "in_group_a_range": 2.8, "in_group_a_strength": 20, "target_a_range": 435, "radius": 0.3, "pedestrian_id": 97, "in_group_r_range": 2.0, "in_group_r_strength": 40, "out_group_r_range": 2.0, "target_a_strength": 22000000000, "out_group_r_strength": 112.0}, {"attractor_count": 48, "group_id": 1, "friend_zone": [41, 32, 81, 20, 73, 44, 74, 28, 90, 31, 9, 8, 3, 18, 39, 64, 79, 33, 57, 14, 54, 46, 24, 65, 23, 80, 72, 11, 0, 95, 42, 70, 35, 83, 47, 51, 85, 1, 84, 45, 56, 34, 76, 58, 13, 94, 50, 5], "position": [19.602712142923384, 44.89865663377446], "out_group_a_strength": 7.142857142857143, "target": [16.0, -39.0], "out_group_a_range": 2.8, "in_group_a_range": 2.8, "in_group_a_strength": 20, "target_a_range": 435, "radius": 0.3, "pedestrian_id": 98, "in_group_r_range": 2.0, "in_group_r_strength": 40, "out_group_r_range": 2.0, "target_a_strength": 22000000000, "out_group_r_strength": 112.0}, {"attractor_count": 48, "group_id": 1, "friend_zone": [57, 71, 31, 15, 6, 92, 52, 73, 0, 9, 59, 4, 21, 64, 48, 1, 69, 58, 8, 49, 19, 70, 65, 2, 12, 42, 24, 84, 68, 61, 41, 83, 13, 17, 67, 35, 62, 87, 66, 47, 36, 80, 11, 93, 18, 86, 91, 27], "position": [5.3198674956248775, 49.449668982707514], "out_group_a_strength": 7.142857142857143, "target": [16.0, -39.0], "out_group_a_range": 2.8, "in_group_a_range": 2.8, "in_group_a_strength": 20, "target_a_range": 435, "radius": 0.3, "pedestrian_id": 99, "in_group_r_range": 2.0, "in_group_r_strength": 40, "out_group_r_range": 2.0, "target_a_strength": 22000000000, "out_group_r_strength": 112.0}], "additional_id_existed_ped": {"0": [96], "1": [96, 98], "2": [96, 97], "3": [], "4": [97, 99], "5": [96, 97, 98, 99], "6": [96, 98, 99], "7": [96, 97], "8": [96, 99], "9": [96], "10": [96, 98, 99], "11": [97, 98], "12": [98, 99], "13": [96, 97], "14": [97, 99], "15": [96, 97, 98, 99], "16": [98], "17": [97, 98, 99], "18": [], "19": [97], "20": [99], "21": [96, 98, 99], "22": [96, 97, 98, 99], "23": [96, 99], "24": [97], "25": [96, 97, 99], "26": [96], "27": [98], "28": [], "29": [96], "30": [97, 98], "31": [98], "32": [98, 99], "33": [96, 97], "34": [96, 98, 99], "35": [96, 97, 98, 99], "36": [97, 98, 99], "37": [97, 98], "38": [96], "39": [97, 98, 99], "40": [96, 97, 98], "41": [97, 98, 99], "42": [98], "43": [97, 98], "44": [96], "45": [96, 98, 99], "46": [96, 97], "47": [97, 99], "48": [96, 97, 98, 99], "49": [96], "50": [97, 98], "51": [96, 97], "52": [97, 99], "53": [96, 99], "54": [97, 99], "55": [96, 98, 99], "56": [96, 97, 98, 99], "57": [99], "58": [], "59": [97, 98, 99], "60": [97, 98, 99], "61": [97], "62": [97], "63": [96], "64": [99], "65": [97, 98, 99], "66": [97], "67": [98], "68": [], "69": [96, 99], "70": [97], "71": [96, 99], "72": [96, 98, 99], "73": [96], "74": [96, 97, 98, 99], "75": [96], "76": [97, 98], "77": [97, 98, 99], "78": [96, 97], "79": [96, 99], "80": [], "81": [96, 97, 98], "82": [96], "83": [96, 97, 99], "84": [98, 99], "85": [96, 98, 99], "86": [98], "87": [96, 97, 98], "88": [96, 97, 98, 99], "89": [98, 99], "90": [98, 99], "91": [99], "92": [97, 98, 99], "93": [96, 97, 98, 99], "94": [97, 98], "95": [96]}}