{"frame_second": "1500", "pedestrian_list": [{"attractor_count": 40, "group_id": 0, "friend_zone": [9, 49, 15, 39, 29, 54, 18, 61, 55, 57, 56, 35, 59, 7, 77, 41, 23, 79, 26, 73, 24, 53, 44, 38, 27, 65, 36, 33, 32, 14, 37, 67, 34, 62, 75, 40, 12, 64, 13, 0], "position": [11.15479385250297, 70.2368068195483], "out_group_a_strength": 7.142857142857143, "target": [16.0, -39.0], "out_group_a_range": 2.8, "in_group_a_range": 2.8, "in_group_a_strength": 20, "target_a_range": 435, "radius": 0.3, "pedestrian_id": 80, "in_group_r_range": 2.0, "in_group_r_strength": 40, "out_group_r_range": 2.0, "target_a_strength": 22000000000, "out_group_r_strength": 112.0}, {"attractor_count": 40, "group_id": 0, "friend_zone": [18, 71, 7, 78, 29, 64, 35, 50, 44, 11, 31, 70, 51, 21, 20, 23, 43, 68, 77, 28, 25, 10, 67, 15, 0, 13, 38, 40, 74, 46, 53, 4, 32, 56, 9, 54, 5, 58, 8, 47], "position": [-8.341803889293944, 68.9415122339579], "out_group_a_strength": 7.142857142857143, "target": [16.0, -39.0], "out_group_a_range": 2.8, "in_group_a_range": 2.8, "in_group_a_strength": 20, "target_a_range": 435, "radius": 0.3, "pedestrian_id": 81, "in_group_r_range": 2.0, "in_group_r_strength": 40, "out_group_r_range": 2.0, "target_a_strength": 22000000000, "out_group_r_strength": 112.0}, {"attractor_count": 40, "group_id": 1, "friend_zone": [2, 64, 61, 55, 3, 12, 47, 0, 10, 33, 67, 57, 8, 36, 60, 14, 40, 56, 49, 22, 21, 78, 41, 66, 34, 39, 51, 63, 54, 4, 15, 1, 13, 42, 70, 5, 58, 18, 38, 20], "position": [-6.3859546303698576, 39.034338628730154], "out_group_a_strength": 7.142857142857143, "target": [16.0, -39.0], "out_group_a_range": 2.8, "in_group_a_range": 2.8, "in_group_a_strength": 20, "target_a_range": 435, "radius": 0.3, "pedestrian_id": 82, "in_group_r_range": 2.0, "in_group_r_strength": 40, "out_group_r_range": 2.0, "target_a_strength": 22000000000, "out_group_r_strength": 112.0}, {"attractor_count": 40, "group_id": 1, "friend_zone": [18, 53, 68, 44, 58, 35, 67, 10, 45, 5, 11, 57, 46, 19, 8, 72, 25, 28, 61, 32, 16, 22, 13, 31, 4, 52, 30, 12, 43, 0, 63, 39, 64, 76, 2, 66, 24, 14, 9, 7], "position": [9.240024884459093, 61.80259993411154], "out_group_a_strength": 7.142857142857143, "target": [16.0, -39.0], "out_group_a_range": 2.8, "in_group_a_range": 2.8, "in_group_a_strength": 20, "target_a_range": 435, "radius": 0.3, "pedestrian_id": 83, "in_group_r_range": 2.0, "in_group_r_strength": 40, "out_group_r_range": 2.0, "target_a_strength": 22000000000, "out_group_r_strength": 112.0}], "additional_id_existed_ped": {"0": [82], "1": [80, 81, 83], "2": [81], "3": [83], "4": [80, 82, 83], "5": [82, 83], "6": [81, 83], "7": [80, 81, 83], "8": [82, 83], "9": [81, 82], "10": [81, 82], "11": [80, 82, 83], "12": [80, 83], "13": [81, 83], "14": [81], "15": [80, 81, 82, 83], "16": [], "17": [81, 82], "18": [81], "19": [80, 83], "20": [81, 82, 83], "21": [81, 83], "22": [83], "23": [80, 82, 83], "24": [81, 83], "25": [80], "26": [82], "27": [82], "28": [80, 82, 83], "29": [80, 81], "30": [], "31": [81, 82], "32": [80, 81], "33": [], "34": [82], "35": [80, 81], "36": [82], "37": [80, 82, 83], "38": [80, 81], "39": [81, 82, 83], "40": [83], "41": [80, 81, 82, 83], "42": [80, 81, 82], "43": [80, 81], "44": [80, 83], "45": [82, 83], "46": [80], "47": [80, 81, 82], "48": [80, 82, 83], "49": [80, 81, 83], "50": [80, 82], "51": [81, 82, 83], "52": [80, 81, 82], "53": [], "54": [80, 81, 82, 83], "55": [81, 83], "56": [80, 81, 83], "57": [80, 82, 83], "58": [82], "59": [80], "60": [81], "61": [80, 81], "62": [83], "63": [81], "64": [80, 81], "65": [80, 82], "66": [81, 83], "67": [81], "68": [81, 82], "69": [80, 82, 83], "70": [80, 83], "71": [81, 82, 83], "72": [80, 82], "73": [80, 82, 83], "74": [80, 83], "75": [80, 81, 82], "76": [82, 83], "77": [], "78": [80, 81, 82, 83], "79": [80, 82]}}