{"frame_second": "500", "pedestrian_list": [{"attractor_count": 20, "group_id": 0, "friend_zone": [26, 11, 3, 1, 21, 19, 12, 34, 14, 36, 27, 7, 4, 18, 29, 23, 25, 9, 2, 10], "position": [10.531549844868863, 65.72447903602352], "out_group_a_strength": 7.142857142857143, "target": [16.0, -39.0], "out_group_a_range": 2.8, "in_group_a_range": 2.8, "in_group_a_strength": 20, "target_a_range": 435, "radius": 0.3, "pedestrian_id": 40, "in_group_r_range": 2.0, "in_group_r_strength": 40, "out_group_r_range": 2.0, "target_a_strength": 22000000000, "out_group_r_strength": 112.0}, {"attractor_count": 20, "group_id": 0, "friend_zone": [12, 11, 28, 37, 36, 30, 39, 4, 32, 0, 10, 34, 14, 21, 31, 27, 2, 1, 8, 5], "position": [-1.8173786228572102, 61.82053561729773], "out_group_a_strength": 7.142857142857143, "target": [16.0, -39.0], "out_group_a_range": 2.8, "in_group_a_range": 2.8, "in_group_a_strength": 20, "target_a_range": 435, "radius": 0.3, "pedestrian_id": 41, "in_group_r_range": 2.0, "in_group_r_strength": 40, "out_group_r_range": 2.0, "target_a_strength": 22000000000, "out_group_r_strength": 112.0}, {"attractor_count": 20, "group_id": 1, "friend_zone": [19, 29, 32, 36, 31, 24, 4, 27, 34, 6, 38, 5, 0, 21, 17, 25, 2, 13, 16, 11], "position": [4.660476286491515, 62.45202642947135], "out_group_a_strength": 7.142857142857143, "target": [16.0, -39.0], "out_group_a_range": 2.8, "in_group_a_range": 2.8, "in_group_a_strength": 20, "target_a_range": 435, "radius": 0.3, "pedestrian_id": 42, "in_group_r_range": 2.0, "in_group_r_strength": 40, "out_group_r_range": 2.0, "target_a_strength": 22000000000, "out_group_r_strength": 112.0}, {"attractor_count": 20, "group_id": 1, "friend_zone": [24, 11, 16, 25, 23, 37, 5, 13, 1, 3, 7, 4, 28, 8, 32, 14, 34, 36, 39, 10], "position": [5.313233400202234, 60.483519475183535], "out_group_a_strength": 7.142857142857143, "target": [16.0, -39.0], "out_group_a_range": 2.8, "in_group_a_range": 2.8, "in_group_a_strength": 20, "target_a_range": 435, "radius": 0.3, "pedestrian_id": 43, "in_group_r_range": 2.0, "in_group_r_strength": 40, "out_group_r_range": 2.0, "target_a_strength": 22000000000, "out_group_r_strength": 112.0}], "additional_id_existed_ped": {"0": [40, 43], "1": [40, 41, 43], "2": [42], "3": [41, 43], "4": [40, 41], "5": [42], "6": [40, 41], "7": [40, 41, 43], "8": [40, 43], "9": [40, 42, 43], "10": [40, 41, 42, 43], "11": [40, 41], "12": [42], "13": [41, 42, 43], "14": [41, 43], "15": [42], "16": [40], "17": [42, 43], "18": [41], "19": [41, 42, 43], "20": [40, 41], "21": [40, 42], "22": [40, 41, 43], "23": [41, 42], "24": [42], "25": [41, 43], "26": [40, 43], "27": [40], "28": [40, 42], "29": [42], "30": [41, 42], "31": [40, 43], "32": [43], "33": [40, 41, 43], "34": [42], "35": [40, 42, 43], "36": [41, 42], "37": [40, 41, 43], "38": [42, 43], "39": [41, 42]}}