{"frame_second": "2000", "pedestrian_list": [{"attractor_count": 50, "group_id": 0, "friend_zone": [17, 2, 36, 41, 3, 13, 37, 68, 95, 8, 48, 30, 74, 15, 96, 20, 82, 58, 66, 85, 84, 7, 61, 56, 67, 35, 1, 79, 81, 92, 90, 69, 77, 0, 98, 28, 21, 80, 12, 24, 45, 97, 88, 26, 6, 47, 72, 11, 86, 49], "position": [7.910008077342263, 52.03518986925952], "out_group_a_strength": 7.142857142857143, "target": [16.0, -39.0], "out_group_a_range": 2.8, "in_group_a_range": 2.8, "in_group_a_strength": 20, "target_a_range": 435, "radius": 0.3, "pedestrian_id": 100, "in_group_r_range": 2.0, "in_group_r_strength": 40, "out_group_r_range": 2.0, "target_a_strength": 22000000000, "out_group_r_strength": 112.0}, {"attractor_count": 50, "group_id": 0, "friend_zone": [6, 41, 98, 76, 70, 31, 94, 11, 46, 21, 61, 50, 55, 53, 71, 95, 23, 29, 20, 87, 79, 66, 25, 48, 14, 4, 38, 72, 34, 59, 75, 84, 64, 39, 51, 77, 93, 62, 99, 54, 30, 36, 43, 33, 24, 74, 81, 3, 83, 28], "position": [-2.4586848669693406, 63.10738101429472], "out_group_a_strength": 7.142857142857143, "target": [16.0, -39.0], "out_group_a_range": 2.8, "in_group_a_range": 2.8, "in_group_a_strength": 20, "target_a_range": 435, "radius": 0.3, "pedestrian_id": 101, "in_group_r_range": 2.0, "in_group_r_strength": 40, "out_group_r_range": 2.0, "target_a_strength": 22000000000, "out_group_r_strength": 112.0}, {"attractor_count": 50, "group_id": 1, "friend_zone": [81, 38, 5, 63, 41, 91, 45, 94, 57, 23, 21, 51, 93, 13, 70, 66, 79, 40, 58, 22, 53, 4, 55, 60, 71, 30, 84, 47, 65, 74, 99, 24, 64, 69, 14, 95, 76, 2, 50, 62, 89, 26, 3, 48, 68, 44, 25, 16, 77, 85], "position": [-4.423873529033345, 67.01116788761838], "out_group_a_strength": 7.142857142857143, "target": [16.0, -39.0], "out_group_a_range": 2.8, "in_group_a_range": 2.8, "in_group_a_strength": 20, "target_a_range": 435, "radius": 0.3, "pedestrian_id": 102, "in_group_r_range": 2.0, "in_group_r_strength": 40, "out_group_r_range": 2.0, "target_a_strength": 22000000000, "out_group_r_strength": 112.0}, {"attractor_count": 50, "group_id": 1, "friend_zone": [0, 59, 57, 62, 45, 99, 33, 80, 15, 43, 20, 71, 14, 75, 76, 63, 9, 2, 4, 42, 89, 7, 5, 1, 93, 92, 96, 17, 32, 81, 65, 30, 60, 47, 87, 3, 78, 48, 11, 46, 82, 41, 84, 24, 37, 67, 39, 36, 98, 64], "position": [11.842465975281922, 57.22638005756806], "out_group_a_strength": 7.142857142857143, "target": [16.0, -39.0], "out_group_a_range": 2.8, "in_group_a_range": 2.8, "in_group_a_strength": 20, "target_a_range": 435, "radius": 0.3, "pedestrian_id": 103, "in_group_r_range": 2.0, "in_group_r_strength": 40, "out_group_r_range": 2.0, "target_a_strength": 22000000000, "out_group_r_strength": 112.0}], "additional_id_existed_ped": {"0": [101], "1": [100, 101, 102, 103], "2": [100, 103], "3": [101], "4": [100, 102, 103], "5": [101, 103], "6": [100, 102], "7": [103], "8": [100, 101], "9": [100, 101, 102, 103], "10": [100, 101, 102, 103], "11": [103], "12": [100, 101, 102], "13": [101, 102], "14": [101, 102, 103], "15": [100, 101, 102, 103], "16": [101, 103], "17": [101, 102], "18": [], "19": [101, 103], "20": [100, 102], "21": [100, 101, 102, 103], "22": [100, 102], "23": [102], "24": [102], "25": [101, 103], "26": [100, 102], "27": [100, 103], "28": [100, 102], "29": [102, 103], "30": [100, 101, 103], "31": [102], "32": [101, 102, 103], "33": [100, 103], "34": [101, 102, 103], "35": [100, 102], "36": [100], "37": [100, 102, 103], "38": [], "39": [], "40": [100, 102, 103], "41": [100, 101, 102], "42": [100, 102, 103], "43": [100, 101, 102, 103], "44": [101, 102, 103], "45": [100, 102, 103], "46": [100], "47": [100, 102, 103], "48": [101], "49": [100, 102], "50": [100, 101], "51": [100, 102, 103], "52": [101, 103], "53": [100, 101, 103], "54": [100, 101, 103], "55": [101, 103], "56": [], "57": [100, 103], "58": [100, 101], "59": [103], "60": [101, 103], "61": [101, 103], "62": [100, 102, 103], "63": [100, 102, 103], "64": [100, 101, 102, 103], "65": [100, 101, 102], "66": [100, 101], "67": [100, 101], "68": [102, 103], "69": [100, 101, 102], "70": [103], "71": [], "72": [101], "73": [], "74": [100, 101], "75": [101, 102], "76": [101, 103], "77": [101, 102], "78": [100, 101, 103], "79": [102], "80": [101, 102, 103], "81": [101, 102, 103], "82": [102, 103], "83": [100], "84": [100], "85": [100], "86": [101], "87": [], "88": [100, 103], "89": [102], "90": [101, 102], "91": [100, 102], "92": [100, 101], "93": [], "94": [102], "95": [101, 102], "96": [103], "97": [100, 103], "98": [101, 103], "99": [101, 102]}}