{"frame_second": "1200", "pedestrian_list": [{"attractor_count": 34, "group_id": 0, "friend_zone": [0, 56, 39, 18, 34, 30, 32, 63, 67, 31, 55, 4, 28, 61, 12, 59, 5, 52, 33, 58, 14, 42, 36, 48, 8, 46, 24, 40, 49, 66, 20, 19, 9, 17], "position": [17.670685624066678, 40.35278112065064], "out_group_a_strength": 7.142857142857143, "target": [16.0, -39.0], "out_group_a_range": 2.8, "in_group_a_range": 2.8, "in_group_a_strength": 20, "target_a_range": 435, "radius": 0.3, "pedestrian_id": 68, "in_group_r_range": 2.0, "in_group_r_strength": 40, "out_group_r_range": 2.0, "target_a_strength": 22000000000, "out_group_r_strength": 112.0}, {"attractor_count": 34, "group_id": 0, "friend_zone": [4, 56, 53, 18, 41, 32, 61, 62, 8, 5, 35, 42, 20, 31, 34, 59, 2, 63, 13, 24, 48, 27, 1, 67, 51, 17, 58, 57, 23, 0, 66, 45, 33, 9], "position": [12.471624475316482, 41.628175091015834], "out_group_a_strength": 7.142857142857143, "target": [16.0, -39.0], "out_group_a_range": 2.8, "in_group_a_range": 2.8, "in_group_a_strength": 20, "target_a_range": 435, "radius": 0.3, "pedestrian_id": 69, "in_group_r_range": 2.0, "in_group_r_strength": 40, "out_group_r_range": 2.0, "target_a_strength": 22000000000, "out_group_r_strength": 112.0}, {"attractor_count": 34, "group_id": 1, "friend_zone": [9, 41, 56, 52, 6, 17, 37, 61, 62, 27, 53, 57, 44, 29, 16, 13, 36, 20, 54, 30, 4, 50, 28, 11, 15, 65, 14, 49, 39, 47, 22, 38, 18, 45], "position": [-8.982798707435972, 64.40248384845734], "out_group_a_strength": 7.142857142857143, "target": [16.0, -39.0], "out_group_a_range": 2.8, "in_group_a_range": 2.8, "in_group_a_strength": 20, "target_a_range": 435, "radius": 0.3, "pedestrian_id": 70, "in_group_r_range": 2.0, "in_group_r_strength": 40, "out_group_r_range": 2.0, "target_a_strength": 22000000000, "out_group_r_strength": 112.0}, {"attractor_count": 34, "group_id": 1, "friend_zone": [35, 32, 5, 27, 4, 31, 16, 51, 48, 19, 55, 18, 33, 36, 54, 63, 17, 6, 57, 49, 50, 66, 11, 12, 59, 29, 58, 9, 26, 44, 7, 64, 2, 46], "position": [2.721153098867931, 52.714933597539684], "out_group_a_strength": 7.142857142857143, "target": [16.0, -39.0], "out_group_a_range": 2.8, "in_group_a_range": 2.8, "in_group_a_strength": 20, "target_a_range": 435, "radius": 0.3, "pedestrian_id": 71, "in_group_r_range": 2.0, "in_group_r_strength": 40, "out_group_r_range": 2.0, "target_a_strength": 22000000000, "out_group_r_strength": 112.0}], "additional_id_existed_ped": {"0": [70], "1": [69, 70], "2": [70], "3": [70], "4": [69, 71], "5": [68, 69, 71], "6": [69, 70, 71], "7": [68, 69], "8": [68, 69, 70, 71], "9": [69, 70, 71], "10": [70], "11": [69], "12": [68, 70, 71], "13": [68, 69, 70], "14": [68, 71], "15": [70, 71], "16": [68, 69, 70, 71], "17": [69, 70, 71], "18": [68], "19": [70], "20": [70, 71], "21": [68], "22": [68, 69, 71], "23": [68, 70], "24": [68, 69, 70], "25": [68, 71], "26": [69, 70, 71], "27": [68, 70, 71], "28": [68, 69, 70, 71], "29": [69, 71], "30": [68, 70, 71], "31": [68, 69], "32": [70], "33": [69], "34": [68, 70], "35": [68, 71], "36": [71], "37": [71], "38": [], "39": [68, 71], "40": [69, 70, 71], "41": [68, 70], "42": [68, 69, 70], "43": [68], "44": [71], "45": [68, 69, 71], "46": [69], "47": [68, 71], "48": [71], "49": [69], "50": [68, 69], "51": [69, 71], "52": [69, 70], "53": [69, 70], "54": [69, 70, 71], "55": [68], "56": [68, 69, 71], "57": [68, 69, 71], "58": [68, 69], "59": [], "60": [68, 70, 71], "61": [68, 69, 70], "62": [70], "63": [69, 70], "64": [68, 71], "65": [], "66": [68, 70, 71], "67": [69]}}