{"frame_second": "600", "pedestrian_list": [{"attractor_count": 22, "group_id": 0, "friend_zone": [20, 15, 25, 40, 27, 6, 13, 43, 23, 17, 0, 8, 10, 12, 30, 3, 28, 22, 35, 14, 24, 38], "position": [17.65959081277145, 61.77739111204339], "out_group_a_strength": 7.142857142857143, "target": [16.0, -39.0], "out_group_a_range": 2.8, "in_group_a_range": 2.8, "in_group_a_strength": 20, "target_a_range": 435, "radius": 0.3, "pedestrian_id": 44, "in_group_r_range": 2.0, "in_group_r_strength": 40, "out_group_r_range": 2.0, "target_a_strength": 22000000000, "out_group_r_strength": 112.0}, {"attractor_count": 22, "group_id": 0, "friend_zone": [5, 10, 13, 37, 40, 1, 32, 29, 2, 33, 8, 21, 23, 18, 17, 38, 4, 12, 39, 41, 9, 22], "position": [5.338060519373807, 40.33929963934105], "out_group_a_strength": 7.142857142857143, "target": [16.0, -39.0], "out_group_a_range": 2.8, "in_group_a_range": 2.8, "in_group_a_strength": 20, "target_a_range": 435, "radius": 0.3, "pedestrian_id": 45, "in_group_r_range": 2.0, "in_group_r_strength": 40, "out_group_r_range": 2.0, "target_a_strength": 22000000000, "out_group_r_strength": 112.0}, {"attractor_count": 22, "group_id": 1, "friend_zone": [22, 24, 19, 23, 7, 17, 13, 39, 21, 38, 11, 12, 2, 28, 30, 8, 0, 5, 29, 20, 32, 10], "position": [-1.8005397785302726, 58.545166593826345], "out_group_a_strength": 7.142857142857143, "target": [16.0, -39.0], "out_group_a_range": 2.8, "in_group_a_range": 2.8, "in_group_a_strength": 20, "target_a_range": 435, "radius": 0.3, "pedestrian_id": 46, "in_group_r_range": 2.0, "in_group_r_strength": 40, "out_group_r_range": 2.0, "target_a_strength": 22000000000, "out_group_r_strength": 112.0}, {"attractor_count": 22, "group_id": 1, "friend_zone": [32, 34, 31, 23, 22, 3, 27, 40, 18, 43, 0, 39, 13, 15, 36, 12, 37, 10, 14, 41, 38, 5], "position": [14.429100993180347, 44.269902577632045], "out_group_a_strength": 7.142857142857143, "target": [16.0, -39.0], "out_group_a_range": 2.8, "in_group_a_range": 2.8, "in_group_a_strength": 20, "target_a_range": 435, "radius": 0.3, "pedestrian_id": 47, "in_group_r_range": 2.0, "in_group_r_strength": 40, "out_group_r_range": 2.0, "target_a_strength": 22000000000, "out_group_r_strength": 112.0}], "additional_id_existed_ped": {"0": [44, 45, 47], "1": [44, 46, 47], "2": [45], "3": [45, 46], "4": [], "5": [44, 46], "6": [44, 47], "7": [44], "8": [46], "9": [44, 46, 47], "10": [45, 47], "11": [44, 46, 47], "12": [46, 47], "13": [44, 46, 47], "14": [44, 45, 47], "15": [], "16": [45, 46], "17": [44, 45, 46, 47], "18": [44, 45], "19": [46], "20": [47], "21": [45, 46, 47], "22": [44, 45], "23": [46], "24": [44, 45, 46, 47], "25": [45], "26": [44, 45, 46, 47], "27": [45, 47], "28": [44, 45], "29": [47], "30": [44, 46], "31": [45, 47], "32": [44, 45, 46, 47], "33": [46], "34": [44, 45], "35": [44, 46, 47], "36": [45, 47], "37": [], "38": [47], "39": [46, 47], "40": [44, 45], "41": [44, 45, 46], "42": [44, 45, 46], "43": []}}