{"frame_second": "1000", "pedestrian_list": [{"attractor_count": 30, "group_id": 0, "friend_zone": [44, 53, 48, 14, 39, 9, 15, 54, 30, 51, 5, 0, 8, 31, 11, 27, 56, 23, 52, 3, 42, 13, 25, 21, 45, 32, 59, 34, 33, 17], "position": [9.850397190606135, 54.6314224296742], "out_group_a_strength": 7.142857142857143, "target": [16.0, -39.0], "out_group_a_range": 2.8, "in_group_a_range": 2.8, "in_group_a_strength": 20, "target_a_range": 435, "radius": 0.3, "pedestrian_id": 60, "in_group_r_range": 2.0, "in_group_r_strength": 40, "out_group_r_range": 2.0, "target_a_strength": 22000000000, "out_group_r_strength": 112.0}, {"attractor_count": 30, "group_id": 0, "friend_zone": [44, 58, 16, 17, 43, 37, 34, 6, 42, 12, 30, 10, 27, 9, 38, 14, 26, 22, 50, 46, 48, 49, 24, 3, 20, 57, 53, 0, 2, 41], "position": [5.9823427127216755, 45.53390083089036], "out_group_a_strength": 7.142857142857143, "target": [16.0, -39.0], "out_group_a_range": 2.8, "in_group_a_range": 2.8, "in_group_a_strength": 20, "target_a_range": 435, "radius": 0.3, "pedestrian_id": 61, "in_group_r_range": 2.0, "in_group_r_strength": 40, "out_group_r_range": 2.0, "target_a_strength": 22000000000, "out_group_r_strength": 112.0}, {"attractor_count": 30, "group_id": 1, "friend_zone": [47, 50, 14, 59, 16, 21, 12, 42, 46, 1, 29, 52, 9, 18, 11, 34, 25, 0, 5, 35, 3, 19, 2, 44, 57, 36, 22, 27, 4, 15], "position": [9.899840698112774, 66.3649503098114], "out_group_a_strength": 7.142857142857143, "target": [16.0, -39.0], "out_group_a_range": 2.8, "in_group_a_range": 2.8, "in_group_a_strength": 20, "target_a_range": 435, "radius": 0.3, "pedestrian_id": 62, "in_group_r_range": 2.0, "in_group_r_strength": 40, "out_group_r_range": 2.0, "target_a_strength": 22000000000, "out_group_r_strength": 112.0}, {"attractor_count": 30, "group_id": 1, "friend_zone": [31, 16, 15, 48, 10, 43, 9, 32, 47, 50, 53, 44, 5, 14, 19, 0, 54, 12, 17, 46, 18, 29, 27, 38, 34, 35, 3, 52, 33, 20], "position": [0.7542319061321281, 50.11472147870689], "out_group_a_strength": 7.142857142857143, "target": [16.0, -39.0], "out_group_a_range": 2.8, "in_group_a_range": 2.8, "in_group_a_strength": 20, "target_a_range": 435, "radius": 0.3, "pedestrian_id": 63, "in_group_r_range": 2.0, "in_group_r_strength": 40, "out_group_r_range": 2.0, "target_a_strength": 22000000000, "out_group_r_strength": 112.0}], "additional_id_existed_ped": {"0": [63], "1": [63], "2": [61, 62, 63], "3": [61, 62, 63], "4": [60], "5": [60, 62, 63], "6": [60, 61, 63], "7": [60, 61, 62, 63], "8": [61], "9": [60, 61, 63], "10": [61, 62], "11": [60, 61], "12": [60, 61, 62], "13": [61, 62, 63], "14": [61, 62, 63], "15": [61], "16": [62], "17": [60, 61, 62, 63], "18": [61, 62], "19": [60], "20": [], "21": [60, 61, 63], "22": [62], "23": [], "24": [60, 61, 62, 63], "25": [60], "26": [60, 61], "27": [60, 61, 63], "28": [], "29": [63], "30": [62, 63], "31": [60, 62], "32": [60, 61], "33": [60], "34": [60, 61, 62], "35": [63], "36": [62, 63], "37": [60, 61], "38": [60, 62, 63], "39": [60, 62], "40": [61, 62, 63], "41": [60], "42": [60, 61], "43": [], "44": [62, 63], "45": [], "46": [62, 63], "47": [60, 61, 62, 63], "48": [60, 61], "49": [61, 62, 63], "50": [62], "51": [60, 62, 63], "52": [62], "53": [60], "54": [62], "55": [60, 63], "56": [60, 61, 63], "57": [61, 63], "58": [61, 62, 63], "59": [60, 61, 62, 63]}}