{"frame_second": "2600", "pedestrian_list": [{"attractor_count": 62, "group_id": 0, "friend_zone": [40, 36, 82, 83, 46, 93, 20, 59, 96, 18, 69, 65, 118, 24, 95, 64, 58, 53, 22, 52, 2, 3, 5, 34, 71, 49, 7, 90, 74, 14, 108, 48, 57, 81, 35, 113, 39, 89, 68, 80, 61, 101, 85, 91, 54, 56, 26, 38, 37, 1, 105, 86, 47, 84, 63, 4, 79, 75, 0, 115, 27, 106], "position": [18.301873356433514, 57.23707760290172], "out_group_a_strength": 7.142857142857143, "target": [16.0, -39.0], "out_group_a_range": 2.8, "in_group_a_range": 2.8, "in_group_a_strength": 20, "target_a_range": 435, "radius": 0.3, "pedestrian_id": 124, "in_group_r_range": 2.0, "in_group_r_strength": 40, "out_group_r_range": 2.0, "target_a_strength": 22000000000, "out_group_r_strength": 112.0}, {"attractor_count": 62, "group_id": 0, "friend_zone": [116, 52, 75, 3, 48, 0, 96, 28, 91, 74, 50, 35, 46, 8, 83, 106, 67, 66, 109, 1, 73, 53, 120, 25, 98, 79, 54, 5, 84, 76, 93, 103, 22, 105, 118, 68, 71, 56, 41, 114, 89, 99, 108, 72, 11, 110, 85, 44, 19, 47, 40, 62, 15, 107, 60, 111, 31, 38, 10, 20, 23, 14], "position": [-3.7740570821841377, 47.49082505409327], "out_group_a_strength": 7.142857142857143, "target": [16.0, -39.0], "out_group_a_range": 2.8, "in_group_a_range": 2.8, "in_group_a_strength": 20, "target_a_range": 435, "radius": 0.3, "pedestrian_id": 125, "in_group_r_range": 2.0, "in_group_r_strength": 40, "out_group_r_range": 2.0, "target_a_strength": 22000000000, "out_group_r_strength": 112.0}, {"attractor_count": 62, "group_id": 1, "friend_zone": [113, 54, 1, 90, 84, 78, 10, 71, 3, 52, 35, 62, 27, 30, 61, 36, 73, 102, 93, 120, 50, 116, 46, 106, 81, 60, 14, 6, 8, 104, 12, 85, 66, 41, 64, 47, 48, 20, 34, 16, 108, 98, 101, 94, 28, 11, 58, 82, 65, 79, 25, 55, 19, 97, 32, 18, 31, 122, 22, 112, 40, 114], "position": [4.0088753424868475, 63.09780049402065], "out_group_a_strength": 7.142857142857143, "target": [16.0, -39.0], "out_group_a_range": 2.8, "in_group_a_range": 2.8, "in_group_a_strength": 20, "target_a_range": 435, "radius": 0.3, "pedestrian_id": 126, "in_group_r_range": 2.0, "in_group_r_strength": 40, "out_group_r_range": 2.0, "target_a_strength": 22000000000, "out_group_r_strength": 112.0}, {"attractor_count": 62, "group_id": 1, "friend_zone": [18, 85, 19, 75, 66, 100, 22, 47, 122, 49, 35, 40, 21, 73, 34, 12, 10, 62, 123, 48, 59, 70, 30, 112, 74, 93, 3, 71, 84, 8, 101, 118, 91, 68, 94, 92, 57, 53, 90, 96, 106, 37, 24, 39, 28, 89, 76, 33, 25, 4, 11, 54, 108, 78, 121, 42, 80, 95, 72, 110, 109, 67], "position": [9.246913003580618, 70.89363185935994], "out_group_a_strength": 7.142857142857143, "target": [16.0, -39.0], "out_group_a_range": 2.8, "in_group_a_range": 2.8, "in_group_a_strength": 20, "target_a_range": 435, "radius": 0.3, "pedestrian_id": 127, "in_group_r_range": 2.0, "in_group_r_strength": 40, "out_group_r_range": 2.0, "target_a_strength": 22000000000, "out_group_r_strength": 112.0}], "additional_id_existed_ped": {"0": [125], "1": [127], "2": [124, 125, 127], "3": [124, 126], "4": [125, 126], "5": [124, 125], "6": [125, 127], "7": [124, 126, 127], "8": [124, 127], "9": [125], "10": [125, 126, 127], "11": [124, 126], "12": [125, 126, 127], "13": [124, 125], "14": [125, 126, 127], "15": [127], "16": [124, 126], "17": [124, 125, 126], "18": [124, 126, 127], "19": [125, 127], "20": [124, 125, 126], "21": [124, 125, 127], "22": [125, 126], "23": [124, 125, 127], "24": [125, 127], "25": [124, 125, 126], "26": [], "27": [126, 127], "28": [], "29": [124, 125, 127], "30": [], "31": [124, 125, 127], "32": [126, 127], "33": [125, 126, 127], "34": [125, 126], "35": [], "36": [124, 125, 127], "37": [125, 127], "38": [], "39": [125, 126, 127], "40": [124, 127], "41": [124], "42": [125, 126], "43": [125, 126], "44": [127], "45": [126], "46": [], "47": [125], "48": [124, 127], "49": [124, 126], "50": [124, 126], "51": [124], "52": [126], "53": [125, 127], "54": [125, 126, 127], "55": [125, 126, 127], "56": [124, 125, 127], "57": [126, 127], "58": [124, 126], "59": [124, 126], "60": [124, 126], "61": [125, 126, 127], "62": [124, 125, 126], "63": [125, 126], "64": [127], "65": [124, 127], "66": [124, 125, 126], "67": [], "68": [124, 125], "69": [124], "70": [124, 125], "71": [127], "72": [124, 125, 126], "73": [125, 126], "74": [126], "75": [124, 125, 126, 127], "76": [124], "77": [126], "78": [125, 127], "79": [124, 125, 126], "80": [125, 127], "81": [125, 126, 127], "82": [124, 125, 127], "83": [126], "84": [124, 125, 126], "85": [125, 127], "86": [124, 127], "87": [124], "88": [124, 125, 126, 127], "89": [127], "90": [124, 126, 127], "91": [127], "92": [125, 127], "93": [124, 126, 127], "94": [126, 127], "95": [125, 127], "96": [125, 126, 127], "97": [124, 126], "98": [124], "99": [125], "100": [124, 126, 127], "101": [124, 126], "102": [125, 127], "103": [124, 126, 127], "104": [124, 125], "105": [126, 127], "106": [126], "107": [124, 126, 127], "108": [124, 125, 126], "109": [124, 126, 127], "110": [124], "111": [124], "112": [124], "113": [126], "114": [124], "115": [125, 126, 127], "116": [124, 125], "117": [124, 125], "118": [127], "119": [125, 126, 127], "120": [124, 126, 127], "121": [124, 125], "122": [124, 125, 127], "123": [126, 127]}}