{"frame_second": "800", "pedestrian_list": [{"attractor_count": 26, "group_id": 0, "friend_zone": [43, 9, 45, 4, 7, 46, 38, 21, 17, 49, 39, 10, 3, 29, 25, 44, 11, 32, 13, 5, 47, 1, 18, 12, 33, 19], "position": [0.13094299543298427, 59.20257107724396], "out_group_a_strength": 7.142857142857143, "target": [16.0, -39.0], "out_group_a_range": 2.8, "in_group_a_range": 2.8, "in_group_a_strength": 20, "target_a_range": 435, "radius": 0.3, "pedestrian_id": 52, "in_group_r_range": 2.0, "in_group_r_strength": 40, "out_group_r_range": 2.0, "target_a_strength": 22000000000, "out_group_r_strength": 112.0}, {"attractor_count": 26, "group_id": 0, "friend_zone": [19, 33, 1, 28, 49, 0, 46, 35, 14, 8, 29, 43, 3, 15, 16, 5, 2, 9, 30, 26, 36, 39, 22, 11, 51, 25], "position": [5.34900576309288, 69.57798697944399], "out_group_a_strength": 7.142857142857143, "target": [16.0, -39.0], "out_group_a_range": 2.8, "in_group_a_range": 2.8, "in_group_a_strength": 20, "target_a_range": 435, "radius": 0.3, "pedestrian_id": 53, "in_group_r_range": 2.0, "in_group_r_strength": 40, "out_group_r_range": 2.0, "target_a_strength": 22000000000, "out_group_r_strength": 112.0}, {"attractor_count": 26, "group_id": 1, "friend_zone": [43, 3, 24, 49, 38, 0, 47, 18, 40, 2, 5, 8, 1, 20, 29, 36, 17, 12, 30, 13, 16, 4, 48, 42, 26, 39], "position": [8.58542714109021, 45.564063319789675], "out_group_a_strength": 7.142857142857143, "target": [16.0, -39.0], "out_group_a_range": 2.8, "in_group_a_range": 2.8, "in_group_a_strength": 20, "target_a_range": 435, "radius": 0.3, "pedestrian_id": 54, "in_group_r_range": 2.0, "in_group_r_strength": 40, "out_group_r_range": 2.0, "target_a_strength": 22000000000, "out_group_r_strength": 112.0}, {"attractor_count": 26, "group_id": 1, "friend_zone": [40, 6, 7, 50, 12, 46, 43, 49, 0, 32, 15, 9, 47, 45, 19, 25, 37, 38, 28, 2, 10, 4, 36, 22, 51, 41], "position": [-3.7932972998819325, 71.56119383754002], "out_group_a_strength": 7.142857142857143, "target": [16.0, -39.0], "out_group_a_range": 2.8, "in_group_a_range": 2.8, "in_group_a_strength": 20, "target_a_range": 435, "radius": 0.3, "pedestrian_id": 55, "in_group_r_range": 2.0, "in_group_r_strength": 40, "out_group_r_range": 2.0, "target_a_strength": 22000000000, "out_group_r_strength": 112.0}], "additional_id_existed_ped": {"0": [54, 55], "1": [52, 54, 55], "2": [52, 55], "3": [53], "4": [54, 55], "5": [52, 54], "6": [52, 53], "7": [54], "8": [55], "9": [52, 55], "10": [52, 53, 54, 55], "11": [52, 53, 55], "12": [53, 55], "13": [53, 55], "14": [53], "15": [54, 55], "16": [53], "17": [54], "18": [52, 53, 54], "19": [52, 53, 54, 55], "20": [53, 54], "21": [54], "22": [55], "23": [52], "24": [52, 54], "25": [55], "26": [55], "27": [55], "28": [53], "29": [53, 54], "30": [52, 53, 54], "31": [52, 53, 54, 55], "32": [52, 53], "33": [54], "34": [52, 53, 54, 55], "35": [53, 55], "36": [52, 53, 54], "37": [52, 53], "38": [52, 53, 54, 55], "39": [53, 55], "40": [52, 55], "41": [52], "42": [52, 53, 54, 55], "43": [54], "44": [53], "45": [54], "46": [55], "47": [52], "48": [52, 53, 55], "49": [52, 54], "50": [52, 53, 54, 55], "51": [52, 54]}}