{"frame_second": "900", "pedestrian_list": [{"attractor_count": 28, "group_id": 0, "friend_zone": [45, 12, 46, 39, 16, 19, 0, 42, 34, 6, 1, 30, 47, 54, 3, 53, 10, 51, 41, 43, 8, 21, 35, 44, 25, 23, 38, 52], "position": [1.4368999923089785, 39.06378842871181], "out_group_a_strength": 7.142857142857143, "target": [16.0, -39.0], "out_group_a_range": 2.8, "in_group_a_range": 2.8, "in_group_a_strength": 20, "target_a_range": 435, "radius": 0.3, "pedestrian_id": 56, "in_group_r_range": 2.0, "in_group_r_strength": 40, "out_group_r_range": 2.0, "target_a_strength": 22000000000, "out_group_r_strength": 112.0}, {"attractor_count": 28, "group_id": 0, "friend_zone": [36, 54, 6, 26, 30, 46, 4, 42, 14, 34, 21, 33, 44, 37, 24, 0, 32, 41, 43, 45, 3, 52, 51, 53, 18, 19, 40, 12], "position": [-5.728800454160491, 53.368446573786066], "out_group_a_strength": 7.142857142857143, "target": [16.0, -39.0], "out_group_a_range": 2.8, "in_group_a_range": 2.8, "in_group_a_strength": 20, "target_a_range": 435, "radius": 0.3, "pedestrian_id": 57, "in_group_r_range": 2.0, "in_group_r_strength": 40, "out_group_r_range": 2.0, "target_a_strength": 22000000000, "out_group_r_strength": 112.0}, {"attractor_count": 28, "group_id": 1, "friend_zone": [54, 4, 44, 26, 35, 5, 49, 0, 12, 32, 38, 27, 25, 22, 52, 24, 23, 15, 18, 30, 33, 10, 16, 40, 1, 13, 14, 46], "position": [-8.323661652555218, 56.61642141396147], "out_group_a_strength": 7.142857142857143, "target": [16.0, -39.0], "out_group_a_range": 2.8, "in_group_a_range": 2.8, "in_group_a_strength": 20, "target_a_range": 435, "radius": 0.3, "pedestrian_id": 58, "in_group_r_range": 2.0, "in_group_r_strength": 40, "out_group_r_range": 2.0, "target_a_strength": 22000000000, "out_group_r_strength": 112.0}, {"attractor_count": 28, "group_id": 1, "friend_zone": [28, 31, 41, 55, 16, 42, 36, 20, 4, 30, 24, 21, 26, 27, 18, 29, 49, 14, 5, 33, 37, 53, 54, 23, 15, 12, 2, 17], "position": [13.765940990465353, 65.0340345614115], "out_group_a_strength": 7.142857142857143, "target": [16.0, -39.0], "out_group_a_range": 2.8, "in_group_a_range": 2.8, "in_group_a_strength": 20, "target_a_range": 435, "radius": 0.3, "pedestrian_id": 59, "in_group_r_range": 2.0, "in_group_r_strength": 40, "out_group_r_range": 2.0, "target_a_strength": 22000000000, "out_group_r_strength": 112.0}], "additional_id_existed_ped": {"0": [59], "1": [57, 58], "2": [], "3": [59], "4": [56, 59], "5": [56, 58, 59], "6": [57], "7": [58, 59], "8": [56, 58], "9": [58, 59], "10": [], "11": [58, 59], "12": [56, 59], "13": [56], "14": [56, 57, 59], "15": [57, 58, 59], "16": [56, 57, 58], "17": [56, 57, 58], "18": [56, 57, 58, 59], "19": [56, 58, 59], "20": [56, 59], "21": [56, 58, 59], "22": [57, 58], "23": [57, 58], "24": [56, 59], "25": [56, 57, 58], "26": [56, 57, 58], "27": [59], "28": [56, 57, 59], "29": [], "30": [56, 57], "31": [56, 57, 59], "32": [], "33": [56, 59], "34": [57, 58], "35": [56, 57, 58], "36": [58], "37": [56, 57, 59], "38": [57, 58], "39": [], "40": [56, 57], "41": [58], "42": [58, 59], "43": [57], "44": [57, 58, 59], "45": [57, 58, 59], "46": [56, 57, 59], "47": [57, 58], "48": [56, 57, 58], "49": [], "50": [56, 57, 58], "51": [56], "52": [57, 59], "53": [59], "54": [56, 57, 59], "55": [56, 58, 59]}}