{"frame_second": "1300", "pedestrian_list": [{"attractor_count": 36, "group_id": 0, "friend_zone": [16, 60, 50, 55, 65, 20, 27, 12, 62, 22, 5, 61, 67, 52, 58, 34, 19, 64, 29, 8, 47, 44, 6, 49, 40, 71, 21, 37, 18, 54, 24, 26, 39, 7, 56, 32], "position": [15.08880996161119, 46.185625604909085], "out_group_a_strength": 7.142857142857143, "target": [16.0, -39.0], "out_group_a_range": 2.8, "in_group_a_range": 2.8, "in_group_a_strength": 20, "target_a_range": 435, "radius": 0.3, "pedestrian_id": 72, "in_group_r_range": 2.0, "in_group_r_strength": 40, "out_group_r_range": 2.0, "target_a_strength": 22000000000, "out_group_r_strength": 112.0}, {"attractor_count": 36, "group_id": 0, "friend_zone": [59, 17, 42, 9, 16, 66, 8, 57, 69, 19, 31, 44, 58, 23, 1, 15, 63, 41, 27, 18, 22, 30, 43, 67, 28, 24, 51, 52, 50, 61, 60, 70, 33, 56, 2, 37], "position": [13.12896937872493, 41.66943901691172], "out_group_a_strength": 7.142857142857143, "target": [16.0, -39.0], "out_group_a_range": 2.8, "in_group_a_range": 2.8, "in_group_a_strength": 20, "target_a_range": 435, "radius": 0.3, "pedestrian_id": 73, "in_group_r_range": 2.0, "in_group_r_strength": 40, "out_group_r_range": 2.0, "target_a_strength": 22000000000, "out_group_r_strength": 112.0}, {"attractor_count": 36, "group_id": 1, "friend_zone": [26, 50, 52, 49, 61, 12, 8, 1, 27, 67, 45, 3, 11, 56, 4, 0, 34, 31, 22, 36, 6, 23, 48, 65, 54, 64, 63, 35, 70, 24, 47, 7, 13, 38, 60, 21], "position": [1.4213837515896883, 69.58974771279878], "out_group_a_strength": 7.142857142857143, "target": [16.0, -39.0], "out_group_a_range": 2.8, "in_group_a_range": 2.8, "in_group_a_strength": 20, "target_a_range": 435, "radius": 0.3, "pedestrian_id": 74, "in_group_r_range": 2.0, "in_group_r_strength": 40, "out_group_r_range": 2.0, "target_a_strength": 22000000000, "out_group_r_strength": 112.0}, {"attractor_count": 36, "group_id": 1, "friend_zone": [48, 32, 2, 51, 58, 55, 56, 36, 11, 33, 59, 26, 54, 29, 31, 23, 46, 35, 1, 40, 27, 49, 22, 38, 13, 24, 44, 70, 5, 63, 52, 69, 42, 28, 50, 39], "position": [4.0384932188932705, 52.71330391476713], "out_group_a_strength": 7.142857142857143, "target": [16.0, -39.0], "out_group_a_range": 2.8, "in_group_a_range": 2.8, "in_group_a_strength": 20, "target_a_range": 435, "radius": 0.3, "pedestrian_id": 75, "in_group_r_range": 2.0, "in_group_r_strength": 40, "out_group_r_range": 2.0, "target_a_strength": 22000000000, "out_group_r_strength": 112.0}], "additional_id_existed_ped": {"0": [73, 74, 75], "1": [], "2": [72, 75], "3": [72, 74], "4": [72, 73], "5": [73, 74], "6": [72, 73, 74], "7": [72, 73, 75], "8": [75], "9": [74], "10": [72, 74], "11": [72, 75], "12": [73], "13": [72, 74, 75], "14": [72, 74], "15": [73], "16": [73, 74, 75], "17": [73], "18": [75], "19": [72, 73, 75], "20": [75], "21": [], "22": [72, 73, 74], "23": [72, 73, 75], "24": [72, 73, 74, 75], "25": [73], "26": [74], "27": [74, 75], "28": [74], "29": [72], "30": [73, 74, 75], "31": [73, 75], "32": [72, 74], "33": [75], "34": [73, 74, 75], "35": [72, 73, 74], "36": [72, 73, 74, 75], "37": [72, 74], "38": [73], "39": [73, 75], "40": [72], "41": [73, 75], "42": [73, 75], "43": [72, 73, 74, 75], "44": [72], "45": [75], "46": [72, 74], "47": [], "48": [72, 73, 75], "49": [72, 74], "50": [72, 73, 74, 75], "51": [73, 74, 75], "52": [72, 73, 74], "53": [72, 74, 75], "54": [74], "55": [72, 74, 75], "56": [73, 74, 75], "57": [75], "58": [72, 73, 74], "59": [72, 73], "60": [72], "61": [75], "62": [72, 73, 75], "63": [72, 74, 75], "64": [75], "65": [74], "66": [], "67": [72, 73, 74], "68": [72, 73, 75], "69": [72, 73, 74], "70": [74], "71": [73, 75]}}