{"frame_second": "300", "pedestrian_list": [{"attractor_count": 16, "group_id": 0, "friend_zone": [22, 3, 16, 24, 9, 29, 10, 11, 25, 5, 26, 8, 13, 2, 18, 30], "position": [-9.627155441393995, 42.932757832389896], "out_group_a_strength": 7.142857142857143, "target": [16.0, -39.0], "out_group_a_range": 2.8, "in_group_a_range": 2.8, "in_group_a_strength": 20, "target_a_range": 435, "radius": 0.3, "pedestrian_id": 32, "in_group_r_range": 2.0, "in_group_r_strength": 40, "out_group_r_range": 2.0, "target_a_strength": 22000000000, "out_group_r_strength": 112.0}, {"attractor_count": 16, "group_id": 0, "friend_zone": [19, 22, 14, 31, 5, 23, 1, 4, 27, 11, 7, 25, 30, 16, 8, 3], "position": [10.52883934461574, 65.03194015637615], "out_group_a_strength": 7.142857142857143, "target": [16.0, -39.0], "out_group_a_range": 2.8, "in_group_a_range": 2.8, "in_group_a_strength": 20, "target_a_range": 435, "radius": 0.3, "pedestrian_id": 33, "in_group_r_range": 2.0, "in_group_r_strength": 40, "out_group_r_range": 2.0, "target_a_strength": 22000000000, "out_group_r_strength": 112.0}, {"attractor_count": 16, "group_id": 1, "friend_zone": [1, 9, 31, 20, 4, 26, 3, 10, 22, 14, 28, 15, 17, 0, 16, 11], "position": [15.727409411709058, 39.03092815551383], "out_group_a_strength": 7.142857142857143, "target": [16.0, -39.0], "out_group_a_range": 2.8, "in_group_a_range": 2.8, "in_group_a_strength": 20, "target_a_range": 435, "radius": 0.3, "pedestrian_id": 34, "in_group_r_range": 2.0, "in_group_r_strength": 40, "out_group_r_range": 2.0, "target_a_strength": 22000000000, "out_group_r_strength": 112.0}, {"attractor_count": 16, "group_id": 1, "friend_zone": [13, 7, 24, 15, 16, 0, 25, 14, 5, 29, 9, 1, 19, 26, 4, 8], "position": [10.529917553668032, 45.54302345705074], "out_group_a_strength": 7.142857142857143, "target": [16.0, -39.0], "out_group_a_range": 2.8, "in_group_a_range": 2.8, "in_group_a_strength": 20, "target_a_range": 435, "radius": 0.3, "pedestrian_id": 35, "in_group_r_range": 2.0, "in_group_r_strength": 40, "out_group_r_range": 2.0, "target_a_strength": 22000000000, "out_group_r_strength": 112.0}], "additional_id_existed_ped": {"0": [32, 33], "1": [32, 33, 35], "2": [], "3": [33], "4": [33], "5": [33], "6": [32, 33, 34, 35], "7": [32, 34, 35], "8": [33, 34, 35], "9": [35], "10": [32, 33], "11": [32, 34, 35], "12": [32], "13": [32], "14": [32, 33, 34, 35], "15": [33, 34], "16": [32, 34], "17": [32], "18": [32, 34, 35], "19": [32, 34, 35], "20": [33], "21": [32, 34], "22": [32, 33, 35], "23": [33, 34, 35], "24": [34, 35], "25": [34], "26": [33, 35], "27": [32, 33, 34], "28": [34, 35], "29": [33, 35], "30": [34, 35], "31": []}}