{"additional_id_existed_ped": {"0": [20, 23], "1": [20, 21, 22, 23], "2": [20, 23], "3": [21, 23], "4": [22, 23], "5": [22], "6": [21, 22], "7": [20], "8": [21, 22, 23], "9": [20, 21, 23], "10": [20, 22], "11": [20, 21, 22], "12": [23], "13": [22], "14": [20, 21, 23], "15": [], "16": [20, 21, 23], "17": [20, 22], "18": [21, 22], "19": [21]}, "frame_second": "0", "pedestrian_list": [{"out_group_a_strength": 14.285714285714286, "pedestrian_id": 20, "target_a_range": 435.0, "in_group_r_range": 2.0, "target": [16.0, -39.0], "friend_zone": [9, 14, 19, 15, 1, 5, 2, 4, 18, 6], "in_group_a_range": 2.8, "out_group_r_range": 2.0, "out_group_r_strength": 56.0, "attractor_count": 10, "target_a_strength": 22000000000.0, "out_group_a_range": 2.8, "radius": 0.3, "in_group_r_strength": 40.0, "in_group_a_strength": 20.0, "position": [-7.683038990012109, 42.28265224049799], "group_id": 0}, {"out_group_a_strength": 14.285714285714286, "pedestrian_id": 21, "target_a_range": 435.0, "in_group_r_range": 2.0, "target": [16.0, -39.0], "friend_zone": [6, 11, 8, 9, 0, 15, 10, 4, 1, 17], "in_group_a_range": 2.8, "out_group_r_range": 2.0, "out_group_r_strength": 56.0, "attractor_count": 10, "target_a_strength": 22000000000.0, "out_group_a_range": 2.8, "radius": 0.3, "in_group_r_strength": 40.0, "in_group_a_strength": 20.0, "position": [-7.018959414379374, 58.54559733655134], "group_id": 0}, {"out_group_a_strength": 14.285714285714286, "pedestrian_id": 22, "target_a_range": 435.0, "in_group_r_range": 2.0, "target": [16.0, -39.0], "friend_zone": [2, 14, 7, 10, 12, 19, 6, 16, 5, 0], "in_group_a_range": 2.8, "out_group_r_range": 2.0, "out_group_r_strength": 56.0, "attractor_count": 10, "target_a_strength": 22000000000.0, "out_group_a_range": 2.8, "radius": 0.3, "in_group_r_strength": 40.0, "in_group_a_strength": 20.0, "position": [8.565899368768147, 59.18614035423434], "group_id": 1}, {"out_group_a_strength": 14.285714285714286, "pedestrian_id": 23, "target_a_range": 435.0, "in_group_r_range": 2.0, "target": [16.0, -39.0], "friend_zone": [10, 8, 15, 13, 5, 16, 3, 0, 7, 9], "in_group_a_range": 2.8, "out_group_r_range": 2.0, "out_group_r_strength": 56.0, "attractor_count": 10, "target_a_strength": 22000000000.0, "out_group_a_range": 2.8, "radius": 0.3, "in_group_r_strength": 40.0, "in_group_a_strength": 20.0, "position": [-3.783524307535047, 37.764665434078275], "group_id": 1}]}