{"additional_id_existed_ped": {"0": [26], "1": [24, 26], "2": [25, 26, 27], "3": [25, 27], "4": [26, 27], "5": [24], "6": [24, 25, 26, 27], "7": [25, 26], "8": [24, 25], "9": [24, 25], "10": [24, 25, 26], "11": [25, 26, 27], "12": [24, 26], "13": [25], "14": [25, 27], "15": [24, 26, 27], "16": [24, 27], "17": [25], "18": [24, 27], "19": [24, 27], "20": [], "21": [27], "22": [25, 26, 27], "23": [24, 26]}, "frame_second": "100", "pedestrian_list": [{"out_group_a_strength": 14.285714285714286, "pedestrian_id": 24, "target_a_range": 435.0, "in_group_r_range": 2.0, "target": [16.0, -39.0], "friend_zone": [4, 23, 12, 19, 18, 10, 1, 15, 20, 17, 5, 3], "in_group_a_range": 2.8, "out_group_r_range": 2.0, "out_group_r_strength": 56.0, "attractor_count": 12, "target_a_strength": 22000000000.0, "out_group_a_range": 2.8, "radius": 0.3, "in_group_r_strength": 40.0, "in_group_a_strength": 20.0, "position": [18.33786368618153, 45.53980348188603], "group_id": 0}, {"out_group_a_strength": 14.285714285714286, "pedestrian_id": 25, "target_a_range": 435.0, "in_group_r_range": 2.0, "target": [16.0, -39.0], "friend_zone": [9, 10, 8, 19, 12, 14, 1, 23, 11, 7, 6, 5], "in_group_a_range": 2.8, "out_group_r_range": 2.0, "out_group_r_strength": 56.0, "attractor_count": 12, "target_a_strength": 22000000000.0, "out_group_a_range": 2.8, "radius": 0.3, "in_group_r_strength": 40.0, "in_group_a_strength": 20.0, "position": [14.40040713683715, 60.49130624225159], "group_id": 0}, {"out_group_a_strength": 14.285714285714286, "pedestrian_id": 26, "target_a_range": 435.0, "in_group_r_range": 2.0, "target": [16.0, -39.0], "friend_zone": [13, 3, 4, 21, 14, 5, 17, 15, 0, 1, 23, 11], "in_group_a_range": 2.8, "out_group_r_range": 2.0, "out_group_r_strength": 56.0, "attractor_count": 12, "target_a_strength": 22000000000.0, "out_group_a_range": 2.8, "radius": 0.3, "in_group_r_strength": 40.0, "in_group_a_strength": 20.0, "position": [-1.821709731268401, 69.60991816823605], "group_id": 1}, {"out_group_a_strength": 14.285714285714286, "pedestrian_id": 27, "target_a_range": 435.0, "in_group_r_range": 2.0, "target": [16.0, -39.0], "friend_zone": [12, 10, 23, 22, 17, 2, 15, 8, 13, 0, 3, 19], "in_group_a_range": 2.8, "out_group_r_range": 2.0, "out_group_r_strength": 56.0, "attractor_count": 12, "target_a_strength": 22000000000.0, "out_group_a_range": 2.8, "radius": 0.3, "in_group_r_strength": 40.0, "in_group_a_strength": 20.0, "position": [-8.338582175702914, 63.73889670259157], "group_id": 1}]}