{"additional_id_existed_ped": {"0": [20, 21, 22], "1": [20, 23], "2": [23], "3": [20, 22], "4": [21], "5": [21, 22], "6": [20, 21], "7": [22], "8": [20], "9": [20, 23], "10": [20, 22, 23], "11": [], "12": [20, 21, 23], "13": [20, 21, 22, 23], "14": [22], "15": [21, 22, 23], "16": [], "17": [21, 22, 23], "18": [21, 23], "19": [20, 21, 22, 23]}, "frame_second": "0", "pedestrian_list": [{"out_group_a_strength": 14.285714285714286, "pedestrian_id": 20, "target_a_range": 435.0, "in_group_r_range": 2.0, "target": [16.0, -39.0], "friend_zone": [1, 18, 17, 15, 14, 8, 3, 6, 16, 9], "in_group_a_range": 2.8, "out_group_r_range": 2.0, "out_group_r_strength": 56.0, "attractor_count": 10, "target_a_strength": 22000000000.0, "out_group_a_range": 2.8, "radius": 0.3, "in_group_r_strength": 40.0, "in_group_a_strength": 20.0, "position": [4.680807889481592, 53.33223096435157], "group_id": 0}, {"out_group_a_strength": 14.285714285714286, "pedestrian_id": 21, "target_a_range": 435.0, "in_group_r_range": 2.0, "target": [16.0, -39.0], "friend_zone": [8, 16, 1, 13, 12, 2, 17, 6, 0, 7], "in_group_a_range": 2.8, "out_group_r_range": 2.0, "out_group_r_strength": 56.0, "attractor_count": 10, "target_a_strength": 22000000000.0, "out_group_a_range": 2.8, "radius": 0.3, "in_group_r_strength": 40.0, "in_group_a_strength": 20.0, "position": [11.16299308748408, 55.96474226239104], "group_id": 0}, {"out_group_a_strength": 14.285714285714286, "pedestrian_id": 22, "target_a_range": 435.0, "in_group_r_range": 2.0, "target": [16.0, -39.0], "friend_zone": [0, 3, 9, 4, 8, 15, 17, 16, 6, 13], "in_group_a_range": 2.8, "out_group_r_range": 2.0, "out_group_r_strength": 56.0, "attractor_count": 10, "target_a_strength": 22000000000.0, "out_group_a_range": 2.8, "radius": 0.3, "in_group_r_strength": 40.0, "in_group_a_strength": 20.0, "position": [18.319096744516813, 58.55788600954221], "group_id": 1}, {"out_group_a_strength": 14.285714285714286, "pedestrian_id": 23, "target_a_range": 435.0, "in_group_r_range": 2.0, "target": [16.0, -39.0], "friend_zone": [19, 6, 17, 1, 7, 13, 2, 9, 11, 8], "in_group_a_range": 2.8, "out_group_r_range": 2.0, "out_group_r_strength": 56.0, "attractor_count": 10, "target_a_strength": 22000000000.0, "out_group_a_range": 2.8, "radius": 0.3, "in_group_r_strength": 40.0, "in_group_a_strength": 20.0, "position": [10.538854708784049, 57.258352914338445], "group_id": 1}]}