{"additional_id_existed_ped": {"0": [20, 23], "1": [20, 21], "2": [21, 23], "3": [22, 23], "4": [20, 22], "5": [21, 23], "6": [], "7": [20, 21], "8": [20, 23], "9": [21, 22, 23], "10": [20, 21, 22, 23], "11": [20, 23], "12": [20, 23], "13": [20, 21, 22], "14": [21, 22], "15": [22], "16": [21, 22], "17": [], "18": [22], "19": [20, 21, 22, 23]}, "frame_second": "0", "pedestrian_list": [{"out_group_a_strength": 14.285714285714286, "pedestrian_id": 20, "target_a_range": 435.0, "in_group_r_range": 2.0, "target": [16.0, -39.0], "friend_zone": [3, 10, 6, 0, 14, 2, 13, 5, 8, 17], "in_group_a_range": 2.8, "out_group_r_range": 2.0, "out_group_r_strength": 56.0, "attractor_count": 10, "target_a_strength": 22000000000.0, "out_group_a_range": 2.8, "radius": 0.3, "in_group_r_strength": 40.0, "in_group_a_strength": 20.0, "position": [5.99763760277517, 46.20982802747081], "group_id": 0}, {"out_group_a_strength": 14.285714285714286, "pedestrian_id": 21, "target_a_range": 435.0, "in_group_r_range": 2.0, "target": [16.0, -39.0], "friend_zone": [18, 14, 4, 6, 10, 0, 13, 12, 17, 1], "in_group_a_range": 2.8, "out_group_r_range": 2.0, "out_group_r_strength": 56.0, "attractor_count": 10, "target_a_strength": 22000000000.0, "out_group_a_range": 2.8, "radius": 0.3, "in_group_r_strength": 40.0, "in_group_a_strength": 20.0, "position": [-3.1081003367932807, 48.14048697482445], "group_id": 0}, {"out_group_a_strength": 14.285714285714286, "pedestrian_id": 22, "target_a_range": 435.0, "in_group_r_range": 2.0, "target": [16.0, -39.0], "friend_zone": [13, 14, 3, 11, 6, 15, 2, 12, 16, 5], "in_group_a_range": 2.8, "out_group_r_range": 2.0, "out_group_r_strength": 56.0, "attractor_count": 10, "target_a_strength": 22000000000.0, "out_group_a_range": 2.8, "radius": 0.3, "in_group_r_strength": 40.0, "in_group_a_strength": 20.0, "position": [11.815718965530017, 58.557067121862], "group_id": 1}, {"out_group_a_strength": 14.285714285714286, "pedestrian_id": 23, "target_a_range": 435.0, "in_group_r_range": 2.0, "target": [16.0, -39.0], "friend_zone": [2, 9, 6, 17, 8, 1, 4, 11, 14, 5], "in_group_a_range": 2.8, "out_group_r_range": 2.0, "out_group_r_strength": 56.0, "attractor_count": 10, "target_a_strength": 22000000000.0, "out_group_a_range": 2.8, "radius": 0.3, "in_group_r_strength": 40.0, "in_group_a_strength": 20.0, "position": [9.85740394996573, 58.53200027046315], "group_id": 1}]}