{"frame_second": "100", "additional_id_existed_ped": {"0": [54], "1": [54], "2": [55], "3": [52, 53, 54], "4": [53, 54, 55], "5": [52, 54, 55], "6": [54, 55], "7": [52, 53], "8": [52], "9": [52, 54, 55], "10": [52], "11": [53, 54, 55], "12": [52, 53, 55], "13": [52, 53, 54, 55], "14": [52], "15": [53], "16": [53, 54, 55], "17": [53, 54, 55], "18": [53], "19": [52, 53], "20": [52, 53], "21": [52, 54, 55], "22": [52, 54], "23": [52, 53, 54], "24": [53, 54], "25": [54, 55], "26": [53, 55], "27": [], "28": [53, 54], "29": [52], "30": [52, 53, 55], "31": [53], "32": [54, 55], "33": [52, 55], "34": [52, 54, 55], "35": [55], "36": [54, 55], "37": [54], "38": [53], "39": [52, 55], "40": [52, 54, 55], "41": [52, 53, 55], "42": [52, 53, 55], "43": [53, 55], "44": [52, 53, 54], "45": [54, 55], "46": [52, 53, 55], "47": [], "48": [52, 53, 54], "49": [53], "50": [], "51": [52, 54]}, "pedestrian_list": [{"attractor_count": 26, "out_group_r_strength": 56.0, "out_group_a_range": 2.8, "target_a_strength": 22000000000, "in_group_a_strength": 20, "in_group_r_range": 2.0, "group_id": 0, "out_group_a_strength": 14.285714285714286, "target": [35.0, 25.0], "in_group_a_range": 2.8, "position": [122.71904579998889, 38.31751037081501], "friend_zone": [8, 6, 0, 21, 3, 10, 46, 51, 38, 26, 2, 45, 16, 4, 29, 49, 39, 23, 31, 9, 18, 25, 44, 48, 19, 11], "pedestrian_id": 52, "target_a_range": 435, "out_group_r_range": 2.0, "radius": 0.3, "in_group_r_strength": 40}, {"attractor_count": 26, "out_group_r_strength": 56.0, "out_group_a_range": 2.8, "target_a_strength": 22000000000, "in_group_a_strength": 20, "in_group_r_range": 2.0, "group_id": 0, "out_group_a_strength": 14.285714285714286, "target": [35.0, 25.0], "in_group_a_range": 2.8, "position": [130.5280541719835, 34.446163739245016], "friend_zone": [44, 8, 24, 37, 27, 10, 4, 42, 41, 15, 32, 51, 17, 23, 20, 31, 19, 33, 22, 39, 25, 5, 1, 45, 50, 6], "pedestrian_id": 53, "target_a_range": 435, "out_group_r_range": 2.0, "radius": 0.3, "in_group_r_strength": 40}, {"attractor_count": 26, "out_group_r_strength": 56.0, "out_group_a_range": 2.8, "target_a_strength": 22000000000, "in_group_a_strength": 20, "in_group_r_range": 2.0, "group_id": 1, "out_group_a_strength": 14.285714285714286, "target": [35.0, 25.0], "in_group_a_range": 2.8, "position": [114.26719235353468, 34.40497185644776], "friend_zone": [30, 15, 44, 45, 2, 20, 37, 38, 51, 4, 1, 22, 27, 29, 18, 7, 28, 26, 46, 31, 9, 36, 14, 25, 39, 11], "pedestrian_id": 54, "target_a_range": 435, "out_group_r_range": 2.0, "radius": 0.3, "in_group_r_strength": 40}, {"attractor_count": 26, "out_group_r_strength": 56.0, "out_group_a_range": 2.8, "target_a_strength": 22000000000, "in_group_a_strength": 20, "in_group_r_range": 2.0, "group_id": 1, "out_group_a_strength": 14.285714285714286, "target": [35.0, 25.0], "in_group_a_range": 2.8, "position": [135.71900517609996, 28.554738715916926], "friend_zone": [15, 2, 24, 18, 6, 9, 32, 3, 35, 10, 5, 43, 49, 38, 14, 23, 31, 45, 51, 16, 36, 17, 42, 27, 7, 39], "pedestrian_id": 55, "target_a_range": 435, "out_group_r_range": 2.0, "radius": 0.3, "in_group_r_strength": 40}]}