{"additional_id_existed_ped": {"0": [22, 23], "1": [21, 22], "2": [20, 23], "3": [21, 22, 23], "4": [20, 23], "5": [20, 21, 23], "6": [20], "7": [20, 21, 22], "8": [20, 22], "9": [21], "10": [20, 22], "11": [21, 22, 23], "12": [21], "13": [23], "14": [], "15": [20, 21], "16": [20, 21, 22, 23], "17": [20, 22], "18": [21, 23], "19": [22, 23]}, "frame_second": "0", "pedestrian_list": [{"radius": 0.3, "target": [16.0, -39.0], "out_group_a_strength": 14.285714285714286, "group_id": 0, "target_a_strength": 22000000000, "out_group_r_strength": 56.0, "target_a_range": 435, "in_group_r_range": 2.0, "in_group_a_strength": 20, "pedestrian_id": 20, "out_group_a_range": 2.8, "in_group_a_range": 2.8, "in_group_r_strength": 40, "out_group_r_range": 2.0, "position": [2.051317457725679, 71.5511361889396], "friend_zone": [1, 3, 9, 2, 14, 17, 16, 7, 12, 5], "attractor_count": 10}, {"radius": 0.3, "target": [16.0, -39.0], "out_group_a_strength": 14.285714285714286, "group_id": 0, "target_a_strength": 22000000000, "out_group_r_strength": 56.0, "target_a_range": 435, "in_group_r_range": 2.0, "in_group_a_strength": 20, "pedestrian_id": 21, "out_group_a_range": 2.8, "in_group_a_range": 2.8, "in_group_r_strength": 40, "out_group_r_range": 2.0, "position": [4.69001935641023, 36.455324275137194], "friend_zone": [3, 14, 15, 18, 6, 4, 12, 13, 9, 11], "attractor_count": 10}, {"radius": 0.3, "target": [16.0, -39.0], "out_group_a_strength": 14.285714285714286, "group_id": 1, "target_a_strength": 22000000000, "out_group_r_strength": 56.0, "target_a_range": 435, "in_group_r_range": 2.0, "in_group_a_strength": 20, "pedestrian_id": 22, "out_group_a_range": 2.8, "in_group_a_range": 2.8, "in_group_r_strength": 40, "out_group_r_range": 2.0, "position": [6.643121806968799, 46.19358474462067], "friend_zone": [12, 0, 14, 18, 19, 9, 2, 17, 13, 6], "attractor_count": 10}, {"radius": 0.3, "target": [16.0, -39.0], "out_group_a_strength": 14.285714285714286, "group_id": 1, "target_a_strength": 22000000000, "out_group_r_strength": 56.0, "target_a_range": 435, "in_group_r_range": 2.0, "in_group_a_strength": 20, "pedestrian_id": 23, "out_group_a_range": 2.8, "in_group_a_range": 2.8, "in_group_r_strength": 40, "out_group_r_range": 2.0, "position": [-7.0018081784698, 54.63095944424673], "friend_zone": [4, 13, 12, 16, 15, 19, 17, 18, 1, 8], "attractor_count": 10}]}