{"frame_second": "400", "additional_id_existed_ped": {"0": [72], "1": [72, 73], "2": [75], "3": [72, 73, 75], "4": [72, 73, 74], "5": [72, 73, 74, 75], "6": [74, 75], "7": [73, 74], "8": [73], "9": [72, 73, 75], "10": [72, 74], "11": [73], "12": [73, 74, 75], "13": [72, 73, 74, 75], "14": [74], "15": [72, 74, 75], "16": [72, 73, 74], "17": [72], "18": [75], "19": [75], "20": [72, 74, 75], "21": [72, 73], "22": [72, 73, 74], "23": [74, 75], "24": [72, 75], "25": [73], "26": [74, 75], "27": [72, 73], "28": [72, 73, 74, 75], "29": [72, 73, 74, 75], "30": [72, 73, 74], "31": [74], "32": [72, 74], "33": [72, 73, 74], "34": [74, 75], "35": [72, 75], "36": [72], "37": [73, 75], "38": [74, 75], "39": [74, 75], "40": [72, 73, 74], "41": [73, 74, 75], "42": [72, 74], "43": [75], "44": [74], "45": [72, 74, 75], "46": [73], "47": [75], "48": [72, 73], "49": [72, 73, 75], "50": [72, 74, 75], "51": [72], "52": [], "53": [72, 74], "54": [], "55": [73, 74], "56": [73, 74, 75], "57": [73], "58": [72, 75], "59": [73], "60": [73], "61": [73], "62": [75], "63": [73, 74, 75], "64": [72, 74, 75], "65": [72, 75], "66": [73, 74], "67": [72, 73, 75], "68": [73, 75], "69": [72, 74], "70": [73], "71": [74, 75], "76": [75], "77": [72, 73], "78": [75], "79": [72, 73, 74]}, "pedestrian_list": [{"attractor_count": 38, "out_group_r_strength": 56.0, "out_group_a_range": 2.8, "target_a_strength": 22000000000, "in_group_a_strength": 20, "in_group_r_range": 2.0, "group_id": 0, "out_group_a_strength": 14.285714285714286, "target": [35.0, 25.0], "in_group_a_range": 2.8, "position": [-43.61407128298571, 10.384363131392613], "friend_zone": [49, 27, 78, 7, 41, 53, 3, 20, 13, 12, 33, 23, 44, 5, 17, 21, 4, 42, 38, 60, 28, 54, 31, 71, 9, 14, 30, 29, 70, 10, 6, 65, 61, 68, 59, 47, 76, 24], "pedestrian_id": 72, "target_a_range": 435, "out_group_r_range": 2.0, "radius": 0.3, "in_group_r_strength": 40}, {"attractor_count": 38, "out_group_r_strength": 56.0, "out_group_a_range": 2.8, "target_a_strength": 22000000000, "in_group_a_strength": 20, "in_group_r_range": 2.0, "group_id": 0, "out_group_a_strength": 14.285714285714286, "target": [35.0, 25.0], "in_group_a_range": 2.8, "position": [-67.66835727620281, 16.851825593944245], "friend_zone": [56, 65, 31, 4, 43, 51, 9, 60, 57, 55, 61, 37, 28, 53, 68, 25, 27, 2, 36, 6, 11, 59, 41, 32, 22, 62, 67, 40, 18, 24, 50, 16, 7, 42, 54, 17, 46, 3], "pedestrian_id": 73, "target_a_range": 435, "out_group_r_range": 2.0, "radius": 0.3, "in_group_r_strength": 40}, {"attractor_count": 38, "out_group_r_strength": 56.0, "out_group_a_range": 2.8, "target_a_strength": 22000000000, "in_group_a_strength": 20, "in_group_r_range": 2.0, "group_id": 1, "out_group_a_strength": 14.285714285714286, "target": [35.0, 25.0], "in_group_a_range": 2.8, "position": [-66.36629140757215, 11.668312476135235], "friend_zone": [2, 55, 28, 38, 14, 0, 46, 59, 31, 21, 60, 53, 40, 47, 23, 8, 70, 30, 11, 65, 15, 3, 18, 62, 27, 41, 67, 57, 17, 13, 58, 7, 71, 20, 51, 54, 64, 49], "pedestrian_id": 74, "target_a_range": 435, "out_group_r_range": 2.0, "radius": 0.3, "in_group_r_strength": 40}, {"attractor_count": 38, "out_group_r_strength": 56.0, "out_group_a_range": 2.8, "target_a_strength": 22000000000, "in_group_a_strength": 20, "in_group_r_range": 2.0, "group_id": 1, "out_group_a_strength": 14.285714285714286, "target": [35.0, 25.0], "in_group_a_range": 2.8, "position": [-48.18868018747179, 33.10700551574411], "friend_zone": [55, 52, 0, 79, 62, 34, 77, 70, 46, 9, 40, 39, 29, 50, 1, 54, 65, 23, 17, 4, 66, 10, 26, 76, 35, 57, 12, 24, 22, 32, 61, 48, 53, 13, 59, 60, 18, 51], "pedestrian_id": 75, "target_a_range": 435, "out_group_r_range": 2.0, "radius": 0.3, "in_group_r_strength": 40}]}