{"additional_id_existed_ped": {"0": [85, 86, 87], "1": [85], "2": [84, 85, 86], "3": [84, 85, 86, 87], "4": [87], "5": [86, 87], "6": [87], "7": [84, 86], "8": [], "9": [86, 87], "10": [84, 87], "11": [86, 87], "12": [84, 85], "13": [86], "14": [85, 86], "15": [86, 87], "16": [84], "17": [85, 87], "18": [86], "19": [86, 87], "20": [86], "21": [84, 85, 87], "22": [85, 86, 87], "23": [87], "24": [86], "25": [85, 86, 87], "26": [84, 85, 87], "27": [85], "28": [84, 87], "29": [84, 85, 86, 87], "30": [84, 85, 86], "31": [85, 86], "32": [84], "33": [84, 85, 87], "34": [84, 87], "35": [84, 85, 86], "36": [85, 87], "37": [84, 85, 87], "38": [84], "39": [85], "40": [84, 86, 87], "41": [86], "42": [84, 85, 86, 87], "43": [84, 85, 86, 87], "44": [87], "45": [84, 86, 87], "46": [85, 87], "47": [84, 86], "48": [], "49": [84, 86, 87], "50": [84, 87], "51": [86], "52": [84, 85], "53": [84, 86, 87], "54": [85, 86], "55": [84, 85], "56": [84, 86], "57": [84, 85, 87], "58": [87], "59": [85], "60": [84, 87], "61": [84, 86], "62": [85], "63": [84, 85], "64": [86, 87], "65": [86], "66": [85], "67": [84, 86], "68": [85, 86], "69": [84, 87], "70": [84, 85], "71": [84, 85, 87], "72": [84, 85], "73": [85, 86, 87], "74": [84, 85, 86, 87], "75": [84, 85], "76": [85, 87], "77": [85, 86, 87], "78": [84, 85, 86], "79": [84, 85, 86, 87], "80": [], "81": [], "82": [86], "83": [84]}, "frame_second": "1600", "pedestrian_list": [{"radius": 0.3, "target": [16.0, -39.0], "out_group_a_strength": 14.285714285714286, "group_id": 0, "target_a_strength": 22000000000, "out_group_r_strength": 56.0, "target_a_range": 435, "in_group_r_range": 2.0, "in_group_a_strength": 20, "pedestrian_id": 84, "out_group_a_range": 2.8, "in_group_a_range": 2.8, "in_group_r_strength": 40, "out_group_r_range": 2.0, "position": [-4.426896500185574, 57.268952375387656], "friend_zone": [18, 35, 56, 61, 15, 51, 4, 43, 74, 25, 38, 50, 13, 22, 73, 23, 1, 48, 30, 57, 47, 76, 8, 40, 81, 17, 82, 36, 80, 78, 26, 11, 39, 0, 3, 27, 42, 5, 68, 62, 44, 83], "attractor_count": 42}, {"radius": 0.3, "target": [16.0, -39.0], "out_group_a_strength": 14.285714285714286, "group_id": 0, "target_a_strength": 22000000000, "out_group_r_strength": 56.0, "target_a_range": 435, "in_group_r_range": 2.0, "in_group_a_strength": 20, "pedestrian_id": 85, "out_group_a_range": 2.8, "in_group_a_range": 2.8, "in_group_r_strength": 40, "out_group_r_range": 2.0, "position": [17.673650657255312, 68.31379572028413], "friend_zone": [76, 65, 1, 68, 56, 50, 71, 35, 36, 37, 28, 57, 6, 11, 9, 40, 59, 66, 81, 73, 0, 13, 72, 67, 69, 83, 18, 19, 62, 41, 46, 53, 10, 42, 8, 70, 49, 21, 24, 23, 26, 20], "attractor_count": 42}, {"radius": 0.3, "target": [16.0, -39.0], "out_group_a_strength": 14.285714285714286, "group_id": 1, "target_a_strength": 22000000000, "out_group_r_strength": 56.0, "target_a_range": 435, "in_group_r_range": 2.0, "in_group_a_strength": 20, "pedestrian_id": 86, "out_group_a_range": 2.8, "in_group_a_range": 2.8, "in_group_r_strength": 40, "out_group_r_range": 2.0, "position": [4.657521132222084, 53.32576760400551], "friend_zone": [15, 7, 47, 32, 24, 48, 23, 54, 33, 16, 1, 83, 78, 75, 9, 19, 45, 52, 3, 55, 12, 37, 58, 74, 80, 13, 49, 35, 18, 28, 21, 14, 10, 44, 25, 46, 34, 6, 26, 38, 63, 73], "attractor_count": 42}, {"radius": 0.3, "target": [16.0, -39.0], "out_group_a_strength": 14.285714285714286, "group_id": 1, "target_a_strength": 22000000000, "out_group_r_strength": 56.0, "target_a_range": 435, "in_group_r_range": 2.0, "in_group_a_strength": 20, "pedestrian_id": 87, "out_group_a_range": 2.8, "in_group_a_range": 2.8, "in_group_r_strength": 40, "out_group_r_range": 2.0, "position": [14.425095130883065, 53.36842298378443], "friend_zone": [64, 52, 37, 49, 48, 40, 21, 19, 7, 72, 55, 18, 23, 42, 53, 35, 8, 60, 82, 1, 20, 47, 25, 66, 38, 15, 14, 22, 43, 0, 62, 70, 80, 39, 10, 24, 51, 30, 4, 58, 65, 26], "attractor_count": 42}]}