{"additional_id_existed_ped": {"0": [38], "1": [37], "2": [36, 37, 38, 39], "3": [36, 38, 39], "4": [36, 37, 38, 39], "5": [36, 37], "6": [36, 37], "7": [37, 39], "8": [], "9": [36, 37, 38, 39], "10": [36, 39], "11": [36, 37, 39], "12": [36, 39], "13": [39], "14": [36], "15": [39], "16": [37, 39], "17": [37, 38, 39], "18": [38, 39], "19": [36, 37, 38], "20": [37, 38], "21": [36, 37, 39], "22": [37, 38], "23": [39], "24": [38], "25": [36, 38], "26": [37, 38], "27": [36, 37], "28": [38], "29": [36, 38], "30": [38, 39], "31": [36, 38], "32": [], "33": [38, 39], "34": [36, 37, 39], "35": [36, 37]}, "frame_second": "400", "pedestrian_list": [{"radius": 0.3, "target": [16.0, -39.0], "out_group_a_strength": 14.285714285714286, "group_id": 0, "target_a_strength": 22000000000, "out_group_r_strength": 56.0, "target_a_range": 435, "in_group_r_range": 2.0, "in_group_a_strength": 20, "pedestrian_id": 36, "out_group_a_range": 2.8, "in_group_a_range": 2.8, "in_group_r_strength": 40, "out_group_r_range": 2.0, "position": [13.13579656144502, 48.790624546879265], "friend_zone": [8, 31, 1, 35, 0, 3, 18, 2, 11, 16, 29, 33, 26, 22, 19, 34, 15, 32], "attractor_count": 18}, {"radius": 0.3, "target": [16.0, -39.0], "out_group_a_strength": 14.285714285714286, "group_id": 0, "target_a_strength": 22000000000, "out_group_r_strength": 56.0, "target_a_range": 435, "in_group_r_range": 2.0, "in_group_a_strength": 20, "pedestrian_id": 37, "out_group_a_range": 2.8, "in_group_a_range": 2.8, "in_group_r_strength": 40, "out_group_r_range": 2.0, "position": [2.0784878663419675, 56.595243669632296], "friend_zone": [31, 28, 34, 11, 18, 35, 12, 2, 1, 14, 29, 7, 9, 33, 26, 4, 21, 24], "attractor_count": 18}, {"radius": 0.3, "target": [16.0, -39.0], "out_group_a_strength": 14.285714285714286, "group_id": 1, "target_a_strength": 22000000000, "out_group_r_strength": 56.0, "target_a_range": 435, "in_group_r_range": 2.0, "in_group_a_strength": 20, "pedestrian_id": 38, "out_group_a_range": 2.8, "in_group_a_range": 2.8, "in_group_r_strength": 40, "out_group_r_range": 2.0, "position": [13.117699627783258, 67.02136788167495], "friend_zone": [19, 11, 0, 4, 24, 18, 7, 28, 12, 26, 3, 1, 2, 17, 15, 9, 16, 25], "attractor_count": 18}, {"radius": 0.3, "target": [16.0, -39.0], "out_group_a_strength": 14.285714285714286, "group_id": 1, "target_a_strength": 22000000000, "out_group_r_strength": 56.0, "target_a_range": 435, "in_group_r_range": 2.0, "in_group_a_strength": 20, "pedestrian_id": 39, "out_group_a_range": 2.8, "in_group_a_range": 2.8, "in_group_r_strength": 40, "out_group_r_range": 2.0, "position": [-3.118080556111361, 57.2597192812577], "friend_zone": [6, 17, 22, 29, 28, 11, 14, 15, 27, 25, 30, 1, 8, 26, 33, 10, 9, 2], "attractor_count": 18}]}