{"additional_id_existed_ped": {"0": [78], "1": [76, 77], "2": [76], "3": [76, 77, 78], "4": [76, 78], "5": [76, 77], "6": [77, 78, 79], "7": [78], "8": [78], "9": [77], "10": [76], "11": [], "12": [77, 78, 79], "13": [77, 79], "14": [77, 79], "15": [76, 77, 78], "16": [76, 77, 79], "17": [79], "18": [76, 77, 78], "19": [77, 78], "20": [79], "21": [79], "22": [78, 79], "23": [76, 77], "24": [76], "25": [76, 79], "26": [76, 78, 79], "27": [], "28": [77], "29": [76, 77, 78, 79], "30": [77], "31": [76, 78, 79], "32": [76, 78, 79], "33": [77, 79], "34": [76, 77], "35": [78], "36": [76, 77, 78, 79], "37": [76, 78, 79], "38": [], "39": [77, 79], "40": [76], "41": [76, 77, 78, 79], "42": [], "43": [76, 77, 78, 79], "44": [76, 77], "45": [76, 77, 78, 79], "46": [], "47": [76], "48": [78], "49": [79], "50": [76, 77, 78, 79], "51": [76, 78, 79], "52": [77], "53": [78], "54": [76, 78, 79], "55": [79], "56": [76, 79], "57": [77, 78], "58": [76, 77, 78, 79], "59": [77], "60": [], "61": [78], "62": [76, 77, 78, 79], "63": [76, 77, 79], "64": [76, 79], "65": [77, 79], "66": [79], "67": [78], "68": [76, 77, 78, 79], "69": [77, 78, 79], "70": [77, 78, 79], "71": [76, 77, 78], "72": [76, 77, 78, 79], "73": [76], "74": [78, 79], "75": [76, 77, 78]}, "frame_second": "1400", "pedestrian_list": [{"radius": 0.3, "target": [16.0, -39.0], "out_group_a_strength": 14.285714285714286, "group_id": 0, "target_a_strength": 22000000000, "out_group_r_strength": 56.0, "target_a_range": 435, "in_group_r_range": 2.0, "in_group_a_strength": 20, "pedestrian_id": 76, "out_group_a_range": 2.8, "in_group_a_range": 2.8, "in_group_r_strength": 40, "out_group_r_range": 2.0, "position": [-3.141642497110502, 59.86608290366352], "friend_zone": [18, 36, 16, 26, 0, 75, 8, 20, 54, 69, 57, 32, 44, 55, 38, 63, 14, 70, 3, 42, 30, 28, 12, 11, 72, 58, 68, 43, 47, 24, 56, 65, 17, 6, 37, 7, 33, 39], "attractor_count": 38}, {"radius": 0.3, "target": [16.0, -39.0], "out_group_a_strength": 14.285714285714286, "group_id": 0, "target_a_strength": 22000000000, "out_group_r_strength": 56.0, "target_a_range": 435, "in_group_r_range": 2.0, "in_group_a_strength": 20, "pedestrian_id": 77, "out_group_a_range": 2.8, "in_group_a_range": 2.8, "in_group_r_strength": 40, "out_group_r_range": 2.0, "position": [0.7720485375389297, 57.8887691382007], "friend_zone": [19, 11, 49, 14, 17, 25, 27, 30, 62, 12, 13, 67, 47, 44, 61, 26, 38, 45, 24, 28, 54, 31, 50, 65, 32, 35, 53, 55, 66, 18, 70, 22, 29, 43, 52, 72, 64, 23], "attractor_count": 38}, {"radius": 0.3, "target": [16.0, -39.0], "out_group_a_strength": 14.285714285714286, "group_id": 1, "target_a_strength": 22000000000, "out_group_r_strength": 56.0, "target_a_range": 435, "in_group_r_range": 2.0, "in_group_a_strength": 20, "pedestrian_id": 78, "out_group_a_range": 2.8, "in_group_a_range": 2.8, "in_group_r_strength": 40, "out_group_r_range": 2.0, "position": [0.7842657176135766, 44.26505807576877], "friend_zone": [22, 7, 69, 61, 42, 38, 62, 28, 45, 40, 5, 55, 36, 53, 4, 71, 3, 1, 20, 2, 8, 49, 52, 60, 73, 6, 12, 32, 54, 59, 58, 16, 74, 44, 51, 10, 24, 48], "attractor_count": 38}, {"radius": 0.3, "target": [16.0, -39.0], "out_group_a_strength": 14.285714285714286, "group_id": 1, "target_a_strength": 22000000000, "out_group_r_strength": 56.0, "target_a_range": 435, "in_group_r_range": 2.0, "in_group_a_strength": 20, "pedestrian_id": 79, "out_group_a_range": 2.8, "in_group_a_range": 2.8, "in_group_r_strength": 40, "out_group_r_range": 2.0, "position": [-5.713023712750496, 60.47890380740381], "friend_zone": [73, 30, 8, 2, 59, 32, 75, 52, 42, 63, 7, 67, 22, 5, 16, 15, 23, 4, 60, 71, 37, 3, 21, 35, 18, 51, 49, 58, 6, 43, 9, 41, 70, 68, 65, 74, 10, 0], "attractor_count": 38}]}