{"additional_id_existed_ped": {"0": [26], "1": [24, 25, 27], "2": [27], "3": [24, 25], "4": [24, 26], "5": [24, 26], "6": [24, 25, 26], "7": [27], "8": [25, 27], "9": [24, 25, 27], "10": [25, 26, 27], "11": [25, 27], "12": [24], "13": [24, 25, 27], "14": [24, 26, 27], "15": [24, 25, 26, 27], "16": [24, 26], "17": [27], "18": [24, 27], "19": [25, 26], "20": [25, 26], "21": [26], "22": [26], "23": [25]}, "frame_second": "100", "pedestrian_list": [{"radius": 0.3, "target": [16.0, -39.0], "out_group_a_strength": 14.285714285714286, "group_id": 0, "target_a_strength": 22000000000, "out_group_r_strength": 56.0, "target_a_range": 435, "in_group_r_range": 2.0, "in_group_a_strength": 20, "pedestrian_id": 24, "out_group_a_range": 2.8, "in_group_a_range": 2.8, "in_group_r_strength": 40, "out_group_r_range": 2.0, "position": [11.813105035324881, 53.374840787171294], "friend_zone": [21, 0, 7, 15, 16, 11, 2, 6, 23, 5, 20, 14], "attractor_count": 12}, {"radius": 0.3, "target": [16.0, -39.0], "out_group_a_strength": 14.285714285714286, "group_id": 0, "target_a_strength": 22000000000, "out_group_r_strength": 56.0, "target_a_range": 435, "in_group_r_range": 2.0, "in_group_a_strength": 20, "pedestrian_id": 25, "out_group_a_range": 2.8, "in_group_a_range": 2.8, "in_group_r_strength": 40, "out_group_r_range": 2.0, "position": [16.3701670309487, 48.171575272065404], "friend_zone": [2, 15, 0, 6, 16, 4, 21, 13, 17, 23, 22, 3], "attractor_count": 12}, {"radius": 0.3, "target": [16.0, -39.0], "out_group_a_strength": 14.285714285714286, "group_id": 1, "target_a_strength": 22000000000, "out_group_r_strength": 56.0, "target_a_range": 435, "in_group_r_range": 2.0, "in_group_a_strength": 20, "pedestrian_id": 26, "out_group_a_range": 2.8, "in_group_a_range": 2.8, "in_group_r_strength": 40, "out_group_r_range": 2.0, "position": [-7.049821239937639, 49.47241180299865], "friend_zone": [20, 19, 17, 14, 8, 11, 5, 1, 6, 22, 9, 0], "attractor_count": 12}, {"radius": 0.3, "target": [16.0, -39.0], "out_group_a_strength": 14.285714285714286, "group_id": 1, "target_a_strength": 22000000000, "out_group_r_strength": 56.0, "target_a_range": 435, "in_group_r_range": 2.0, "in_group_a_strength": 20, "pedestrian_id": 27, "out_group_a_range": 2.8, "in_group_a_range": 2.8, "in_group_r_strength": 40, "out_group_r_range": 2.0, "position": [-8.960890575358377, 59.18973386952889], "friend_zone": [21, 4, 22, 13, 11, 0, 1, 5, 2, 3, 17, 6], "attractor_count": 12}]}