{"additional_id_existed_ped": {"0": [49, 50], "1": [51], "2": [48, 49, 50], "3": [48, 51], "4": [49, 50, 51], "5": [50, 51], "6": [50], "7": [], "8": [49], "9": [48, 49, 50, 51], "10": [48, 49, 51], "11": [48, 49, 51], "12": [48], "13": [48, 50], "14": [48, 51], "15": [48, 49, 50], "16": [], "17": [48, 51], "18": [49, 50], "19": [48, 49, 50, 51], "20": [49, 51], "21": [51], "22": [48, 50], "23": [48, 50, 51], "24": [51], "25": [50, 51], "26": [48, 49], "27": [48, 49, 50, 51], "28": [48, 50], "29": [48, 50, 51], "30": [49, 50], "31": [48, 49, 50, 51], "32": [49, 50, 51], "33": [49], "34": [48, 49], "35": [51], "36": [49, 50], "37": [], "38": [48, 49, 51], "39": [48, 50, 51], "40": [49, 50], "41": [48, 49], "42": [49, 50, 51], "43": [], "44": [48], "45": [50], "46": [48, 49], "47": [51]}, "frame_second": "700", "pedestrian_list": [{"radius": 0.3, "target": [16.0, -39.0], "out_group_a_strength": 14.285714285714286, "group_id": 0, "target_a_strength": 22000000000, "out_group_r_strength": 56.0, "target_a_range": 435, "in_group_r_range": 2.0, "in_group_a_strength": 20, "pedestrian_id": 48, "out_group_a_range": 2.8, "in_group_a_range": 2.8, "in_group_r_strength": 40, "out_group_r_range": 2.0, "position": [-7.654718069447459, 52.04055789838857], "friend_zone": [39, 35, 5, 18, 22, 36, 24, 14, 27, 21, 10, 7, 43, 42, 32, 20, 11, 2, 1, 33, 29, 12, 17, 47], "attractor_count": 24}, {"radius": 0.3, "target": [16.0, -39.0], "out_group_a_strength": 14.285714285714286, "group_id": 0, "target_a_strength": 22000000000, "out_group_r_strength": 56.0, "target_a_range": 435, "in_group_r_range": 2.0, "in_group_a_strength": 20, "pedestrian_id": 49, "out_group_a_range": 2.8, "in_group_a_range": 2.8, "in_group_r_strength": 40, "out_group_r_range": 2.0, "position": [-1.8270116475809155, 67.64040202847458], "friend_zone": [32, 40, 7, 30, 21, 11, 43, 45, 12, 3, 33, 0, 26, 34, 23, 47, 46, 28, 17, 5, 39, 14, 9, 31], "attractor_count": 24}, {"radius": 0.3, "target": [16.0, -39.0], "out_group_a_strength": 14.285714285714286, "group_id": 1, "target_a_strength": 22000000000, "out_group_r_strength": 56.0, "target_a_range": 435, "in_group_r_range": 2.0, "in_group_a_strength": 20, "pedestrian_id": 50, "out_group_a_range": 2.8, "in_group_a_range": 2.8, "in_group_r_strength": 40, "out_group_r_range": 2.0, "position": [11.81345137745078, 52.04135361163189], "friend_zone": [20, 4, 12, 45, 16, 5, 41, 44, 7, 27, 2, 25, 14, 37, 38, 19, 34, 13, 22, 47, 43, 33, 23, 17], "attractor_count": 24}, {"radius": 0.3, "target": [16.0, -39.0], "out_group_a_strength": 14.285714285714286, "group_id": 1, "target_a_strength": 22000000000, "out_group_r_strength": 56.0, "target_a_range": 435, "in_group_r_range": 2.0, "in_group_a_strength": 20, "pedestrian_id": 51, "out_group_a_range": 2.8, "in_group_a_range": 2.8, "in_group_r_strength": 40, "out_group_r_range": 2.0, "position": [4.031197914342899, 57.88778311519465], "friend_zone": [4, 37, 27, 38, 23, 0, 24, 28, 43, 47, 7, 3, 21, 12, 6, 1, 16, 2, 13, 33, 32, 39, 8, 42], "attractor_count": 24}]}