{"frame_second": "500", "additional_id_existed_ped": {"0": [81], "1": [81, 82], "2": [81], "3": [81, 83], "4": [82, 83], "5": [81, 82, 83], "6": [80, 81, 82], "7": [80, 82, 83], "8": [80, 81, 83], "9": [81, 83], "10": [82], "11": [80], "12": [80, 82], "13": [81, 82], "14": [81, 82], "15": [], "16": [81, 83], "17": [81, 83], "18": [80, 81, 82, 83], "19": [81, 83], "20": [81, 82, 83], "21": [81, 83], "22": [83], "23": [80, 81, 83], "24": [81], "25": [], "26": [80, 81, 82, 83], "27": [81], "28": [82], "29": [80, 82], "30": [81], "31": [80, 83], "32": [80, 82, 83], "33": [82], "34": [], "35": [80], "36": [81, 82, 83], "37": [80, 82], "38": [80, 82], "39": [80, 82], "40": [80, 83], "41": [80, 81], "42": [81], "43": [81, 82, 83], "44": [80, 82], "45": [80, 82], "46": [82], "47": [80, 81, 82], "48": [82], "49": [80, 81, 82, 83], "50": [80, 81, 82], "51": [80, 83], "52": [83], "53": [80, 81, 82], "54": [80, 81, 82, 83], "55": [81], "56": [80, 82], "57": [80, 81], "58": [80, 83], "59": [80, 83], "60": [80, 83], "61": [81], "62": [80, 81], "63": [80, 83], "64": [83], "65": [81, 82, 83], "66": [80, 81, 83], "67": [81], "68": [82, 83], "69": [83], "70": [80, 83], "71": [82, 83], "72": [82], "73": [80, 81, 83], "74": [80, 81, 82], "75": [80, 81, 82], "76": [80, 83], "77": [80, 82, 83], "78": [81, 83], "79": [80, 82, 83], "84": [80, 82, 83], "85": [82], "86": [81], "87": [80, 82, 83]}, "pedestrian_list": [{"attractor_count": 42, "out_group_r_strength": 56.0, "out_group_a_range": 2.8, "target_a_strength": 22000000000, "in_group_a_strength": 20, "in_group_r_range": 2.0, "group_id": 0, "out_group_a_strength": 14.285714285714286, "target": [35.0, 25.0], "in_group_a_range": 2.8, "position": [-57.253426672280895, 17.530416894479757], "friend_zone": [59, 2, 51, 11, 12, 24, 63, 42, 34, 61, 13, 35, 14, 20, 50, 7, 37, 58, 78, 30, 71, 5, 21, 47, 8, 0, 9, 66, 41, 53, 70, 18, 77, 84, 69, 43, 75, 60, 27, 15, 3, 45], "pedestrian_id": 80, "target_a_range": 435, "out_group_r_range": 2.0, "radius": 0.3, "in_group_r_strength": 40}, {"attractor_count": 42, "out_group_r_strength": 56.0, "out_group_a_range": 2.8, "target_a_strength": 22000000000, "in_group_a_strength": 20, "in_group_r_range": 2.0, "group_id": 0, "out_group_a_strength": 14.285714285714286, "target": [35.0, 25.0], "in_group_a_range": 2.8, "position": [-44.295743962736765, 18.18996698473966], "friend_zone": [10, 1, 43, 21, 74, 56, 84, 32, 72, 38, 11, 71, 37, 67, 44, 54, 47, 66, 3, 62, 58, 50, 51, 48, 64, 79, 25, 20, 73, 26, 19, 49, 8, 31, 28, 76, 35, 52, 34, 68, 2, 75], "pedestrian_id": 81, "target_a_range": 435, "out_group_r_range": 2.0, "radius": 0.3, "in_group_r_strength": 40}, {"attractor_count": 42, "out_group_r_strength": 56.0, "out_group_a_range": 2.8, "target_a_strength": 22000000000, "in_group_a_strength": 20, "in_group_r_range": 2.0, "group_id": 1, "out_group_a_strength": 14.285714285714286, "target": [35.0, 25.0], "in_group_a_range": 2.8, "position": [-51.44786347040105, 39.60924212588244], "friend_zone": [20, 1, 16, 4, 36, 17, 12, 11, 53, 85, 38, 71, 60, 22, 46, 24, 37, 0, 64, 52, 55, 87, 27, 45, 77, 43, 61, 35, 44, 2, 50, 86, 63, 31, 73, 3, 76, 51, 66, 5, 75, 59], "pedestrian_id": 82, "target_a_range": 435, "out_group_r_range": 2.0, "radius": 0.3, "in_group_r_strength": 40}, {"attractor_count": 42, "out_group_r_strength": 56.0, "out_group_a_range": 2.8, "target_a_strength": 22000000000, "in_group_a_strength": 20, "in_group_r_range": 2.0, "group_id": 1, "out_group_a_strength": 14.285714285714286, "target": [35.0, 25.0], "in_group_a_range": 2.8, "position": [-57.282991285073244, 20.75554713949072], "friend_zone": [85, 58, 0, 53, 38, 68, 64, 75, 45, 29, 46, 51, 48, 70, 27, 12, 69, 52, 54, 16, 44, 39, 43, 56, 5, 71, 34, 30, 62, 40, 60, 8, 63, 55, 77, 15, 32, 11, 72, 9, 1, 76], "pedestrian_id": 83, "target_a_range": 435, "out_group_r_range": 2.0, "radius": 0.3, "in_group_r_strength": 40}]}