{"additional_id_existed_ped": {"0": [100], "1": [100, 101, 102], "2": [102, 103], "3": [101], "4": [100, 101], "5": [100, 102], "6": [100], "7": [100, 101, 103], "8": [101, 102, 103], "9": [102], "10": [100, 101], "11": [100], "12": [103], "13": [100, 101, 102], "14": [101, 102, 103], "15": [100], "16": [101], "17": [101, 103], "18": [102, 103], "19": [101, 102, 103], "20": [100, 102], "21": [101, 102], "22": [101], "23": [100, 101, 103], "24": [], "25": [100, 101, 102], "26": [100, 101], "27": [100, 101], "28": [102, 103], "29": [100, 101, 103], "30": [102, 103], "31": [100, 103], "32": [100, 101, 102, 103], "33": [], "34": [101, 102, 103], "35": [100, 103], "36": [100, 101, 102], "37": [100, 101, 103], "38": [], "39": [101, 102], "40": [], "41": [100, 101, 103], "42": [102], "43": [100, 101], "44": [100, 101, 102, 103], "45": [100, 102, 103], "46": [101], "47": [101, 102, 103], "48": [100, 102, 103], "49": [101, 103], "50": [100, 101, 102, 103], "51": [102, 103], "52": [101, 103], "53": [100, 101, 102, 103], "54": [100, 101, 102, 103], "55": [102], "56": [102], "57": [100], "58": [100, 103], "59": [102], "60": [100, 101], "61": [103], "62": [101], "63": [103], "64": [100, 103], "65": [100, 101], "66": [101, 102], "67": [100, 103], "68": [101, 102, 103], "69": [102], "70": [101], "71": [100, 101, 102, 103], "72": [102, 103], "73": [100, 101, 102, 103], "74": [101, 102], "75": [100, 103], "76": [101, 103], "77": [102, 103], "78": [101], "79": [100, 103], "80": [102], "81": [101], "82": [], "83": [100, 103], "84": [100, 101, 102, 103], "85": [100], "86": [100], "87": [100, 102], "88": [102, 103], "89": [101, 102, 103], "90": [102, 103], "91": [101, 102, 103], "92": [100, 103], "93": [100, 102], "94": [], "95": [100, 102], "96": [100, 102], "97": [], "98": [100, 101, 102, 103], "99": [100, 101, 102, 103]}, "frame_second": "2000", "pedestrian_list": [{"radius": 0.3, "target": [16.0, -39.0], "out_group_a_strength": 14.285714285714286, "group_id": 0, "target_a_strength": 22000000000, "out_group_r_strength": 56.0, "target_a_range": 435, "in_group_r_range": 2.0, "in_group_a_strength": 20, "pedestrian_id": 100, "out_group_a_range": 2.8, "in_group_a_range": 2.8, "in_group_r_strength": 40, "out_group_r_range": 2.0, "position": [12.467282788038137, 41.0030341158304], "friend_zone": [65, 18, 44, 28, 84, 85, 77, 6, 58, 37, 10, 25, 38, 63, 39, 11, 5, 62, 15, 35, 91, 60, 0, 88, 32, 13, 48, 96, 61, 19, 33, 12, 1, 64, 92, 17, 79, 30, 76, 66, 89, 86, 54, 24, 59, 50, 73, 36, 71, 81], "attractor_count": 50}, {"radius": 0.3, "target": [16.0, -39.0], "out_group_a_strength": 14.285714285714286, "group_id": 0, "target_a_strength": 22000000000, "out_group_r_strength": 56.0, "target_a_range": 435, "in_group_r_range": 2.0, "in_group_a_strength": 20, "pedestrian_id": 101, "out_group_a_range": 2.8, "in_group_a_range": 2.8, "in_group_r_strength": 40, "out_group_r_range": 2.0, "position": [-6.395957025522627, 63.12438378154081], "friend_zone": [75, 19, 20, 83, 39, 89, 55, 92, 27, 58, 35, 42, 63, 24, 54, 95, 78, 44, 74, 59, 73, 47, 66, 77, 32, 22, 70, 67, 93, 88, 87, 23, 1, 57, 69, 41, 33, 68, 94, 99, 61, 12, 71, 11, 84, 79, 14, 8, 97, 62], "attractor_count": 50}, {"radius": 0.3, "target": [16.0, -39.0], "out_group_a_strength": 14.285714285714286, "group_id": 1, "target_a_strength": 22000000000, "out_group_r_strength": 56.0, "target_a_range": 435, "in_group_r_range": 2.0, "in_group_a_strength": 20, "pedestrian_id": 102, "out_group_a_range": 2.8, "in_group_a_range": 2.8, "in_group_r_strength": 40, "out_group_r_range": 2.0, "position": [5.345720024439769, 61.148987528693446], "friend_zone": [41, 93, 6, 25, 34, 71, 3, 37, 69, 16, 64, 63, 78, 29, 44, 47, 27, 91, 19, 58, 51, 28, 24, 53, 77, 73, 11, 88, 92, 98, 56, 54, 2, 55, 14, 31, 12, 87, 10, 67, 97, 15, 8, 23, 86, 30, 82, 70, 43, 32], "attractor_count": 50}, {"radius": 0.3, "target": [16.0, -39.0], "out_group_a_strength": 14.285714285714286, "group_id": 1, "target_a_strength": 22000000000, "out_group_r_strength": 56.0, "target_a_range": 435, "in_group_r_range": 2.0, "in_group_a_strength": 20, "pedestrian_id": 103, "out_group_a_range": 2.8, "in_group_a_range": 2.8, "in_group_r_strength": 40, "out_group_r_range": 2.0, "position": [19.624979363001543, 50.76471181555326], "friend_zone": [66, 94, 80, 99, 77, 54, 27, 91, 3, 39, 75, 26, 15, 72, 18, 22, 28, 20, 29, 62, 64, 96, 65, 84, 11, 76, 53, 68, 69, 8, 31, 57, 89, 19, 85, 34, 87, 97, 30, 73, 79, 0, 60, 9, 16, 6, 23, 38, 10, 32], "attractor_count": 50}]}