{"frame_second": "500", "additional_id_existed_ped": {"0": [], "1": [86, 87], "2": [85], "3": [85, 87], "4": [85, 86], "5": [85, 86, 87], "6": [87], "7": [84, 85, 86, 87], "8": [85, 87], "9": [84, 86, 87], "10": [85], "11": [86], "12": [86, 87], "13": [85, 86], "14": [], "15": [84, 85, 86], "16": [85, 86], "17": [84, 86, 87], "18": [84, 87], "19": [84, 85, 86], "20": [84, 85], "21": [84, 85, 86, 87], "22": [84], "23": [86, 87], "24": [85, 86, 87], "25": [84, 86], "26": [87], "27": [84], "28": [84, 87], "29": [84, 85, 86], "30": [85, 86, 87], "31": [84, 86, 87], "32": [85], "33": [84, 87], "34": [85, 87], "35": [84, 85, 87], "36": [84, 85, 86, 87], "37": [84, 86, 87], "38": [84], "39": [84], "40": [84, 86], "41": [84, 86, 87], "42": [84, 85, 86], "43": [85], "44": [84, 86], "45": [84, 85, 87], "46": [84, 85, 87], "47": [85, 86], "48": [86], "49": [87], "50": [84, 87], "51": [84, 86, 87], "52": [84, 85, 86, 87], "53": [85, 87], "54": [84, 86], "55": [87], "56": [], "57": [85, 86], "58": [87], "59": [84, 86], "60": [84, 87], "61": [84], "62": [84, 86], "63": [84, 85], "64": [85, 86], "65": [84, 85], "66": [84, 85, 86, 87], "67": [85, 87], "68": [], "69": [85, 86], "70": [], "71": [84, 85, 86], "72": [87], "73": [85], "74": [86, 87], "75": [85], "76": [84, 86, 87], "77": [84, 85, 86], "78": [85, 87], "79": [], "80": [87], "81": [84, 85, 86], "82": [84, 85, 87], "83": [85, 86, 87]}, "pedestrian_list": [{"attractor_count": 42, "out_group_r_strength": 56.0, "out_group_a_range": 2.8, "target_a_strength": 22000000000, "in_group_a_strength": 20, "in_group_r_range": 2.0, "group_id": 0, "out_group_a_strength": 14.285714285714286, "target": [35.0, 25.0], "in_group_a_range": 2.8, "position": [127.92818606806499, 16.864703515039697], "friend_zone": [38, 25, 35, 51, 40, 6, 4, 47, 72, 42, 67, 83, 53, 74, 62, 1, 29, 8, 39, 70, 31, 54, 55, 10, 3, 48, 23, 24, 41, 22, 80, 73, 21, 16, 32, 26, 36, 69, 59, 49, 45, 68], "pedestrian_id": 84, "target_a_range": 435, "out_group_r_range": 2.0, "radius": 0.3, "in_group_r_strength": 40}, {"attractor_count": 42, "out_group_r_strength": 56.0, "out_group_a_range": 2.8, "target_a_strength": 22000000000, "in_group_a_strength": 20, "in_group_r_range": 2.0, "group_id": 0, "out_group_a_strength": 14.285714285714286, "target": [35.0, 25.0], "in_group_a_range": 2.8, "position": [139.60449928522848, 14.28987601477469], "friend_zone": [31, 72, 75, 56, 4, 13, 25, 65, 30, 78, 66, 44, 62, 2, 5, 76, 38, 57, 34, 43, 70, 82, 83, 20, 8, 46, 74, 23, 17, 9, 81, 73, 29, 33, 50, 18, 58, 41, 52, 69, 14, 36], "pedestrian_id": 85, "target_a_range": 435, "out_group_r_range": 2.0, "radius": 0.3, "in_group_r_strength": 40}, {"attractor_count": 42, "out_group_r_strength": 56.0, "out_group_a_range": 2.8, "target_a_strength": 22000000000, "in_group_a_strength": 20, "in_group_r_range": 2.0, "group_id": 1, "out_group_a_strength": 14.285714285714286, "target": [35.0, 25.0], "in_group_a_range": 2.8, "position": [127.29825668835468, 35.72137288817431], "friend_zone": [81, 2, 77, 11, 82, 15, 70, 37, 25, 73, 5, 26, 7, 10, 64, 13, 6, 49, 61, 9, 46, 24, 69, 54, 44, 3, 41, 62, 68, 39, 75, 23, 8, 74, 12, 16, 29, 21, 20, 40, 14, 48], "pedestrian_id": 86, "target_a_range": 435, "out_group_r_range": 2.0, "radius": 0.3, "in_group_r_strength": 40}, {"attractor_count": 42, "out_group_r_strength": 56.0, "out_group_a_range": 2.8, "target_a_strength": 22000000000, "in_group_a_strength": 20, "in_group_r_range": 2.0, "group_id": 1, "out_group_a_strength": 14.285714285714286, "target": [35.0, 25.0], "in_group_a_range": 2.8, "position": [129.21655844193782, 31.15285854848455], "friend_zone": [38, 72, 73, 35, 52, 37, 40, 1, 47, 55, 70, 79, 57, 0, 29, 10, 11, 76, 5, 45, 34, 78, 50, 74, 39, 23, 65, 61, 63, 16, 32, 56, 26, 28, 66, 2, 25, 77, 54, 21, 68, 27], "pedestrian_id": 87, "target_a_range": 435, "out_group_r_range": 2.0, "radius": 0.3, "in_group_r_strength": 40}]}