{"frame_second": "100", "additional_id_existed_ped": {"0": [49, 50], "1": [49, 50, 51], "2": [48, 51], "3": [51], "4": [48, 49], "5": [48, 50], "6": [48, 49, 50], "7": [], "8": [48, 50], "9": [48, 49, 50, 51], "10": [51], "11": [51], "12": [49, 50], "13": [], "14": [50, 51], "15": [48, 49], "16": [49, 51], "17": [49, 51], "18": [48, 49, 50, 51], "19": [48, 49, 50, 51], "20": [48], "21": [50], "22": [48, 50, 51], "23": [48, 51], "24": [49, 50], "25": [48, 49, 50], "26": [48, 51], "27": [48, 49], "28": [48, 49], "29": [48, 49], "30": [48, 51], "31": [49, 50], "32": [49, 50], "33": [49, 50, 51], "34": [48, 49, 50], "35": [49], "36": [48], "37": [48, 50, 51], "38": [49, 51], "39": [49, 50], "40": [48, 49, 51], "41": [48, 50, 51], "42": [], "43": [50, 51], "44": [50, 51], "45": [50, 51], "46": [48, 51], "47": [50], "52": [49, 51], "53": [48, 49, 50, 51], "54": [48], "55": []}, "pedestrian_list": [{"attractor_count": 26, "out_group_r_strength": 56.0, "out_group_a_range": 2.8, "target_a_strength": 22000000000, "in_group_a_strength": 20, "in_group_r_range": 2.0, "group_id": 0, "out_group_a_strength": 14.285714285714286, "target": [35.0, 25.0], "in_group_a_range": 2.8, "position": [-46.86005336529396, 25.961723927177413], "friend_zone": [38, 12, 32, 53, 31, 20, 13, 41, 6, 17, 23, 14, 4, 40, 22, 9, 0, 55, 34, 24, 36, 47, 37, 52, 28, 35], "pedestrian_id": 48, "target_a_range": 435, "out_group_r_range": 2.0, "radius": 0.3, "in_group_r_strength": 40}, {"attractor_count": 26, "out_group_r_strength": 56.0, "out_group_a_range": 2.8, "target_a_strength": 22000000000, "in_group_a_strength": 20, "in_group_r_range": 2.0, "group_id": 0, "out_group_a_strength": 14.285714285714286, "target": [35.0, 25.0], "in_group_a_range": 2.8, "position": [-47.532920434690396, 14.915600409940469], "friend_zone": [15, 32, 10, 14, 8, 41, 27, 0, 13, 7, 40, 6, 24, 36, 29, 21, 42, 28, 3, 2, 20, 54, 19, 18, 22, 46], "pedestrian_id": 49, "target_a_range": 435, "out_group_r_range": 2.0, "radius": 0.3, "in_group_r_strength": 40}, {"attractor_count": 26, "out_group_r_strength": 56.0, "out_group_a_range": 2.8, "target_a_strength": 22000000000, "in_group_a_strength": 20, "in_group_r_range": 2.0, "group_id": 1, "out_group_a_strength": 14.285714285714286, "target": [35.0, 25.0], "in_group_a_range": 2.8, "position": [-44.280529578403225, 14.27675476417409], "friend_zone": [20, 28, 47, 36, 10, 27, 0, 7, 29, 22, 34, 52, 17, 33, 38, 26, 5, 19, 30, 21, 16, 53, 44, 9, 23, 2], "pedestrian_id": 50, "target_a_range": 435, "out_group_r_range": 2.0, "radius": 0.3, "in_group_r_strength": 40}, {"attractor_count": 26, "out_group_r_strength": 56.0, "out_group_a_range": 2.8, "target_a_strength": 22000000000, "in_group_a_strength": 20, "in_group_r_range": 2.0, "group_id": 1, "out_group_a_strength": 14.285714285714286, "target": [35.0, 25.0], "in_group_a_range": 2.8, "position": [-65.09064344864207, 35.06076134469885], "friend_zone": [1, 55, 39, 18, 27, 0, 26, 11, 43, 17, 32, 24, 15, 7, 13, 46, 2, 12, 38, 42, 28, 6, 3, 44, 52, 21], "pedestrian_id": 51, "target_a_range": 435, "out_group_r_range": 2.0, "radius": 0.3, "in_group_r_strength": 40}]}