{"frame_second": "400", "additional_id_existed_ped": {"0": [76], "1": [76, 77, 78], "2": [76, 79], "3": [76, 78, 79], "4": [], "5": [76], "6": [77, 78, 79], "7": [76, 78], "8": [76, 77, 78], "9": [76, 77], "10": [76, 77, 78], "11": [77, 78, 79], "12": [77, 78], "13": [78], "14": [77, 79], "15": [76, 77, 78, 79], "16": [76, 78], "17": [76, 77, 78, 79], "18": [76, 77], "19": [77, 78, 79], "20": [77, 79], "21": [77, 78, 79], "22": [78], "23": [76, 79], "24": [76, 78, 79], "25": [79], "26": [76, 79], "27": [76, 77], "28": [79], "29": [77, 78], "30": [76, 77], "31": [76, 79], "32": [76, 78], "33": [76, 78, 79], "34": [77], "35": [78], "36": [76], "37": [77, 78, 79], "38": [], "39": [76, 77, 79], "40": [], "41": [76, 77, 79], "42": [76, 77, 78], "43": [76, 77, 78, 79], "44": [78, 79], "45": [78, 79], "46": [76, 77, 79], "47": [76, 77, 78, 79], "48": [77], "49": [79], "50": [76, 78, 79], "51": [76, 77, 79], "52": [78], "53": [76, 77], "54": [76, 79], "55": [76, 79], "56": [76, 77, 79], "57": [78], "58": [77, 78], "59": [77, 78, 79], "60": [76, 77], "61": [], "62": [77], "63": [77], "64": [76, 77, 78], "65": [76, 78, 79], "66": [79], "67": [], "68": [78], "69": [77, 78, 79], "70": [], "71": [77, 78], "72": [79], "73": [76, 77, 78, 79], "74": [79], "75": [78]}, "pedestrian_list": [{"attractor_count": 38, "out_group_r_strength": 56.0, "out_group_a_range": 2.8, "target_a_strength": 22000000000, "in_group_a_strength": 20, "in_group_r_range": 2.0, "group_id": 0, "out_group_a_strength": 14.285714285714286, "target": [35.0, 25.0], "in_group_a_range": 2.8, "position": [122.08371332620327, 25.33574114333189], "friend_zone": [11, 30, 27, 19, 1, 49, 50, 9, 33, 20, 57, 53, 12, 61, 70, 2, 55, 3, 22, 56, 18, 75, 68, 4, 58, 35, 44, 10, 72, 16, 25, 59, 26, 60, 46, 47, 52, 15], "pedestrian_id": 76, "target_a_range": 435, "out_group_r_range": 2.0, "radius": 0.3, "in_group_r_strength": 40}, {"attractor_count": 38, "out_group_r_strength": 56.0, "out_group_a_range": 2.8, "target_a_strength": 22000000000, "in_group_a_strength": 20, "in_group_r_range": 2.0, "group_id": 0, "out_group_a_strength": 14.285714285714286, "target": [35.0, 25.0], "in_group_a_range": 2.8, "position": [129.2203187307153, 19.492019478024115], "friend_zone": [58, 33, 27, 35, 65, 10, 53, 55, 4, 75, 46, 68, 50, 45, 6, 51, 32, 19, 1, 70, 47, 56, 43, 0, 67, 64, 61, 38, 26, 18, 37, 31, 17, 48, 23, 5, 16, 24], "pedestrian_id": 77, "target_a_range": 435, "out_group_r_range": 2.0, "radius": 0.3, "in_group_r_strength": 40}, {"attractor_count": 38, "out_group_r_strength": 56.0, "out_group_a_range": 2.8, "target_a_strength": 22000000000, "in_group_a_strength": 20, "in_group_r_range": 2.0, "group_id": 1, "out_group_a_strength": 14.285714285714286, "target": [35.0, 25.0], "in_group_a_range": 2.8, "position": [121.40865701369933, 24.00631389177069], "friend_zone": [64, 7, 46, 18, 41, 13, 57, 28, 0, 2, 56, 47, 30, 11, 45, 5, 35, 69, 25, 24, 32, 65, 1, 53, 22, 50, 40, 68, 9, 66, 37, 72, 17, 33, 75, 8, 3, 62], "pedestrian_id": 78, "target_a_range": 435, "out_group_r_range": 2.0, "radius": 0.3, "in_group_r_strength": 40}, {"attractor_count": 38, "out_group_r_strength": 56.0, "out_group_a_range": 2.8, "target_a_strength": 22000000000, "in_group_a_strength": 20, "in_group_r_range": 2.0, "group_id": 1, "out_group_a_strength": 14.285714285714286, "target": [35.0, 25.0], "in_group_a_range": 2.8, "position": [118.17163398225665, 11.03584732811444], "friend_zone": [30, 19, 1, 23, 17, 10, 33, 38, 35, 26, 3, 8, 21, 57, 65, 60, 74, 22, 18, 5, 44, 41, 14, 71, 16, 29, 31, 52, 15, 68, 24, 70, 25, 58, 49, 72, 50, 37], "pedestrian_id": 79, "target_a_range": 435, "out_group_r_range": 2.0, "radius": 0.3, "in_group_r_strength": 40}]}