{"additional_id_existed_ped": {"0": [44, 46, 47], "1": [45, 46], "2": [47], "3": [44, 46, 47], "4": [44, 46, 47], "5": [44, 46], "6": [44], "7": [45], "8": [47], "9": [44, 45], "10": [45, 46, 47], "11": [46], "12": [44, 45], "13": [45, 46], "14": [47], "15": [44, 45, 46], "16": [45, 47], "17": [], "18": [46, 47], "19": [44, 45], "20": [45, 47], "21": [44, 45], "22": [44, 45, 47], "23": [44, 45, 47], "24": [46, 47], "25": [44, 45, 46], "26": [45, 46], "27": [44, 45], "28": [44, 46, 47], "29": [45], "30": [45], "31": [47], "32": [44, 47], "33": [44, 45, 46], "34": [44, 46], "35": [45, 46, 47], "36": [44, 45], "37": [44, 47], "38": [44], "39": [46, 47], "40": [44, 46, 47], "41": [46, 47], "42": [46, 47], "43": [45, 46]}, "frame_second": "600", "pedestrian_list": [{"radius": 0.3, "target": [16.0, -39.0], "out_group_a_strength": 14.285714285714286, "group_id": 0, "target_a_strength": 22000000000, "out_group_r_strength": 56.0, "target_a_range": 435, "in_group_r_range": 2.0, "in_group_a_strength": 20, "pedestrian_id": 44, "out_group_a_range": 2.8, "in_group_a_range": 2.8, "in_group_r_strength": 40, "out_group_r_range": 2.0, "position": [2.722001592128537, 56.58542878319181], "friend_zone": [19, 28, 21, 39, 15, 0, 22, 42, 14, 10, 1, 25, 6, 40, 41, 43, 18, 20, 26, 37, 17, 38], "attractor_count": 22}, {"radius": 0.3, "target": [16.0, -39.0], "out_group_a_strength": 14.285714285714286, "group_id": 0, "target_a_strength": 22000000000, "out_group_r_strength": 56.0, "target_a_range": 435, "in_group_r_range": 2.0, "in_group_a_strength": 20, "pedestrian_id": 45, "out_group_a_range": 2.8, "in_group_a_range": 2.8, "in_group_r_strength": 40, "out_group_r_range": 2.0, "position": [16.375730553791215, 39.07055931926204], "friend_zone": [9, 6, 12, 34, 2, 10, 22, 16, 39, 5, 23, 25, 19, 20, 15, 7, 36, 3, 38, 33, 29, 26], "attractor_count": 22}, {"radius": 0.3, "target": [16.0, -39.0], "out_group_a_strength": 14.285714285714286, "group_id": 1, "target_a_strength": 22000000000, "out_group_r_strength": 56.0, "target_a_range": 435, "in_group_r_range": 2.0, "in_group_a_strength": 20, "pedestrian_id": 46, "out_group_a_range": 2.8, "in_group_a_range": 2.8, "in_group_r_strength": 40, "out_group_r_range": 2.0, "position": [17.008538618342143, 44.89026672528517], "friend_zone": [34, 19, 25, 2, 21, 5, 23, 26, 0, 7, 13, 10, 39, 40, 43, 3, 35, 31, 20, 15, 36, 11], "attractor_count": 22}, {"radius": 0.3, "target": [16.0, -39.0], "out_group_a_strength": 14.285714285714286, "group_id": 1, "target_a_strength": 22000000000, "out_group_r_strength": 56.0, "target_a_range": 435, "in_group_r_range": 2.0, "in_group_a_strength": 20, "pedestrian_id": 47, "out_group_a_range": 2.8, "in_group_a_range": 2.8, "in_group_r_strength": 40, "out_group_r_range": 2.0, "position": [2.0994895356726655, 37.093320274398955], "friend_zone": [21, 2, 33, 41, 8, 20, 42, 5, 22, 13, 39, 15, 36, 3, 23, 7, 25, 9, 35, 30, 26, 12], "attractor_count": 22}]}