{"additional_id_existed_ped": {"0": [68, 69, 71], "1": [68, 69, 71], "2": [68, 69, 71], "3": [68, 69, 70], "4": [68, 70], "5": [69, 70, 71], "6": [], "7": [68, 70, 71], "8": [68, 70, 71], "9": [68], "10": [], "11": [68, 69, 71], "12": [69, 70, 71], "13": [68], "14": [68, 69, 70], "15": [69], "16": [69, 70, 71], "17": [70, 71], "18": [69, 70, 71], "19": [68, 69, 71], "20": [69, 70, 71], "21": [68, 69], "22": [68, 69, 70, 71], "23": [68, 71], "24": [69], "25": [70], "26": [68, 70, 71], "27": [68, 70], "28": [68, 70], "29": [69, 70], "30": [70], "31": [68, 71], "32": [], "33": [71], "34": [69], "35": [71], "36": [68, 69], "37": [68, 69, 70], "38": [69], "39": [68, 70], "40": [68], "41": [69, 71], "42": [69], "43": [69, 70], "44": [68, 71], "45": [69, 71], "46": [68], "47": [], "48": [68, 70, 71], "49": [70], "50": [68, 70, 71], "51": [70, 71], "52": [68, 69, 70, 71], "53": [68, 71], "54": [69, 71], "55": [70], "56": [70, 71], "57": [70], "58": [69], "59": [70, 71], "60": [68, 69, 70], "61": [69, 70, 71], "62": [71], "63": [69], "64": [68, 69, 71], "65": [68, 71], "66": [68, 69, 70], "67": [68, 69, 70]}, "frame_second": "1200", "pedestrian_list": [{"radius": 0.3, "target": [16.0, -39.0], "out_group_a_strength": 14.285714285714286, "group_id": 0, "target_a_strength": 22000000000, "out_group_r_strength": 56.0, "target_a_range": 435, "in_group_r_range": 2.0, "in_group_a_strength": 20, "pedestrian_id": 68, "out_group_a_range": 2.8, "in_group_a_range": 2.8, "in_group_r_strength": 40, "out_group_r_range": 2.0, "position": [0.1321756739803872, 53.359712314341195], "friend_zone": [66, 9, 47, 17, 59, 40, 58, 57, 54, 26, 7, 43, 30, 50, 20, 8, 29, 24, 15, 45, 25, 42, 23, 13, 12, 60, 19, 31, 14, 1, 33, 63, 5, 37], "attractor_count": 34}, {"radius": 0.3, "target": [16.0, -39.0], "out_group_a_strength": 14.285714285714286, "group_id": 0, "target_a_strength": 22000000000, "out_group_r_strength": 56.0, "target_a_range": 435, "in_group_r_range": 2.0, "in_group_a_strength": 20, "pedestrian_id": 69, "out_group_a_range": 2.8, "in_group_a_range": 2.8, "in_group_r_strength": 40, "out_group_r_range": 2.0, "position": [18.9795323247304, 67.65481485525044], "friend_zone": [57, 63, 19, 51, 61, 14, 29, 18, 6, 25, 0, 16, 44, 30, 49, 41, 2, 32, 54, 21, 50, 55, 10, 13, 59, 67, 7, 48, 26, 35, 53, 43, 40, 64], "attractor_count": 34}, {"radius": 0.3, "target": [16.0, -39.0], "out_group_a_strength": 14.285714285714286, "group_id": 1, "target_a_strength": 22000000000, "out_group_r_strength": 56.0, "target_a_range": 435, "in_group_r_range": 2.0, "in_group_a_strength": 20, "pedestrian_id": 70, "out_group_a_range": 2.8, "in_group_a_range": 2.8, "in_group_r_strength": 40, "out_group_r_range": 2.0, "position": [11.161314162730081, 61.1649201206778], "friend_zone": [14, 7, 11, 52, 66, 61, 26, 44, 59, 35, 42, 15, 62, 40, 34, 57, 54, 43, 22, 4, 24, 65, 0, 6, 37, 51, 2, 25, 67, 16, 9, 56, 28, 46], "attractor_count": 34}, {"radius": 0.3, "target": [16.0, -39.0], "out_group_a_strength": 14.285714285714286, "group_id": 1, "target_a_strength": 22000000000, "out_group_r_strength": 56.0, "target_a_range": 435, "in_group_r_range": 2.0, "in_group_a_strength": 20, "pedestrian_id": 71, "out_group_a_range": 2.8, "in_group_a_range": 2.8, "in_group_r_strength": 40, "out_group_r_range": 2.0, "position": [10.525706229121077, 70.88780879732207], "friend_zone": [43, 4, 10, 50, 67, 64, 14, 37, 21, 63, 13, 24, 55, 58, 53, 27, 12, 60, 31, 54, 66, 38, 47, 9, 22, 29, 5, 7, 26, 52, 42, 33, 6, 35], "attractor_count": 34}]}