{"additional_id_existed_ped": {"0": [92, 93, 94, 95], "1": [92, 93, 94], "2": [92, 94], "3": [92, 94], "4": [93], "5": [92, 94, 95], "6": [92, 93], "7": [92, 93, 94], "8": [92, 93, 95], "9": [94], "10": [92], "11": [93, 95], "12": [92, 93, 94], "13": [94, 95], "14": [93, 95], "15": [95], "16": [92, 95], "17": [93], "18": [93, 95], "19": [93], "20": [92, 93], "21": [92, 93, 94, 95], "22": [92, 95], "23": [92, 93, 94, 95], "24": [94], "25": [94], "26": [92, 93, 94, 95], "27": [92, 93], "28": [92, 94, 95], "29": [92, 95], "30": [93, 95], "31": [92, 93, 94, 95], "32": [92, 94, 95], "33": [92], "34": [92, 93, 95], "35": [93, 95], "36": [], "37": [93, 94, 95], "38": [94, 95], "39": [93, 94], "40": [95], "41": [92, 93], "42": [94, 95], "43": [92, 94], "44": [95], "45": [92, 95], "46": [], "47": [93, 94], "48": [], "49": [92, 95], "50": [93, 94], "51": [93, 94], "52": [94, 95], "53": [93, 94], "54": [92, 94], "55": [95], "56": [92, 93, 94], "57": [94, 95], "58": [93, 94, 95], "59": [95], "60": [92, 94], "61": [92, 93, 94, 95], "62": [94], "63": [93, 95], "64": [95], "65": [92, 93, 94], "66": [93, 94, 95], "67": [94], "68": [92, 93, 95], "69": [92, 94, 95], "70": [92], "71": [93, 95], "72": [93, 94, 95], "73": [94], "74": [92, 93, 94, 95], "75": [92, 95], "76": [93, 95], "77": [], "78": [92, 95], "79": [], "80": [93], "81": [92, 93], "82": [93, 95], "83": [92, 93, 94], "84": [92, 93], "85": [92, 94], "86": [92, 94], "87": [92, 95], "88": [], "89": [92, 93], "90": [93, 94], "91": [92, 94]}, "frame_second": "1800", "pedestrian_list": [{"radius": 0.3, "target": [16.0, -39.0], "out_group_a_strength": 14.285714285714286, "group_id": 0, "target_a_strength": 22000000000, "out_group_r_strength": 56.0, "target_a_range": 435, "in_group_r_range": 2.0, "in_group_a_strength": 20, "pedestrian_id": 92, "out_group_a_range": 2.8, "in_group_a_range": 2.8, "in_group_r_strength": 40, "out_group_r_range": 2.0, "position": [9.232403249113764, 43.61033590549324], "friend_zone": [83, 58, 10, 73, 89, 35, 56, 44, 88, 65, 0, 16, 22, 71, 87, 36, 31, 11, 91, 32, 53, 72, 69, 68, 45, 54, 21, 60, 7, 38, 43, 84, 86, 76, 46, 23, 25, 9, 1, 77, 41, 12, 5, 49, 26, 82], "attractor_count": 46}, {"radius": 0.3, "target": [16.0, -39.0], "out_group_a_strength": 14.285714285714286, "group_id": 0, "target_a_strength": 22000000000, "out_group_r_strength": 56.0, "target_a_range": 435, "in_group_r_range": 2.0, "in_group_a_strength": 20, "pedestrian_id": 93, "out_group_a_range": 2.8, "in_group_a_range": 2.8, "in_group_r_strength": 40, "out_group_r_range": 2.0, "position": [-8.317980786675914, 64.3914683087553], "friend_zone": [17, 80, 2, 18, 65, 30, 78, 72, 83, 7, 21, 47, 16, 57, 19, 0, 38, 59, 90, 76, 52, 26, 32, 13, 4, 71, 75, 31, 91, 23, 27, 39, 73, 53, 28, 20, 8, 46, 11, 35, 6, 81, 79, 68, 5, 51], "attractor_count": 46}, {"radius": 0.3, "target": [16.0, -39.0], "out_group_a_strength": 14.285714285714286, "group_id": 1, "target_a_strength": 22000000000, "out_group_r_strength": 56.0, "target_a_range": 435, "in_group_r_range": 2.0, "in_group_a_strength": 20, "pedestrian_id": 94, "out_group_a_range": 2.8, "in_group_a_range": 2.8, "in_group_r_strength": 40, "out_group_r_range": 2.0, "position": [5.326359746946094, 55.968077143093595], "friend_zone": [85, 5, 79, 62, 11, 55, 6, 48, 59, 75, 69, 58, 2, 54, 71, 83, 24, 51, 22, 33, 84, 21, 30, 90, 68, 86, 81, 7, 64, 70, 8, 45, 80, 38, 57, 73, 14, 3, 56, 36, 87, 37, 1, 0, 16, 74], "attractor_count": 46}, {"radius": 0.3, "target": [16.0, -39.0], "out_group_a_strength": 14.285714285714286, "group_id": 1, "target_a_strength": 22000000000, "out_group_r_strength": 56.0, "target_a_range": 435, "in_group_r_range": 2.0, "in_group_a_strength": 20, "pedestrian_id": 95, "out_group_a_range": 2.8, "in_group_a_range": 2.8, "in_group_r_strength": 40, "out_group_r_range": 2.0, "position": [18.326026930507883, 47.51691796361086], "friend_zone": [40, 58, 70, 78, 7, 82, 50, 35, 42, 11, 59, 30, 54, 5, 34, 74, 12, 26, 66, 31, 67, 32, 69, 17, 4, 23, 33, 36, 68, 84, 8, 73, 44, 91, 41, 64, 15, 53, 86, 37, 10, 56, 45, 29, 55, 49], "attractor_count": 46}]}