{"frame_second": "600", "additional_id_existed_ped": {"0": [88, 89, 90], "1": [89], "2": [88, 90, 91], "3": [91], "4": [], "5": [91], "6": [88, 89, 90], "7": [88, 89, 90, 91], "8": [89], "9": [88, 89, 91], "10": [88, 91], "11": [89, 90, 91], "12": [88], "13": [91], "14": [88, 90, 91], "15": [88, 89, 90, 91], "16": [88, 90, 91], "17": [], "18": [89, 90, 91], "19": [88, 89, 90], "20": [90, 91], "21": [90], "22": [89], "23": [], "24": [90, 91], "25": [89, 90, 91], "26": [90], "27": [], "28": [89, 91], "29": [90], "30": [91], "31": [89, 90, 91], "32": [88], "33": [88, 90, 91], "34": [88, 89], "35": [89, 91], "36": [88, 89, 91], "37": [88, 90, 91], "38": [88, 91], "39": [90, 91], "40": [88, 89], "41": [88, 89, 90, 91], "42": [88, 89, 90], "43": [90], "44": [], "45": [88], "46": [90, 91], "47": [88, 90], "48": [88, 89, 90, 91], "49": [88, 89], "50": [90, 91], "51": [88, 91], "52": [89, 90], "53": [89, 90], "54": [89], "55": [88, 90], "56": [88], "57": [88, 90], "58": [88, 89, 90, 91], "59": [88, 89, 90], "60": [88], "61": [88, 89, 91], "62": [90, 91], "63": [88, 89, 90, 91], "64": [88, 89, 91], "65": [89], "66": [89, 91], "67": [89, 91], "68": [90, 91], "69": [88, 89, 90, 91], "70": [88, 90], "71": [88, 89, 90, 91], "72": [91], "73": [89, 90, 91], "74": [90], "75": [88, 90], "76": [91], "77": [], "78": [89], "79": [88, 89, 91], "80": [88, 89], "81": [90], "82": [88, 89, 90], "83": [88, 89], "84": [88, 89], "85": [88, 89], "86": [89, 91], "87": [88, 89], "92": [91], "93": [90, 91], "94": [88, 90], "95": [89]}, "pedestrian_list": [{"attractor_count": 46, "out_group_r_strength": 56.0, "out_group_a_range": 2.8, "target_a_strength": 22000000000, "in_group_a_strength": 20, "in_group_r_range": 2.0, "group_id": 0, "out_group_a_strength": 14.285714285714286, "target": [35.0, 25.0], "in_group_a_range": 2.8, "position": [-48.18209301627064, 27.913947167454353], "friend_zone": [52, 4, 73, 9, 31, 32, 39, 82, 43, 44, 29, 38, 76, 5, 48, 66, 83, 41, 77, 10, 85, 11, 62, 64, 36, 1, 35, 34, 70, 6, 12, 7, 71, 14, 16, 49, 78, 69, 33, 45, 0, 17, 2, 50, 47, 63], "pedestrian_id": 88, "target_a_range": 435, "out_group_r_range": 2.0, "radius": 0.3, "in_group_r_strength": 40}, {"attractor_count": 46, "out_group_r_strength": 56.0, "out_group_a_range": 2.8, "target_a_strength": 22000000000, "in_group_a_strength": 20, "in_group_r_range": 2.0, "group_id": 0, "out_group_a_strength": 14.285714285714286, "target": [35.0, 25.0], "in_group_a_range": 2.8, "position": [-61.19289655399996, 11.04782444879719], "friend_zone": [13, 30, 32, 73, 75, 56, 57, 2, 54, 43, 93, 18, 25, 84, 81, 94, 80, 55, 72, 87, 6, 66, 26, 34, 35, 92, 63, 4, 10, 17, 59, 46, 85, 58, 36, 48, 27, 15, 64, 11, 62, 65, 5, 9, 23, 0], "pedestrian_id": 89, "target_a_range": 435, "out_group_r_range": 2.0, "radius": 0.3, "in_group_r_strength": 40}, {"attractor_count": 46, "out_group_r_strength": 56.0, "out_group_a_range": 2.8, "target_a_strength": 22000000000, "in_group_a_strength": 20, "in_group_r_range": 2.0, "group_id": 1, "out_group_a_strength": 14.285714285714286, "target": [35.0, 25.0], "in_group_a_range": 2.8, "position": [-41.03101234055317, 20.766059986544672], "friend_zone": [49, 86, 95, 45, 14, 28, 29, 48, 62, 21, 18, 26, 31, 23, 68, 24, 71, 11, 19, 4, 55, 44, 76, 60, 61, 81, 25, 64, 10, 39, 20, 51, 82, 6, 32, 17, 92, 1, 87, 63, 57, 40, 52, 50, 93, 16], "pedestrian_id": 90, "target_a_range": 435, "out_group_r_range": 2.0, "radius": 0.3, "in_group_r_strength": 40}, {"attractor_count": 46, "out_group_r_strength": 56.0, "out_group_a_range": 2.8, "target_a_strength": 22000000000, "in_group_a_strength": 20, "in_group_r_range": 2.0, "group_id": 1, "out_group_a_strength": 14.285714285714286, "target": [35.0, 25.0], "in_group_a_range": 2.8, "position": [-41.00414249096839, 16.218745588186486], "friend_zone": [26, 78, 83, 5, 58, 52, 32, 73, 8, 62, 19, 18, 28, 61, 42, 82, 94, 59, 60, 72, 31, 35, 36, 47, 16, 84, 92, 64, 0, 34, 12, 55, 80, 46, 10, 63, 29, 65, 17, 25, 20, 38, 76, 27, 6, 45], "pedestrian_id": 91, "target_a_range": 435, "out_group_r_range": 2.0, "radius": 0.3, "in_group_r_strength": 40}]}