{"frame_second": "200", "additional_id_existed_ped": {"0": [56, 58, 59], "1": [56], "2": [57, 58], "3": [57, 58, 59], "4": [56], "5": [59], "6": [57, 58], "7": [57, 58], "8": [56, 57, 59], "9": [56, 57, 58, 59], "10": [57, 59], "11": [56, 57], "12": [56, 59], "13": [56, 58, 59], "14": [57, 58], "15": [56, 57, 58, 59], "16": [58], "17": [58, 59], "18": [], "19": [57, 59], "20": [56, 57, 58, 59], "21": [57, 58, 59], "22": [57, 58, 59], "23": [58], "24": [59], "25": [59], "26": [57, 58], "27": [56, 59], "28": [56], "29": [56, 57], "30": [58, 59], "31": [56, 58], "32": [59], "33": [57, 58, 59], "34": [], "35": [56, 57], "36": [57, 59], "37": [57, 58, 59], "38": [56], "39": [56, 58, 59], "40": [57], "41": [56, 57, 58], "42": [57], "43": [56, 59], "44": [57], "45": [56, 58, 59], "46": [56, 58, 59], "47": [56, 58], "48": [58, 59], "49": [56, 58, 59], "50": [56, 57], "51": [], "52": [56], "53": [56, 57], "54": [56, 57, 58], "55": [57, 58], "60": [56, 57], "61": [56, 59], "62": [56, 57, 58], "63": [59]}, "pedestrian_list": [{"attractor_count": 30, "out_group_r_strength": 56.0, "out_group_a_range": 2.8, "target_a_strength": 22000000000, "in_group_a_strength": 20, "in_group_r_range": 2.0, "group_id": 0, "out_group_a_strength": 14.285714285714286, "target": [35.0, 25.0], "in_group_a_range": 2.8, "position": [-50.12763016596291, 23.390927018035207], "friend_zone": [30, 28, 62, 0, 23, 60, 11, 45, 7, 61, 12, 25, 39, 5, 48, 33, 41, 14, 4, 10, 9, 51, 3, 20, 6, 8, 32, 38, 19, 36], "pedestrian_id": 56, "target_a_range": 435, "out_group_r_range": 2.0, "radius": 0.3, "in_group_r_strength": 40}, {"attractor_count": 30, "out_group_r_strength": 56.0, "out_group_a_range": 2.8, "target_a_strength": 22000000000, "in_group_a_strength": 20, "in_group_r_range": 2.0, "group_id": 0, "out_group_a_strength": 14.285714285714286, "target": [35.0, 25.0], "in_group_a_range": 2.8, "position": [-69.64060531711206, 35.70820222244316], "friend_zone": [20, 60, 28, 3, 37, 27, 30, 16, 47, 43, 51, 29, 41, 1, 11, 17, 4, 44, 10, 22, 5, 34, 19, 18, 40, 9, 50, 63, 45, 8], "pedestrian_id": 57, "target_a_range": 435, "out_group_r_range": 2.0, "radius": 0.3, "in_group_r_strength": 40}, {"attractor_count": 30, "out_group_r_strength": 56.0, "out_group_a_range": 2.8, "target_a_strength": 22000000000, "in_group_a_strength": 20, "in_group_r_range": 2.0, "group_id": 1, "out_group_a_strength": 14.285714285714286, "target": [35.0, 25.0], "in_group_a_range": 2.8, "position": [-69.61028990468044, 14.928173445252952], "friend_zone": [16, 30, 11, 34, 36, 45, 17, 15, 23, 35, 0, 63, 24, 49, 13, 7, 38, 19, 33, 37, 5, 1, 41, 32, 61, 4, 6, 50, 8, 46], "pedestrian_id": 58, "target_a_range": 435, "out_group_r_range": 2.0, "radius": 0.3, "in_group_r_strength": 40}, {"attractor_count": 30, "out_group_r_strength": 56.0, "out_group_a_range": 2.8, "target_a_strength": 22000000000, "in_group_a_strength": 20, "in_group_r_range": 2.0, "group_id": 1, "out_group_a_strength": 14.285714285714286, "target": [35.0, 25.0], "in_group_a_range": 2.8, "position": [-66.38174653411934, 33.13204874149354], "friend_zone": [24, 0, 47, 2, 32, 60, 54, 46, 10, 40, 30, 49, 4, 33, 13, 7, 52, 9, 27, 63, 15, 53, 11, 26, 50, 42, 14, 17, 39, 5], "pedestrian_id": 59, "target_a_range": 435, "out_group_r_range": 2.0, "radius": 0.3, "in_group_r_strength": 40}]}