{"frame_second": "0", "additional_id_existed_ped": {"0": [44, 46], "1": [45, 46, 47], "2": [44, 46, 47], "3": [44, 45, 46], "4": [], "5": [45, 46], "6": [47], "7": [44, 45], "8": [], "9": [45, 46, 47], "10": [44, 45], "11": [45, 47], "12": [44], "13": [44], "14": [45, 47], "15": [44, 47], "16": [46, 47], "17": [44, 47], "18": [44, 45], "19": [44, 46, 47], "20": [45, 47], "21": [45, 46], "22": [46], "23": [44], "24": [45, 47], "25": [45, 46, 47], "26": [45, 46, 47], "27": [44, 45, 46, 47], "28": [44, 45, 46, 47], "29": [45, 46, 47], "30": [45, 46], "31": [44], "32": [45, 46, 47], "33": [44, 46], "34": [46, 47], "35": [44, 45, 46, 47], "36": [44, 47], "37": [45], "38": [44, 47], "39": [44, 46], "40": [44, 45], "41": [44], "42": [], "43": [46]}, "pedestrian_list": [{"attractor_count": 22, "out_group_r_strength": 56.0, "out_group_a_range": 2.8, "target_a_strength": 22000000000, "in_group_a_strength": 20, "in_group_r_range": 2.0, "group_id": 0, "out_group_a_strength": 14.285714285714286, "target": [35.0, 25.0], "in_group_a_range": 2.8, "position": [116.22011002160913, 38.99065860134654], "friend_zone": [4, 0, 37, 42, 34, 12, 40, 33, 36, 22, 23, 10, 6, 41, 25, 17, 18, 26, 28, 35, 27, 8], "pedestrian_id": 44, "target_a_range": 435, "out_group_r_range": 2.0, "radius": 0.3, "in_group_r_strength": 40}, {"attractor_count": 22, "out_group_r_strength": 56.0, "out_group_a_range": 2.8, "target_a_strength": 22000000000, "in_group_a_strength": 20, "in_group_r_range": 2.0, "group_id": 0, "out_group_a_strength": 14.285714285714286, "target": [35.0, 25.0], "in_group_a_range": 2.8, "position": [127.26354253430189, 37.04262740096958], "friend_zone": [17, 30, 0, 26, 11, 1, 28, 7, 35, 21, 24, 31, 25, 42, 22, 10, 33, 32, 38, 12, 40, 43], "pedestrian_id": 45, "target_a_range": 435, "out_group_r_range": 2.0, "radius": 0.3, "in_group_r_strength": 40}, {"attractor_count": 22, "out_group_r_strength": 56.0, "out_group_a_range": 2.8, "target_a_strength": 22000000000, "in_group_a_strength": 20, "in_group_r_range": 2.0, "group_id": 1, "out_group_a_strength": 14.285714285714286, "target": [35.0, 25.0], "in_group_a_range": 2.8, "position": [117.54149481447202, 16.2320538533902], "friend_zone": [35, 11, 15, 37, 13, 21, 3, 14, 40, 20, 2, 38, 29, 10, 24, 28, 16, 19, 12, 32, 27, 22], "pedestrian_id": 46, "target_a_range": 435, "out_group_r_range": 2.0, "radius": 0.3, "in_group_r_strength": 40}, {"attractor_count": 22, "out_group_r_strength": 56.0, "out_group_a_range": 2.8, "target_a_strength": 22000000000, "in_group_a_strength": 20, "in_group_r_range": 2.0, "group_id": 1, "out_group_a_strength": 14.285714285714286, "target": [35.0, 25.0], "in_group_a_range": 2.8, "position": [119.46554671970672, 21.423291760126656], "friend_zone": [37, 38, 30, 15, 14, 0, 42, 18, 10, 39, 17, 1, 25, 16, 36, 40, 6, 28, 2, 12, 4, 33], "pedestrian_id": 47, "target_a_range": 435, "out_group_r_range": 2.0, "radius": 0.3, "in_group_r_strength": 40}]}