{"additional_id_existed_ped": {"0": [97, 99], "1": [98], "2": [98, 99], "3": [96, 97, 98, 99], "4": [97], "5": [99], "6": [96, 97, 99], "7": [97, 99], "8": [97], "9": [97, 99], "10": [97, 98], "11": [96, 97, 98], "12": [99], "13": [], "14": [96, 97, 98, 99], "15": [96, 97, 98, 99], "16": [97, 98], "17": [96, 97, 98, 99], "18": [96, 99], "19": [96, 97], "20": [97, 98], "21": [97, 99], "22": [98, 99], "23": [98], "24": [97, 98], "25": [97], "26": [99], "27": [], "28": [98], "29": [98], "30": [96, 97, 98], "31": [96, 97, 98], "32": [97], "33": [96, 98], "34": [96, 97, 98, 99], "35": [96, 97, 99], "36": [99], "37": [96], "38": [96, 99], "39": [97, 99], "40": [97, 98], "41": [96, 97, 98], "42": [96, 98], "43": [96, 97, 99], "44": [96], "45": [96, 98, 99], "46": [96, 97, 99], "47": [], "48": [98, 99], "49": [98], "50": [96], "51": [98, 99], "52": [96, 97, 98], "53": [96], "54": [98, 99], "55": [96, 98, 99], "56": [96, 98], "57": [96, 97, 98, 99], "58": [96, 98, 99], "59": [96, 97, 98, 99], "60": [96, 99], "61": [96, 97], "62": [96, 99], "63": [97, 99], "64": [96, 99], "65": [97, 98], "66": [96, 99], "67": [96, 97, 98], "68": [96, 98], "69": [], "70": [99], "71": [96, 97], "72": [96, 97, 98, 99], "73": [98], "74": [96, 98, 99], "75": [98, 99], "76": [96, 97, 98], "77": [99], "78": [96, 97, 99], "79": [96, 97, 98], "80": [96], "81": [], "82": [97, 99], "83": [97, 98], "84": [96], "85": [98, 99], "86": [], "87": [96, 97, 99], "88": [96, 97], "89": [97, 98], "90": [96, 99], "91": [97, 98, 99], "92": [98], "93": [96, 97, 98, 99], "94": [97, 99], "95": []}, "frame_second": "1900", "pedestrian_list": [{"radius": 0.3, "target": [16.0, -39.0], "out_group_a_strength": 14.285714285714286, "group_id": 0, "target_a_strength": 22000000000, "out_group_r_strength": 56.0, "target_a_range": 435, "in_group_r_range": 2.0, "in_group_a_strength": 20, "pedestrian_id": 96, "out_group_a_range": 2.8, "in_group_a_range": 2.8, "in_group_r_strength": 40, "out_group_r_range": 2.0, "position": [0.12365984239870975, 68.27518441999138], "friend_zone": [92, 34, 17, 27, 44, 91, 31, 35, 10, 83, 23, 3, 1, 54, 95, 61, 22, 71, 6, 18, 85, 20, 89, 86, 77, 66, 87, 84, 74, 48, 15, 5, 13, 90, 47, 12, 16, 56, 88, 70, 39, 68, 62, 82, 24, 79, 43, 51], "attractor_count": 48}, {"radius": 0.3, "target": [16.0, -39.0], "out_group_a_strength": 14.285714285714286, "group_id": 0, "target_a_strength": 22000000000, "out_group_r_strength": 56.0, "target_a_range": 435, "in_group_r_range": 2.0, "in_group_a_strength": 20, "pedestrian_id": 97, "out_group_a_range": 2.8, "in_group_a_range": 2.8, "in_group_r_strength": 40, "out_group_r_range": 2.0, "position": [19.613312536394417, 50.10604061738655], "friend_zone": [80, 2, 52, 30, 75, 85, 40, 71, 60, 9, 22, 12, 3, 53, 76, 42, 36, 32, 51, 17, 18, 23, 49, 56, 37, 16, 54, 78, 91, 24, 21, 74, 47, 1, 58, 84, 66, 35, 64, 72, 11, 81, 4, 55, 70, 34, 15, 33], "attractor_count": 48}, {"radius": 0.3, "target": [16.0, -39.0], "out_group_a_strength": 14.285714285714286, "group_id": 1, "target_a_strength": 22000000000, "out_group_r_strength": 56.0, "target_a_range": 435, "in_group_r_range": 2.0, "in_group_a_strength": 20, "pedestrian_id": 98, "out_group_a_range": 2.8, "in_group_a_range": 2.8, "in_group_r_strength": 40, "out_group_r_range": 2.0, "position": [10.517036245711537, 53.3429474784845], "friend_zone": [78, 54, 6, 39, 46, 22, 32, 61, 59, 12, 20, 15, 67, 90, 19, 44, 76, 53, 63, 4, 64, 58, 55, 50, 81, 29, 84, 33, 57, 25, 51, 79, 60, 0, 11, 24, 75, 49, 95, 27, 37, 56, 34, 26, 48, 13, 41, 52], "attractor_count": 48}, {"radius": 0.3, "target": [16.0, -39.0], "out_group_a_strength": 14.285714285714286, "group_id": 1, "target_a_strength": 22000000000, "out_group_r_strength": 56.0, "target_a_range": 435, "in_group_r_range": 2.0, "in_group_a_strength": 20, "pedestrian_id": 99, "out_group_a_range": 2.8, "in_group_a_range": 2.8, "in_group_r_strength": 40, "out_group_r_range": 2.0, "position": [16.357467079978992, 45.54736561369647], "friend_zone": [78, 84, 71, 15, 91, 65, 80, 61, 13, 4, 23, 90, 54, 25, 9, 64, 40, 16, 48, 52, 35, 46, 69, 93, 63, 72, 32, 55, 53, 33, 10, 20, 1, 45, 24, 94, 31, 37, 56, 8, 39, 44, 14, 34, 95, 42, 75, 12], "attractor_count": 48}]}