{"additional_id_existed_ped": {"0": [61], "1": [61, 62, 63], "2": [62, 63], "3": [61], "4": [60, 63], "5": [60, 61, 62], "6": [61, 62, 63], "7": [62], "8": [60, 61, 63], "9": [60, 61, 62], "10": [60, 63], "11": [61], "12": [61], "13": [62], "14": [62, 63], "15": [60, 62, 63], "16": [60, 61, 62, 63], "17": [60, 63], "18": [60, 61, 62], "19": [62, 63], "20": [], "21": [60, 63], "22": [60, 61, 63], "23": [], "24": [60, 63], "25": [60], "26": [61, 62, 63], "27": [60, 61, 62, 63], "28": [60, 63], "29": [60, 61, 62], "30": [62, 63], "31": [60, 61, 63], "32": [60, 61, 62], "33": [60, 61, 62, 63], "34": [62], "35": [62], "36": [61], "37": [61, 62], "38": [62, 63], "39": [60], "40": [61], "41": [60], "42": [60, 61], "43": [61, 63], "44": [61, 63], "45": [61, 63], "46": [62, 63], "47": [62], "48": [60, 61, 62], "49": [60, 62], "50": [60, 61], "51": [60, 61, 63], "52": [60, 62, 63], "53": [], "54": [62, 63], "55": [60, 62], "56": [60, 61, 63], "57": [61, 63], "58": [60], "59": [62]}, "frame_second": "1000", "pedestrian_list": [{"radius": 0.3, "target": [16.0, -39.0], "out_group_a_strength": 14.285714285714286, "group_id": 0, "target_a_strength": 22000000000, "out_group_r_strength": 56.0, "target_a_range": 435, "in_group_r_range": 2.0, "in_group_a_strength": 20, "pedestrian_id": 60, "out_group_a_range": 2.8, "in_group_a_range": 2.8, "in_group_r_strength": 40, "out_group_r_range": 2.0, "position": [4.699275932253132, 63.10969012171917], "friend_zone": [10, 20, 52, 9, 42, 45, 27, 59, 57, 36, 2, 7, 11, 23, 26, 39, 44, 12, 33, 14, 6, 19, 13, 38, 17, 53, 15, 43, 1, 48], "attractor_count": 30}, {"radius": 0.3, "target": [16.0, -39.0], "out_group_a_strength": 14.285714285714286, "group_id": 0, "target_a_strength": 22000000000, "out_group_r_strength": 56.0, "target_a_range": 435, "in_group_r_range": 2.0, "in_group_a_strength": 20, "pedestrian_id": 61, "out_group_a_range": 2.8, "in_group_a_range": 2.8, "in_group_r_strength": 40, "out_group_r_range": 2.0, "position": [-0.5411030587678667, 57.24626580566637], "friend_zone": [28, 4, 47, 50, 12, 22, 8, 0, 56, 7, 55, 52, 54, 26, 24, 18, 11, 13, 23, 6, 39, 20, 30, 33, 21, 38, 36, 1, 9, 46], "attractor_count": 30}, {"radius": 0.3, "target": [16.0, -39.0], "out_group_a_strength": 14.285714285714286, "group_id": 1, "target_a_strength": 22000000000, "out_group_r_strength": 56.0, "target_a_range": 435, "in_group_r_range": 2.0, "in_group_a_strength": 20, "pedestrian_id": 62, "out_group_a_range": 2.8, "in_group_a_range": 2.8, "in_group_r_strength": 40, "out_group_r_range": 2.0, "position": [15.07299713861631, 65.04092544501306], "friend_zone": [50, 45, 22, 18, 40, 20, 2, 9, 52, 56, 59, 0, 42, 48, 17, 15, 8, 37, 28, 30, 58, 23, 4, 38, 12, 21, 39, 25, 5, 34], "attractor_count": 30}, {"radius": 0.3, "target": [16.0, -39.0], "out_group_a_strength": 14.285714285714286, "group_id": 1, "target_a_strength": 22000000000, "out_group_r_strength": 56.0, "target_a_range": 435, "in_group_r_range": 2.0, "in_group_a_strength": 20, "pedestrian_id": 63, "out_group_a_range": 2.8, "in_group_a_range": 2.8, "in_group_r_strength": 40, "out_group_r_range": 2.0, "position": [-2.4669827214428, 53.33917792538458], "friend_zone": [12, 38, 2, 47, 13, 40, 26, 54, 50, 20, 32, 33, 1, 21, 7, 37, 4, 56, 18, 27, 29, 52, 31, 41, 10, 57, 43, 22, 39, 0], "attractor_count": 30}]}