{"frame_second": "600", "additional_id_existed_ped": {"0": [94, 95], "1": [93, 94], "2": [92, 94, 95], "3": [92, 93, 95], "4": [92, 93, 94, 95], "5": [92, 93, 94], "6": [95], "7": [92, 93, 94, 95], "8": [92, 95], "9": [93, 94, 95], "10": [94], "11": [92, 93], "12": [92, 94, 95], "13": [92, 93, 94, 95], "14": [92, 93, 94], "15": [], "16": [93], "17": [95], "18": [93], "19": [93, 94, 95], "20": [93, 94], "21": [93, 95], "22": [92, 93, 94, 95], "23": [95], "24": [92, 94, 95], "25": [92, 93], "26": [], "27": [92, 93], "28": [92, 93, 95], "29": [92, 94], "30": [92, 94, 95], "31": [92, 93], "32": [92], "33": [94], "34": [92, 93], "35": [93], "36": [93], "37": [92, 93, 94], "38": [92, 94, 95], "39": [92, 95], "40": [93, 95], "41": [], "42": [92], "43": [], "44": [92, 94], "45": [94], "46": [94, 95], "47": [92], "48": [92, 93, 94, 95], "49": [93, 94, 95], "50": [94, 95], "51": [92, 94, 95], "52": [92, 94, 95], "53": [92, 93, 95], "54": [94], "55": [95], "56": [92, 94], "57": [93, 94], "58": [94, 95], "59": [92, 93], "60": [92, 95], "61": [92, 95], "62": [95], "63": [93, 95], "64": [92, 93], "65": [92, 94, 95], "66": [92, 93], "67": [93, 94, 95], "68": [93, 94], "69": [], "70": [93, 95], "71": [93, 94, 95], "72": [93, 94, 95], "73": [93], "74": [92, 94, 95], "75": [92, 95], "76": [92], "77": [93, 94, 95], "78": [95], "79": [92, 93, 94], "80": [92], "81": [94, 95], "82": [93], "83": [92, 93], "84": [92, 93], "85": [95], "86": [92, 94], "87": [94], "88": [93, 94], "89": [93, 94], "90": [92, 93, 94], "91": [95]}, "pedestrian_list": [{"attractor_count": 46, "out_group_r_strength": 56.0, "out_group_a_range": 2.8, "target_a_strength": 22000000000, "in_group_a_strength": 20, "in_group_r_range": 2.0, "group_id": 0, "out_group_a_strength": 14.285714285714286, "target": [35.0, 25.0], "in_group_a_range": 2.8, "position": [127.28529129472606, 17.505833990883065], "friend_zone": [43, 39, 45, 20, 40, 11, 28, 26, 59, 2, 38, 49, 29, 0, 86, 25, 5, 34, 89, 77, 16, 67, 3, 79, 41, 73, 81, 37, 90, 75, 22, 30, 47, 19, 13, 55, 70, 35, 78, 57, 7, 83, 15, 64, 1, 23], "pedestrian_id": 92, "target_a_range": 435, "out_group_r_range": 2.0, "radius": 0.3, "in_group_r_strength": 40}, {"attractor_count": 46, "out_group_r_strength": 56.0, "out_group_a_range": 2.8, "target_a_strength": 22000000000, "in_group_a_strength": 20, "in_group_r_range": 2.0, "group_id": 0, "out_group_a_strength": 14.285714285714286, "target": [35.0, 25.0], "in_group_a_range": 2.8, "position": [110.38371695735826, 20.12893966452869], "friend_zone": [5, 52, 37, 62, 7, 45, 85, 71, 90, 1, 29, 22, 69, 33, 12, 87, 50, 73, 74, 2, 53, 51, 6, 46, 81, 38, 39, 27, 63, 56, 78, 31, 30, 80, 75, 26, 89, 88, 55, 24, 34, 23, 25, 17, 16, 68], "pedestrian_id": 93, "target_a_range": 435, "out_group_r_range": 2.0, "radius": 0.3, "in_group_r_strength": 40}, {"attractor_count": 46, "out_group_r_strength": 56.0, "out_group_a_range": 2.8, "target_a_strength": 22000000000, "in_group_a_strength": 20, "in_group_r_range": 2.0, "group_id": 1, "out_group_a_strength": 14.285714285714286, "target": [35.0, 25.0], "in_group_a_range": 2.8, "position": [125.96162366958296, 12.304684199621361], "friend_zone": [7, 89, 53, 62, 2, 47, 40, 19, 11, 77, 52, 83, 79, 63, 32, 75, 64, 65, 20, 76, 70, 8, 38, 0, 16, 36, 48, 81, 46, 69, 54, 6, 41, 4, 22, 27, 12, 90, 21, 1, 61, 82, 88, 55, 85, 25], "pedestrian_id": 94, "target_a_range": 435, "out_group_r_range": 2.0, "radius": 0.3, "in_group_r_strength": 40}, {"attractor_count": 46, "out_group_r_strength": 56.0, "out_group_a_range": 2.8, "target_a_strength": 22000000000, "in_group_a_strength": 20, "in_group_r_range": 2.0, "group_id": 1, "out_group_a_strength": 14.285714285714286, "target": [35.0, 25.0], "in_group_a_range": 2.8, "position": [111.69408938988789, 14.915673215358954], "friend_zone": [60, 52, 72, 8, 53, 54, 50, 89, 61, 22, 51, 88, 48, 66, 30, 11, 14, 31, 77, 47, 29, 79, 12, 80, 23, 10, 70, 84, 36, 91, 65, 6, 26, 86, 17, 28, 20, 90, 75, 39, 35, 37, 44, 59, 63, 41], "pedestrian_id": 95, "target_a_range": 435, "out_group_r_range": 2.0, "radius": 0.3, "in_group_r_strength": 40}]}