{"additional_id_existed_ped": {"0": [32, 34, 35], "1": [33, 34, 35], "2": [32, 35], "3": [], "4": [33], "5": [35], "6": [32, 35], "7": [34], "8": [32, 34, 35], "9": [35], "10": [34], "11": [32, 33], "12": [32, 33, 34], "13": [33], "14": [32, 35], "15": [32, 33, 34], "16": [34], "17": [32, 33, 35], "18": [33], "19": [32, 33], "20": [32, 33, 34, 35], "21": [], "22": [32, 35], "23": [33, 34, 35], "24": [34], "25": [33, 34, 35], "26": [32, 33, 34], "27": [32, 34], "28": [33, 35], "29": [32, 33, 35], "30": [34, 35], "31": [32, 33, 34]}, "frame_second": "300", "pedestrian_list": [{"radius": 0.3, "target": [16.0, -39.0], "out_group_a_strength": 14.285714285714286, "group_id": 0, "target_a_strength": 22000000000, "out_group_r_strength": 56.0, "target_a_range": 435, "in_group_r_range": 2.0, "in_group_a_strength": 20, "pedestrian_id": 32, "out_group_a_range": 2.8, "in_group_a_range": 2.8, "in_group_r_strength": 40, "out_group_r_range": 2.0, "position": [11.845775229292776, 43.60307124505984], "friend_zone": [10, 19, 14, 20, 4, 21, 2, 27, 31, 12, 17, 28, 23, 3, 15, 8], "attractor_count": 16}, {"radius": 0.3, "target": [16.0, -39.0], "out_group_a_strength": 14.285714285714286, "group_id": 0, "target_a_strength": 22000000000, "out_group_r_strength": 56.0, "target_a_range": 435, "in_group_r_range": 2.0, "in_group_a_strength": 20, "pedestrian_id": 33, "out_group_a_range": 2.8, "in_group_a_range": 2.8, "in_group_r_strength": 40, "out_group_r_range": 2.0, "position": [-3.1420292490533805, 45.54568979646107], "friend_zone": [11, 10, 17, 20, 23, 25, 30, 18, 24, 12, 0, 27, 5, 1, 29, 4], "attractor_count": 16}, {"radius": 0.3, "target": [16.0, -39.0], "out_group_a_strength": 14.285714285714286, "group_id": 1, "target_a_strength": 22000000000, "out_group_r_strength": 56.0, "target_a_range": 435, "in_group_r_range": 2.0, "in_group_a_strength": 20, "pedestrian_id": 34, "out_group_a_range": 2.8, "in_group_a_range": 2.8, "in_group_r_strength": 40, "out_group_r_range": 2.0, "position": [-1.80386758077624, 42.298948906841794], "friend_zone": [15, 24, 0, 28, 10, 2, 30, 8, 1, 12, 21, 5, 25, 3, 26, 16], "attractor_count": 16}, {"radius": 0.3, "target": [16.0, -39.0], "out_group_a_strength": 14.285714285714286, "group_id": 1, "target_a_strength": 22000000000, "out_group_r_strength": 56.0, "target_a_range": 435, "in_group_r_range": 2.0, "in_group_a_strength": 20, "pedestrian_id": 35, "out_group_a_range": 2.8, "in_group_a_range": 2.8, "in_group_r_strength": 40, "out_group_r_range": 2.0, "position": [9.896722701720034, 40.35840193176344], "friend_zone": [12, 20, 28, 23, 0, 2, 5, 19, 14, 13, 26, 7, 6, 1, 29, 15], "attractor_count": 16}]}