{"additional_id_existed_ped": {"0": [53, 54], "1": [55], "2": [52], "3": [53, 54, 55], "4": [53, 54, 55], "5": [53, 55], "6": [54], "7": [], "8": [53, 54, 55], "9": [52, 53, 55], "10": [53], "11": [52, 54], "12": [53], "13": [55], "14": [52, 54], "15": [52, 55], "16": [54], "17": [53], "18": [52, 53, 55], "19": [53, 54], "20": [52, 53], "21": [53, 54, 55], "22": [53, 54, 55], "23": [], "24": [52, 55], "25": [53, 54, 55], "26": [52, 53, 55], "27": [52], "28": [52, 53], "29": [53, 55], "30": [54, 55], "31": [52, 53], "32": [], "33": [52, 53], "34": [54], "35": [52, 54, 55], "36": [52, 53, 54], "37": [52, 54, 55], "38": [52, 53, 54, 55], "39": [53, 54], "40": [52], "41": [54], "42": [52, 53, 55], "43": [52], "44": [52, 54, 55], "45": [52, 54, 55], "46": [52], "47": [54, 55], "48": [54, 55], "49": [52, 54, 55], "50": [52, 53, 54, 55], "51": [52, 53]}, "frame_second": "800", "pedestrian_list": [{"radius": 0.3, "target": [16.0, -39.0], "out_group_a_strength": 14.285714285714286, "group_id": 0, "target_a_strength": 22000000000, "out_group_r_strength": 56.0, "target_a_range": 435, "in_group_r_range": 2.0, "in_group_a_strength": 20, "pedestrian_id": 52, "out_group_a_range": 2.8, "in_group_a_range": 2.8, "in_group_r_strength": 40, "out_group_r_range": 2.0, "position": [5.338670145434628, 52.038071510798424], "friend_zone": [18, 50, 31, 22, 43, 34, 6, 27, 47, 10, 7, 46, 42, 2, 41, 24, 11, 32, 37, 35, 5, 16, 38, 48, 19, 29], "attractor_count": 26}, {"radius": 0.3, "target": [16.0, -39.0], "out_group_a_strength": 14.285714285714286, "group_id": 0, "target_a_strength": 22000000000, "out_group_r_strength": 56.0, "target_a_range": 435, "in_group_r_range": 2.0, "in_group_a_strength": 20, "pedestrian_id": 53, "out_group_a_range": 2.8, "in_group_a_range": 2.8, "in_group_r_strength": 40, "out_group_r_range": 2.0, "position": [11.15779182263266, 57.89597488568545], "friend_zone": [30, 6, 16, 10, 34, 46, 40, 7, 9, 12, 33, 24, 11, 21, 2, 36, 38, 20, 37, 28, 3, 26, 22, 49, 35, 5], "attractor_count": 26}, {"radius": 0.3, "target": [16.0, -39.0], "out_group_a_strength": 14.285714285714286, "group_id": 1, "target_a_strength": 22000000000, "out_group_r_strength": 56.0, "target_a_range": 435, "in_group_r_range": 2.0, "in_group_a_strength": 20, "pedestrian_id": 54, "out_group_a_range": 2.8, "in_group_a_range": 2.8, "in_group_r_strength": 40, "out_group_r_range": 2.0, "position": [7.943157191205204, 51.40456137003341], "friend_zone": [2, 48, 51, 16, 31, 19, 6, 36, 43, 5, 17, 1, 20, 13, 39, 27, 21, 14, 22, 34, 28, 40, 30, 25, 11, 15], "attractor_count": 26}, {"radius": 0.3, "target": [16.0, -39.0], "out_group_a_strength": 14.285714285714286, "group_id": 1, "target_a_strength": 22000000000, "out_group_r_strength": 56.0, "target_a_range": 435, "in_group_r_range": 2.0, "in_group_a_strength": 20, "pedestrian_id": 55, "out_group_a_range": 2.8, "in_group_a_range": 2.8, "in_group_r_strength": 40, "out_group_r_range": 2.0, "position": [19.63829318768269, 53.361622566202335], "friend_zone": [29, 35, 3, 32, 26, 8, 44, 6, 27, 24, 11, 43, 31, 46, 15, 0, 12, 23, 47, 38, 39, 25, 22, 30, 36, 50], "attractor_count": 26}]}