{"additional_id_existed_ped": {"0": [74], "1": [72, 75], "2": [72, 74, 75], "3": [72, 73, 74, 75], "4": [72, 73, 74], "5": [72, 75], "6": [74], "7": [72, 73], "8": [75], "9": [72, 75], "10": [72], "11": [73, 74], "12": [72, 74, 75], "13": [75], "14": [74], "15": [72, 75], "16": [72, 73], "17": [72], "18": [72, 73], "19": [], "20": [73], "21": [72, 73, 74, 75], "22": [73, 74], "23": [73, 75], "24": [75], "25": [75], "26": [73, 75], "27": [72, 74], "28": [72, 73, 74], "29": [75], "30": [73], "31": [73, 74, 75], "32": [72, 73, 74], "33": [72, 73, 75], "34": [72, 73, 74], "35": [72, 73, 74, 75], "36": [], "37": [73, 74, 75], "38": [72, 73], "39": [72, 73, 74], "40": [73, 74, 75], "41": [74, 75], "42": [73, 74], "43": [72, 74, 75], "44": [], "45": [74], "46": [], "47": [72, 74, 75], "48": [72, 73, 75], "49": [], "50": [75], "51": [72, 75], "52": [73, 74], "53": [72, 74, 75], "54": [73], "55": [72, 73, 74], "56": [74], "57": [72, 74, 75], "58": [72, 75], "59": [75], "60": [73, 74], "61": [73, 74, 75], "62": [73, 75], "63": [73], "64": [72, 73, 74], "65": [72, 74], "66": [72], "67": [73, 75], "68": [72, 73, 75], "69": [72, 73, 74], "70": [72, 74, 75], "71": [73, 74, 75]}, "frame_second": "1300", "pedestrian_list": [{"radius": 0.3, "target": [16.0, -39.0], "out_group_a_strength": 14.285714285714286, "group_id": 0, "target_a_strength": 22000000000, "out_group_r_strength": 56.0, "target_a_range": 435, "in_group_r_range": 2.0, "in_group_a_strength": 20, "pedestrian_id": 72, "out_group_a_range": 2.8, "in_group_a_range": 2.8, "in_group_r_strength": 40, "out_group_r_range": 2.0, "position": [8.582071719482997, 67.0218286851291], "friend_zone": [2, 4, 22, 15, 60, 23, 46, 28, 59, 13, 17, 69, 70, 31, 33, 24, 53, 52, 51, 12, 55, 68, 36, 41, 9, 27, 14, 48, 49, 37, 45, 65, 11, 47, 66, 63], "attractor_count": 36}, {"radius": 0.3, "target": [16.0, -39.0], "out_group_a_strength": 14.285714285714286, "group_id": 0, "target_a_strength": 22000000000, "out_group_r_strength": 56.0, "target_a_range": 435, "in_group_r_range": 2.0, "in_group_a_strength": 20, "pedestrian_id": 73, "out_group_a_range": 2.8, "in_group_a_range": 2.8, "in_group_r_strength": 40, "out_group_r_range": 2.0, "position": [-7.661212076397904, 70.91058216347189], "friend_zone": [7, 5, 26, 56, 58, 43, 10, 49, 46, 44, 12, 9, 62, 20, 48, 8, 61, 29, 35, 38, 53, 19, 67, 55, 23, 68, 32, 51, 63, 14, 17, 54, 4, 41, 47, 45], "attractor_count": 36}, {"radius": 0.3, "target": [16.0, -39.0], "out_group_a_strength": 14.285714285714286, "group_id": 1, "target_a_strength": 22000000000, "out_group_r_strength": 56.0, "target_a_range": 435, "in_group_r_range": 2.0, "in_group_a_strength": 20, "pedestrian_id": 74, "out_group_a_range": 2.8, "in_group_a_range": 2.8, "in_group_r_strength": 40, "out_group_r_range": 2.0, "position": [-6.369568497421485, 70.22962949046777], "friend_zone": [68, 43, 55, 6, 20, 25, 54, 31, 21, 2, 22, 8, 30, 47, 44, 66, 71, 13, 19, 39, 69, 70, 45, 46, 27, 57, 65, 3, 41, 1, 14, 63, 32, 59, 28, 64], "attractor_count": 36}, {"radius": 0.3, "target": [16.0, -39.0], "out_group_a_strength": 14.285714285714286, "group_id": 1, "target_a_strength": 22000000000, "out_group_r_strength": 56.0, "target_a_range": 435, "in_group_r_range": 2.0, "in_group_a_strength": 20, "pedestrian_id": 75, "out_group_a_range": 2.8, "in_group_a_range": 2.8, "in_group_r_strength": 40, "out_group_r_range": 2.0, "position": [7.266045406495065, 68.947680093646], "friend_zone": [62, 5, 28, 64, 13, 26, 35, 45, 56, 33, 14, 19, 11, 3, 22, 10, 36, 65, 51, 1, 29, 71, 30, 37, 38, 54, 20, 18, 55, 17, 2, 7, 46, 50, 12, 44], "attractor_count": 36}]}