{"frame_second": "0", "additional_id_existed_ped": {"0": [41, 42, 43], "1": [43], "2": [41], "3": [40, 41], "4": [40, 41], "5": [40, 42, 43], "6": [43], "7": [40, 41, 43], "8": [40, 41, 42], "9": [40, 41], "10": [40], "11": [40, 42], "12": [40, 42], "13": [40, 41, 42, 43], "14": [43], "15": [42], "16": [41, 42], "17": [41], "18": [40, 41, 42], "19": [43], "20": [40, 43], "21": [40, 43], "22": [43], "23": [41, 42, 43], "24": [40, 42], "25": [40, 42, 43], "26": [], "27": [41], "28": [41, 42], "29": [42, 43], "30": [41, 42], "31": [40, 41, 42], "32": [40], "33": [40, 41, 42, 43], "34": [41, 42], "35": [40, 43], "36": [41, 42, 43], "37": [], "38": [40, 41, 43], "39": [43], "44": [42, 43], "45": [42, 43], "46": [40, 41, 42], "47": [40, 41, 43]}, "pedestrian_list": [{"attractor_count": 22, "out_group_r_strength": 56.0, "out_group_a_range": 2.8, "target_a_strength": 22000000000, "in_group_a_strength": 20, "in_group_r_range": 2.0, "group_id": 0, "out_group_a_strength": 14.285714285714286, "target": [35.0, 25.0], "in_group_a_range": 2.8, "position": [-57.91390594810546, 20.124992000795807], "friend_zone": [37, 22, 33, 11, 46, 3, 32, 6, 0, 10, 27, 20, 7, 30, 18, 14, 23, 17, 45, 35, 16, 25], "pedestrian_id": 40, "target_a_range": 435, "out_group_r_range": 2.0, "radius": 0.3, "in_group_r_strength": 40}, {"attractor_count": 22, "out_group_r_strength": 56.0, "out_group_a_range": 2.8, "target_a_strength": 22000000000, "in_group_a_strength": 20, "in_group_r_range": 2.0, "group_id": 0, "out_group_a_strength": 14.285714285714286, "target": [35.0, 25.0], "in_group_a_range": 2.8, "position": [-51.41462620598869, 33.75647683338803], "friend_zone": [8, 29, 11, 24, 5, 2, 10, 32, 22, 0, 27, 4, 25, 20, 28, 17, 46, 31, 47, 36, 19, 26], "pedestrian_id": 41, "target_a_range": 435, "out_group_r_range": 2.0, "radius": 0.3, "in_group_r_strength": 40}, {"attractor_count": 22, "out_group_r_strength": 56.0, "out_group_a_range": 2.8, "target_a_strength": 22000000000, "in_group_a_strength": 20, "in_group_r_range": 2.0, "group_id": 1, "out_group_a_strength": 14.285714285714286, "target": [35.0, 25.0], "in_group_a_range": 2.8, "position": [-55.348477386339596, 27.934069853853053], "friend_zone": [31, 1, 11, 47, 32, 19, 23, 36, 12, 21, 7, 10, 16, 22, 44, 45, 15, 25, 26, 6, 9, 35], "pedestrian_id": 42, "target_a_range": 435, "out_group_r_range": 2.0, "radius": 0.3, "in_group_r_strength": 40}, {"attractor_count": 22, "out_group_r_strength": 56.0, "out_group_a_range": 2.8, "target_a_strength": 22000000000, "in_group_a_strength": 20, "in_group_r_range": 2.0, "group_id": 1, "out_group_a_strength": 14.285714285714286, "target": [35.0, 25.0], "in_group_a_range": 2.8, "position": [-63.79211331189818, 21.413930432377406], "friend_zone": [36, 30, 17, 24, 6, 37, 13, 38, 10, 3, 8, 15, 26, 4, 19, 9, 35, 25, 16, 47, 32, 34], "pedestrian_id": 43, "target_a_range": 435, "out_group_r_range": 2.0, "radius": 0.3, "in_group_r_strength": 40}]}