{"additional_id_existed_ped": {"0": [90, 91], "1": [88, 89, 90], "2": [89, 90, 91], "3": [88], "4": [89, 91], "5": [88, 91], "6": [89, 90, 91], "7": [90], "8": [88, 89, 90, 91], "9": [90, 91], "10": [88], "11": [90, 91], "12": [88, 89, 90], "13": [88, 91], "14": [89, 90, 91], "15": [], "16": [88, 89, 90, 91], "17": [90, 91], "18": [88], "19": [88], "20": [88, 90], "21": [88, 89], "22": [90], "23": [88, 90], "24": [90, 91], "25": [88], "26": [88, 90], "27": [88, 89, 90], "28": [88, 89], "29": [91], "30": [89, 90], "31": [88, 90, 91], "32": [89, 90, 91], "33": [88, 91], "34": [89], "35": [], "36": [88, 91], "37": [91], "38": [89, 91], "39": [91], "40": [88, 89, 90, 91], "41": [88], "42": [90, 91], "43": [89, 90, 91], "44": [89, 90, 91], "45": [89], "46": [89, 90, 91], "47": [89, 90, 91], "48": [], "49": [89, 90, 91], "50": [88, 90, 91], "51": [88, 89, 91], "52": [88], "53": [88, 89], "54": [], "55": [88, 90], "56": [89, 91], "57": [88, 89], "58": [88, 89], "59": [88, 89, 90, 91], "60": [88, 89], "61": [91], "62": [89], "63": [88, 90], "64": [90, 91], "65": [89, 91], "66": [89, 90, 91], "67": [89, 90, 91], "68": [88], "69": [88, 89, 90], "70": [89, 90, 91], "71": [88, 90, 91], "72": [89], "73": [], "74": [90, 91], "75": [], "76": [88, 89, 91], "77": [88, 89], "78": [89, 90], "79": [88, 91], "80": [88, 89, 90, 91], "81": [88], "82": [89], "83": [88, 90, 91], "84": [89], "85": [88, 89, 90], "86": [88, 90], "87": [88, 89]}, "frame_second": "1700", "pedestrian_list": [{"radius": 0.3, "target": [16.0, -39.0], "out_group_a_strength": 14.285714285714286, "group_id": 0, "target_a_strength": 22000000000, "out_group_r_strength": 56.0, "target_a_range": 435, "in_group_r_range": 2.0, "in_group_a_strength": 20, "pedestrian_id": 88, "out_group_a_range": 2.8, "in_group_a_range": 2.8, "in_group_r_strength": 40, "out_group_r_range": 2.0, "position": [13.752364351859862, 46.18995390128398], "friend_zone": [65, 50, 87, 16, 63, 15, 2, 20, 75, 70, 69, 51, 74, 26, 76, 37, 13, 83, 80, 79, 30, 48, 73, 6, 41, 60, 21, 1, 36, 53, 19, 52, 82, 4, 5, 0, 32, 40, 18, 43, 49, 39, 64, 72], "attractor_count": 44}, {"radius": 0.3, "target": [16.0, -39.0], "out_group_a_strength": 14.285714285714286, "group_id": 0, "target_a_strength": 22000000000, "out_group_r_strength": 56.0, "target_a_range": 435, "in_group_r_range": 2.0, "in_group_a_strength": 20, "pedestrian_id": 89, "out_group_a_range": 2.8, "in_group_a_range": 2.8, "in_group_r_strength": 40, "out_group_r_range": 2.0, "position": [19.618812758907826, 55.32291998013858], "friend_zone": [1, 3, 74, 31, 53, 61, 22, 9, 5, 78, 69, 8, 58, 26, 48, 21, 24, 87, 68, 25, 38, 23, 67, 64, 14, 4, 81, 65, 86, 59, 41, 56, 85, 34, 54, 52, 37, 63, 29, 50, 82, 18, 17, 27], "attractor_count": 44}, {"radius": 0.3, "target": [16.0, -39.0], "out_group_a_strength": 14.285714285714286, "group_id": 1, "target_a_strength": 22000000000, "out_group_r_strength": 56.0, "target_a_range": 435, "in_group_r_range": 2.0, "in_group_a_strength": 20, "pedestrian_id": 90, "out_group_a_range": 2.8, "in_group_a_range": 2.8, "in_group_r_strength": 40, "out_group_r_range": 2.0, "position": [4.0070679630412, 62.44494654916583], "friend_zone": [50, 25, 16, 52, 77, 12, 36, 78, 54, 69, 38, 23, 5, 14, 64, 29, 80, 86, 56, 8, 59, 26, 53, 30, 34, 49, 75, 4, 41, 10, 84, 62, 31, 17, 1, 20, 79, 0, 19, 76, 63, 2, 37, 85], "attractor_count": 44}, {"radius": 0.3, "target": [16.0, -39.0], "out_group_a_strength": 14.285714285714286, "group_id": 1, "target_a_strength": 22000000000, "out_group_r_strength": 56.0, "target_a_range": 435, "in_group_r_range": 2.0, "in_group_a_strength": 20, "pedestrian_id": 91, "out_group_a_range": 2.8, "in_group_a_range": 2.8, "in_group_r_strength": 40, "out_group_r_range": 2.0, "position": [-6.382308025990458, 59.86160829955699], "friend_zone": [39, 32, 30, 53, 22, 75, 62, 35, 18, 84, 5, 37, 15, 20, 79, 70, 63, 67, 54, 38, 66, 65, 29, 68, 57, 7, 76, 27, 77, 1, 74, 2, 44, 4, 52, 28, 72, 45, 36, 41, 64, 58, 9, 3], "attractor_count": 44}]}