{"additional_id_existed_ped": {"0": [65], "1": [67], "2": [64, 65, 66, 67], "3": [64, 65], "4": [], "5": [65], "6": [64, 65, 66, 67], "7": [64, 65, 66, 67], "8": [64, 66, 67], "9": [67], "10": [], "11": [64, 65], "12": [64, 67], "13": [64, 65, 66], "14": [64, 67], "15": [64, 65, 66, 67], "16": [64, 67], "17": [64, 67], "18": [64, 66], "19": [64, 65, 67], "20": [64, 65, 67], "21": [65, 66], "22": [65, 66], "23": [64, 66], "24": [65, 66, 67], "25": [65, 66], "26": [66, 67], "27": [64, 65, 66, 67], "28": [64, 67], "29": [65, 66], "30": [64, 65], "31": [64, 66], "32": [66, 67], "33": [66], "34": [65, 66], "35": [64, 66], "36": [64, 66, 67], "37": [67], "38": [65, 66, 67], "39": [67], "40": [65, 66, 67], "41": [], "42": [64, 67], "43": [64, 65, 67], "44": [64, 65, 66], "45": [67], "46": [65, 66], "47": [64, 65], "48": [65], "49": [65, 66], "50": [64, 65, 67], "51": [64, 67], "52": [64, 66, 67], "53": [64, 65, 66, 67], "54": [], "55": [66], "56": [64], "57": [65, 66, 67], "58": [66], "59": [65], "60": [66], "61": [64, 67], "62": [65], "63": []}, "frame_second": "1100", "pedestrian_list": [{"radius": 0.3, "target": [16.0, -39.0], "out_group_a_strength": 14.285714285714286, "group_id": 0, "target_a_strength": 22000000000, "out_group_r_strength": 56.0, "target_a_range": 435, "in_group_r_range": 2.0, "in_group_a_strength": 20, "pedestrian_id": 64, "out_group_a_range": 2.8, "in_group_a_range": 2.8, "in_group_r_strength": 40, "out_group_r_range": 2.0, "position": [7.292834795379516, 70.91025015632167], "friend_zone": [14, 52, 54, 13, 35, 22, 33, 30, 6, 63, 20, 45, 40, 47, 60, 42, 43, 12, 31, 29, 27, 9, 50, 39, 28, 4, 53, 59, 51, 44, 23, 8], "attractor_count": 32}, {"radius": 0.3, "target": [16.0, -39.0], "out_group_a_strength": 14.285714285714286, "group_id": 0, "target_a_strength": 22000000000, "out_group_r_strength": 56.0, "target_a_range": 435, "in_group_r_range": 2.0, "in_group_a_strength": 20, "pedestrian_id": 65, "out_group_a_range": 2.8, "in_group_a_range": 2.8, "in_group_r_strength": 40, "out_group_r_range": 2.0, "position": [5.990616663820093, 55.28069845626185], "friend_zone": [55, 25, 49, 37, 61, 6, 39, 12, 56, 29, 24, 44, 30, 5, 58, 52, 1, 51, 40, 36, 9, 43, 50, 33, 27, 17, 0, 13, 54, 60, 4, 62], "attractor_count": 32}, {"radius": 0.3, "target": [16.0, -39.0], "out_group_a_strength": 14.285714285714286, "group_id": 1, "target_a_strength": 22000000000, "out_group_r_strength": 56.0, "target_a_range": 435, "in_group_r_range": 2.0, "in_group_a_strength": 20, "pedestrian_id": 66, "out_group_a_range": 2.8, "in_group_a_range": 2.8, "in_group_r_strength": 40, "out_group_r_range": 2.0, "position": [11.822590528677173, 53.37185511335103], "friend_zone": [46, 0, 22, 5, 10, 43, 19, 55, 29, 44, 37, 16, 17, 32, 12, 11, 53, 39, 8, 18, 6, 34, 47, 36, 33, 21, 24, 2, 58, 27, 4, 48], "attractor_count": 32}, {"radius": 0.3, "target": [16.0, -39.0], "out_group_a_strength": 14.285714285714286, "group_id": 1, "target_a_strength": 22000000000, "out_group_r_strength": 56.0, "target_a_range": 435, "in_group_r_range": 2.0, "in_group_a_strength": 20, "pedestrian_id": 67, "out_group_a_range": 2.8, "in_group_a_range": 2.8, "in_group_r_strength": 40, "out_group_r_range": 2.0, "position": [3.35944282770669, 43.61829125344504], "friend_zone": [55, 60, 56, 20, 26, 10, 39, 9, 7, 37, 33, 21, 14, 15, 40, 27, 18, 1, 43, 57, 19, 58, 29, 8, 61, 23, 16, 3, 34, 48, 24, 11], "attractor_count": 32}]}