{"additional_id_existed_ped": {"0": [80], "1": [80, 81, 82, 83], "2": [80, 81, 82], "3": [82, 83], "4": [80, 82], "5": [81, 82, 83], "6": [81, 82], "7": [80, 81], "8": [80, 81], "9": [81, 83], "10": [80, 83], "11": [83], "12": [82, 83], "13": [81], "14": [82], "15": [80, 82], "16": [82, 83], "17": [80, 81], "18": [81, 83], "19": [80], "20": [81, 83], "21": [80], "22": [80, 81], "23": [82], "24": [83], "25": [80], "26": [80, 82], "27": [80, 82], "28": [80, 82, 83], "29": [83], "30": [80, 82], "31": [83], "32": [80, 82, 83], "33": [81, 82, 83], "34": [80, 82], "35": [81, 82], "36": [82, 83], "37": [80], "38": [80, 81], "39": [82], "40": [80, 81, 82], "41": [81, 82], "42": [81, 82, 83], "43": [81, 82], "44": [81, 83], "45": [80, 81, 83], "46": [80, 81, 83], "47": [80, 81, 82], "48": [80, 81, 82], "49": [80, 81], "50": [80, 83], "51": [82, 83], "52": [80, 82], "53": [81, 82, 83], "54": [82, 83], "55": [81, 82, 83], "56": [80, 81, 82], "57": [80], "58": [81, 83], "59": [82], "60": [], "61": [81, 82, 83], "62": [83], "63": [80, 83], "64": [81, 83], "65": [80, 81], "66": [81, 83], "67": [80, 82], "68": [83], "69": [81, 82, 83], "70": [80, 81], "71": [80], "72": [80, 81, 83], "73": [83], "74": [81, 82, 83], "75": [80, 81, 82, 83], "76": [80, 81], "77": [81], "78": [80, 83], "79": [82, 83]}, "frame_second": "1500", "pedestrian_list": [{"radius": 0.3, "target": [16.0, -39.0], "out_group_a_strength": 14.285714285714286, "group_id": 0, "target_a_strength": 22000000000, "out_group_r_strength": 56.0, "target_a_range": 435, "in_group_r_range": 2.0, "in_group_a_strength": 20, "pedestrian_id": 80, "out_group_a_range": 2.8, "in_group_a_range": 2.8, "in_group_r_strength": 40, "out_group_r_range": 2.0, "position": [18.9861053556801, 49.43609019877863], "friend_zone": [54, 63, 8, 69, 4, 52, 50, 0, 77, 53, 67, 73, 64, 18, 28, 40, 26, 45, 61, 14, 49, 41, 12, 72, 34, 10, 37, 38, 62, 48, 1, 58, 20, 51, 57, 2, 15, 21, 7, 66], "attractor_count": 40}, {"radius": 0.3, "target": [16.0, -39.0], "out_group_a_strength": 14.285714285714286, "group_id": 0, "target_a_strength": 22000000000, "out_group_r_strength": 56.0, "target_a_range": 435, "in_group_r_range": 2.0, "in_group_a_strength": 20, "pedestrian_id": 81, "out_group_a_range": 2.8, "in_group_a_range": 2.8, "in_group_r_strength": 40, "out_group_r_range": 2.0, "position": [9.851831440415602, 65.04483814750495], "friend_zone": [8, 9, 66, 78, 5, 27, 7, 37, 69, 68, 38, 11, 15, 65, 26, 14, 23, 32, 34, 42, 55, 31, 62, 24, 58, 79, 33, 53, 35, 40, 44, 6, 47, 76, 30, 43, 25, 20, 21, 41], "attractor_count": 40}, {"radius": 0.3, "target": [16.0, -39.0], "out_group_a_strength": 14.285714285714286, "group_id": 1, "target_a_strength": 22000000000, "out_group_r_strength": 56.0, "target_a_range": 435, "in_group_r_range": 2.0, "in_group_a_strength": 20, "pedestrian_id": 82, "out_group_a_range": 2.8, "in_group_a_range": 2.8, "in_group_r_strength": 40, "out_group_r_range": 2.0, "position": [5.33717493013364, 40.98056807455633], "friend_zone": [51, 20, 74, 54, 1, 26, 75, 16, 60, 67, 45, 4, 78, 44, 69, 23, 63, 77, 11, 32, 71, 43, 36, 38, 53, 9, 8, 72, 68, 62, 0, 13, 12, 70, 17, 79, 46, 39, 25, 47], "attractor_count": 40}, {"radius": 0.3, "target": [16.0, -39.0], "out_group_a_strength": 14.285714285714286, "group_id": 1, "target_a_strength": 22000000000, "out_group_r_strength": 56.0, "target_a_range": 435, "in_group_r_range": 2.0, "in_group_a_strength": 20, "pedestrian_id": 83, "out_group_a_range": 2.8, "in_group_a_range": 2.8, "in_group_r_strength": 40, "out_group_r_range": 2.0, "position": [8.582938947707301, 50.728970305389026], "friend_zone": [12, 69, 53, 75, 67, 24, 37, 29, 51, 10, 4, 11, 66, 3, 1, 76, 48, 77, 57, 79, 65, 72, 62, 68, 30, 7, 60, 49, 58, 21, 73, 54, 55, 2, 59, 22, 78, 45, 5, 44], "attractor_count": 40}]}