{"frame_second": "200", "additional_id_existed_ped": {"0": [60, 61, 63], "1": [60, 62], "2": [60, 62, 63], "3": [61, 63], "4": [61], "5": [], "6": [61, 62, 63], "7": [61, 62], "8": [62, 63], "9": [62], "10": [63], "11": [61], "12": [60, 61, 63], "13": [60, 61], "14": [60], "15": [62, 63], "16": [62], "17": [61], "18": [62, 63], "19": [60, 61, 62, 63], "20": [60, 62, 63], "21": [60], "22": [60, 61, 63], "23": [60], "24": [60, 61, 63], "25": [61, 62], "26": [63], "27": [60, 62], "28": [61], "29": [60, 62], "30": [61, 62], "31": [60, 63], "32": [61, 63], "33": [], "34": [62, 63], "35": [61, 62], "36": [61], "37": [62, 63], "38": [60, 63], "39": [61], "40": [60, 63], "41": [60, 61, 62, 63], "42": [60, 61, 62], "43": [60, 61, 62], "44": [60, 61, 63], "45": [60, 61], "46": [60, 62], "47": [60, 62], "48": [60, 62, 63], "49": [60, 63], "50": [60, 61], "51": [61, 62], "52": [63], "53": [60, 62], "54": [60, 62, 63], "55": [60, 63], "56": [61, 62, 63], "57": [61, 62], "58": [61, 62, 63], "59": [61, 63]}, "pedestrian_list": [{"attractor_count": 30, "out_group_r_strength": 56.0, "out_group_a_range": 2.8, "target_a_strength": 22000000000, "in_group_a_strength": 20, "in_group_r_range": 2.0, "group_id": 0, "out_group_a_strength": 14.285714285714286, "target": [35.0, 25.0], "in_group_a_range": 2.8, "position": [125.32917059890714, 15.556098435830993], "friend_zone": [40, 20, 14, 29, 13, 35, 46, 11, 1, 23, 42, 17, 18, 33, 54, 50, 44, 4, 27, 55, 47, 51, 24, 7, 34, 41, 6, 32, 58, 5], "pedestrian_id": 60, "target_a_range": 435, "out_group_r_range": 2.0, "radius": 0.3, "in_group_r_strength": 40}, {"attractor_count": 30, "out_group_r_strength": 56.0, "out_group_a_range": 2.8, "target_a_strength": 22000000000, "in_group_a_strength": 20, "in_group_r_range": 2.0, "group_id": 0, "out_group_a_strength": 14.285714285714286, "target": [35.0, 25.0], "in_group_a_range": 2.8, "position": [139.62996861777836, 13.648618795876008], "friend_zone": [39, 58, 46, 53, 16, 35, 8, 56, 54, 38, 29, 3, 17, 31, 32, 27, 7, 45, 9, 18, 22, 43, 37, 26, 0, 42, 12, 51, 33, 48], "pedestrian_id": 61, "target_a_range": 435, "out_group_r_range": 2.0, "radius": 0.3, "in_group_r_strength": 40}, {"attractor_count": 30, "out_group_r_strength": 56.0, "out_group_a_range": 2.8, "target_a_strength": 22000000000, "in_group_a_strength": 20, "in_group_r_range": 2.0, "group_id": 1, "out_group_a_strength": 14.285714285714286, "target": [35.0, 25.0], "in_group_a_range": 2.8, "position": [114.92981370909037, 35.09974968445972], "friend_zone": [39, 18, 5, 25, 0, 52, 36, 10, 20, 31, 24, 14, 45, 47, 19, 22, 40, 58, 57, 13, 30, 51, 43, 41, 17, 33, 48, 44, 35, 4], "pedestrian_id": 62, "target_a_range": 435, "out_group_r_range": 2.0, "radius": 0.3, "in_group_r_strength": 40}, {"attractor_count": 30, "out_group_r_strength": 56.0, "out_group_a_range": 2.8, "target_a_strength": 22000000000, "in_group_a_strength": 20, "in_group_r_range": 2.0, "group_id": 1, "out_group_a_strength": 14.285714285714286, "target": [35.0, 25.0], "in_group_a_range": 2.8, "position": [137.65659742111976, 29.24068446735276], "friend_zone": [26, 16, 18, 46, 39, 36, 58, 14, 59, 8, 21, 5, 50, 52, 37, 44, 40, 34, 6, 53, 32, 45, 4, 3, 24, 1, 56, 19, 2, 20], "pedestrian_id": 63, "target_a_range": 435, "out_group_r_range": 2.0, "radius": 0.3, "in_group_r_strength": 40}]}