{"frame_second": "2600", "pedestrian_list": [{"radius": 0.3, "out_group_a_strength": 12.5, "out_group_r_range": 2.0, "pedestrian_id": 252, "friend_zone": [5, 59, 165, 200, 10, 232, 52, 118, 170, 166, 192, 148, 133, 124, 107, 112, 197, 217, 215, 81, 106, 93, 110, 128, 146, 159, 193, 191, 142, 152, 57, 154, 88, 169, 183, 100, 174, 71, 241, 4, 205, 213, 162, 155, 2, 63, 85, 230, 116, 41, 176, 181, 177, 69, 168, 141, 87, 126, 134, 0, 80, 3, 204, 95, 231, 163, 248, 40, 160, 105, 222, 55, 19, 15, 214, 173, 39, 225, 221, 186, 98, 26, 28, 6, 164, 132, 54, 29, 135, 48, 114, 83, 17, 73, 119, 208, 137, 220, 86, 31, 75, 64, 42, 30, 11, 223, 249, 23, 32, 24, 72, 151, 129, 102, 184, 229, 172, 130, 51, 13, 123, 226, 250, 185, 76, 187], "target": [35.0, 25.0], "out_group_r_strength": 64.0, "target_a_strength": 22000000000, "in_group_r_strength": 40, "attractor_count": 126, "position": [133.751857139766, 38.31335188029885], "in_group_r_range": 2.0, "out_group_a_range": 2.8, "group_id": 0, "target_a_range": 435, "in_group_a_range": 2.8, "in_group_a_strength": 20}, {"radius": 0.3, "out_group_a_strength": 12.5, "out_group_r_range": 2.0, "pedestrian_id": 253, "friend_zone": [92, 96, 132, 89, 183, 55, 40, 227, 26, 6, 199, 185, 246, 75, 213, 214, 19, 77, 84, 174, 91, 236, 242, 42, 188, 56, 69, 1, 44, 30, 141, 14, 248, 34, 99, 128, 95, 241, 192, 82, 208, 123, 38, 103, 219, 193, 143, 224, 124, 220, 29, 218, 27, 200, 37, 134, 118, 153, 250, 45, 79, 72, 108, 189, 17, 194, 238, 201, 240, 207, 216, 177, 222, 122, 87, 33, 107, 93, 114, 12, 247, 54, 223, 21, 226, 83, 8, 149, 215, 98, 61, 25, 211, 43, 22, 234, 210, 161, 15, 165, 131, 78, 186, 150, 249, 197, 80, 120, 57, 144, 173, 62, 47, 147, 228, 70, 184, 151, 86, 13, 97, 18, 127, 182, 139, 196], "target": [35.0, 25.0], "out_group_r_strength": 64.0, "target_a_strength": 22000000000, "in_group_r_strength": 40, "attractor_count": 126, "position": [130.5327335155046, 21.4389430405092], "in_group_r_range": 2.0, "out_group_a_range": 2.8, "group_id": 0, "target_a_range": 435, "in_group_a_range": 2.8, "in_group_a_strength": 20}, {"radius": 0.3, "out_group_a_strength": 12.5, "out_group_r_range": 2.0, "pedestrian_id": 254, "friend_zone": [213, 79, 194, 91, 175, 103, 63, 119, 224, 227, 94, 93, 246, 231, 150, 75, 92, 78, 128, 148, 207, 166, 11, 48, 27, 154, 10, 76, 193, 187, 162, 57, 240, 5, 232, 40, 136, 112, 1, 191, 61, 20, 29, 33, 116, 87, 17, 237, 218, 135, 99, 113, 114, 100, 38, 222, 244, 163, 160, 192, 0, 141, 126, 56, 249, 32, 39, 230, 201, 234, 219, 195, 251, 3, 161, 221, 69, 248, 200, 223, 155, 131, 7, 35, 179, 77, 90, 122, 52, 49, 233, 28, 71, 165, 152, 72, 129, 36, 216, 133, 168, 202, 82, 80, 185, 137, 4, 37, 62, 182, 235, 22, 151, 73, 134, 34, 178, 143, 65, 106, 44, 110, 180, 109, 53, 212], "target": [35.0, 25.0], "out_group_r_strength": 64.0, "target_a_strength": 22000000000, "in_group_r_strength": 40, "attractor_count": 126, "position": [123.36616074781867, 28.594669428019408], "in_group_r_range": 2.0, "out_group_a_range": 2.8, "group_id": 1, "target_a_range": 435, "in_group_a_range": 2.8, "in_group_a_strength": 20}, {"radius": 0.3, "out_group_a_strength": 12.5, "out_group_r_range": 2.0, "pedestrian_id": 255, "friend_zone": [5, 227, 30, 88, 219, 246, 157, 150, 66, 54, 231, 68, 176, 200, 36, 184, 222, 10, 123, 240, 196, 202, 58, 141, 89, 187, 169, 80, 223, 145, 188, 216, 120, 205, 191, 64, 209, 206, 155, 224, 44, 159, 82, 101, 154, 121, 218, 242, 40, 195, 37, 239, 59, 173, 158, 251, 14, 236, 130, 15, 104, 129, 6, 165, 109, 47, 23, 72, 26, 75, 177, 53, 21, 151, 174, 73, 208, 238, 241, 245, 127, 199, 71, 87, 198, 180, 18, 194, 114, 65, 28, 52, 131, 140, 29, 142, 147, 247, 139, 237, 183, 203, 148, 2, 122, 108, 1, 217, 33, 250, 27, 19, 76, 78, 106, 41, 172, 249, 9, 20, 56, 4, 207, 90, 152, 117], "target": [35.0, 25.0], "out_group_r_strength": 64.0, "target_a_strength": 22000000000, "in_group_r_strength": 40, "attractor_count": 126, "position": [114.92172819605089, 19.4935489279577], "in_group_r_range": 2.0, "out_group_a_range": 2.8, "group_id": 1, "target_a_range": 435, "in_group_a_range": 2.8, "in_group_a_strength": 20}], "additional_id_existed_ped": {"0": [], "1": [], "2": [], "3": [252], "4": [252, 254, 255], "5": [253, 254], "6": [252, 253, 254, 255], "7": [], "8": [252, 253, 254, 255], "9": [252, 253, 254], "10": [], "11": [252, 253, 255], "12": [252, 254, 255], "13": [252], "14": [252, 253], "15": [252, 254], "16": [252], "17": [253, 254, 255], "18": [252, 253, 254, 255], "19": [254], "20": [252, 254], "21": [252], "22": [253, 254], "23": [252], "24": [252, 253, 254], "25": [255], "26": [252, 255], "27": [252, 253, 254], "28": [252, 254, 255], "29": [252, 255], "30": [252, 253, 254, 255], "31": [253], "32": [253, 254, 255], "33": [253], "34": [253], "35": [252, 253, 255], "36": [252], "37": [252, 253, 254], "38": [252, 253, 254], "39": [252, 254, 255], "40": [253, 254, 255], "41": [254, 255], "42": [252, 254, 255], "43": [252, 255], "44": [252, 253], "45": [255], "46": [252, 255], "47": [253, 254, 255], "48": [252, 253, 254], "49": [252, 253, 254], "50": [254], "51": [253, 254, 255], "52": [252, 255], "53": [254, 255], "54": [252, 253, 255], "55": [253, 254], "56": [255], "57": [253, 255], "58": [253, 254, 255], "59": [252], "60": [252], "61": [252, 254], "62": [252, 253, 254, 255], "63": [253, 255], "64": [], "65": [252, 253, 254], "66": [253], "67": [252, 253, 254], "68": [253], "69": [252, 255], "70": [253, 254, 255], "71": [252, 253, 254, 255], "72": [255], "73": [252, 253, 254, 255], "74": [252, 253, 254], "75": [253, 254, 255], "76": [254], "77": [253, 255], "78": [252], "79": [254], "80": [252, 253], "81": [253, 255], "82": [253], "83": [252, 253, 254, 255], "84": [252, 254], "85": [253, 255], "86": [252, 254, 255], "87": [252, 253], "88": [253, 255], "89": [252, 253], "90": [254, 255], "91": [253, 254, 255], "92": [252, 253, 254, 255], "93": [254, 255], "94": [253, 254], "95": [253, 255], "96": [], "97": [252, 253, 255], "98": [253, 254, 255], "99": [254, 255], "100": [253], "101": [253, 254, 255], "102": [253, 255], "103": [253, 254], "104": [254, 255], "105": [254, 255], "106": [], "107": [252, 253], "108": [254], "109": [252, 254, 255], "110": [254, 255], "111": [252, 253, 254], "112": [253, 254, 255], "113": [252, 253, 254, 255], "114": [252, 254], "115": [252], "116": [252, 253, 254], "117": [253, 255], "118": [252, 253, 255], "119": [252, 253, 254], "120": [253], "121": [], "122": [253], "123": [252], "124": [], "125": [253, 255], "126": [253, 254, 255], "127": [253, 254], "128": [252, 253, 255], "129": [252, 255], "130": [252, 254, 255], "131": [253], "132": [], "133": [254, 255], "134": [], "135": [252, 253, 255], "136": [254, 255], "137": [255], "138": [252, 254], "139": [253, 254], "140": [252], "141": [254, 255], "142": [], "143": [252, 254], "144": [252, 254, 255], "145": [252, 253], "146": [253, 254, 255], "147": [252, 253, 255], "148": [252, 254], "149": [253, 254], "150": [252, 253, 255], "151": [252, 254, 255], "152": [252, 253, 254, 255], "153": [], "154": [253, 254], "155": [254], "156": [253], "157": [254], "158": [252, 253, 254, 255], "159": [253, 255], "160": [254, 255], "161": [253, 254, 255], "162": [255], "163": [], "164": [252, 253, 254], "165": [252], "166": [252, 253], "167": [253, 254], "168": [252, 253, 254, 255], "169": [252, 254], "170": [252], "171": [253, 254], "172": [252, 253, 255], "173": [253, 255], "174": [254], "175": [253, 255], "176": [252, 253, 254, 255], "177": [252], "178": [252, 254], "179": [253, 254], "180": [253, 254, 255], "181": [252, 254, 255], "182": [255], "183": [253], "184": [252, 254, 255], "185": [254, 255], "186": [253], "187": [255], "188": [252], "189": [252, 254, 255], "190": [], "191": [252, 254, 255], "192": [252, 253, 255], "193": [252], "194": [253, 254, 255], "195": [253, 254], "196": [252, 253], "197": [], "198": [254, 255], "199": [254, 255], "200": [254, 255], "201": [253, 254], "202": [252, 253, 254, 255], "203": [254], "204": [254, 255],