{"frame_second": "1800", "pedestrian_list": [{"radius": 0.3, "out_group_a_strength": 12.5, "out_group_r_range": 2.0, "pedestrian_id": 188, "friend_zone": [142, 65, 115, 186, 179, 47, 8, 70, 14, 42, 66, 23, 112, 143, 185, 54, 161, 48, 134, 113, 177, 91, 135, 116, 4, 99, 182, 109, 183, 101, 34, 59, 175, 160, 94, 0, 105, 82, 85, 126, 96, 63, 119, 55, 171, 138, 167, 5, 102, 166, 32, 107, 148, 156, 153, 18, 11, 125, 10, 132, 16, 128, 35, 45, 7, 61, 98, 68, 165, 20, 149, 173, 103, 104, 24, 178, 64, 136, 21, 51, 62, 81, 162, 164, 46, 78, 129, 6, 89, 147, 152, 15, 146, 144], "target": [35.0, 25.0], "out_group_r_strength": 64.0, "target_a_strength": 22000000000, "in_group_r_strength": 40, "attractor_count": 94, "position": [122.0645426244982, 30.52582050245182], "in_group_r_range": 2.0, "out_group_a_range": 2.8, "group_id": 0, "target_a_range": 435, "in_group_a_range": 2.8, "in_group_a_strength": 20}, {"radius": 0.3, "out_group_a_strength": 12.5, "out_group_r_range": 2.0, "pedestrian_id": 189, "friend_zone": [49, 92, 124, 160, 187, 184, 132, 107, 29, 14, 56, 145, 18, 135, 170, 123, 172, 115, 12, 129, 133, 63, 148, 109, 83, 68, 183, 147, 71, 90, 182, 62, 126, 178, 17, 7, 76, 89, 81, 0, 15, 66, 16, 167, 36, 100, 144, 28, 140, 103, 156, 110, 117, 113, 20, 82, 121, 80, 45, 87, 51, 139, 154, 73, 149, 35, 114, 174, 37, 60, 11, 105, 173, 163, 34, 26, 61, 150, 94, 168, 98, 137, 122, 158, 46, 86, 27, 181, 48, 176, 10, 6, 22, 38], "target": [35.0, 25.0], "out_group_r_strength": 64.0, "target_a_strength": 22000000000, "in_group_r_strength": 40, "attractor_count": 94, "position": [112.3123274263245, 36.39068452672737], "in_group_r_range": 2.0, "out_group_a_range": 2.8, "group_id": 0, "target_a_range": 435, "in_group_a_range": 2.8, "in_group_a_strength": 20}, {"radius": 0.3, "out_group_a_strength": 12.5, "out_group_r_range": 2.0, "pedestrian_id": 190, "friend_zone": [178, 113, 117, 59, 175, 171, 56, 35, 125, 139, 142, 12, 30, 157, 80, 74, 126, 140, 84, 16, 115, 70, 53, 24, 19, 184, 155, 147, 137, 183, 9, 98, 17, 25, 28, 21, 51, 67, 41, 89, 81, 118, 176, 121, 136, 153, 167, 159, 38, 166, 149, 160, 8, 39, 79, 11, 60, 109, 50, 4, 165, 72, 6, 101, 154, 129, 97, 0, 95, 164, 69, 58, 54, 99, 132, 163, 32, 52, 66, 22, 49, 172, 63, 124, 46, 3, 112, 138, 15, 31, 127, 161, 128, 47], "target": [35.0, 25.0], "out_group_r_strength": 64.0, "target_a_strength": 22000000000, "in_group_r_strength": 40, "attractor_count": 94, "position": [117.52137703123555, 33.14565653612241], "in_group_r_range": 2.0, "out_group_a_range": 2.8, "group_id": 1, "target_a_range": 435, "in_group_a_range": 2.8, "in_group_a_strength": 20}, {"radius": 0.3, "out_group_a_strength": 12.5, "out_group_r_range": 2.0, "pedestrian_id": 191, "friend_zone": [41, 165, 111, 31, 35, 180, 66, 100, 84, 53, 160, 138, 131, 106, 134, 54, 167, 97, 171, 142, 153, 50, 162, 166, 79, 21, 99, 76, 94, 181, 52, 145, 27, 132, 173, 114, 139, 127, 159, 101, 149, 26, 70, 19, 186, 4, 12, 175, 176, 39, 113, 90, 7, 14, 34, 133, 88, 86, 0, 126, 73, 63, 85, 15, 116, 123, 104, 16, 147, 125, 11, 150, 24, 92, 75, 61, 8, 10, 33, 143, 96, 81, 46, 78, 55, 22, 119, 69, 136, 122, 89, 29, 58, 74], "target": [35.0, 25.0], "out_group_r_strength": 64.0, "target_a_strength": 22000000000, "in_group_r_strength": 40, "attractor_count": 94, "position": [113.60689430156663, 27.916982412431093], "in_group_r_range": 2.0, "out_group_a_range": 2.8, "group_id": 1, "target_a_range": 435, "in_group_a_range": 2.8, "in_group_a_strength": 20}], "additional_id_existed_ped": {"0": [188, 190], "1": [190, 191], "2": [188, 189, 190, 191], "3": [188, 189, 191], "4": [188, 190, 191], "5": [189, 190], "6": [190], "7": [190, 191], "8": [188, 191], "9": [188, 189], "10": [189, 191], "11": [188, 191], "12": [188, 189, 190, 191], "13": [188, 189], "14": [191], "15": [191], "16": [188, 191], "17": [188, 189, 191], "18": [188, 189, 190], "19": [], "20": [189], "21": [190], "22": [190, 191], "23": [189, 190, 191], "24": [191], "25": [190], "26": [188, 189, 190], "27": [188, 190, 191], "28": [190], "29": [190, 191], "30": [188, 189, 190, 191], "31": [189, 190, 191], "32": [191], "33": [189, 190, 191], "34": [188, 191], "35": [188, 189], "36": [188, 189, 191], "37": [188, 191], "38": [188, 190, 191], "39": [189, 190, 191], "40": [190], "41": [189, 190], "42": [191], "43": [189, 191], "44": [189], "45": [], "46": [188], "47": [188, 191], "48": [188, 189, 190], "49": [190, 191], "50": [190, 191], "51": [189, 190], "52": [189, 190], "53": [188, 189, 190, 191], "54": [188, 190, 191], "55": [], "56": [189], "57": [], "58": [189, 191], "59": [190, 191], "60": [188], "61": [191], "62": [188, 189, 190, 191], "63": [188, 189, 190], "64": [189, 191], "65": [188, 191], "66": [188, 191], "67": [190, 191], "68": [190], "69": [188], "70": [], "71": [190, 191], "72": [190], "73": [189, 191], "74": [188, 189, 190], "75": [189, 190, 191], "76": [188], "77": [190, 191], "78": [188, 189, 190], "79": [188, 189, 190, 191], "80": [], "81": [189, 190], "82": [188, 190, 191], "83": [188, 189], "84": [188, 190, 191], "85": [188, 190, 191], "86": [188, 190, 191], "87": [191], "88": [188, 189, 191], "89": [188, 189, 190], "90": [189], "91": [188, 189, 191], "92": [188, 189, 190, 191], "93": [189], "94": [188, 189, 191], "95": [188, 190], "96": [188, 189], "97": [189, 190, 191], "98": [189], "99": [188, 189, 190, 191], "100": [188, 189, 191], "101": [189], "102": [188, 190, 191], "103": [188, 189, 190], "104": [189, 190, 191], "105": [190, 191], "106": [188, 190, 191], "107": [188, 189, 190], "108": [190, 191], "109": [189], "110": [189], "111": [191], "112": [], "113": [190], "114": [188, 190], "115": [188], "116": [189, 190, 191], "117": [188, 190], "118": [188, 189, 191], "119": [], "120": [188, 189, 190], "121": [188], "122": [188, 189, 190, 191], "123": [188], "124": [188, 189, 191], "125": [189, 191], "126": [188, 190, 191], "127": [188, 189], "128": [188, 190], "129": [191], "130": [189, 191], "131": [188, 190, 191], "132": [189, 190], "133": [189, 191], "134": [189, 190], "135": [190, 191], "136": [189], "137": [191], "138": [189, 190], "139": [189, 190, 191], "140": [188, 189], "141": [191], "142": [188, 189, 190], "143": [], "144": [189, 190, 191], "145": [189, 191], "146": [188, 190, 191], "147": [188, 190], "148": [188, 189, 190], "149": [188, 189, 190, 191], "150": [188, 189, 190], "151": [188, 189], "152": [188, 189], "153": [188, 190, 191], "154": [188, 190, 191], "155": [188, 189, 191], "156": [188, 189], "157": [188], "158": [], "159": [188, 189, 190], "160": [], "161": [190], "162": [190, 191], "163": [188, 190], "164": [], "165": [189], "166": [188], "167": [188], "168": [189], "169": [189], "170": [188, 189, 190], "171": [188, 189], "172": [188, 190], "173": [], "174": [188], "175": [189, 190], "176": [], "177": [188, 189, 191], "178": [189], "179": [189], "180": [189, 191], "181": [188, 190], "182": [191], "183": [188, 189, 190], "184": [188, 189, 191], "185": [188, 191], "186": [190, 191], "187": [188, 189, 190, 191]}}