{"frame_second": "3700", "pedestrian_list": [{"radius": 0.3, "out_group_a_strength": 12.5, "out_group_r_range": 2.0, "pedestrian_id": 340, "friend_zone": [95, 69, 136, 38, 168, 87, 76, 167, 247, 140, 6, 241, 256, 283, 157, 270, 13, 231, 74, 173, 194, 314, 106, 214, 133, 223, 335, 339, 111, 202, 207, 145, 116, 24, 321, 303, 177, 107, 3, 182, 279, 122, 100, 14, 9, 199, 33, 252, 150, 205, 78, 118, 309, 1, 143, 251, 229, 313, 28, 110, 266, 113, 67, 50, 57, 65, 310, 331, 261, 236, 259, 208, 225, 269, 41, 186, 54, 117, 18, 89, 52, 161, 301, 92, 276, 2, 179, 59, 44, 191, 305, 30, 149, 287, 55, 258, 90, 81, 337, 70, 248, 176, 228, 8, 297, 291, 154, 183, 188, 72, 163, 22, 144, 155, 45, 187, 200, 239, 219, 243, 196, 277, 102, 108, 80, 121, 190, 326, 151, 302, 20, 212, 227, 125, 42, 323, 103, 203, 268, 289, 132, 209, 285, 88, 267, 86, 298, 138, 174, 0, 123, 152, 11, 244, 5, 26, 156, 171, 98, 181, 294, 32, 4, 213, 221, 34, 325, 48, 23, 7], "target": [35.0, 25.0], "out_group_r_strength": 64.0, "target_a_strength": 22000000000, "in_group_r_strength": 40, "attractor_count": 170, "position": [123.36417464261935, 15.593572729521096], "in_group_r_range": 2.0, "out_group_a_range": 2.8, "group_id": 0, "target_a_range": 435, "in_group_a_range": 2.8, "in_group_a_strength": 20}, {"radius": 0.3, "out_group_a_strength": 12.5, "out_group_r_range": 2.0, "pedestrian_id": 341, "friend_zone": [297, 178, 38, 303, 308, 237, 268, 8, 333, 98, 53, 201, 324, 142, 228, 299, 117, 129, 111, 277, 241, 234, 247, 165, 159, 115, 321, 185, 50, 195, 125, 45, 317, 127, 61, 43, 94, 301, 168, 97, 4, 12, 205, 295, 73, 312, 147, 235, 274, 3, 153, 74, 328, 296, 281, 25, 37, 266, 211, 132, 219, 87, 182, 325, 216, 158, 232, 63, 72, 172, 30, 108, 289, 204, 260, 311, 167, 71, 222, 258, 275, 133, 107, 104, 149, 173, 160, 49, 76, 238, 199, 279, 131, 138, 177, 231, 82, 256, 239, 186, 121, 270, 155, 24, 257, 20, 16, 93, 187, 162, 99, 254, 335, 175, 307, 78, 58, 181, 251, 272, 170, 223, 34, 331, 59, 322, 36, 284, 83, 215, 145, 179, 323, 310, 248, 128, 267, 154, 148, 161, 139, 5, 17, 166, 332, 315, 300, 273, 192, 282, 298, 208, 105, 163, 264, 103, 157, 338, 11, 143, 288, 255, 227, 23, 337, 26, 174, 329, 92, 102], "target": [35.0, 25.0], "out_group_r_strength": 64.0, "target_a_strength": 22000000000, "in_group_r_strength": 40, "attractor_count": 170, "position": [125.95407380440912, 10.384345696005795], "in_group_r_range": 2.0, "out_group_a_range": 2.8, "group_id": 0, "target_a_range": 435, "in_group_a_range": 2.8, "in_group_a_strength": 20}, {"radius": 0.3, "out_group_a_strength": 12.5, "out_group_r_range": 2.0, "pedestrian_id": 342, "friend_zone": [26, 188, 303, 3, 251, 152, 128, 59, 105, 31, 175, 87, 252, 330, 36, 78, 267, 274, 84, 304, 32, 288, 22, 69, 70, 17, 293, 160, 284, 0, 172, 201, 27, 9, 199, 115, 140, 187, 243, 262, 336, 25, 40, 5, 14, 207, 317, 278, 327, 154, 180, 97, 269, 334, 226, 150, 244, 86, 275, 116, 308, 286, 323, 133, 58, 319, 62, 234, 331, 83, 52, 301, 206, 167, 85, 164, 149, 324, 20, 21, 2, 295, 156, 185, 211, 292, 222, 107, 203, 215, 283, 46, 335, 137, 268, 71, 121, 104, 265, 135, 239, 126, 245, 6, 204, 39, 309, 228, 183, 8, 53, 254, 19, 42, 112, 91, 313, 114, 15, 12, 248, 166, 266, 296, 179, 320, 332, 212, 270, 280, 143, 55, 18, 151, 184, 139, 261, 33, 189, 282, 242, 1, 76, 79, 153, 48, 82, 224, 276, 163, 60, 134, 329, 80, 271, 118, 148, 263, 93, 119, 41, 219, 186, 255, 92, 253, 74, 57, 125, 4], "target": [35.0, 25.0], "out_group_r_strength": 64.0, "target_a_strength": 22000000000, "in_group_r_strength": 40, "attractor_count": 170, "position": [133.1138801674702, 24.687637507986725], "in_group_r_range": 2.0, "out_group_a_range": 2.8, "group_id": 1, "target_a_range": 435, "in_group_a_range": 2.8, "in_group_a_strength": 20}, {"radius": 0.3, "out_group_a_strength": 12.5, "out_group_r_range": 2.0, "pedestrian_id": 343, "friend_zone": [152, 287, 42, 32, 180, 81, 0, 334, 4, 337, 196, 48, 272, 278, 208, 252, 236, 281, 227, 271, 267, 205, 40, 323, 289, 239, 140, 248, 327, 41, 229, 333, 72, 5, 198, 213, 43, 279, 76, 268, 185, 107, 61, 186, 171, 316, 179, 175, 274, 74, 244, 191, 165, 83, 246, 250, 111, 335, 115, 96, 78, 284, 266, 85, 325, 295, 247, 135, 129, 197, 243, 273, 2, 110, 116, 249, 104, 174, 311, 290, 322, 242, 138, 210, 207, 17, 302, 79, 240, 178, 68, 277, 231, 63, 225, 141, 187, 235, 321, 119, 34, 54, 19, 201, 168, 258, 212, 169, 286, 124, 219, 139, 220, 105, 65, 294, 199, 154, 137, 164, 146, 254, 328, 332, 33, 226, 204, 228, 64, 123, 310, 101, 118, 15, 181, 232, 97, 224, 6, 51, 195, 117, 315, 159, 157, 143, 13, 253, 84, 233, 163, 91, 297, 320, 88, 166, 134, 153, 59, 282, 7, 93, 161, 47, 58, 170, 296, 156, 262, 38], "target": [35.0, 25.0], "out_group_r_strength": 64.0, "target_a_strength": 22000000000, "in_group_r_strength": 40, "attractor_count": 170, "position": [130.53430250171468, 20.109572047527372], "in_group_r_range": 2.0, "out_group_a_range": 2.8, "group_id": 1, "target_a_range": 435, "in_group_a_range": 2.8, "in_group_a_strength": 20}], "additional_id_existed_ped": {"0": [340, 342], "1": [340, 341], "2": [342, 343], "3": [340, 341, 342, 343], "4": [340, 343], "5": [340], "6": [342, 343], "7": [341, 343], "8": [341], "9": [341, 342, 343], "10": [341, 342, 343], "11": [341, 342], "12": [341, 342, 343], "13": [341], "14": [341], "15": [340, 341, 343], "16": [341], "17": [340, 342], "18": [340, 341, 342], "19": [341, 342], "20": [340], "21": [340, 341], "22": [340], "23": [340, 341, 342], "24": [342, 343], "25": [340, 343], "26": [341, 342, 343], "27": [340, 341, 342, 343], "28": [], "29": [343], "30": [], "31": [342, 343], "32": [341, 342, 343], "33": [340, 341], "34": [342, 343], "35": [340, 343], "36": [341, 342, 343], "37": [], "38": [341, 342], "39": [342], "40": [341, 342, 343], "41": [340, 342], "42": [340, 342, 343], "43": [341, 342, 343], "44": [342, 343], "45": [341], "46": [341, 342, 343], "47": [340, 341, 343], "48": [342], "49": [340, 341, 343], "50": [340, 341, 342, 343], "51": [342], "52": [340, 343], "53": [340, 342, 343], "54": [340, 341, 342, 343], "55": [340, 341, 342, 343], "56": [340, 341], "57": [342], "58": [341, 342], "59": [341, 342], "60": [341, 343], "61": [340, 343], "62": [341], "63": [343], "64": [340], "65": [340, 341, 342], "66": [340, 342, 343], "67": [341], "68": [341], "69": [341, 342], "70": [], "71": [], "72": [340, 341], "73": [340, 342], "74": [340, 341, 342, 343], "75": [340], "76": [340, 341, 342], "77": [340, 343], "78": [340, 341, 342, 343], "79": [343], "80": [340, 341, 343], "81": [340], "82": [341, 342], "83": [340, 341, 342], "84": [340], "85": [], "86": [341, 342], "87": [340, 343], "88": [], "89": [342, 343], "90": [340, 341, 342], "91": [341, 342, 343], "92": [340, 343], "93": [], "94": [340, 341, 342], "95": [340, 343], "96": [341], "97": [340, 341, 343], "98": [342, 343], "99": [340, 341, 342, 343], "100": [341, 342], "101": [], "102": [340, 342, 343], "103": [340, 342], "104": [], "105": [340, 341, 343], "106": [343], "107": [340, 341, 343], "108": [341, 342], "109": [340, 341, 342, 343], "110": [340], "111": [341], "112": [341, 343], "113": [341, 342], "114": [340, 341, 342], "115": [340, 342, 343], "116": [340, 341, 342], "117": [342], "118": [341, 342, 343], "119": [341], "120": [340, 342, 343], "121": [341, 342, 343], "122": [341, 343], "123": [341, 342, 343], "124": [343], "125": [341, 342], "126": [340, 341, 343], "127": [342, 343], "128": [340, 341], "129": [343], "130": [342], "131": [341], "132": [340, 341, 342], "133": [341], "134": [340, 341], "135": [340, 341], "136": [340, 341, 342, 343], "137": [340], "138": [343], "139": [340, 341], "140": [341, 342], "141": [340, 341, 342], "142": [340, 341, 343], "143": [], "144": [342, 343], "145": [341, 343], "146": [342, 343], "147": [340, 342], "148": [340, 341, 343], "149": [340, 342, 343], "150": [341, 342], "151": [340, 341, 343], "152": [342], "153": [340, 342], "154": [342], "155": [340, 343], "156": [342, 343], "157": [340, 341], "158": [342], "159": [340, 343],