{"frame_second": "2800", "pedestrian_list": [{"radius": 0.3, "out_group_a_strength": 12.5, "out_group_r_range": 2.0, "pedestrian_id": 268, "friend_zone": [113, 47, 70, 158, 156, 20, 121, 139, 71, 98, 39, 163, 122, 144, 130, 135, 207, 33, 184, 267, 108, 176, 209, 189, 167, 146, 198, 192, 1, 13, 246, 261, 96, 259, 78, 119, 120, 260, 205, 77, 10, 217, 44, 212, 231, 25, 69, 252, 243, 216, 157, 194, 155, 57, 55, 61, 175, 56, 225, 9, 152, 244, 22, 86, 118, 31, 8, 63, 165, 40, 45, 123, 97, 102, 162, 99, 221, 52, 43, 82, 206, 100, 229, 2, 24, 128, 109, 185, 188, 19, 253, 111, 46, 235, 36, 112, 114, 250, 262, 116, 92, 242, 154, 27, 226, 75, 7, 213, 187, 141, 149, 168, 233, 101, 28, 60, 0, 160, 17, 48, 51, 179, 54, 14, 18, 136, 180, 181, 126, 29, 115, 227, 26, 219], "target": [35.0, 25.0], "out_group_r_strength": 64.0, "target_a_strength": 22000000000, "in_group_r_strength": 40, "attractor_count": 134, "position": [127.26284992570947, 32.49903282061448], "in_group_r_range": 2.0, "out_group_a_range": 2.8, "group_id": 0, "target_a_range": 435, "in_group_a_range": 2.8, "in_group_a_strength": 20}, {"radius": 0.3, "out_group_a_strength": 12.5, "out_group_r_range": 2.0, "pedestrian_id": 269, "friend_zone": [147, 104, 78, 248, 93, 37, 14, 124, 222, 199, 63, 216, 40, 77, 110, 62, 30, 61, 220, 113, 53, 156, 41, 215, 4, 238, 203, 225, 96, 210, 243, 140, 211, 187, 227, 244, 84, 51, 76, 167, 42, 3, 190, 180, 17, 90, 120, 26, 193, 66, 158, 118, 249, 221, 145, 250, 192, 79, 136, 15, 57, 68, 189, 98, 34, 173, 69, 45, 201, 267, 82, 46, 228, 254, 100, 198, 112, 131, 16, 246, 123, 208, 89, 5, 132, 47, 95, 235, 163, 161, 148, 261, 247, 209, 213, 171, 139, 240, 130, 119, 253, 74, 154, 101, 265, 159, 86, 9, 71, 7, 168, 43, 33, 144, 19, 184, 135, 234, 236, 266, 48, 125, 111, 116, 206, 44, 102, 24, 25, 12, 60, 18, 103, 157], "target": [35.0, 25.0], "out_group_r_strength": 64.0, "target_a_strength": 22000000000, "in_group_r_strength": 40, "attractor_count": 134, "position": [131.828058938221, 21.4320762812056], "in_group_r_range": 2.0, "out_group_a_range": 2.8, "group_id": 0, "target_a_range": 435, "in_group_a_range": 2.8, "in_group_a_strength": 20}, {"radius": 0.3, "out_group_a_strength": 12.5, "out_group_r_range": 2.0, "pedestrian_id": 270, "friend_zone": [59, 22, 12, 4, 51, 257, 50, 67, 88, 119, 243, 227, 73, 133, 235, 247, 189, 170, 196, 18, 211, 208, 63, 139, 238, 95, 239, 186, 248, 42, 148, 156, 184, 129, 164, 106, 123, 76, 39, 53, 116, 169, 81, 99, 61, 192, 201, 263, 240, 30, 127, 178, 233, 131, 68, 200, 244, 9, 56, 266, 28, 153, 175, 105, 212, 3, 44, 69, 103, 132, 152, 55, 41, 167, 231, 215, 203, 147, 255, 199, 38, 182, 144, 245, 27, 93, 110, 160, 29, 216, 31, 65, 35, 185, 140, 80, 64, 171, 71, 254, 75, 57, 155, 5, 130, 84, 118, 79, 191, 2, 128, 138, 267, 179, 10, 26, 102, 104, 195, 52, 218, 43, 24, 6, 194, 174, 141, 168, 162, 221, 251, 207, 177, 0], "target": [35.0, 25.0], "out_group_r_strength": 64.0, "target_a_strength": 22000000000, "in_group_r_strength": 40, "attractor_count": 134, "position": [127.90485068482688, 13.633354601001272], "in_group_r_range": 2.0, "out_group_a_range": 2.8, "group_id": 1, "target_a_range": 435, "in_group_a_range": 2.8, "in_group_a_strength": 20}, {"radius": 0.3, "out_group_a_strength": 12.5, "out_group_r_range": 2.0, "pedestrian_id": 271, "friend_zone": [236, 185, 102, 60, 237, 97, 5, 174, 119, 147, 186, 172, 113, 201, 163, 256, 262, 202, 44, 249, 158, 244, 170, 204, 251, 188, 67, 129, 167, 98, 89, 160, 14, 132, 252, 265, 122, 69, 79, 128, 37, 24, 155, 115, 214, 138, 250, 255, 191, 230, 165, 56, 103, 189, 114, 19, 157, 88, 235, 136, 116, 198, 182, 99, 70, 2, 41, 247, 64, 68, 78, 258, 212, 171, 121, 266, 173, 38, 35, 46, 100, 215, 26, 207, 42, 110, 144, 81, 240, 82, 134, 154, 58, 10, 228, 178, 111, 48, 106, 36, 139, 261, 226, 161, 74, 225, 130, 127, 49, 57, 27, 45, 43, 76, 117, 200, 222, 126, 33, 194, 153, 105, 208, 140, 20, 40, 53, 92, 61, 199, 29, 151, 73, 196], "target": [35.0, 25.0], "out_group_r_strength": 64.0, "target_a_strength": 22000000000, "in_group_r_strength": 40, "attractor_count": 134, "position": [112.31528435390757, 22.72698576977528], "in_group_r_range": 2.0, "out_group_a_range": 2.8, "group_id": 1, "target_a_range": 435, "in_group_a_range": 2.8, "in_group_a_strength": 20}], "additional_id_existed_ped": {"0": [268, 269, 270, 271], "1": [269, 271], "2": [270], "3": [268, 271], "4": [268, 270], "5": [268], "6": [], "7": [268, 269, 271], "8": [270], "9": [269, 271], "10": [271], "11": [268, 269], "12": [], "13": [269, 271], "14": [269], "15": [269, 270, 271], "16": [268, 270, 271], "17": [268, 269], "18": [268, 271], "19": [270, 271], "20": [268, 269, 270], "21": [268, 269, 271], "22": [], "23": [268, 270, 271], "24": [268, 269, 270, 271], "25": [271], "26": [269, 271], "27": [269, 270], "28": [268, 270], "29": [269, 270, 271], "30": [268, 271], "31": [268, 270], "32": [268], "33": [268], "34": [268, 271], "35": [268, 270], "36": [268, 271], "37": [270], "38": [270, 271], "39": [268, 269, 270], "40": [268, 270], "41": [268, 270], "42": [268, 271], "43": [268, 269, 270], "44": [], "45": [268, 269, 270, 271], "46": [270, 271], "47": [268, 269], "48": [268, 269, 270, 271], "49": [268, 269, 270, 271], "50": [268, 269, 270, 271], "51": [268, 271], "52": [268, 270], "53": [269, 271], "54": [268, 271], "55": [269], "56": [268, 270], "57": [269, 271], "58": [268, 269, 270, 271], "59": [270, 271], "60": [269, 271], "61": [268, 269], "62": [270, 271], "63": [268, 270, 271], "64": [269, 270], "65": [269], "66": [270, 271], "67": [270], "68": [268], "69": [269, 271], "70": [], "71": [270], "72": [268, 269, 270], "73": [268], "74": [268, 269, 270], "75": [268, 270], "76": [269, 270], "77": [268, 269, 271], "78": [], "79": [268, 271], "80": [268, 270, 271], "81": [268, 270, 271], "82": [268, 269, 270, 271], "83": [271], "84": [268], "85": [269, 270, 271], "86": [269, 270], "87": [268, 270, 271], "88": [269, 270, 271], "89": [269, 270], "90": [269, 270], "91": [270, 271], "92": [270], "93": [268, 270, 271], "94": [268, 271], "95": [268, 269, 270, 271], "96": [268, 269, 270], "97": [269, 270, 271], "98": [269, 270], "99": [268, 270], "100": [268], "101": [268, 269, 271], "102": [268, 269], "103": [268, 269, 270], "104": [270], "105": [269], "106": [269, 271], "107": [269, 270, 271], "108": [268, 271], "109": [269, 271], "110": [268, 269, 271], "111": [269, 270, 271], "112": [268, 269], "113": [268, 270], "114": [269, 271], "115": [269, 270], "116": [268], "117": [268, 269], "118": [268, 269], "119": [268], "120": [], "121": [268, 269, 270, 271], "122": [268], "123": [], "124": [269], "125": [269, 270], "126": [269, 270], "127": [268, 271], "128": [268], "129": [], "130": [268, 271], "131": [269], "132": [271], "133": [268, 269, 271], "134": [268], "135": [268, 270], "136": [271], "137": [269, 271], "138": [268, 270, 271], "139": [268], "140": [268, 270], "141": [268, 271], "142": [268, 271], "143": [268, 269], "144": [268], "145": [268, 271], "146": [268, 269, 270], "147": [268, 269], "148": [268, 270, 271], "149": [270], "150": [268, 269], "151": [269], "152": [268, 269, 270, 271], "153": [269, 270], "154": [269, 270, 271], "155": [], "156": [269, 270], "157": [268, 269, 270, 271], "158": [269, 271], "159": [269], "160": [268, 270, 271], "161": [269, 271], "162": [268, 271], "163": [270, 271], "164": [270], "165": [268, 271], "166": [268, 269, 270, 271], "167": [268, 269, 270], "168": [269, 270], "169": [268, 271], "170": [], "171": [271], "172": [268, 270, 271], "173": [269, 270, 271], "174": [], "175": [268, 269], "176": [268, 270], "177": [271], "178": [268, 269], "179": [268, 269, 270], "180": [268, 270, 271], "181": [268, 269, 270, 271], "182": [268, 269], "183": [269, 270, 271], "184": [268, 269, 270, 271], "185": [270, 271], "186": [269, 270, 271], "187": [269, 270, 271], "188": [268, 270, 271], "189": [268, 270], "190": [269, 270, 271], "191": [269], "192": [269, 271], "193": [268, 271], "194": [268, 270], "195": [268, 269, 271],