{"frame_second": "2800", "pedestrian_list": [{"radius": 0.3, "out_group_a_strength": 12.5, "out_group_r_range": 2.0, "pedestrian_id": 264, "friend_zone": [47, 99, 184, 16, 91, 143, 200, 10, 89, 114, 252, 227, 213, 14, 180, 259, 254, 29, 230, 193, 225, 263, 271, 253, 139, 235, 197, 232, 107, 23, 174, 84, 32, 247, 258, 147, 234, 176, 58, 166, 98, 116, 221, 179, 170, 189, 70, 190, 172, 45, 188, 146, 269, 222, 117, 150, 73, 96, 192, 154, 202, 39, 199, 37, 130, 28, 245, 209, 168, 113, 30, 25, 251, 1, 83, 31, 38, 35, 237, 160, 46, 211, 149, 77, 126, 194, 6, 56, 182, 68, 183, 97, 238, 15, 155, 236, 181, 118, 123, 93, 131, 210, 9, 145, 196, 161, 19, 122, 7, 141, 62, 242, 51, 40, 8, 171, 86, 12, 44, 137, 248, 17, 214, 178, 203, 129, 100, 246, 201, 82, 148, 24, 49, 120], "target": [35.0, 25.0], "out_group_r_strength": 64.0, "target_a_strength": 22000000000, "in_group_r_strength": 40, "attractor_count": 134, "position": [-67.69260213321589, 35.73811206836834], "in_group_r_range": 2.0, "out_group_a_range": 2.8, "group_id": 0, "target_a_range": 435, "in_group_a_range": 2.8, "in_group_a_strength": 20}, {"radius": 0.3, "out_group_a_strength": 12.5, "out_group_r_range": 2.0, "pedestrian_id": 265, "friend_zone": [2, 78, 248, 75, 6, 56, 61, 256, 238, 197, 96, 242, 204, 45, 92, 140, 34, 257, 230, 11, 70, 22, 207, 24, 85, 107, 247, 157, 58, 233, 5, 28, 236, 137, 16, 41, 209, 32, 93, 57, 225, 223, 169, 205, 122, 40, 187, 23, 108, 220, 118, 127, 88, 192, 44, 64, 216, 224, 91, 9, 90, 130, 139, 262, 36, 263, 89, 244, 178, 188, 261, 18, 67, 53, 240, 153, 80, 269, 123, 245, 4, 128, 234, 145, 83, 151, 66, 94, 254, 117, 158, 8, 81, 48, 39, 106, 100, 84, 226, 191, 101, 206, 7, 49, 12, 172, 271, 65, 152, 161, 201, 47, 142, 124, 175, 97, 109, 250, 217, 135, 82, 21, 147, 219, 182, 258, 146, 52, 133, 239, 148, 160, 73, 79], "target": [35.0, 25.0], "out_group_r_strength": 64.0, "target_a_strength": 22000000000, "in_group_r_strength": 40, "attractor_count": 134, "position": [-59.893327552854, 16.211511112505736], "in_group_r_range": 2.0, "out_group_a_range": 2.8, "group_id": 0, "target_a_range": 435, "in_group_a_range": 2.8, "in_group_a_strength": 20}, {"radius": 0.3, "out_group_a_strength": 12.5, "out_group_r_range": 2.0, "pedestrian_id": 266, "friend_zone": [90, 178, 93, 13, 30, 60, 107, 0, 151, 6, 155, 62, 40, 113, 227, 59, 214, 228, 186, 241, 229, 216, 158, 82, 47, 232, 70, 7, 247, 55, 120, 78, 126, 133, 137, 171, 172, 204, 45, 201, 154, 235, 88, 114, 271, 239, 11, 262, 71, 96, 191, 222, 206, 100, 194, 2, 248, 32, 9, 139, 28, 66, 17, 50, 109, 10, 1, 238, 26, 76, 215, 105, 102, 19, 255, 128, 122, 159, 134, 65, 34, 104, 74, 249, 101, 112, 181, 75, 37, 197, 208, 130, 211, 179, 39, 220, 97, 121, 269, 85, 84, 141, 132, 184, 48, 42, 190, 31, 224, 240, 64, 226, 8, 261, 259, 196, 160, 256, 230, 145, 36, 183, 77, 147, 199, 54, 115, 193, 243, 157, 219, 221, 174, 106], "target": [35.0, 25.0], "out_group_r_strength": 64.0, "target_a_strength": 22000000000, "in_group_r_strength": 40, "attractor_count": 134, "position": [-57.2616613753727, 24.025450484402032], "in_group_r_range": 2.0, "out_group_a_range": 2.8, "group_id": 1, "target_a_range": 435, "in_group_a_range": 2.8, "in_group_a_strength": 20}, {"radius": 0.3, "out_group_a_strength": 12.5, "out_group_r_range": 2.0, "pedestrian_id": 267, "friend_zone": [129, 183, 31, 227, 270, 102, 67, 256, 42, 35, 232, 136, 7, 11, 19, 50, 101, 216, 203, 125, 244, 135, 234, 168, 47, 69, 68, 20, 221, 46, 193, 78, 245, 34, 142, 15, 235, 94, 93, 204, 164, 143, 260, 53, 38, 194, 165, 214, 146, 117, 160, 243, 170, 192, 112, 201, 74, 75, 8, 60, 103, 113, 107, 134, 223, 212, 188, 77, 219, 151, 144, 172, 70, 63, 157, 187, 32, 39, 23, 122, 199, 153, 3, 73, 246, 208, 147, 186, 54, 222, 241, 169, 225, 109, 178, 198, 16, 124, 230, 261, 61, 9, 156, 269, 100, 177, 181, 182, 84, 59, 252, 140, 228, 271, 239, 95, 189, 57, 253, 158, 226, 240, 40, 118, 237, 220, 215, 262, 236, 26, 52, 167, 21, 159], "target": [35.0, 25.0], "out_group_r_strength": 64.0, "target_a_strength": 22000000000, "in_group_r_strength": 40, "attractor_count": 134, "position": [-48.84844821804432, 31.808811070868046], "in_group_r_range": 2.0, "out_group_a_range": 2.8, "group_id": 1, "target_a_range": 435, "in_group_a_range": 2.8, "in_group_a_strength": 20}], "additional_id_existed_ped": {"0": [264, 267], "1": [264, 265, 266, 267], "2": [264, 265, 267], "3": [264, 265, 266, 267], "4": [264], "5": [264, 266], "6": [265], "7": [265, 267], "8": [264, 267], "9": [], "10": [265], "11": [264, 266], "12": [265], "13": [266], "14": [264, 265, 266, 267], "15": [267], "16": [], "17": [264, 265, 266, 267], "18": [264, 265, 266, 267], "19": [266], "20": [264, 265, 266], "21": [], "22": [264, 266, 267], "23": [265, 266], "24": [264, 266], "25": [265], "26": [264, 266], "27": [264], "28": [266, 267], "29": [267], "30": [264, 267], "31": [264], "32": [264, 265, 266, 267], "33": [264, 265, 266, 267], "34": [267], "35": [264], "36": [], "37": [266], "38": [267], "39": [265, 266], "40": [264, 266, 267], "41": [266], "42": [264, 266], "43": [264, 266], "44": [], "45": [264, 265, 267], "46": [], "47": [264, 267], "48": [264, 265, 267], "49": [264, 266], "50": [266], "51": [266, 267], "52": [266, 267], "53": [265], "54": [264, 265, 266, 267], "55": [265, 266, 267], "56": [264, 265], "57": [264, 265], "58": [264, 266, 267], "59": [264, 266, 267], "60": [266, 267], "61": [264, 266], "62": [264, 267], "63": [266, 267], "64": [264], "65": [], "66": [266], "67": [265, 266, 267], "68": [264, 266, 267], "69": [265, 267], "70": [265, 267], "71": [265, 267], "72": [264, 266, 267], "73": [267], "74": [267], "75": [265, 266], "76": [264, 266], "77": [264, 266, 267], "78": [264, 267], "79": [264, 265, 267], "80": [265, 266], "81": [264], "82": [264, 265, 266, 267], "83": [265, 266], "84": [266], "85": [264, 265, 266], "86": [], "87": [264, 265, 266, 267], "88": [264, 265, 266, 267], "89": [264, 266, 267], "90": [264, 266, 267], "91": [264, 265, 267], "92": [264, 265, 266], "93": [265], "94": [264, 266], "95": [265], "96": [264, 265, 266, 267], "97": [266, 267], "98": [264], "99": [265, 266, 267], "100": [264, 265, 266], "101": [264, 265, 266], "102": [265, 267], "103": [264, 265, 267], "104": [265, 267], "105": [264, 265, 266, 267], "106": [], "107": [264], "108": [264, 265], "109": [265, 266], "110": [267], "111": [267], "112": [265, 266, 267], "113": [265], "114": [266, 267], "115": [265, 267], "116": [264, 266, 267], "117": [264, 266, 267], "118": [264, 265], "119": [265, 267], "120": [264, 265, 266], "121": [264], "122": [], "123": [264], "124": [264, 265], "125": [264, 265, 266], "126": [265, 267], "127": [264, 266, 267], "128": [266, 267], "129": [264, 265], "130": [265, 266], "131": [267], "132": [264, 266, 267], "133": [264, 265, 266], "134": [264, 267], "135": [264], "136": [265, 267], "137": [265], "138": [264], "139": [264, 265, 266, 267], "140": [265, 267], "141": [264, 267], "142": [264, 266], "143": [266, 267], "144": [265, 267], "145": [], "146": [264, 266, 267], "147": [267], "148": [266, 267], "149": [264, 265, 266], "150": [264, 265, 266, 267], "151": [265, 267], "152": [264, 266], "153": [264, 265, 267], "154": [264], "155": [265, 266, 267], "156": [264, 265, 267], "157": [265], "158": [267], "159": [], "160": [264, 265, 267], "161": [264, 265, 266, 267], "162": [265, 266], "163": [264, 265, 267], "164": [264], "165": [266, 267], "166": [265, 266], "167": [264, 265, 266, 267], "168": [264], "169": [265, 267], "170": [265], "171": [264, 267], "172": [265, 266, 267], "173": [266], "174": [265, 266], "175": [265, 266], "176": [264, 266, 267], "177": [265, 267], "178": [264, 265, 266, 267], "179": [265], "180": [265, 267], "181": [264, 265, 266, 267], "182": [264, 266, 267], "183": [], "184": [264, 265], "185": [264, 265, 266, 267], "186": [264, 265, 266], "187": [265, 266], "188": [], "189": [266, 267], "190": [], "191": [264, 266, 267], "192": [264, 265], "193": [265, 266, 267], "194": [264, 267], "195": [264, 266],