{"frame_second": "4400", "pedestrian_list": [{"radius": 0.3, "out_group_a_strength": 12.5, "out_group_r_range": 2.0, "pedestrian_id": 396, "friend_zone": [228, 139, 366, 261, 21, 269, 371, 278, 362, 244, 123, 11, 62, 102, 274, 177, 30, 222, 286, 254, 29, 374, 170, 45, 199, 159, 334, 319, 93, 134, 297, 109, 359, 75, 4, 324, 63, 346, 143, 307, 212, 144, 146, 281, 387, 55, 320, 172, 68, 57, 234, 291, 248, 47, 120, 271, 388, 35, 37, 343, 129, 333, 216, 376, 193, 148, 0, 363, 15, 382, 306, 125, 379, 81, 180, 351, 266, 205, 293, 245, 161, 342, 167, 235, 77, 353, 105, 241, 322, 72, 365, 360, 80, 51, 328, 27, 162, 210, 317, 48, 197, 302, 242, 257, 207, 383, 236, 179, 92, 73, 185, 60, 196, 239, 36, 39, 377, 201, 251, 127, 279, 96, 128, 25, 227, 270, 394, 122, 230, 303, 176, 84, 28, 249, 182, 310, 155, 309, 1, 173, 252, 299, 232, 12, 164, 131, 262, 111, 247, 149, 126, 46, 314, 54, 112, 115, 74, 341, 221, 98, 195, 136, 339, 331, 316, 61, 384, 42, 69, 88, 19, 104, 145, 91, 116, 110, 117, 358, 298, 142, 208, 223, 53, 330, 184, 284, 49, 338, 66, 153, 352, 226, 192, 119, 18, 130, 290, 78], "target": [35.0, 25.0], "out_group_r_strength": 64.0, "target_a_strength": 22000000000, "in_group_r_strength": 40, "attractor_count": 198, "position": [133.75580865981925, 26.613448897342767], "in_group_r_range": 2.0, "out_group_a_range": 2.8, "group_id": 0, "target_a_range": 435, "in_group_a_range": 2.8, "in_group_a_strength": 20}, {"radius": 0.3, "out_group_a_strength": 12.5, "out_group_r_range": 2.0, "pedestrian_id": 397, "friend_zone": [203, 82, 288, 245, 352, 179, 211, 101, 147, 186, 68, 272, 77, 12, 267, 127, 10, 259, 115, 98, 91, 278, 346, 111, 28, 25, 49, 391, 214, 26, 90, 197, 63, 336, 39, 349, 386, 106, 37, 316, 377, 217, 289, 45, 228, 17, 195, 14, 21, 256, 366, 189, 88, 64, 137, 207, 171, 92, 78, 44, 282, 134, 163, 126, 71, 331, 225, 125, 281, 360, 132, 340, 368, 354, 365, 393, 356, 83, 85, 235, 246, 323, 229, 80, 66, 172, 312, 220, 112, 322, 239, 376, 242, 345, 264, 175, 305, 8, 177, 169, 73, 206, 94, 326, 16, 227, 19, 31, 382, 133, 151, 299, 343, 318, 7, 392, 86, 275, 311, 265, 286, 76, 114, 122, 55, 150, 51, 33, 187, 131, 362, 144, 335, 274, 118, 23, 32, 306, 384, 218, 48, 192, 107, 205, 285, 11, 240, 379, 276, 387, 261, 348, 390, 6, 43, 143, 188, 67, 198, 129, 201, 42, 389, 273, 247, 295, 1, 99, 153, 185, 139, 40, 280, 233, 29, 202, 96, 180, 302, 121, 216, 145, 141, 34, 251, 204, 212, 287, 350, 162, 395, 219, 15, 165, 27, 290, 95, 359], "target": [35.0, 25.0], "out_group_r_strength": 64.0, "target_a_strength": 22000000000, "in_group_r_strength": 40, "attractor_count": 198, "position": [111.00172401392277, 14.287480004753482], "in_group_r_range": 2.0, "out_group_a_range": 2.8, "group_id": 0, "target_a_range": 435, "in_group_a_range": 2.8, "in_group_a_strength": 20}, {"radius": 0.3, "out_group_a_strength": 12.5, "out_group_r_range": 2.0, "pedestrian_id": 398, "friend_zone": [36, 97, 298, 354, 394, 235, 320, 302, 393, 86, 204, 203, 24, 391, 161, 17, 259, 372, 309, 66, 174, 51, 117, 231, 172, 103, 388, 176, 326, 311, 209, 109, 329, 34, 141, 28, 57, 58, 138, 244, 272, 305, 395, 284, 223, 136, 254, 332, 152, 347, 157, 196, 67, 47, 12, 85, 78, 324, 292, 33, 362, 338, 156, 281, 276, 31, 158, 9, 35, 246, 285, 178, 62, 140, 296, 273, 185, 373, 335, 334, 189, 180, 199, 348, 124, 278, 367, 101, 48, 330, 5, 198, 365, 139, 60, 242, 378, 127, 170, 0, 206, 160, 148, 220, 50, 3, 91, 310, 16, 84, 42, 251, 363, 392, 55, 131, 345, 318, 301, 121, 202, 159, 100, 186, 308, 224, 294, 52, 40, 297, 46, 262, 61, 221, 352, 214, 45, 169, 26, 147, 293, 371, 184, 30, 323, 315, 350, 248, 73, 56, 358, 96, 364, 107, 110, 360, 87, 4, 337, 113, 197, 118, 125, 380, 208, 339, 44, 21, 341, 27, 135, 25, 187, 98, 14, 321, 130, 280, 303, 76, 375, 331, 70, 90, 32, 205, 163, 333, 228, 247, 222, 327, 225, 38, 238, 265, 171, 260], "target": [35.0, 25.0], "out_group_r_strength": 64.0, "target_a_strength": 22000000000, "in_group_r_strength": 40, "attractor_count": 198, "position": [112.98566396263496, 19.470504390566845], "in_group_r_range": 2.0, "out_group_a_range": 2.8, "group_id": 1, "target_a_range": 435, "in_group_a_range": 2.8, "in_group_a_strength": 20}, {"radius": 0.3, "out_group_a_strength": 12.5, "out_group_r_range": 2.0, "pedestrian_id": 399, "friend_zone": [189, 366, 268, 266, 13, 322, 113, 378, 188, 199, 323, 79, 222, 31, 375, 74, 310, 359, 211, 258, 141, 63, 200, 135, 289, 170, 341, 153, 69, 83, 345, 251, 249, 186, 212, 261, 178, 372, 344, 234, 230, 327, 174, 123, 134, 276, 197, 131, 95, 88, 265, 390, 184, 142, 11, 94, 226, 61, 321, 23, 324, 6, 187, 168, 236, 139, 19, 307, 143, 352, 34, 325, 27, 348, 311, 365, 42, 298, 243, 274, 9, 334, 356, 355, 24, 68, 175, 232, 368, 218, 185, 110, 320, 349, 360, 259, 162, 272, 180, 376, 114, 78, 75, 203, 183, 7, 214, 72, 119, 26, 371, 179, 242, 292, 43, 100, 340, 240, 392, 55, 181, 224, 204, 158, 193, 256, 125, 253, 124, 336, 101, 304, 330, 12, 351, 17, 154, 29, 279, 293, 173, 278, 171, 215, 297, 196, 194, 361, 364, 305, 2, 369, 40, 105, 337, 248, 38, 21, 77, 380, 138, 374, 381, 347, 331, 317, 151, 129, 118, 235, 220, 91, 57, 46, 223, 280, 254, 122, 147, 383, 316, 165, 102, 202, 301, 41, 382, 37, 108, 312, 30, 177, 190, 56, 136, 48, 192, 90], "target": [35.0, 25.0], "out_group_r_strength": 64.0, "target_a_strength": 22000000000, "in_group_r_strength": 40, "attractor_count": 198, "position": [135.72880364990397, 23.355649135026457], "in_group_r_range": 2.0, "out_group_a_range": 2.8, "group_id": 1, "target_a_range": 435, "in_group_a_range": 2.8, "in_group_a_strength": 20}], "additional_id_existed_ped": {"0": [397], "1": [398, 399], "2": [398, 399], "3": [], "4": [399], "5": [396, 398, 399], "6": [396, 399], "7": [], "8": [], "9": [397, 398, 399], "10": [396, 397, 399], "11": [397, 398, 399], "12": [396, 397, 399], "13": [396, 397], "14": [], "15": [398], "16": [398], "17": [396], "18": [396, 398], "19": [397], "20": [], "21": [396, 397, 399], "22": [398], "23": [397, 399], "24": [396, 397, 398, 399], "25": [396, 398, 399], "26": [397], "27": [396, 397, 398], "28": [396, 397, 398], "29": [], "30": [396, 399], "31": [398, 399], "32": [396, 398], "33": [397, 399], "34": [398, 399], "35": [396, 399], "36": [399], "37": [396], "38": [396, 399], "39": [396, 397, 398], "40": [397, 398, 399], "41": [398], "42": [397, 399], "43": [396, 397], "44": [], "45": [397, 399], "46": [397, 398, 399], "47": [396, 399], "48": [396, 397, 398, 399], "49": [397], "50": [398, 399], "51": [396, 399], "52": [396, 397, 398], "53": [396, 397], "54": [397, 399], "55": [398, 399], "56": [396, 397, 398], "57": [], "58": [398], "59": [396, 397, 399], "60": [397], "61": [397], "62": [], "63": [396, 397, 398], "64": [398], "65": [396, 397, 398], "66": [396, 397], "67": [396, 397, 399], "68": [396, 399], "69": [396], "70": [397, 399], "71": [396, 397], "72": [396, 397, 398, 399], "73": [396, 399], "74": [], "75": [396, 399], "76": [], "77": [396, 399], "78": [398], "79": [396, 398, 399], "80": [398], "81": [398], "82": [398], "83": [397], "84": [399], "85": [396, 398, 399], "86": [398, 399], "87": [396, 397, 398, 399], "88": [397, 398, 399], "89": [396, 397], "90": [399], "91": [], "92": [399], "93": [396, 399], "94": [398, 399], "95": [396, 397, 398, 399], "96": [397, 398, 399], "97": [396, 397, 398], "98": [398], "99": [397, 398, 399], "100": [397], "101": [396, 397], "102": [396, 398, 399], "103": [397, 398], "104": [399], "105": [397, 398], "106": [397, 399], "107": [397, 399], "108": [398, 399], "109": [398], "110": [396, 398], "111": [396, 397, 398], "112": [396, 397, 398, 399], "113": [396, 399], "114": [396, 397, 398, 399], "115": [396], "116": [396, 397, 398, 399], "117": [398], "118": [397, 399], "119": [396, 397], "120": [398], "121": [397, 398], "122": [398], "123": [397, 398], "124": [], "125": [398, 399], "126": [397], "127": [396, 398, 399], "128": [396, 398], "129": [398], "130": [397, 399], "131": [397, 399], "132": [397, 399], "133": [398], "134": [396, 397, 398, 399],