{"frame_second": "900", "pedestrian_list": [{"radius": 0.3, "out_group_a_strength": 12.5, "out_group_r_range": 2.0, "pedestrian_id": 112, "friend_zone": [102, 84, 9, 23, 34, 106, 27, 73, 89, 105, 104, 3, 50, 11, 81, 117, 92, 15, 13, 72, 96, 42, 52, 83, 0, 8, 45, 21, 7, 65, 37, 38, 6, 99, 26, 119, 14, 60, 103, 69, 77, 29, 97, 78, 80, 57, 86, 58, 4, 61, 39, 62, 12, 94, 108, 76, 54, 35], "target": [35.0, 25.0], "out_group_r_strength": 64.0, "target_a_strength": 22000000000, "in_group_r_strength": 40, "attractor_count": 58, "position": [-48.824389600551044, 33.10337582778044], "in_group_r_range": 2.0, "out_group_a_range": 2.8, "group_id": 0, "target_a_range": 435, "in_group_a_range": 2.8, "in_group_a_strength": 20}, {"radius": 0.3, "out_group_a_strength": 12.5, "out_group_r_range": 2.0, "pedestrian_id": 113, "friend_zone": [42, 3, 76, 67, 8, 50, 66, 49, 11, 35, 117, 20, 89, 1, 10, 21, 69, 60, 33, 0, 106, 79, 64, 9, 15, 2, 102, 59, 118, 19, 12, 41, 90, 56, 107, 71, 116, 40, 54, 4, 26, 17, 75, 88, 70, 87, 72, 91, 95, 99, 83, 85, 78, 98, 97, 109, 74, 14], "target": [35.0, 25.0], "out_group_r_strength": 64.0, "target_a_strength": 22000000000, "in_group_r_strength": 40, "attractor_count": 58, "position": [-53.367545397548135, 17.519110163876324], "in_group_r_range": 2.0, "out_group_a_range": 2.8, "group_id": 0, "target_a_range": 435, "in_group_a_range": 2.8, "in_group_a_strength": 20}, {"radius": 0.3, "out_group_a_strength": 12.5, "out_group_r_range": 2.0, "pedestrian_id": 114, "friend_zone": [37, 12, 39, 60, 80, 111, 84, 63, 95, 75, 8, 6, 99, 106, 85, 102, 90, 70, 14, 116, 82, 5, 26, 101, 22, 76, 30, 110, 118, 31, 17, 2, 48, 51, 32, 93, 97, 10, 87, 54, 59, 66, 77, 7, 3, 29, 43, 81, 94, 105, 28, 23, 100, 27, 89, 52, 24, 91], "target": [35.0, 25.0], "out_group_r_strength": 64.0, "target_a_strength": 22000000000, "in_group_r_strength": 40, "attractor_count": 58, "position": [-45.58444908947361, 16.870328101062746], "in_group_r_range": 2.0, "out_group_a_range": 2.8, "group_id": 1, "target_a_range": 435, "in_group_a_range": 2.8, "in_group_a_strength": 20}, {"radius": 0.3, "out_group_a_strength": 12.5, "out_group_r_range": 2.0, "pedestrian_id": 115, "friend_zone": [85, 19, 47, 21, 116, 53, 12, 7, 90, 57, 70, 22, 5, 100, 119, 11, 1, 38, 109, 80, 82, 32, 75, 49, 28, 93, 74, 91, 79, 108, 3, 78, 77, 96, 68, 98, 42, 34, 36, 102, 24, 35, 18, 13, 106, 69, 56, 99, 30, 52, 117, 86, 104, 110, 92, 33, 48, 4], "target": [35.0, 25.0], "out_group_r_strength": 64.0, "target_a_strength": 22000000000, "in_group_r_strength": 40, "attractor_count": 58, "position": [-61.80302960128167, 20.77452828628972], "in_group_r_range": 2.0, "out_group_a_range": 2.8, "group_id": 1, "target_a_range": 435, "in_group_a_range": 2.8, "in_group_a_strength": 20}], "additional_id_existed_ped": {"0": [112, 113, 115], "1": [112, 113, 115], "2": [113, 114], "3": [114], "4": [112, 113], "5": [113, 115], "6": [114, 115], "7": [112, 113], "8": [114, 115], "9": [112, 114, 115], "10": [112, 113, 115], "11": [112, 115], "12": [112, 113, 114], "13": [112, 113, 114, 115], "14": [112, 114], "15": [112, 113], "16": [112, 113, 114, 115], "17": [112, 113, 114, 115], "18": [113, 115], "19": [113, 115], "20": [114, 115], "21": [113, 114, 115], "22": [115], "23": [112, 115], "24": [114, 115], "25": [113, 115], "26": [114], "27": [112, 114], "28": [113, 114], "29": [114], "30": [113], "31": [112, 114], "32": [114, 115], "33": [112, 114], "34": [112, 115], "35": [114, 115], "36": [112, 114], "37": [112, 113, 114], "38": [113], "39": [114], "40": [113, 115], "41": [112, 113, 115], "42": [112], "43": [112, 113, 114], "44": [112, 115], "45": [114], "46": [115], "47": [113], "48": [], "49": [112, 114, 115], "50": [], "51": [113, 114, 115], "52": [112, 115], "53": [112, 114, 115], "54": [112], "55": [115], "56": [112], "57": [114], "58": [112, 113], "59": [113, 114, 115], "60": [113], "61": [112, 114], "62": [112, 115], "63": [113, 115], "64": [112], "65": [112, 114, 115], "66": [114, 115], "67": [114, 115], "68": [114], "69": [], "70": [112, 115], "71": [113, 115], "72": [112, 113, 115], "73": [114], "74": [112, 113, 114], "75": [114], "76": [113, 114, 115], "77": [113, 115], "78": [112, 115], "79": [115], "80": [112, 113, 114], "81": [112, 113, 114], "82": [113], "83": [113], "84": [112, 113, 114, 115], "85": [115], "86": [114, 115], "87": [112, 114], "88": [112, 115], "89": [112, 113, 115], "90": [114], "91": [113, 114], "92": [112, 113], "93": [113, 114], "94": [114], "95": [112, 114], "96": [112, 115], "97": [113], "98": [113, 114, 115], "99": [112, 113, 114], "100": [112, 113, 114], "101": [113], "102": [], "103": [112, 113, 114, 115], "104": [113, 115], "105": [112, 113], "106": [112, 114, 115], "107": [115], "108": [112, 113, 115], "109": [112, 113], "110": [113, 114], "111": [112, 113, 114], "116": [112, 113], "117": [113], "118": [112, 114, 115], "119": [112, 113, 115]}}