{"frame_second": "3900", "pedestrian_list": [{"radius": 0.3, "out_group_a_strength": 12.5, "out_group_r_range": 2.0, "pedestrian_id": 356, "friend_zone": [277, 351, 14, 23, 76, 77, 32, 71, 350, 193, 205, 158, 171, 270, 324, 173, 352, 306, 57, 283, 337, 70, 94, 251, 135, 136, 99, 41, 210, 50, 83, 166, 231, 16, 287, 165, 28, 237, 81, 265, 236, 87, 258, 222, 315, 21, 160, 190, 178, 303, 29, 232, 35, 144, 73, 5, 191, 103, 45, 112, 273, 333, 354, 82, 355, 312, 18, 184, 0, 181, 138, 280, 19, 235, 320, 247, 90, 124, 43, 49, 8, 269, 64, 111, 62, 101, 141, 125, 47, 264, 300, 34, 343, 170, 186, 292, 38, 137, 2, 150, 66, 332, 220, 279, 290, 291, 282, 192, 347, 118, 120, 297, 183, 39, 257, 331, 67, 281, 268, 146, 1, 33, 299, 152, 54, 172, 92, 7, 102, 223, 338, 130, 69, 311, 353, 180, 72, 25, 78, 209, 296, 147, 148, 30, 139, 342, 233, 262, 100, 104, 4, 88, 284, 238, 179, 259, 117, 37, 65, 196, 60, 201, 246, 46, 53, 245, 293, 26, 250, 239, 75, 133, 345, 96, 194, 42, 263, 267], "target": [35.0, 25.0], "out_group_r_strength": 64.0, "target_a_strength": 22000000000, "in_group_r_strength": 40, "attractor_count": 178, "position": [112.97341847931764, 28.586857368090122], "in_group_r_range": 2.0, "out_group_a_range": 2.8, "group_id": 0, "target_a_range": 435, "in_group_a_range": 2.8, "in_group_a_strength": 20}, {"radius": 0.3, "out_group_a_strength": 12.5, "out_group_r_range": 2.0, "pedestrian_id": 357, "friend_zone": [108, 152, 113, 329, 331, 258, 90, 27, 205, 79, 228, 71, 24, 132, 177, 342, 120, 200, 190, 251, 252, 345, 271, 283, 11, 323, 34, 214, 163, 218, 59, 313, 112, 280, 208, 189, 114, 176, 76, 314, 278, 202, 229, 93, 246, 68, 334, 149, 30, 191, 54, 243, 212, 46, 146, 223, 42, 180, 87, 201, 49, 101, 55, 141, 57, 234, 155, 304, 60, 117, 288, 130, 133, 225, 157, 232, 254, 142, 39, 125, 230, 109, 207, 135, 193, 244, 105, 122, 137, 351, 175, 158, 1, 276, 102, 41, 255, 6, 291, 168, 33, 9, 77, 62, 315, 290, 104, 65, 194, 86, 295, 250, 310, 294, 355, 15, 70, 26, 209, 13, 161, 64, 275, 25, 20, 296, 52, 343, 110, 198, 100, 336, 91, 282, 150, 17, 301, 324, 195, 151, 72, 353, 56, 129, 170, 341, 217, 350, 111, 50, 136, 98, 99, 328, 196, 164, 256, 66, 88, 171, 78, 18, 181, 273, 147, 213, 199, 16, 325, 45, 316, 203, 245, 148, 308, 260, 31, 272], "target": [35.0, 25.0], "out_group_r_strength": 64.0, "target_a_strength": 22000000000, "in_group_r_strength": 40, "attractor_count": 178, "position": [113.63251351785162, 29.22203757475298], "in_group_r_range": 2.0, "out_group_a_range": 2.8, "group_id": 0, "target_a_range": 435, "in_group_a_range": 2.8, "in_group_a_strength": 20}, {"radius": 0.3, "out_group_a_strength": 12.5, "out_group_r_range": 2.0, "pedestrian_id": 358, "friend_zone": [149, 242, 71, 208, 175, 353, 178, 40, 197, 213, 78, 223, 176, 354, 144, 335, 137, 24, 330, 150, 193, 232, 55, 46, 265, 136, 322, 117, 102, 121, 151, 315, 38, 196, 124, 292, 10, 61, 85, 273, 200, 216, 171, 257, 307, 210, 12, 296, 233, 310, 112, 166, 105, 320, 84, 336, 113, 141, 62, 325, 169, 311, 172, 5, 168, 56, 332, 253, 92, 59, 264, 0, 255, 228, 164, 333, 185, 195, 30, 308, 199, 272, 285, 344, 298, 295, 318, 340, 123, 300, 250, 159, 220, 31, 305, 49, 301, 280, 349, 236, 237, 2, 48, 79, 77, 170, 341, 275, 225, 323, 309, 35, 346, 319, 283, 188, 81, 294, 37, 109, 286, 241, 230, 82, 118, 338, 75, 160, 189, 327, 95, 90, 348, 173, 247, 99, 107, 157, 249, 297, 94, 198, 234, 66, 343, 235, 312, 15, 115, 321, 215, 329, 243, 96, 289, 177, 314, 68, 143, 259, 60, 88, 87, 345, 132, 16, 127, 47, 131, 351, 281, 334, 98, 277, 128, 276, 342, 148], "target": [35.0, 25.0], "out_group_r_strength": 64.0, "target_a_strength": 22000000000, "in_group_r_strength": 40, "attractor_count": 178, "position": [122.0680725326844, 33.7934265496923], "in_group_r_range": 2.0, "out_group_a_range": 2.8, "group_id": 1, "target_a_range": 435, "in_group_a_range": 2.8, "in_group_a_strength": 20}, {"radius": 0.3, "out_group_a_strength": 12.5, "out_group_r_range": 2.0, "pedestrian_id": 359, "friend_zone": [145, 251, 135, 277, 301, 339, 102, 134, 85, 96, 150, 348, 19, 335, 235, 217, 127, 188, 140, 249, 244, 9, 298, 176, 20, 53, 21, 94, 245, 52, 350, 346, 149, 288, 17, 75, 45, 212, 137, 123, 63, 237, 354, 6, 87, 88, 168, 279, 189, 203, 107, 54, 4, 139, 265, 222, 2, 238, 0, 138, 143, 221, 120, 116, 67, 225, 48, 179, 152, 33, 170, 206, 164, 86, 90, 44, 28, 82, 287, 18, 220, 30, 353, 108, 207, 186, 29, 264, 299, 95, 169, 15, 184, 256, 126, 79, 202, 194, 324, 211, 26, 158, 233, 321, 291, 151, 250, 343, 270, 210, 22, 285, 178, 157, 174, 215, 327, 50, 117, 155, 292, 13, 136, 351, 185, 239, 78, 331, 209, 310, 32, 25, 27, 141, 276, 172, 171, 252, 195, 330, 65, 196, 133, 294, 131, 198, 177, 273, 274, 243, 60, 97, 308, 36, 71, 62, 1, 268, 314, 355, 187, 142, 125, 304, 322, 49, 72, 80, 122, 302, 328, 228, 89, 10, 118, 46, 223, 59], "target": [35.0, 25.0], "out_group_r_strength": 64.0, "target_a_strength": 22000000000, "in_group_r_strength": 40, "attractor_count": 178, "position": [135.05658006624355, 33.10275519987192], "in_group_r_range": 2.0, "out_group_a_range": 2.8, "group_id": 1, "target_a_range": 435, "in_group_a_range": 2.8, "in_group_a_strength": 20}], "additional_id_existed_ped": {"0": [356, 357, 358], "1": [359], "2": [359], "3": [], "4": [358], "5": [359], "6": [356, 357, 358, 359], "7": [357, 359], "8": [359], "9": [356, 357, 359], "10": [356, 358], "11": [356, 357, 358], "12": [356, 358], "13": [356, 357, 359], "14": [], "15": [356, 357, 358], "16": [356, 357, 358], "17": [356, 357, 358], "18": [357, 358, 359], "19": [357, 359], "20": [356], "21": [356], "22": [], "23": [356, 357, 359], "24": [356], "25": [356, 357, 358], "26": [356], "27": [356, 357, 359], "28": [357], "29": [358, 359], "30": [356, 357, 358, 359], "31": [358, 359], "32": [356, 357, 359], "33": [358], "34": [357], "35": [356, 357, 358], "36": [357, 358], "37": [356, 359], "38": [356, 357, 358, 359], "39": [356, 357, 358, 359], "40": [356, 357, 358], "41": [356, 358, 359], "42": [356, 357, 359], "43": [356, 357], "44": [356, 359], "45": [356, 358, 359], "46": [358], "47": [356, 359], "48": [], "49": [356, 358], "50": [356, 358, 359], "51": [357, 358], "52": [356], "53": [356, 357, 359], "54": [], "55": [356, 358], "56": [357, 358, 359], "57": [356, 357, 358, 359], "58": [356, 357], "59": [357], "60": [357, 359], "61": [359], "62": [357, 358, 359], "63": [358], "64": [356, 359], "65": [357], "66": [358, 359], "67": [357, 358, 359], "68": [357, 359], "69": [356, 357], "70": [356, 357, 358, 359], "71": [356, 358], "72": [357, 358, 359], "73": [357], "74": [], "75": [357], "76": [356, 357], "77": [357], "78": [357, 358], "79": [358, 359], "80": [357, 359], "81": [357, 358, 359], "82": [358, 359], "83": [358, 359], "84": [356, 357, 358], "85": [356, 357, 358], "86": [357, 359], "87": [356, 357, 358], "88": [], "89": [359], "90": [359], "91": [356, 358, 359], "92": [356, 357], "93": [356], "94": [356, 358, 359], "95": [357], "96": [], "97": [], "98": [358], "99": [357, 358, 359], "100": [], "101": [358], "102": [356, 358, 359], "103": [357, 358, 359], "104": [358], "105": [357, 359], "106": [357, 358, 359], "107": [358, 359], "108": [356, 357, 359], "109": [356, 357, 358, 359], "110": [356, 357], "111": [356], "112": [356, 358, 359], "113": [356, 357, 359], "114": [357, 359], "115": [358, 359], "116": [358, 359], "117": [359], "118": [356], "119": [357, 358], "120": [357, 359], "121": [356, 357], "122": [356, 358], "123": [356], "124": [356, 357], "125": [356], "126": [356], "127": [358, 359], "128": [356, 359], "129": [359], "130": [356, 358, 359], "131": [356, 359], "132": [359], "133": [356, 358, 359], "134": [356, 357], "135": [356, 358], "136": [357], "137": [357, 358], "138": [356, 357, 358, 359], "139": [356, 358, 359], "140": [357], "141": [357, 359], "142": [356, 357, 358], "143": [356, 357], "144": [356], "145": [], "146": [357], "147": [357, 358, 359], "148": [356, 357], "149": [356, 357, 358], "150": [356, 359], "151": [356], "152": [356, 359], "153": [],