{"frame_second": "4300", "pedestrian_list": [{"radius": 0.3, "out_group_a_strength": 12.5, "out_group_r_range": 2.0, "pedestrian_id": 384, "friend_zone": [8, 56, 125, 118, 55, 255, 11, 264, 175, 195, 70, 383, 369, 366, 39, 176, 93, 61, 344, 27, 20, 382, 79, 3, 83, 325, 60, 313, 240, 346, 328, 310, 142, 230, 388, 278, 354, 276, 33, 217, 109, 329, 31, 248, 19, 368, 146, 374, 127, 36, 63, 249, 120, 166, 337, 2, 161, 236, 164, 53, 197, 268, 261, 390, 307, 122, 234, 303, 349, 375, 23, 324, 326, 107, 170, 363, 227, 359, 286, 300, 76, 342, 208, 34, 306, 28, 155, 144, 243, 106, 35, 105, 358, 330, 38, 140, 104, 99, 331, 285, 345, 108, 336, 1, 239, 29, 340, 43, 280, 87, 381, 365, 334, 265, 5, 247, 75, 378, 152, 360, 221, 49, 266, 187, 241, 119, 141, 188, 210, 151, 347, 100, 356, 138, 57, 222, 332, 162, 145, 52, 202, 89, 135, 179, 148, 121, 45, 225, 139, 6, 295, 213, 287, 367, 254, 291, 231, 159, 305, 246, 204, 54, 380, 143, 92, 163, 302, 301, 263, 219, 62, 277, 13, 205, 173, 229, 37, 288, 275, 86, 271, 65, 304, 126, 207, 115, 218, 77, 292, 44, 47, 21, 168, 270], "target": [35.0, 25.0], "out_group_r_strength": 64.0, "target_a_strength": 22000000000, "in_group_r_strength": 40, "attractor_count": 194, "position": [-63.77385369975917, 38.963676011787754], "in_group_r_range": 2.0, "out_group_a_range": 2.8, "group_id": 0, "target_a_range": 435, "in_group_a_range": 2.8, "in_group_a_strength": 20}, {"radius": 0.3, "out_group_a_strength": 12.5, "out_group_r_range": 2.0, "pedestrian_id": 385, "friend_zone": [145, 294, 233, 335, 55, 1, 322, 44, 66, 56, 308, 5, 382, 126, 85, 266, 54, 165, 350, 191, 285, 236, 198, 69, 93, 114, 302, 81, 243, 250, 307, 160, 245, 29, 37, 389, 280, 140, 32, 187, 180, 348, 269, 30, 158, 258, 282, 179, 102, 195, 359, 27, 222, 146, 163, 142, 184, 303, 189, 255, 344, 317, 26, 100, 219, 43, 338, 105, 340, 22, 6, 2, 327, 239, 167, 310, 381, 192, 77, 295, 341, 107, 8, 3, 221, 47, 353, 263, 196, 170, 95, 45, 11, 306, 39, 18, 112, 276, 131, 113, 363, 73, 50, 59, 228, 75, 7, 153, 168, 312, 241, 229, 356, 23, 365, 226, 315, 288, 197, 388, 134, 318, 330, 319, 92, 267, 117, 91, 305, 46, 309, 242, 246, 70, 135, 332, 274, 291, 238, 212, 339, 161, 311, 71, 186, 299, 49, 369, 4, 82, 181, 248, 375, 273, 378, 210, 207, 34, 159, 151, 380, 28, 104, 38, 14, 64, 240, 262, 234, 36, 9, 48, 346, 227, 40, 372, 316, 264, 352, 331, 79, 123, 121, 103, 65, 249, 351, 278, 20, 323, 182, 301, 68, 218], "target": [35.0, 25.0], "out_group_r_strength": 64.0, "target_a_strength": 22000000000, "in_group_r_strength": 40, "attractor_count": 194, "position": [-46.228799564430716, 12.9736212951089], "in_group_r_range": 2.0, "out_group_a_range": 2.8, "group_id": 0, "target_a_range": 435, "in_group_a_range": 2.8, "in_group_a_strength": 20}, {"radius": 0.3, "out_group_a_strength": 12.5, "out_group_r_range": 2.0, "pedestrian_id": 386, "friend_zone": [54, 383, 35, 316, 214, 314, 36, 323, 339, 382, 213, 215, 187, 225, 265, 123, 308, 334, 245, 25, 168, 217, 207, 294, 295, 321, 391, 66, 48, 177, 285, 142, 246, 362, 388, 354, 133, 45, 329, 139, 196, 237, 2, 322, 229, 259, 28, 227, 53, 223, 126, 93, 277, 22, 317, 219, 37, 236, 377, 140, 84, 124, 62, 125, 0, 233, 18, 112, 348, 76, 359, 202, 342, 337, 389, 127, 173, 104, 183, 74, 380, 59, 345, 47, 167, 82, 134, 85, 20, 350, 131, 313, 235, 244, 191, 266, 224, 178, 171, 273, 68, 346, 243, 258, 351, 222, 238, 319, 149, 72, 175, 180, 204, 212, 216, 226, 8, 174, 353, 114, 366, 349, 272, 344, 276, 363, 116, 228, 69, 231, 374, 368, 289, 279, 372, 86, 39, 194, 78, 113, 206, 105, 260, 26, 179, 248, 255, 56, 31, 61, 288, 91, 17, 261, 298, 186, 122, 292, 262, 340, 10, 296, 73, 189, 220, 21, 330, 324, 41, 108, 252, 184, 197, 221, 27, 63, 373, 153, 120, 89, 198, 370, 297, 263, 211, 34, 301, 121, 275, 378, 367, 218, 75, 306], "target": [35.0, 25.0], "out_group_r_strength": 64.0, "target_a_strength": 22000000000, "in_group_r_strength": 40, "attractor_count": 194, "position": [-63.120857506603706, 28.593786389632896], "in_group_r_range": 2.0, "out_group_a_range": 2.8, "group_id": 1, "target_a_range": 435, "in_group_a_range": 2.8, "in_group_a_strength": 20}, {"radius": 0.3, "out_group_a_strength": 12.5, "out_group_r_range": 2.0, "pedestrian_id": 387, "friend_zone": [127, 271, 118, 84, 76, 80, 252, 31, 51, 342, 242, 325, 217, 251, 64, 249, 132, 179, 89, 39, 26, 29, 291, 117, 171, 335, 8, 196, 188, 191, 57, 363, 25, 245, 289, 131, 296, 81, 284, 261, 148, 329, 177, 106, 190, 32, 320, 226, 299, 288, 279, 216, 311, 164, 295, 224, 186, 24, 326, 276, 167, 370, 367, 220, 99, 381, 160, 298, 258, 55, 149, 182, 204, 102, 82, 371, 263, 246, 321, 354, 323, 129, 339, 302, 98, 195, 65, 348, 241, 154, 243, 142, 378, 166, 347, 238, 237, 357, 380, 0, 283, 61, 92, 265, 353, 286, 193, 56, 344, 262, 358, 184, 150, 293, 17, 270, 38, 355, 273, 35, 75, 201, 232, 391, 1, 362, 156, 137, 356, 247, 376, 28, 85, 20, 199, 231, 83, 165, 287, 239, 161, 52, 112, 16, 269, 346, 322, 274, 256, 389, 37, 116, 133, 155, 359, 183, 278, 203, 110, 59, 13, 136, 379, 48, 74, 6, 360, 88, 94, 328, 104, 157, 53, 250, 369, 169, 60, 7, 218, 248, 233, 11, 62, 377, 30, 23, 70, 206, 332, 383, 318, 68, 36, 366], "target": [35.0, 25.0], "out_group_r_strength": 64.0, "target_a_strength": 22000000000, "in_group_r_strength": 40, "attractor_count": 194, "position": [-66.38863359149325, 29.859392721839672], "in_group_r_range": 2.0, "out_group_a_range": 2.8, "group_id": 1, "target_a_range": 435, "in_group_a_range": 2.8, "in_group_a_strength": 20}], "additional_id_existed_ped": {"0": [384, 385], "1": [384, 385], "2": [384, 386], "3": [384, 385], "4": [384, 385, 386], "5": [], "6": [384, 385], "7": [386], "8": [387], "9": [384, 387], "10": [384, 386, 387], "11": [384], "12": [387], "13": [386, 387], "14": [386], "15": [384, 385, 386, 387], "16": [385, 387], "17": [384], "18": [386], "19": [385, 387], "20": [385, 387], "21": [384, 385], "22": [385], "23": [385, 387], "24": [], "25": [384, 385], "26": [], "27": [386], "28": [385, 386, 387], "29": [385, 387], "30": [387], "31": [384, 387], "32": [387], "33": [384, 386, 387], "34": [385, 387], "35": [385, 386, 387], "36": [384, 387], "37": [384, 386], "38": [384, 386], "39": [385, 386, 387], "40": [384, 387], "41": [386], "42": [385], "43": [385, 386, 387], "44": [386], "45": [385, 386, 387], "46": [385], "47": [384, 385], "48": [384, 386, 387], "49": [385, 387], "50": [386, 387], "51": [384, 385], "52": [384, 386, 387], "53": [384, 385], "54": [384, 386], "55": [386, 387], "56": [384, 386], "57": [384, 385], "58": [], "59": [384, 385, 386, 387], "60": [385, 387], "61": [386], "62": [386], "63": [384, 386, 387], "64": [385, 387], "65": [386, 387], "66": [385], "67": [384, 385, 386], "68": [385, 387], "69": [384, 385, 387], "70": [384, 387], "71": [384, 386], "72": [385], "73": [385, 386, 387], "74": [385, 386], "75": [], "76": [385, 386], "77": [385, 386], "78": [384], "79": [384, 385, 387], "80": [386], "81": [385, 386, 387], "82": [386], "83": [384, 385, 387], "84": [385, 387], "85": [384, 385, 386], "86": [384, 386, 387], "87": [384, 386, 387], "88": [386, 387], "89": [385, 386], "90": [384, 385, 387], "91": [384, 386, 387], "92": [386, 387], "93": [386, 387], "94": [385, 387], "95": [385, 386, 387], "96": [384], "97": [386], "98": [386, 387], "99": [384, 385], "100": [386], "101": [384, 387], "102": [384, 386], "103": [384, 385, 386], "104": [384, 385, 387], "105": [385, 386, 387], "106": [386, 387], "107": [385, 387], "108": [386], "109": [384, 387], "110": [384], "111": [387], "112": [385, 387], "113": [384, 385], "114": [386, 387], "115": [384, 385, 386, 387], "116": [386, 387], "117": [384, 387], "118": [384, 385, 386], "119": [385, 386, 387], "120": [386, 387], "121": [385, 386], "122": [384, 386, 387], "123": [385, 386, 387], "124": [384, 385], "125": [385], "126": [384, 385, 387], "127": [385, 386], "128": [], "129": [384, 386], "130": [384, 386, 387], "131": [385], "132": [384, 387], "133": [], "134": [384, 385, 387], "135": [384], "136": [384, 385, 386, 387],