{"frame_second": "3700", "pedestrian_list": [{"radius": 0.3, "out_group_a_strength": 12.5, "out_group_r_range": 2.0, "pedestrian_id": 336, "friend_zone": [270, 41, 116, 103, 167, 87, 166, 249, 241, 144, 193, 45, 244, 118, 313, 64, 48, 342, 65, 297, 26, 15, 282, 311, 219, 82, 274, 255, 52, 146, 85, 9, 150, 8, 145, 117, 160, 102, 141, 173, 243, 222, 7, 5, 317, 335, 290, 81, 79, 294, 226, 127, 17, 220, 213, 42, 1, 170, 202, 29, 128, 318, 136, 137, 248, 115, 111, 288, 284, 204, 212, 343, 92, 2, 330, 96, 27, 164, 86, 4, 31, 287, 277, 257, 254, 206, 228, 324, 155, 54, 149, 203, 35, 75, 201, 23, 18, 161, 332, 326, 130, 83, 33, 154, 68, 47, 259, 113, 37, 239, 267, 183, 72, 296, 314, 98, 6, 106, 177, 147, 100, 304, 300, 71, 260, 134, 19, 214, 293, 159, 223, 124, 232, 262, 120, 312, 286, 210, 306, 179, 76, 112, 158, 95, 119, 252, 235, 315, 309, 240, 231, 186, 175, 140, 242, 190, 114, 70, 329, 53, 307, 229, 253, 285, 16, 265, 268, 139, 165, 67], "target": [35.0, 25.0], "out_group_r_strength": 64.0, "target_a_strength": 22000000000, "in_group_r_strength": 40, "attractor_count": 170, "position": [-49.47710387381648, 15.59527203658818], "in_group_r_range": 2.0, "out_group_a_range": 2.8, "group_id": 0, "target_a_range": 435, "in_group_a_range": 2.8, "in_group_a_strength": 20}, {"radius": 0.3, "out_group_a_strength": 12.5, "out_group_r_range": 2.0, "pedestrian_id": 337, "friend_zone": [206, 101, 180, 288, 60, 311, 241, 13, 343, 10, 330, 282, 15, 150, 108, 314, 167, 56, 236, 51, 70, 37, 118, 250, 279, 8, 293, 82, 44, 240, 22, 134, 275, 65, 66, 7, 94, 85, 211, 223, 322, 126, 86, 257, 177, 16, 283, 87, 23, 258, 165, 238, 141, 188, 0, 212, 247, 169, 231, 171, 255, 286, 123, 63, 79, 267, 42, 38, 71, 67, 296, 142, 245, 303, 173, 117, 327, 205, 300, 40, 18, 5, 152, 200, 284, 319, 47, 174, 73, 74, 138, 272, 224, 195, 32, 166, 254, 222, 333, 233, 135, 95, 242, 323, 97, 193, 122, 219, 280, 186, 281, 147, 75, 54, 50, 35, 55, 230, 100, 91, 324, 160, 218, 61, 175, 69, 137, 124, 249, 183, 109, 157, 328, 88, 34, 320, 227, 291, 90, 27, 155, 112, 192, 264, 207, 199, 4, 262, 179, 77, 312, 310, 176, 3, 252, 151, 99, 132, 25, 163, 294, 340, 64, 196, 146, 313, 298, 43, 217, 301], "target": [35.0, 25.0], "out_group_r_strength": 64.0, "target_a_strength": 22000000000, "in_group_r_strength": 40, "attractor_count": 170, "position": [-51.40482055481265, 38.34176457524803], "in_group_r_range": 2.0, "out_group_a_range": 2.8, "group_id": 0, "target_a_range": 435, "in_group_a_range": 2.8, "in_group_a_strength": 20}, {"radius": 0.3, "out_group_a_strength": 12.5, "out_group_r_range": 2.0, "pedestrian_id": 338, "friend_zone": [167, 87, 333, 182, 314, 115, 136, 73, 45, 222, 245, 218, 68, 319, 181, 51, 137, 252, 275, 174, 140, 25, 208, 26, 201, 232, 113, 301, 105, 310, 63, 302, 251, 131, 134, 151, 112, 209, 146, 93, 108, 7, 155, 127, 18, 96, 42, 79, 316, 306, 5, 255, 95, 215, 193, 171, 129, 289, 332, 188, 33, 6, 80, 41, 307, 85, 204, 313, 83, 156, 119, 293, 267, 230, 241, 86, 52, 49, 110, 160, 236, 66, 20, 265, 116, 162, 9, 27, 273, 278, 187, 216, 239, 285, 186, 4, 284, 14, 322, 227, 196, 48, 124, 139, 260, 335, 250, 46, 135, 231, 264, 328, 43, 177, 224, 234, 249, 192, 2, 55, 21, 283, 8, 327, 125, 58, 217, 78, 331, 291, 210, 77, 244, 325, 288, 1, 97, 11, 0, 317, 340, 266, 104, 299, 60, 207, 286, 118, 150, 183, 258, 233, 274, 126, 271, 292, 281, 220, 117, 247, 195, 144, 262, 303, 35, 190, 268, 36, 297, 148], "target": [35.0, 25.0], "out_group_r_strength": 64.0, "target_a_strength": 22000000000, "in_group_r_strength": 40, "attractor_count": 170, "position": [-47.514474760079686, 28.557983451052753], "in_group_r_range": 2.0, "out_group_a_range": 2.8, "group_id": 1, "target_a_range": 435, "in_group_a_range": 2.8, "in_group_a_strength": 20}, {"radius": 0.3, "out_group_a_strength": 12.5, "out_group_r_range": 2.0, "pedestrian_id": 339, "friend_zone": [280, 111, 127, 240, 137, 261, 85, 331, 188, 100, 219, 279, 9, 237, 148, 220, 131, 47, 259, 17, 96, 52, 12, 168, 239, 334, 77, 63, 53, 193, 67, 159, 162, 68, 322, 260, 285, 98, 136, 226, 155, 75, 55, 210, 107, 32, 5, 13, 304, 195, 165, 313, 23, 205, 29, 154, 25, 232, 84, 185, 31, 90, 323, 134, 266, 342, 169, 124, 117, 203, 293, 109, 118, 56, 194, 174, 225, 102, 244, 164, 66, 40, 311, 88, 167, 27, 22, 327, 332, 166, 10, 87, 18, 274, 7, 144, 99, 328, 325, 228, 191, 133, 157, 286, 170, 120, 296, 158, 177, 125, 321, 343, 139, 192, 329, 39, 81, 181, 297, 319, 196, 289, 101, 8, 72, 255, 142, 291, 28, 94, 233, 190, 26, 253, 270, 112, 264, 309, 69, 272, 197, 245, 299, 273, 247, 58, 281, 236, 119, 48, 46, 333, 122, 241, 335, 140, 163, 275, 45, 73, 310, 213, 173, 284, 229, 209, 36, 238, 51, 105], "target": [35.0, 25.0], "out_group_r_strength": 64.0, "target_a_strength": 22000000000, "in_group_r_strength": 40, "attractor_count": 170, "position": [-55.96605623057705, 36.37679173794028], "in_group_r_range": 2.0, "out_group_a_range": 2.8, "group_id": 1, "target_a_range": 435, "in_group_a_range": 2.8, "in_group_a_strength": 20}], "additional_id_existed_ped": {"0": [336, 338], "1": [336, 337, 338, 339], "2": [336, 338, 339], "3": [336, 337, 338, 339], "4": [337, 338, 339], "5": [336, 337, 339], "6": [337, 338], "7": [338], "8": [336, 337, 338], "9": [336, 339], "10": [336, 337], "11": [336, 337], "12": [336, 338, 339], "13": [], "14": [336], "15": [], "16": [338, 339], "17": [337, 339], "18": [336, 339], "19": [337, 338, 339], "20": [337], "21": [339], "22": [336, 338, 339], "23": [], "24": [336, 337, 338, 339], "25": [337], "26": [], "27": [337, 338], "28": [339], "29": [338], "30": [336, 337, 338], "31": [338], "32": [337, 338], "33": [337, 339], "34": [336, 337, 338], "35": [339], "36": [339], "37": [336, 338], "38": [336, 339], "39": [336, 339], "40": [336, 338, 339], "41": [336, 338], "42": [337, 338], "43": [336, 337, 338, 339], "44": [336, 337, 338], "45": [336], "46": [338, 339], "47": [337, 338], "48": [338], "49": [336, 338, 339], "50": [336, 338, 339], "51": [338], "52": [336], "53": [336, 338], "54": [336, 337, 338], "55": [337], "56": [336], "57": [337, 339], "58": [339], "59": [338], "60": [339], "61": [336, 339], "62": [336, 337, 338, 339], "63": [337, 338], "64": [337, 339], "65": [337, 338, 339], "66": [336, 338], "67": [338, 339], "68": [338], "69": [337, 338], "70": [], "71": [336, 337, 339], "72": [336, 338], "73": [336], "74": [339], "75": [338], "76": [337, 339], "77": [], "78": [337, 338, 339], "79": [], "80": [336], "81": [336], "82": [337, 338, 339], "83": [336, 337, 339], "84": [336, 337, 338, 339], "85": [337, 338, 339], "86": [336, 337, 338], "87": [336, 337, 338, 339], "88": [336, 337], "89": [336, 337, 339], "90": [336, 338], "91": [337], "92": [338, 339], "93": [336, 337, 338, 339], "94": [337, 339], "95": [337, 338], "96": [336, 338, 339], "97": [337, 338], "98": [337, 338, 339], "99": [336, 337, 338, 339], "100": [337, 338, 339], "101": [], "102": [336, 337], "103": [337, 339], "104": [336, 338], "105": [337, 338, 339], "106": [336, 337], "107": [336, 339], "108": [337], "109": [336, 337, 339], "110": [337, 338, 339], "111": [337, 339], "112": [336], "113": [337, 338], "114": [339], "115": [336, 337, 338, 339], "116": [337, 339], "117": [336, 337, 338], "118": [336], "119": [336, 337, 338, 339], "120": [336, 338], "121": [336, 337], "122": [337, 338, 339], "123": [337, 338], "124": [], "125": [336, 337, 338, 339], "126": [336, 337, 338, 339], "127": [], "128": [336], "129": [337, 338, 339], "130": [337, 338, 339], "131": [], "132": [338], "133": [336, 337, 339], "134": [336, 339], "135": [336, 338], "136": [337, 339], "137": [337, 339], "138": [336, 337, 339], "139": [336, 338, 339], "140": [336, 339], "141": [336], "142": [336, 339], "143": [337, 339], "144": [336, 338, 339], "145": [336, 337, 338], "146": [337], "147": [336, 337, 339], "148": [337, 338], "149": [336, 337, 339], "150": [338, 339], "151": [339], "152": [336, 338, 339], "153": [337], "154": [339], "155": [338], "156": [336, 337, 338, 339], "157": [336], "158": [336, 337, 339],