{"frame_second": "2000", "pedestrian_list": [{"radius": 0.3, "out_group_a_strength": 12.5, "out_group_r_range": 2.0, "pedestrian_id": 204, "friend_zone": [158, 134, 180, 157, 39, 91, 59, 2, 137, 51, 14, 123, 84, 13, 142, 85, 186, 29, 72, 166, 98, 106, 7, 138, 68, 151, 67, 3, 160, 61, 178, 48, 122, 181, 31, 183, 28, 47, 62, 113, 190, 125, 108, 12, 147, 37, 89, 177, 172, 92, 49, 133, 33, 4, 70, 187, 78, 58, 149, 115, 170, 94, 126, 23, 171, 76, 17, 45, 46, 65, 44, 140, 26, 97, 194, 87, 20, 155, 197, 173, 117, 199, 202, 6, 38, 120, 83, 60, 11, 64, 148, 32, 121, 174, 0, 34, 144, 136, 112, 176, 53, 143], "target": [35.0, 25.0], "out_group_r_strength": 64.0, "target_a_strength": 22000000000, "in_group_r_strength": 40, "attractor_count": 102, "position": [111.66297080360333, 38.327585785836405], "in_group_r_range": 2.0, "out_group_a_range": 2.8, "group_id": 0, "target_a_range": 435, "in_group_a_range": 2.8, "in_group_a_strength": 20}, {"radius": 0.3, "out_group_a_strength": 12.5, "out_group_r_range": 2.0, "pedestrian_id": 205, "friend_zone": [180, 1, 36, 81, 14, 167, 195, 144, 83, 126, 84, 120, 27, 7, 142, 65, 202, 164, 46, 150, 60, 123, 186, 28, 69, 182, 73, 96, 113, 124, 159, 197, 176, 109, 153, 41, 139, 98, 32, 86, 12, 165, 8, 110, 185, 157, 13, 39, 42, 43, 18, 4, 187, 147, 23, 177, 11, 90, 201, 3, 143, 59, 20, 26, 47, 149, 192, 111, 29, 166, 115, 138, 128, 80, 127, 191, 0, 97, 58, 5, 174, 140, 24, 50, 169, 94, 141, 89, 75, 162, 67, 181, 189, 38, 200, 198, 61, 15, 171, 52, 44, 105], "target": [35.0, 25.0], "out_group_r_strength": 64.0, "target_a_strength": 22000000000, "in_group_r_strength": 40, "attractor_count": 102, "position": [134.4094139529645, 24.68404631885923], "in_group_r_range": 2.0, "out_group_a_range": 2.8, "group_id": 0, "target_a_range": 435, "in_group_a_range": 2.8, "in_group_a_strength": 20}, {"radius": 0.3, "out_group_a_strength": 12.5, "out_group_r_range": 2.0, "pedestrian_id": 206, "friend_zone": [87, 116, 130, 79, 167, 175, 119, 135, 13, 8, 96, 131, 73, 129, 109, 198, 148, 82, 36, 104, 62, 23, 137, 120, 183, 4, 144, 31, 121, 114, 84, 194, 181, 89, 27, 34, 174, 46, 56, 159, 107, 123, 20, 125, 6, 60, 145, 11, 40, 32, 80, 143, 48, 139, 45, 51, 92, 93, 124, 106, 47, 38, 43, 163, 33, 117, 133, 16, 153, 111, 9, 29, 83, 158, 81, 75, 54, 200, 112, 18, 49, 196, 2, 39, 156, 90, 180, 170, 5, 122, 186, 68, 85, 152, 192, 197, 188, 71, 25, 160, 53, 108], "target": [35.0, 25.0], "out_group_r_strength": 64.0, "target_a_strength": 22000000000, "in_group_r_strength": 40, "attractor_count": 102, "position": [130.5097620919021, 31.171653878007373], "in_group_r_range": 2.0, "out_group_a_range": 2.8, "group_id": 1, "target_a_range": 435, "in_group_a_range": 2.8, "in_group_a_strength": 20}, {"radius": 0.3, "out_group_a_strength": 12.5, "out_group_r_range": 2.0, "pedestrian_id": 207, "friend_zone": [136, 26, 123, 161, 66, 196, 102, 135, 92, 119, 74, 160, 6, 170, 164, 32, 11, 79, 35, 203, 58, 24, 184, 185, 36, 63, 126, 179, 38, 59, 97, 83, 174, 37, 177, 137, 165, 172, 167, 122, 116, 145, 68, 52, 193, 133, 150, 187, 155, 28, 10, 117, 76, 201, 34, 200, 108, 113, 13, 154, 127, 89, 148, 156, 15, 85, 16, 5, 84, 163, 101, 88, 114, 120, 134, 71, 73, 72, 107, 100, 153, 25, 94, 12, 44, 9, 199, 41, 168, 96, 151, 171, 48, 70, 69, 3, 158, 182, 192, 86, 54, 8], "target": [35.0, 25.0], "out_group_r_strength": 64.0, "target_a_strength": 22000000000, "in_group_r_strength": 40, "attractor_count": 102, "position": [135.07645222042729, 30.516985567765957], "in_group_r_range": 2.0, "out_group_a_range": 2.8, "group_id": 1, "target_a_range": 435, "in_group_a_range": 2.8, "in_group_a_strength": 20}], "additional_id_existed_ped": {"0": [204, 207], "1": [204, 206, 207], "2": [204, 205, 207], "3": [], "4": [205], "5": [205, 206], "6": [204, 205, 206], "7": [204, 205, 206, 207], "8": [204, 205], "9": [206, 207], "10": [204, 207], "11": [205], "12": [204, 205, 207], "13": [205, 207], "14": [204, 207], "15": [204, 206], "16": [205, 207], "17": [207], "18": [206], "19": [204, 205, 206, 207], "20": [206, 207], "21": [204, 205], "22": [204, 205, 206, 207], "23": [205, 207], "24": [204, 205, 207], "25": [204, 206, 207], "26": [205, 206, 207], "27": [204, 205, 206], "28": [204, 206], "29": [204, 206], "30": [204, 207], "31": [205, 206], "32": [204, 205, 206], "33": [204, 205], "34": [204, 205], "35": [204, 206], "36": [204], "37": [204, 206, 207], "38": [], "39": [205, 206, 207], "40": [207], "41": [204, 206, 207], "42": [204, 205, 207], "43": [204], "44": [206], "45": [204], "46": [204, 206, 207], "47": [205, 206], "48": [205], "49": [204, 207], "50": [205, 207], "51": [204, 206, 207], "52": [207], "53": [205, 206, 207], "54": [205], "55": [204, 205, 206], "56": [206], "57": [206, 207], "58": [], "59": [204, 205], "60": [204, 205, 206, 207], "61": [204], "62": [205, 207], "63": [204, 207], "64": [207], "65": [204, 205, 207], "66": [205, 206], "67": [], "68": [207], "69": [206, 207], "70": [205, 207], "71": [204, 205], "72": [204, 206], "73": [206, 207], "74": [207], "75": [204], "76": [204, 205, 206], "77": [204, 205], "78": [206, 207], "79": [204, 205], "80": [205, 207], "81": [204, 205, 206], "82": [206, 207], "83": [204, 205, 207], "84": [204, 205, 206], "85": [204, 205, 207], "86": [204, 205], "87": [206, 207], "88": [206, 207], "89": [204, 206], "90": [204, 205, 207], "91": [204, 205, 207], "92": [204, 206, 207], "93": [204], "94": [205], "95": [], "96": [206, 207], "97": [204, 205, 206], "98": [205], "99": [206, 207], "100": [205, 206, 207], "101": [204, 205, 206, 207], "102": [206], "103": [205, 206, 207], "104": [205], "105": [204], "106": [205, 207], "107": [207], "108": [205], "109": [204, 206, 207], "110": [204, 205], "111": [204, 205], "112": [204, 206], "113": [204, 205, 206, 207], "114": [206], "115": [205, 206, 207], "116": [204, 205, 206], "117": [205, 206], "118": [204], "119": [205], "120": [205, 207], "121": [206], "122": [205, 206], "123": [207], "124": [206], "125": [205], "126": [205], "127": [204], "128": [205], "129": [204, 206], "130": [206, 207], "131": [206], "132": [205], "133": [204, 206, 207], "134": [204, 206, 207], "135": [], "136": [206, 207], "137": [206], "138": [204, 206], "139": [205, 206], "140": [206, 207], "141": [204, 205, 206], "142": [204, 207], "143": [205, 206, 207], "144": [204, 206, 207], "145": [205], "146": [204, 207], "147": [], "148": [204], "149": [205, 206], "150": [207], "151": [204, 206], "152": [204, 205], "153": [204, 205, 206], "154": [205, 206, 207], "155": [205, 206, 207], "156": [], "157": [204, 205, 206], "158": [204, 205, 206, 207], "159": [205, 207], "160": [207], "161": [204], "162": [205, 207], "163": [204, 205, 206, 207], "164": [205], "165": [207], "166": [], "167": [205, 206], "168": [204, 206, 207], "169": [204, 205, 207], "170": [], "171": [204, 205, 206], "172": [204, 205, 206], "173": [207], "174": [204, 207], "175": [204, 206], "176": [204, 206, 207], "177": [206, 207], "178": [204, 206, 207], "179": [207], "180": [204, 205, 207], "181": [204], "182": [205], "183": [204, 205, 207], "184": [204, 205, 206, 207], "185": [204, 207], "186": [204, 205, 206], "187": [205], "188": [204, 206], "189": [205, 206, 207], "190": [204, 206, 207], "191": [206], "192": [205, 206, 207], "193": [207], "194": [], "195": [204, 205, 206, 207], "196": [204, 205, 206, 207], "197": [207], "198": [205, 206, 207], "199": [204, 205, 207], "200": [205, 206], "201": [204, 206], "202": [204, 205], "203": [206]}}