{"frame_second": "2100", "pedestrian_list": [{"radius": 0.3, "out_group_a_strength": 12.5, "out_group_r_range": 2.0, "pedestrian_id": 212, "friend_zone": [10, 45, 100, 159, 52, 206, 36, 151, 78, 115, 19, 30, 28, 88, 34, 150, 184, 182, 0, 132, 202, 92, 59, 32, 183, 185, 142, 201, 149, 12, 49, 135, 127, 7, 55, 123, 75, 77, 93, 74, 170, 108, 210, 58, 110, 173, 124, 56, 172, 154, 70, 46, 27, 119, 194, 57, 187, 9, 96, 73, 138, 169, 99, 17, 126, 181, 69, 63, 35, 1, 111, 160, 68, 163, 109, 203, 13, 130, 40, 91, 95, 176, 3, 33, 198, 122, 145, 79, 97, 71, 84, 103, 164, 112, 14, 125, 192, 94, 105, 76, 21, 129, 188, 141, 23, 140], "target": [35.0, 25.0], "out_group_r_strength": 64.0, "target_a_strength": 22000000000, "in_group_r_strength": 40, "attractor_count": 106, "position": [118.83634873853013, 28.55221369806309], "in_group_r_range": 2.0, "out_group_a_range": 2.8, "group_id": 0, "target_a_range": 435, "in_group_a_range": 2.8, "in_group_a_strength": 20}, {"radius": 0.3, "out_group_a_strength": 12.5, "out_group_r_range": 2.0, "pedestrian_id": 213, "friend_zone": [40, 39, 131, 173, 210, 17, 154, 121, 3, 36, 91, 65, 53, 143, 196, 134, 178, 99, 76, 47, 109, 54, 169, 129, 105, 70, 195, 45, 14, 152, 9, 156, 24, 77, 66, 11, 10, 149, 187, 209, 155, 158, 101, 48, 122, 78, 21, 92, 35, 85, 34, 57, 84, 118, 144, 43, 73, 133, 60, 183, 15, 72, 191, 119, 30, 142, 67, 163, 46, 31, 93, 51, 113, 166, 185, 5, 190, 103, 61, 26, 181, 126, 145, 136, 52, 27, 150, 184, 19, 153, 180, 198, 1, 161, 86, 128, 189, 18, 168, 94, 59, 112, 192, 107, 32, 202], "target": [35.0, 25.0], "out_group_r_strength": 64.0, "target_a_strength": 22000000000, "in_group_r_strength": 40, "attractor_count": 106, "position": [128.550189339438, 36.39455011183355], "in_group_r_range": 2.0, "out_group_a_range": 2.8, "group_id": 0, "target_a_range": 435, "in_group_a_range": 2.8, "in_group_a_strength": 20}, {"radius": 0.3, "out_group_a_strength": 12.5, "out_group_r_range": 2.0, "pedestrian_id": 214, "friend_zone": [119, 2, 102, 85, 188, 63, 173, 69, 64, 38, 36, 153, 167, 20, 81, 139, 194, 13, 164, 161, 184, 92, 174, 78, 49, 152, 76, 53, 73, 82, 10, 91, 208, 178, 168, 7, 185, 191, 158, 87, 80, 120, 89, 192, 79, 196, 204, 202, 203, 43, 50, 134, 132, 5, 65, 206, 109, 177, 16, 35, 23, 108, 37, 4, 121, 175, 160, 124, 129, 116, 0, 145, 180, 171, 187, 60, 211, 106, 90, 52, 83, 71, 32, 210, 26, 51, 142, 15, 9, 74, 41, 137, 148, 146, 128, 193, 156, 133, 117, 97, 47, 182, 165, 46, 111, 113], "target": [35.0, 25.0], "out_group_r_strength": 64.0, "target_a_strength": 22000000000, "in_group_r_strength": 40, "attractor_count": 106, "position": [131.8176863750905, 29.88277270920496], "in_group_r_range": 2.0, "out_group_a_range": 2.8, "group_id": 1, "target_a_range": 435, "in_group_a_range": 2.8, "in_group_a_strength": 20}, {"radius": 0.3, "out_group_a_strength": 12.5, "out_group_r_range": 2.0, "pedestrian_id": 215, "friend_zone": [208, 138, 59, 115, 37, 207, 189, 58, 143, 211, 114, 182, 77, 24, 122, 50, 131, 191, 79, 205, 9, 206, 168, 42, 81, 12, 188, 84, 147, 91, 194, 57, 112, 202, 74, 33, 117, 201, 45, 56, 87, 31, 43, 177, 145, 101, 95, 155, 187, 13, 1, 178, 137, 150, 152, 136, 11, 39, 75, 176, 119, 190, 204, 52, 199, 83, 104, 38, 78, 186, 54, 156, 21, 167, 93, 146, 96, 98, 154, 161, 162, 7, 62, 165, 10, 173, 22, 20, 109, 179, 175, 29, 89, 90, 28, 125, 19, 32, 127, 126, 73, 94, 27, 169, 35, 85], "target": [35.0, 25.0], "out_group_r_strength": 64.0, "target_a_strength": 22000000000, "in_group_r_strength": 40, "attractor_count": 106, "position": [139.62925916622297, 29.86775469783504], "in_group_r_range": 2.0, "out_group_a_range": 2.8, "group_id": 1, "target_a_range": 435, "in_group_a_range": 2.8, "in_group_a_strength": 20}], "additional_id_existed_ped": {"0": [214], "1": [213, 214, 215], "2": [214, 215], "3": [213], "4": [212, 213], "5": [212, 213], "6": [212, 215], "7": [212, 213], "8": [212, 214, 215], "9": [212, 215], "10": [214], "11": [215], "12": [212, 215], "13": [213, 214, 215], "14": [213, 215], "15": [], "16": [213, 214], "17": [212, 213, 215], "18": [212], "19": [212, 214], "20": [213, 214], "21": [212, 213, 214], "22": [213], "23": [213], "24": [212, 213, 214], "25": [213, 215], "26": [214, 215], "27": [213], "28": [], "29": [212, 214], "30": [213], "31": [212, 213, 214], "32": [212, 214, 215], "33": [215], "34": [212], "35": [212], "36": [213, 215], "37": [213, 214, 215], "38": [212, 213, 214, 215], "39": [213, 214, 215], "40": [213], "41": [212, 213, 214], "42": [213], "43": [212, 215], "44": [212, 213, 214, 215], "45": [212, 213, 214], "46": [212, 214, 215], "47": [213], "48": [212, 215], "49": [213], "50": [212, 213, 214, 215], "51": [213, 215], "52": [212, 215], "53": [214], "54": [212, 215], "55": [212, 214, 215], "56": [212, 214], "57": [213], "58": [213, 215], "59": [212, 213, 214, 215], "60": [212, 213, 214, 215], "61": [212, 215], "62": [212, 214], "63": [213, 214], "64": [212, 215], "65": [212, 214], "66": [213, 215], "67": [212, 213, 214, 215], "68": [212], "69": [213], "70": [212, 213, 214], "71": [], "72": [213, 214], "73": [212, 214], "74": [214, 215], "75": [215], "76": [214, 215], "77": [214, 215], "78": [214], "79": [213], "80": [215], "81": [212], "82": [213, 214, 215], "83": [214, 215], "84": [212], "85": [212, 213, 214], "86": [214, 215], "87": [212], "88": [212, 213, 214], "89": [], "90": [212, 213, 214], "91": [214], "92": [214], "93": [212, 213, 214, 215], "94": [212, 213, 214], "95": [], "96": [213, 214, 215], "97": [212, 213], "98": [214], "99": [], "100": [212, 213, 215], "101": [214], "102": [], "103": [212, 213, 214], "104": [213, 215], "105": [212, 213], "106": [212, 214], "107": [212, 213, 215], "108": [215], "109": [214], "110": [212, 213, 214, 215], "111": [212, 213, 214, 215], "112": [212, 213], "113": [], "114": [215], "115": [213, 214], "116": [212, 213], "117": [213, 215], "118": [212, 214], "119": [212, 214, 215], "120": [212, 213, 214, 215], "121": [214, 215], "122": [213, 215], "123": [215], "124": [212, 213, 214, 215], "125": [], "126": [213, 214, 215], "127": [212, 213, 214, 215], "128": [212, 213], "129": [213, 214], "130": [213], "131": [214], "132": [212, 213, 214], "133": [], "134": [212, 214, 215], "135": [213, 215], "136": [212, 213, 214, 215], "137": [212, 214, 215], "138": [212, 215], "139": [213, 214, 215], "140": [213, 215], "141": [212, 215], "142": [214, 215], "143": [213, 214, 215], "144": [212], "145": [213, 214, 215], "146": [212, 215], "147": [212, 213, 214, 215], "148": [212, 213], "149": [212], "150": [212, 215], "151": [213], "152": [212, 213, 215], "153": [], "154": [212, 213, 214], "155": [214], "156": [212, 215], "157": [212], "158": [215], "159": [213, 215], "160": [212, 213, 215], "161": [214, 215], "162": [213], "163": [213, 214], "164": [], "165": [212, 214, 215], "166": [212, 215], "167": [212, 215], "168": [212, 213, 214, 215], "169": [212, 214, 215], "170": [212, 213], "171": [213], "172": [212, 215], "173": [214, 215], "174": [213, 214, 215], "175": [212, 213], "176": [212, 215], "177": [214], "178": [215], "179": [213, 214], "180": [212], "181": [212, 214, 215], "182": [214, 215], "183": [212, 214], "184": [214], "185": [213, 214], "186": [212, 213, 215], "187": [215], "188": [213, 214], "189": [212, 215], "190": [212, 213, 214, 215], "191": [212, 213], "192": [212, 213, 214, 215], "193": [213], "194": [213, 214], "195": [], "196": [213, 215], "197": [212, 213, 214, 215], "198": [212], "199": [214], "200": [], "201": [212, 215], "202": [212, 213, 214, 215], "203": [214, 215], "204": [213, 214, 215], "205": [212], "206": [212, 214, 215], "207": [213, 214, 215], "208": [212, 214], "209": [212, 215], "210": [213, 214], "211": [212, 213, 214]}}