{"frame_second": "500", "pedestrian_list": [{"radius": 0.3, "out_group_a_strength": 12.5, "out_group_r_range": 2.0, "pedestrian_id": 84, "friend_zone": [8, 36, 44, 48, 43, 38, 82, 65, 18, 26, 54, 12, 35, 19, 71, 42, 31, 83, 67, 68, 59, 70, 51, 39, 4, 61, 55, 27, 10, 69, 81, 29, 40, 37, 1, 15, 80, 63, 47, 46, 16, 53], "target": [35.0, 25.0], "out_group_r_strength": 64.0, "target_a_strength": 22000000000, "in_group_r_strength": 40, "attractor_count": 42, "position": [114.27426925572948, 32.467054945625804], "in_group_r_range": 2.0, "out_group_a_range": 2.8, "group_id": 0, "target_a_range": 435, "in_group_a_range": 2.8, "in_group_a_strength": 20}, {"radius": 0.3, "out_group_a_strength": 12.5, "out_group_r_range": 2.0, "pedestrian_id": 85, "friend_zone": [2, 20, 6, 56, 21, 45, 61, 18, 75, 43, 17, 55, 59, 40, 27, 14, 57, 48, 34, 3, 26, 35, 11, 31, 66, 22, 63, 5, 71, 72, 64, 82, 8, 50, 12, 37, 46, 78, 0, 60, 24, 36], "target": [35.0, 25.0], "out_group_r_strength": 64.0, "target_a_strength": 22000000000, "in_group_r_strength": 40, "attractor_count": 42, "position": [120.10099065288559, 38.34116966097751], "in_group_r_range": 2.0, "out_group_a_range": 2.8, "group_id": 0, "target_a_range": 435, "in_group_a_range": 2.8, "in_group_a_strength": 20}, {"radius": 0.3, "out_group_a_strength": 12.5, "out_group_r_range": 2.0, "pedestrian_id": 86, "friend_zone": [44, 41, 78, 82, 56, 57, 39, 29, 83, 74, 76, 0, 23, 12, 60, 28, 24, 7, 3, 21, 10, 81, 63, 5, 14, 34, 71, 8, 77, 36, 15, 59, 18, 38, 49, 4, 37, 47, 64, 50, 62, 72], "target": [35.0, 25.0], "out_group_r_strength": 64.0, "target_a_strength": 22000000000, "in_group_r_strength": 40, "attractor_count": 42, "position": [114.93103464851278, 12.30244249696383], "in_group_r_range": 2.0, "out_group_a_range": 2.8, "group_id": 1, "target_a_range": 435, "in_group_a_range": 2.8, "in_group_a_strength": 20}, {"radius": 0.3, "out_group_a_strength": 12.5, "out_group_r_range": 2.0, "pedestrian_id": 87, "friend_zone": [27, 34, 12, 61, 62, 20, 16, 22, 70, 30, 41, 6, 64, 81, 23, 50, 13, 37, 26, 18, 58, 51, 5, 53, 28, 75, 8, 14, 69, 21, 60, 31, 29, 73, 35, 38, 82, 65, 45, 2, 71, 32], "target": [35.0, 25.0], "out_group_r_strength": 64.0, "target_a_strength": 22000000000, "in_group_r_strength": 40, "attractor_count": 42, "position": [116.2296205868984, 27.26669757147221], "in_group_r_range": 2.0, "out_group_a_range": 2.8, "group_id": 1, "target_a_range": 435, "in_group_a_range": 2.8, "in_group_a_strength": 20}], "additional_id_existed_ped": {"0": [84], "1": [84, 85, 86, 87], "2": [87], "3": [84, 85, 86], "4": [85, 86, 87], "5": [84, 87], "6": [84, 85], "7": [84, 85, 86, 87], "8": [85, 86, 87], "9": [84, 85], "10": [86], "11": [86], "12": [], "13": [84, 85], "14": [84, 86, 87], "15": [84], "16": [84, 85, 86, 87], "17": [84, 85, 86, 87], "18": [84, 86], "19": [84, 85, 87], "20": [84, 87], "21": [85, 86, 87], "22": [84, 85], "23": [84, 87], "24": [85, 86, 87], "25": [84, 85, 86], "26": [86, 87], "27": [84, 85, 87], "28": [87], "29": [87], "30": [87], "31": [85, 86, 87], "32": [85], "33": [84, 85, 87], "34": [84, 87], "35": [85], "36": [86], "37": [86, 87], "38": [84, 85, 87], "39": [84, 86, 87], "40": [85], "41": [85, 86], "42": [84, 85, 86, 87], "43": [85], "44": [85, 86, 87], "45": [85], "46": [85, 86], "47": [84], "48": [84], "49": [84, 86], "50": [], "51": [84, 86, 87], "52": [84, 85], "53": [85], "54": [85, 86, 87], "55": [], "56": [84, 86, 87], "57": [84, 85, 87], "58": [85, 86, 87], "59": [84, 87], "60": [84, 85, 86], "61": [84, 85, 86], "62": [85], "63": [86], "64": [], "65": [84, 87], "66": [84, 85, 86, 87], "67": [85, 86, 87], "68": [84, 87], "69": [84, 85], "70": [], "71": [86], "72": [84, 86, 87], "73": [85, 87], "74": [84, 86], "75": [85, 86], "76": [84, 86], "77": [87], "78": [84, 86], "79": [85, 86], "80": [86, 87], "81": [], "82": [86], "83": [87]}}