{"frame_second": "1300", "pedestrian_list": [{"radius": 0.3, "out_group_a_strength": 12.5, "out_group_r_range": 2.0, "pedestrian_id": 148, "friend_zone": [66, 59, 105, 116, 99, 62, 115, 123, 106, 87, 75, 93, 117, 90, 26, 137, 144, 118, 45, 89, 55, 101, 32, 146, 85, 22, 147, 138, 98, 25, 44, 69, 49, 110, 54, 21, 56, 95, 124, 102, 28, 33, 76, 39, 74, 113, 72, 107, 17, 11, 134, 100, 109, 46, 96, 97, 29, 41, 108, 83, 129, 91, 61, 0, 142, 6, 53, 37, 38, 111, 4, 120, 143, 127], "target": [35.0, 25.0], "out_group_r_strength": 64.0, "target_a_strength": 22000000000, "in_group_r_strength": 40, "attractor_count": 74, "position": [129.8843002561338, 35.09853634568266], "in_group_r_range": 2.0, "out_group_a_range": 2.8, "group_id": 0, "target_a_range": 435, "in_group_a_range": 2.8, "in_group_a_strength": 20}, {"radius": 0.3, "out_group_a_strength": 12.5, "out_group_r_range": 2.0, "pedestrian_id": 149, "friend_zone": [70, 5, 126, 61, 66, 145, 116, 13, 96, 136, 132, 4, 123, 57, 25, 100, 86, 41, 7, 55, 12, 146, 104, 102, 87, 105, 124, 94, 8, 18, 112, 135, 56, 115, 74, 77, 62, 15, 31, 45, 125, 69, 43, 54, 114, 71, 1, 80, 91, 78, 53, 118, 98, 85, 119, 47, 46, 131, 38, 111, 34, 130, 2, 108, 89, 9, 23, 75, 32, 19, 107, 81, 14, 42], "target": [35.0, 25.0], "out_group_r_strength": 64.0, "target_a_strength": 22000000000, "in_group_r_strength": 40, "attractor_count": 74, "position": [122.05125023610076, 18.190853365400883], "in_group_r_range": 2.0, "out_group_a_range": 2.8, "group_id": 0, "target_a_range": 435, "in_group_a_range": 2.8, "in_group_a_strength": 20}, {"radius": 0.3, "out_group_a_strength": 12.5, "out_group_r_range": 2.0, "pedestrian_id": 150, "friend_zone": [52, 36, 6, 26, 7, 146, 55, 136, 57, 147, 42, 70, 56, 105, 113, 13, 139, 22, 131, 8, 132, 67, 37, 10, 79, 87, 127, 88, 12, 45, 144, 133, 116, 90, 106, 73, 60, 145, 138, 31, 71, 4, 137, 81, 80, 34, 124, 39, 32, 82, 3, 130, 85, 102, 104, 17, 125, 66, 54, 1, 64, 51, 111, 134, 112, 23, 76, 20, 97, 108, 86, 43, 117, 15], "target": [35.0, 25.0], "out_group_r_strength": 64.0, "target_a_strength": 22000000000, "in_group_r_strength": 40, "attractor_count": 74, "position": [131.81737443192412, 14.263971274320129], "in_group_r_range": 2.0, "out_group_a_range": 2.8, "group_id": 1, "target_a_range": 435, "in_group_a_range": 2.8, "in_group_a_strength": 20}, {"radius": 0.3, "out_group_a_strength": 12.5, "out_group_r_range": 2.0, "pedestrian_id": 151, "friend_zone": [11, 44, 89, 61, 128, 110, 24, 116, 2, 63, 135, 102, 137, 83, 121, 8, 125, 115, 147, 66, 111, 57, 92, 7, 34, 35, 47, 141, 129, 72, 25, 117, 143, 98, 41, 144, 81, 56, 122, 33, 96, 55, 45, 64, 49, 95, 108, 76, 52, 107, 31, 120, 19, 86, 123, 139, 94, 70, 136, 105, 82, 73, 1, 103, 39, 78, 69, 77, 58, 113, 75, 118, 85, 88], "target": [35.0, 25.0], "out_group_r_strength": 64.0, "target_a_strength": 22000000000, "in_group_r_strength": 40, "attractor_count": 74, "position": [135.7267636994428, 25.345187880940706], "in_group_r_range": 2.0, "out_group_a_range": 2.8, "group_id": 1, "target_a_range": 435, "in_group_a_range": 2.8, "in_group_a_strength": 20}], "additional_id_existed_ped": {"0": [148, 151], "1": [148, 149, 151], "2": [148, 150], "3": [148], "4": [149, 150, 151], "5": [148, 149], "6": [150], "7": [148, 149, 151], "8": [149, 150], "9": [148, 149, 151], "10": [], "11": [148, 150, 151], "12": [149], "13": [151], "14": [149], "15": [], "16": [148, 149, 151], "17": [149, 150], "18": [148, 149, 151], "19": [148, 150, 151], "20": [148], "21": [148, 149, 150, 151], "22": [149, 150, 151], "23": [151], "24": [148, 149, 151], "25": [151], "26": [148], "27": [148, 150], "28": [148], "29": [148, 150], "30": [148, 149, 150], "31": [148, 150], "32": [148, 150, 151], "33": [148, 150, 151], "34": [149], "35": [149, 151], "36": [149], "37": [148, 150], "38": [148, 149, 150, 151], "39": [149, 151], "40": [148, 151], "41": [148], "42": [149, 150], "43": [149, 151], "44": [148, 149], "45": [148, 149, 150], "46": [149, 151], "47": [], "48": [], "49": [149, 150, 151], "50": [148, 150], "51": [150], "52": [150, 151], "53": [148], "54": [148, 151], "55": [148], "56": [149, 150], "57": [148, 149, 150, 151], "58": [150], "59": [149, 150], "60": [149, 150], "61": [148, 149], "62": [148, 149, 150, 151], "63": [148, 150], "64": [150], "65": [148], "66": [148, 149, 150, 151], "67": [149, 150, 151], "68": [149, 151], "69": [150, 151], "70": [148, 150], "71": [], "72": [149, 151], "73": [149, 151], "74": [149, 150, 151], "75": [149, 150], "76": [148, 149, 150, 151], "77": [149, 150], "78": [149, 151], "79": [], "80": [148, 149, 151], "81": [151], "82": [149, 150], "83": [148, 149], "84": [150], "85": [149, 150, 151], "86": [], "87": [148, 149, 150], "88": [], "89": [148, 149, 150], "90": [148, 149], "91": [148, 149, 150], "92": [148, 149, 150], "93": [149, 151], "94": [149, 150, 151], "95": [148, 151], "96": [150], "97": [150, 151], "98": [148, 149, 150], "99": [148], "100": [148, 149, 151], "101": [150], "102": [148, 149, 150, 151], "103": [149, 151], "104": [148], "105": [149], "106": [148, 149, 150], "107": [150, 151], "108": [150, 151], "109": [148, 151], "110": [150, 151], "111": [150, 151], "112": [149], "113": [148, 150, 151], "114": [148, 151], "115": [149], "116": [148, 150, 151], "117": [], "118": [148], "119": [148, 150], "120": [148, 149, 151], "121": [148, 149, 151], "122": [150], "123": [148, 151], "124": [150, 151], "125": [149, 151], "126": [148, 151], "127": [148], "128": [148, 149, 151], "129": [150, 151], "130": [149, 150, 151], "131": [149, 150], "132": [148, 149, 150, 151], "133": [148, 149, 150], "134": [151], "135": [150, 151], "136": [150, 151], "137": [], "138": [148, 151], "139": [148, 149, 150, 151], "140": [149, 151], "141": [148, 149, 151], "142": [148, 150, 151], "143": [148, 149, 150], "144": [148, 149], "145": [], "146": [150, 151], "147": [150]}}