{"frame_second": "100", "pedestrian_list": [{"radius": 0.3, "out_group_a_strength": 12.5, "out_group_r_range": 2.0, "pedestrian_id": 52, "friend_zone": [16, 3, 46, 7, 33, 37, 0, 22, 39, 25, 44, 50, 15, 1, 24, 11, 43, 9, 51, 48, 14, 30, 23, 6, 38, 5], "target": [35.0, 25.0], "out_group_r_strength": 64.0, "target_a_strength": 22000000000, "in_group_r_strength": 40, "attractor_count": 26, "position": [131.81250116408668, 13.617987394796428], "in_group_r_range": 2.0, "out_group_a_range": 2.8, "group_id": 0, "target_a_range": 435, "in_group_a_range": 2.8, "in_group_a_strength": 20}, {"radius": 0.3, "out_group_a_strength": 12.5, "out_group_r_range": 2.0, "pedestrian_id": 53, "friend_zone": [11, 2, 41, 19, 43, 20, 10, 29, 7, 36, 33, 3, 0, 21, 46, 12, 13, 23, 50, 6, 38, 4, 47, 40, 9, 30], "target": [35.0, 25.0], "out_group_r_strength": 64.0, "target_a_strength": 22000000000, "in_group_r_strength": 40, "attractor_count": 26, "position": [125.30014424922449, 31.180018725802363], "in_group_r_range": 2.0, "out_group_a_range": 2.8, "group_id": 0, "target_a_range": 435, "in_group_a_range": 2.8, "in_group_a_strength": 20}, {"radius": 0.3, "out_group_a_strength": 12.5, "out_group_r_range": 2.0, "pedestrian_id": 54, "friend_zone": [37, 13, 38, 22, 17, 41, 43, 25, 19, 9, 47, 45, 20, 8, 2, 44, 50, 30, 7, 21, 33, 27, 36, 3, 11, 48], "target": [35.0, 25.0], "out_group_r_strength": 64.0, "target_a_strength": 22000000000, "in_group_r_strength": 40, "attractor_count": 26, "position": [122.70267563861547, 22.076058706742657], "in_group_r_range": 2.0, "out_group_a_range": 2.8, "group_id": 1, "target_a_range": 435, "in_group_a_range": 2.8, "in_group_a_strength": 20}, {"radius": 0.3, "out_group_a_strength": 12.5, "out_group_r_range": 2.0, "pedestrian_id": 55, "friend_zone": [0, 3, 32, 31, 38, 50, 20, 13, 11, 45, 36, 22, 9, 43, 2, 40, 12, 7, 23, 33, 4, 39, 46, 47, 26, 15], "target": [35.0, 25.0], "out_group_r_strength": 64.0, "target_a_strength": 22000000000, "in_group_r_strength": 40, "attractor_count": 26, "position": [128.57409961192823, 13.61016439124101], "in_group_r_range": 2.0, "out_group_a_range": 2.8, "group_id": 1, "target_a_range": 435, "in_group_a_range": 2.8, "in_group_a_strength": 20}], "additional_id_existed_ped": {"0": [52, 53, 55], "1": [52, 53, 54], "2": [53, 55], "3": [52, 53, 54], "4": [53], "5": [52, 55], "6": [53, 55], "7": [54, 55], "8": [53], "9": [53], "10": [54], "11": [], "12": [55], "13": [52, 53, 54, 55], "14": [52, 53, 54], "15": [52, 53, 54, 55], "16": [53, 55], "17": [52, 53, 54], "18": [52], "19": [52, 53, 54, 55], "20": [52, 54], "21": [53], "22": [54, 55], "23": [52, 53, 54, 55], "24": [54], "25": [52], "26": [52, 55], "27": [52], "28": [55], "29": [52, 54], "30": [54], "31": [52, 53, 54, 55], "32": [52, 53], "33": [53, 54], "34": [52, 53, 55], "35": [55], "36": [52, 54], "37": [53, 54], "38": [53, 54, 55], "39": [54, 55], "40": [53], "41": [52, 53, 54, 55], "42": [52, 55], "43": [], "44": [53], "45": [52, 55], "46": [52, 53, 54, 55], "47": [52, 54], "48": [54, 55], "49": [52, 55], "50": [55], "51": [54]}}