{"frame_second": "4900", "pedestrian_list": [{"radius": 0.3, "out_group_a_strength": 12.5, "out_group_r_range": 2.0, "pedestrian_id": 436, "friend_zone": [13, 108, 431, 246, 302, 230, 70, 27, 178, 182, 308, 341, 218, 157, 138, 208, 175, 199, 186, 209, 87, 309, 185, 276, 255, 72, 104, 435, 432, 25, 88, 137, 56, 51, 124, 372, 376, 53, 388, 75, 264, 132, 267, 171, 259, 223, 275, 16, 338, 150, 101, 374, 365, 45, 125, 297, 183, 330, 392, 405, 412, 378, 233, 401, 400, 81, 113, 234, 415, 273, 292, 24, 82, 428, 84, 173, 97, 191, 115, 231, 20, 122, 225, 379, 351, 250, 145, 313, 335, 136, 393, 337, 280, 291, 417, 68, 399, 187, 323, 154, 202, 5, 362, 44, 58, 244, 344, 105, 290, 42, 176, 1, 404, 59, 192, 99, 177, 34, 152, 127, 43, 279, 247, 260, 426, 167, 381, 307, 47, 353, 304, 334, 224, 253, 403, 17, 155, 419, 220, 242, 305, 62, 278, 102, 364, 164, 239, 216, 350, 301, 41, 269, 117, 430, 67, 131, 356, 71, 228, 201, 151, 63, 342, 212, 363, 414, 95, 214, 74, 310, 238, 86, 114, 262, 18, 361, 26, 64, 198, 324, 295, 382, 258, 352, 85, 215, 39, 10, 347, 149, 252, 134, 217, 203, 315, 384, 189, 21, 190, 188, 143, 180, 429, 340, 211, 319, 373, 35, 130, 380, 333, 92, 383, 193, 411, 28, 332, 281], "target": [35.0, 25.0], "out_group_r_strength": 64.0, "target_a_strength": 22000000000, "in_group_r_strength": 40, "attractor_count": 218, "position": [137.00425351468925, 37.680300818659134], "in_group_r_range": 2.0, "out_group_a_range": 2.8, "group_id": 0, "target_a_range": 435, "in_group_a_range": 2.8, "in_group_a_strength": 20}, {"radius": 0.3, "out_group_a_strength": 12.5, "out_group_r_range": 2.0, "pedestrian_id": 437, "friend_zone": [416, 75, 435, 111, 89, 300, 401, 57, 193, 355, 244, 319, 38, 156, 91, 154, 189, 358, 87, 421, 113, 125, 166, 331, 170, 348, 187, 317, 69, 191, 64, 267, 177, 286, 1, 62, 26, 432, 387, 103, 291, 9, 174, 359, 255, 142, 226, 15, 204, 298, 409, 205, 302, 429, 139, 364, 78, 223, 308, 376, 362, 63, 342, 246, 72, 134, 85, 141, 4, 228, 25, 150, 153, 274, 144, 28, 313, 336, 121, 10, 171, 18, 273, 381, 240, 21, 268, 128, 207, 312, 311, 163, 173, 137, 277, 329, 270, 196, 30, 11, 262, 214, 13, 365, 149, 12, 194, 82, 390, 46, 108, 48, 180, 50, 233, 160, 293, 183, 43, 263, 247, 208, 107, 176, 55, 323, 76, 158, 234, 186, 0, 20, 81, 371, 27, 71, 287, 261, 278, 253, 352, 275, 73, 98, 2, 106, 283, 280, 172, 119, 74, 41, 307, 232, 202, 159, 396, 42, 161, 320, 383, 237, 165, 284, 217, 322, 334, 105, 368, 258, 332, 321, 131, 146, 8, 243, 350, 378, 68, 130, 431, 250, 185, 402, 299, 294, 393, 219, 279, 34, 405, 360, 377, 419, 133, 328, 195, 346, 120, 182, 155, 339, 53, 427, 296, 415, 52, 179, 408, 3, 109, 221, 227, 423, 6, 337, 354, 138], "target": [35.0, 25.0], "out_group_r_strength": 64.0, "target_a_strength": 22000000000, "in_group_r_strength": 40, "attractor_count": 218, "position": [134.44615110951614, 13.605324019309597], "in_group_r_range": 2.0, "out_group_a_range": 2.8, "group_id": 0, "target_a_range": 435, "in_group_a_range": 2.8, "in_group_a_strength": 20}, {"radius": 0.3, "out_group_a_strength": 12.5, "out_group_r_range": 2.0, "pedestrian_id": 438, "friend_zone": [216, 421, 214, 6, 414, 419, 323, 212, 306, 327, 213, 372, 413, 331, 24, 112, 73, 305, 0, 258, 120, 246, 410, 337, 179, 399, 21, 418, 232, 129, 99, 405, 198, 180, 157, 124, 393, 193, 404, 296, 270, 324, 194, 147, 265, 140, 412, 164, 284, 84, 375, 60, 416, 362, 57, 238, 105, 63, 167, 62, 377, 231, 18, 267, 80, 401, 43, 9, 49, 314, 153, 45, 26, 420, 313, 309, 227, 285, 145, 365, 76, 315, 354, 361, 23, 82, 162, 353, 187, 251, 110, 31, 300, 209, 422, 219, 317, 303, 224, 109, 54, 275, 143, 79, 297, 279, 34, 166, 403, 13, 347, 102, 148, 341, 276, 38, 100, 299, 47, 121, 230, 52, 123, 1, 48, 74, 175, 77, 195, 178, 7, 364, 411, 200, 204, 108, 406, 91, 322, 8, 250, 234, 291, 326, 171, 113, 114, 69, 51, 103, 360, 221, 244, 344, 168, 385, 386, 298, 290, 268, 409, 183, 28, 5, 95, 256, 311, 190, 42, 319, 12, 160, 357, 425, 197, 236, 281, 151, 295, 237, 173, 44, 427, 182, 336, 101, 50, 293, 330, 211, 310, 36, 199, 229, 370, 407, 260, 302, 132, 111, 426, 283, 135, 22, 253, 431, 257, 368, 397, 40, 97, 115, 206, 64, 379, 240, 398, 286], "target": [35.0, 25.0], "out_group_r_strength": 64.0, "target_a_strength": 22000000000, "in_group_r_strength": 40, "attractor_count": 218, "position": [121.41192219499692, 24.01409621019217], "in_group_r_range": 2.0, "out_group_a_range": 2.8, "group_id": 1, "target_a_range": 435, "in_group_a_range": 2.8, "in_group_a_strength": 20}, {"radius": 0.3, "out_group_a_strength": 12.5, "out_group_r_range": 2.0, "pedestrian_id": 439, "friend_zone": [401, 254, 123, 314, 18, 361, 17, 374, 142, 212, 97, 64, 183, 20, 198, 103, 317, 242, 127, 53, 36, 116, 9, 119, 329, 40, 286, 328, 300, 384, 11, 305, 124, 412, 194, 248, 392, 117, 26, 316, 330, 140, 417, 99, 27, 102, 271, 414, 34, 362, 73, 174, 339, 138, 241, 186, 196, 425, 340, 397, 407, 207, 421, 275, 193, 348, 33, 269, 74, 208, 263, 189, 28, 373, 228, 71, 396, 23, 258, 118, 353, 90, 332, 308, 313, 59, 366, 135, 165, 383, 5, 315, 282, 309, 86, 270, 131, 426, 250, 65, 2, 78, 161, 387, 239, 108, 394, 268, 129, 431, 367, 215, 377, 312, 349, 320, 350, 89, 302, 146, 311, 7, 75, 435, 293, 137, 60, 143, 430, 150, 47, 323, 287, 126, 351, 375, 413, 46, 358, 114, 231, 39, 201, 115, 21, 203, 204, 227, 365, 221, 393, 125, 88, 405, 180, 262, 274, 277, 338, 147, 110, 226, 234, 107, 433, 327, 44, 55, 30, 267, 251, 144, 87, 347, 243, 52, 32, 149, 69, 307, 240, 98, 321, 389, 324, 301, 363, 145, 341, 84, 42, 168, 133, 355, 217, 304, 416, 37, 156, 58, 418, 280, 109, 370, 176, 336, 399, 209, 79, 175, 380, 51, 130, 132, 12, 66, 187, 61], "target": [35.0, 25.0], "out_group_r_strength": 64.0, "target_a_strength": 22000000000, "in_group_r_strength": 40, "attractor_count": 218, "position": [127.92507412232348, 20.13334758268323], "in_group_r_range": 2.0, "out_group_a_range": 2.8, "group_id": 1, "target_a_range": 435, "in_group_a_range": 2.8, "in_group_a_strength": 20}], "additional_id_existed_ped": {"0": [436, 437, 439], "1": [436, 438], "2": [436, 438, 439], "3": [], "4": [], "5": [436, 437], "6": [436, 439], "7": [437], "8": [436], "9": [436], "10": [439], "11": [439], "12": [437], "13": [], "14": [], "15": [436, 437], "16": [438, 439], "17": [436, 437, 439], "18": [436, 437, 438, 439], "19": [437, 439], "20": [436, 437, 438], "21": [436, 437, 438, 439], "22": [436, 437], "23": [436, 437, 438, 439], "24": [436, 437], "25": [436, 437], "26": [], "27": [436, 439], "28": [436, 437], "29": [436, 438, 439], "30": [436, 438, 439], "31": [438], "32": [], "33": [436, 437, 438, 439], "34": [436, 437, 438], "35": [438, 439], "36": [437, 438], "37": [436, 439], "38": [438], "39": [436, 438, 439], "40": [437, 438], "41": [438, 439], "42": [439], "43": [], "44": [436, 437, 438], "45": [436, 437, 438, 439], "46": [437, 438], "47": [437, 438], "48": [436, 437, 438, 439], "49": [436, 438, 439], "50": [436, 438, 439], "51": [438, 439], "52": [], "53": [436, 437, 438], "54": [437, 438], "55": [439], "56": [436, 438], "57": [437, 439], "58": [437, 438, 439], "59": [436], "60": [436, 437], "61": [438, 439], "62": [436, 437], "63": [436], "64": [437, 439], "65": [436, 438], "66": [], "67": [436, 439], "68": [436, 439], "69": [436, 439], "70": [436], "71": [436, 439], "72": [437, 438, 439], "73": [436, 438, 439], "74": [436, 438], "75": [439], "76": [437, 438], "77": [438, 439], "78": [437, 438], "79": [437, 439], "80": [436, 437, 439], "81": [437, 438, 439], "82": [436, 438], "83": [436, 438, 439], "84": [436, 437, 439], "85": [439], "86": [], "87": [438], "88": [438], "89": [436, 437, 438], "90": [436, 437, 438, 439], "91": [436], "92": [437, 439], "93": [436], "94": [436, 439], "95": [436, 437, 439], "96": [436, 437, 439], "97": [436, 438, 439], "98": [436, 437, 438, 439], "99": [437], "100": [437, 438, 439], "101": [436, 437, 438], "102": [], "103": [437, 439], "104": [437, 438, 439], "105": [436], "106": [436, 437], "107": [437], "108": [438], "109": [437], "110": [436, 438],