{"frame_second": "2500", "pedestrian_list": [{"radius": 0.3, "out_group_a_strength": 12.5, "out_group_r_range": 2.0, "pedestrian_id": 240, "friend_zone": [35, 88, 83, 229, 56, 144, 125, 32, 176, 137, 151, 47, 164, 209, 182, 238, 141, 235, 170, 96, 184, 188, 16, 79, 69, 175, 214, 111, 207, 20, 231, 133, 147, 216, 116, 128, 18, 4, 85, 143, 80, 104, 24, 195, 9, 93, 159, 227, 124, 101, 198, 52, 196, 95, 65, 210, 163, 89, 142, 8, 49, 29, 64, 97, 191, 55, 145, 74, 130, 50, 117, 153, 105, 12, 106, 187, 33, 21, 72, 2, 134, 7, 82, 180, 226, 51, 43, 86, 152, 221, 67, 119, 37, 181, 39, 115, 11, 190, 157, 66, 177, 222, 14, 99, 245, 84, 213, 15, 129, 3, 167, 171, 58, 138, 22, 228, 132, 122, 113, 112, 204, 178], "target": [35.0, 25.0], "out_group_r_strength": 64.0, "target_a_strength": 22000000000, "in_group_r_strength": 40, "attractor_count": 122, "position": [-69.63025888381807, 39.61626663722543], "in_group_r_range": 2.0, "out_group_a_range": 2.8, "group_id": 0, "target_a_range": 435, "in_group_a_range": 2.8, "in_group_a_strength": 20}, {"radius": 0.3, "out_group_a_strength": 12.5, "out_group_r_range": 2.0, "pedestrian_id": 241, "friend_zone": [70, 170, 150, 19, 59, 239, 6, 206, 159, 52, 45, 22, 217, 48, 154, 186, 158, 18, 80, 179, 105, 119, 160, 220, 20, 60, 27, 115, 51, 141, 24, 112, 58, 23, 152, 103, 210, 181, 189, 226, 205, 7, 175, 26, 148, 232, 117, 74, 66, 200, 114, 204, 56, 215, 173, 33, 44, 79, 42, 14, 203, 168, 62, 146, 133, 149, 71, 129, 227, 126, 84, 237, 12, 145, 230, 83, 38, 195, 192, 113, 89, 86, 127, 31, 130, 78, 139, 5, 128, 76, 9, 25, 104, 3, 100, 16, 182, 93, 102, 190, 207, 88, 122, 172, 208, 111, 2, 69, 21, 4, 211, 10, 75, 131, 247, 218, 231, 92, 162, 97, 35, 169], "target": [35.0, 25.0], "out_group_r_strength": 64.0, "target_a_strength": 22000000000, "in_group_r_strength": 40, "attractor_count": 122, "position": [-48.16930998431157, 18.156281914441884], "in_group_r_range": 2.0, "out_group_a_range": 2.8, "group_id": 0, "target_a_range": 435, "in_group_a_range": 2.8, "in_group_a_strength": 20}, {"radius": 0.3, "out_group_a_strength": 12.5, "out_group_r_range": 2.0, "pedestrian_id": 242, "friend_zone": [186, 59, 224, 91, 41, 161, 127, 105, 171, 149, 19, 13, 157, 103, 111, 151, 156, 200, 48, 128, 129, 124, 229, 176, 218, 10, 193, 232, 182, 235, 93, 125, 66, 141, 68, 222, 4, 119, 201, 30, 170, 143, 148, 43, 126, 178, 100, 197, 20, 113, 94, 212, 2, 61, 133, 88, 169, 233, 55, 6, 29, 102, 87, 203, 236, 147, 40, 65, 0, 35, 39, 7, 79, 118, 226, 145, 199, 208, 23, 1, 247, 180, 231, 90, 54, 150, 97, 33, 24, 49, 81, 139, 219, 37, 136, 202, 38, 172, 51, 152, 58, 184, 131, 69, 84, 220, 174, 246, 162, 175, 15, 165, 112, 205, 159, 21, 83, 194, 173, 153, 72, 144], "target": [35.0, 25.0], "out_group_r_strength": 64.0, "target_a_strength": 22000000000, "in_group_r_strength": 40, "attractor_count": 122, "position": [-57.273645066587655, 18.803876191853934], "in_group_r_range": 2.0, "out_group_a_range": 2.8, "group_id": 1, "target_a_range": 435, "in_group_a_range": 2.8, "in_group_a_strength": 20}, {"radius": 0.3, "out_group_a_strength": 12.5, "out_group_r_range": 2.0, "pedestrian_id": 243, "friend_zone": [111, 106, 114, 81, 145, 181, 23, 246, 199, 203, 108, 166, 113, 164, 94, 27, 20, 124, 32, 47, 62, 82, 205, 117, 18, 161, 204, 157, 6, 188, 129, 76, 89, 142, 73, 238, 172, 110, 193, 224, 221, 185, 56, 50, 80, 31, 61, 3, 35, 48, 153, 51, 101, 244, 49, 65, 140, 21, 52, 28, 174, 8, 232, 195, 155, 223, 225, 206, 64, 127, 92, 109, 95, 16, 105, 139, 26, 190, 97, 176, 130, 137, 146, 197, 25, 208, 24, 135, 5, 247, 75, 191, 7, 84, 196, 152, 171, 14, 70, 57, 9, 122, 150, 86, 22, 209, 192, 10, 200, 175, 19, 219, 43, 37, 93, 231, 133, 183, 159, 165, 69, 102], "target": [35.0, 25.0], "out_group_r_strength": 64.0, "target_a_strength": 22000000000, "in_group_r_strength": 40, "attractor_count": 122, "position": [-50.14384232943598, 27.28325125166507], "in_group_r_range": 2.0, "out_group_a_range": 2.8, "group_id": 1, "target_a_range": 435, "in_group_a_range": 2.8, "in_group_a_strength": 20}], "additional_id_existed_ped": {"0": [240, 241, 243], "1": [241, 242, 243], "2": [241, 242], "3": [242], "4": [], "5": [240, 241, 242, 243], "6": [241], "7": [240, 241, 243], "8": [242, 243], "9": [240, 242, 243], "10": [240], "11": [], "12": [240, 242, 243], "13": [240, 243], "14": [], "15": [241, 242], "16": [243], "17": [242], "18": [240, 241], "19": [240, 241], "20": [240, 241, 242], "21": [241], "22": [240, 241, 242], "23": [240, 243], "24": [241], "25": [242], "26": [240, 242, 243], "27": [240, 241, 243], "28": [241, 243], "29": [241], "30": [241, 242, 243], "31": [240, 243], "32": [240, 243], "33": [240, 241, 243], "34": [243], "35": [241, 242], "36": [242], "37": [242], "38": [240, 241], "39": [241, 242, 243], "40": [240, 242], "41": [241], "42": [], "43": [241, 243], "44": [240, 241], "45": [240, 243], "46": [240, 242, 243], "47": [240, 242, 243], "48": [241, 243], "49": [243], "50": [240, 242, 243], "51": [241, 242], "52": [240, 242, 243], "53": [240, 241, 242], "54": [242, 243], "55": [240, 241, 243], "56": [241], "57": [241, 242, 243], "58": [240, 242, 243], "59": [243], "60": [240, 241, 242], "61": [240, 241], "62": [241, 242], "63": [241, 242], "64": [242, 243], "65": [241, 243], "66": [241, 243], "67": [242, 243], "68": [241, 242], "69": [240, 242], "70": [240, 241, 242, 243], "71": [240, 243], "72": [240, 242], "73": [240, 241, 243], "74": [241, 242], "75": [242], "76": [240, 243], "77": [240, 241, 243], "78": [240, 241, 242], "79": [240], "80": [240, 243], "81": [240, 241, 242], "82": [242, 243], "83": [242, 243], "84": [241], "85": [242], "86": [241], "87": [241, 242, 243], "88": [241, 243], "89": [241, 242, 243], "90": [240, 241], "91": [243], "92": [241, 242, 243], "93": [240, 241], "94": [241, 242, 243], "95": [240, 243], "96": [241], "97": [242, 243], "98": [241, 243], "99": [240], "100": [240, 241], "101": [241, 243], "102": [240, 241, 242], "103": [240, 242, 243], "104": [241], "105": [], "106": [241], "107": [243], "108": [241, 243], "109": [240, 242], "110": [240, 242], "111": [], "112": [240, 242, 243], "113": [241, 242, 243], "114": [240, 241, 242, 243], "115": [240, 242], "116": [240], "117": [243], "118": [243], "119": [243], "120": [240, 242], "121": [240, 241, 242, 243], "122": [240, 242], "123": [243], "124": [240], "125": [241, 242, 243], "126": [240, 243], "127": [240, 242, 243], "128": [242], "129": [242, 243], "130": [241, 242, 243], "131": [241, 242], "132": [240, 241], "133": [241, 242], "134": [242], "135": [240, 242, 243], "136": [240, 243], "137": [241, 242, 243], "138": [241, 242], "139": [240, 242], "140": [240, 241, 242, 243], "141": [240, 243], "142": [240], "143": [], "144": [240, 241, 242], "145": [241, 243], "146": [240, 241], "147": [], "148": [240, 243], "149": [240, 242], "150": [240, 241, 242], "151": [241, 242, 243], "152": [241], "153": [], "154": [241, 242], "155": [241, 243], "156": [240], "157": [240, 242], "158": [240, 241, 242, 243], "159": [240, 241, 242, 243], "160": [241, 242, 243], "161": [240, 242, 243], "162": [240, 243], "163": [241, 242], "164": [240, 241], "165": [243], "166": [240, 241, 242], "167": [241, 242, 243], "168": [240, 243], "169": [240, 242, 243], "170": [242, 243], "171": [243], "172": [240, 241], "173": [240, 241], "174": [241, 242], "175": [240], "176": [242], "177": [241], "178": [240, 241, 242, 243], "179": [241, 243], "180": [242, 243], "181": [240, 241], "182": [240, 242, 243], "183": [241, 242, 243], "184": [240, 242], "185": [240, 241], "186": [240, 242, 243], "187": [240], "188": [241, 242, 243], "189": [242], "190": [242, 243], "191": [240], "192": [240], "193": [241, 243], "194": [242, 243], "195": [], "196": [], "197": [240, 242, 243], "198": [241], "199": [240, 241], "200": [240, 241, 242], "201": [240, 243], "202": [240, 241, 242], "203": [240], "204": [242], "205": [], "206": [243], "207": [240, 243], "208": [241, 242, 243], "209": [], "210": [241], "211": [240, 241, 243], "212": [241, 242],