{"frame_second": "4100", "pedestrian_list": [{"radius": 0.3, "out_group_a_strength": 12.5, "out_group_r_range": 2.0, "pedestrian_id": 372, "friend_zone": [187, 158, 329, 162, 26, 107, 47, 266, 267, 279, 146, 95, 24, 304, 27, 149, 76, 124, 335, 115, 40, 182, 137, 6, 211, 245, 61, 209, 345, 318, 128, 302, 133, 20, 1, 348, 295, 354, 79, 293, 132, 221, 325, 190, 364, 148, 62, 156, 108, 207, 319, 193, 369, 48, 359, 247, 43, 165, 343, 230, 32, 179, 371, 140, 334, 310, 315, 308, 202, 309, 342, 143, 362, 21, 360, 240, 249, 174, 129, 248, 78, 242, 244, 63, 289, 166, 57, 75, 60, 288, 324, 37, 180, 109, 203, 120, 175, 189, 366, 333, 19, 154, 16, 178, 276, 341, 144, 338, 192, 217, 353, 205, 169, 55, 173, 130, 339, 126, 246, 251, 361, 250, 305, 77, 237, 225, 344, 241, 33, 9, 210, 36, 51, 243, 98, 184, 336, 23, 72, 131, 349, 331, 307, 117, 234, 150, 110, 96, 312, 337, 200, 91, 301, 90, 186, 194, 2, 34, 7, 159, 94, 122, 328, 114, 168, 127, 219, 66, 89, 356, 106, 71, 177, 340, 100, 49, 153, 151, 355, 103, 273, 73, 306, 35, 238, 105], "target": [35.0, 25.0], "out_group_r_strength": 64.0, "target_a_strength": 22000000000, "in_group_r_strength": 40, "attractor_count": 186, "position": [132.4726245315728, 32.45607717357392], "in_group_r_range": 2.0, "out_group_a_range": 2.8, "group_id": 0, "target_a_range": 435, "in_group_a_range": 2.8, "in_group_a_strength": 20}, {"radius": 0.3, "out_group_a_strength": 12.5, "out_group_r_range": 2.0, "pedestrian_id": 373, "friend_zone": [264, 368, 51, 297, 122, 40, 2, 89, 331, 146, 83, 123, 5, 181, 64, 234, 246, 157, 158, 255, 28, 124, 82, 37, 360, 206, 132, 269, 94, 318, 192, 356, 32, 229, 292, 238, 72, 103, 68, 187, 161, 258, 252, 80, 173, 330, 242, 329, 19, 114, 296, 253, 25, 127, 197, 8, 86, 263, 134, 152, 342, 74, 275, 257, 47, 91, 312, 113, 216, 183, 54, 260, 209, 9, 325, 116, 98, 164, 85, 66, 13, 139, 198, 49, 36, 261, 79, 266, 321, 349, 67, 319, 170, 136, 61, 300, 52, 16, 177, 201, 241, 235, 10, 112, 254, 140, 217, 151, 245, 365, 239, 232, 267, 45, 333, 343, 213, 90, 35, 265, 175, 204, 48, 176, 305, 284, 259, 240, 215, 244, 149, 278, 22, 21, 96, 107, 148, 65, 208, 323, 70, 194, 315, 301, 367, 361, 78, 302, 348, 76, 12, 249, 100, 223, 226, 156, 34, 167, 354, 268, 135, 195, 150, 104, 191, 182, 324, 162, 357, 39, 154, 218, 60, 271, 299, 286, 307, 186, 153, 26, 15, 314, 97, 364, 178, 160], "target": [35.0, 25.0], "out_group_r_strength": 64.0, "target_a_strength": 22000000000, "in_group_r_strength": 40, "attractor_count": 186, "position": [116.23242602655392, 27.2981101618564], "in_group_r_range": 2.0, "out_group_a_range": 2.8, "group_id": 0, "target_a_range": 435, "in_group_a_range": 2.8, "in_group_a_strength": 20}, {"radius": 0.3, "out_group_a_strength": 12.5, "out_group_r_range": 2.0, "pedestrian_id": 374, "friend_zone": [296, 197, 146, 48, 284, 174, 215, 239, 41, 132, 283, 273, 348, 315, 38, 187, 304, 243, 279, 336, 77, 297, 207, 308, 34, 129, 338, 20, 268, 318, 293, 1, 33, 255, 345, 261, 344, 233, 78, 180, 142, 29, 71, 186, 157, 150, 42, 112, 149, 171, 32, 340, 339, 6, 350, 217, 264, 362, 351, 330, 277, 55, 173, 141, 152, 158, 241, 220, 295, 251, 83, 311, 235, 113, 108, 194, 190, 61, 140, 162, 319, 237, 28, 247, 236, 327, 230, 353, 226, 361, 224, 285, 45, 104, 2, 270, 153, 114, 147, 275, 67, 109, 227, 363, 280, 266, 347, 211, 115, 341, 40, 57, 343, 234, 346, 9, 218, 257, 75, 36, 267, 245, 117, 79, 105, 70, 97, 58, 328, 161, 288, 116, 290, 229, 238, 16, 269, 337, 366, 128, 188, 202, 24, 358, 100, 124, 306, 228, 121, 287, 110, 11, 185, 333, 331, 3, 298, 176, 250, 249, 30, 192, 259, 371, 219, 184, 21, 221, 274, 156, 262, 191, 231, 314, 253, 349, 118, 166, 8, 300, 369, 89, 182, 216, 286, 135], "target": [35.0, 25.0], "out_group_r_strength": 64.0, "target_a_strength": 22000000000, "in_group_r_strength": 40, "attractor_count": 186, "position": [122.06895193229172, 32.47639852967226], "in_group_r_range": 2.0, "out_group_a_range": 2.8, "group_id": 1, "target_a_range": 435, "in_group_a_range": 2.8, "in_group_a_strength": 20}, {"radius": 0.3, "out_group_a_strength": 12.5, "out_group_r_range": 2.0, "pedestrian_id": 375, "friend_zone": [305, 88, 284, 355, 321, 315, 35, 299, 266, 301, 337, 73, 253, 210, 371, 168, 335, 70, 137, 326, 356, 53, 235, 180, 117, 206, 176, 255, 135, 185, 367, 272, 218, 148, 165, 29, 63, 87, 240, 233, 199, 254, 174, 294, 277, 8, 99, 143, 18, 171, 309, 33, 211, 314, 363, 224, 11, 230, 109, 280, 232, 103, 279, 80, 66, 362, 262, 38, 310, 209, 54, 128, 23, 358, 212, 157, 108, 140, 96, 306, 65, 89, 61, 295, 146, 204, 289, 15, 142, 265, 189, 361, 76, 7, 330, 9, 27, 216, 357, 302, 260, 1, 242, 31, 107, 169, 104, 14, 68, 195, 85, 247, 331, 133, 213, 328, 141, 290, 156, 196, 45, 83, 37, 234, 112, 238, 334, 26, 160, 56, 134, 28, 338, 58, 304, 93, 144, 317, 183, 50, 245, 59, 47, 352, 227, 215, 20, 147, 308, 312, 153, 193, 125, 67, 95, 41, 2, 292, 166, 6, 21, 175, 329, 39, 52, 351, 129, 158, 220, 221, 285, 48, 62, 208, 3, 241, 222, 228, 261, 51, 369, 263, 325, 201, 300, 297], "target": [35.0, 25.0], "out_group_r_strength": 64.0, "target_a_strength": 22000000000, "in_group_r_strength": 40, "attractor_count": 186, "position": [112.33536547864684, 22.05276066980047], "in_group_r_range": 2.0, "out_group_a_range": 2.8, "group_id": 1, "target_a_range": 435, "in_group_a_range": 2.8, "in_group_a_strength": 20}], "additional_id_existed_ped": {"0": [372, 373, 375], "1": [373, 374, 375], "2": [374, 375], "3": [372, 374, 375], "4": [373], "5": [372, 373], "6": [374], "7": [372, 373, 374], "8": [372, 374], "9": [373, 375], "10": [372, 373, 374], "11": [], "12": [372, 373, 374, 375], "13": [372], "14": [373, 374, 375], "15": [372, 373], "16": [372, 373, 374], "17": [373], "18": [372], "19": [373, 375], "20": [372, 373], "21": [], "22": [372, 373, 375], "23": [372, 375], "24": [372, 374, 375], "25": [372, 375], "26": [372], "27": [372, 374, 375], "28": [373], "29": [375], "30": [372, 375], "31": [372, 373, 374], "32": [372, 373, 374], "33": [373, 375], "34": [373, 375], "35": [375], "36": [373, 375], "37": [372, 374, 375], "38": [], "39": [374], "40": [373], "41": [372, 374], "42": [372, 374, 375], "43": [374], "44": [372, 374, 375], "45": [373, 375], "46": [374], "47": [373], "48": [374], "49": [375], "50": [372, 373, 374, 375], "51": [372, 374], "52": [373, 374], "53": [373], "54": [374, 375], "55": [], "56": [374, 375], "57": [374, 375], "58": [372], "59": [373, 375], "60": [372, 373, 374], "61": [375], "62": [372, 373, 375], "63": [], "64": [374], "65": [372, 374], "66": [372, 373, 375], "67": [372, 374, 375], "68": [374], "69": [373, 374], "70": [373, 374, 375], "71": [373, 375], "72": [373], "73": [372, 373], "74": [372, 373], "75": [372, 373, 374, 375], "76": [372, 373, 374], "77": [374, 375], "78": [372, 373], "79": [372, 373, 375], "80": [372], "81": [375], "82": [372, 373, 374, 375], "83": [374, 375], "84": [374, 375], "85": [373, 374], "86": [372, 373, 375], "87": [372, 374], "88": [372, 373], "89": [372], "90": [372, 374, 375], "91": [372, 373], "92": [], "93": [372, 373], "94": [374], "95": [373, 374], "96": [374], "97": [372, 373, 374, 375], "98": [374, 375], "99": [374], "100": [374, 375], "101": [372, 375], "102": [373, 374, 375], "103": [372, 375], "104": [], "105": [372, 373, 375], "106": [374, 375], "107": [372, 374], "108": [374], "109": [372], "110": [373], "111": [372, 373, 374], "112": [373, 374, 375], "113": [372, 375], "114": [372, 373, 374, 375], "115": [372, 373, 374, 375], "116": [373, 374], "117": [372, 373, 375], "118": [373, 375], "119": [372, 374], "120": [372], "121": [373], "122": [372, 374, 375], "123": [372, 373], "124": [373, 375], "125": [372, 373], "126": [373], "127": [372, 373, 374, 375], "128": [372, 373], "129": [373, 375], "130": [372, 374], "131": [372], "132": [372], "133": [372, 374, 375], "134": [374, 375], "135": [372, 374, 375], "136": [375], "137": [], "138": [372, 373, 374, 375], "139": [374], "140": [375], "141": [373], "142": [372, 373], "143": [372, 373, 374, 375], "144": [372, 374],