{"frame_second": "4600", "pedestrian_list": [{"radius": 0.3, "out_group_a_strength": 12.5, "out_group_r_range": 2.0, "pedestrian_id": 408, "friend_zone": [85, 143, 275, 333, 315, 283, 272, 15, 262, 184, 398, 140, 84, 350, 309, 329, 51, 220, 92, 345, 215, 415, 13, 387, 124, 28, 250, 342, 206, 285, 390, 258, 391, 407, 97, 40, 21, 377, 351, 207, 38, 237, 366, 322, 375, 8, 24, 0, 196, 141, 294, 60, 353, 76, 359, 356, 191, 269, 98, 48, 108, 111, 361, 25, 105, 30, 181, 384, 396, 151, 211, 313, 252, 37, 170, 42, 192, 337, 23, 90, 378, 332, 212, 261, 193, 35, 47, 273, 166, 325, 116, 139, 245, 222, 190, 357, 165, 383, 355, 370, 243, 168, 320, 302, 179, 259, 392, 46, 247, 394, 373, 169, 231, 14, 27, 216, 381, 65, 33, 164, 96, 104, 326, 89, 298, 55, 318, 263, 340, 118, 323, 162, 6, 344, 249, 260, 131, 91, 9, 94, 386, 362, 406, 121, 67, 264, 314, 39, 49, 1, 241, 229, 102, 224, 382, 365, 100, 95, 86, 80, 77, 157, 240, 195, 310, 152, 210, 379, 187, 393, 230, 352, 123, 154, 233, 281, 321, 31, 291, 53, 236, 347, 12, 280, 113, 305, 277, 171, 16, 404, 201, 110, 297, 103, 218, 178, 372, 101, 61, 45, 70, 176, 153, 286, 173, 267], "target": [35.0, 25.0], "out_group_r_strength": 64.0, "target_a_strength": 22000000000, "in_group_r_strength": 40, "attractor_count": 206, "position": [-57.256485390919416, 25.348328445183057], "in_group_r_range": 2.0, "out_group_a_range": 2.8, "group_id": 0, "target_a_range": 435, "in_group_a_range": 2.8, "in_group_a_strength": 20}, {"radius": 0.3, "out_group_a_strength": 12.5, "out_group_r_range": 2.0, "pedestrian_id": 409, "friend_zone": [412, 274, 186, 85, 102, 150, 196, 37, 130, 51, 237, 169, 73, 382, 356, 248, 334, 342, 295, 202, 110, 115, 154, 384, 12, 285, 41, 391, 70, 225, 377, 387, 227, 135, 87, 298, 357, 6, 170, 171, 364, 378, 193, 173, 288, 204, 223, 216, 25, 188, 24, 203, 185, 233, 195, 373, 139, 405, 243, 190, 90, 293, 346, 214, 261, 128, 38, 176, 19, 312, 217, 407, 401, 133, 28, 146, 351, 336, 349, 33, 260, 232, 8, 99, 166, 79, 304, 145, 105, 192, 147, 81, 160, 84, 149, 106, 17, 333, 0, 299, 2, 302, 403, 369, 272, 222, 286, 292, 66, 213, 177, 321, 388, 187, 273, 383, 144, 306, 77, 324, 325, 311, 62, 413, 64, 352, 241, 270, 96, 61, 205, 13, 155, 345, 406, 347, 283, 126, 44, 32, 218, 113, 179, 296, 386, 100, 240, 108, 120, 375, 340, 201, 178, 231, 251, 109, 121, 256, 164, 16, 15, 122, 397, 20, 265, 43, 119, 69, 18, 277, 168, 230, 50, 323, 118, 394, 399, 235, 72, 82, 319, 287, 80, 123, 200, 228, 198, 269, 101, 236, 266, 162, 40, 125, 31, 141, 23, 174, 163, 282, 343, 9, 76, 55, 327, 355], "target": [35.0, 25.0], "out_group_r_strength": 64.0, "target_a_strength": 22000000000, "in_group_r_strength": 40, "attractor_count": 206, "position": [-53.38328900169102, 25.309557024212943], "in_group_r_range": 2.0, "out_group_a_range": 2.8, "group_id": 0, "target_a_range": 435, "in_group_a_range": 2.8, "in_group_a_strength": 20}, {"radius": 0.3, "out_group_a_strength": 12.5, "out_group_r_range": 2.0, "pedestrian_id": 410, "friend_zone": [66, 212, 324, 103, 38, 125, 65, 393, 185, 31, 354, 52, 126, 116, 173, 375, 94, 18, 381, 120, 130, 216, 77, 186, 2, 121, 45, 11, 346, 36, 87, 389, 71, 232, 177, 131, 263, 270, 347, 147, 151, 194, 39, 352, 283, 369, 361, 374, 140, 37, 355, 111, 373, 295, 261, 241, 195, 101, 61, 188, 4, 0, 25, 21, 76, 59, 67, 218, 246, 19, 327, 254, 191, 161, 22, 300, 330, 303, 84, 40, 279, 69, 107, 146, 91, 250, 102, 3, 29, 86, 379, 276, 55, 206, 201, 395, 88, 266, 415, 108, 162, 386, 217, 387, 335, 286, 198, 105, 72, 123, 356, 124, 359, 220, 407, 240, 357, 74, 326, 128, 223, 118, 363, 189, 109, 318, 267, 341, 306, 309, 43, 337, 227, 204, 372, 51, 175, 225, 33, 314, 366, 237, 221, 209, 112, 405, 269, 230, 345, 139, 390, 385, 181, 117, 127, 239, 319, 56, 97, 406, 202, 153, 348, 307, 145, 159, 333, 142, 149, 180, 294, 367, 12, 391, 311, 245, 274, 203, 253, 312, 141, 273, 157, 236, 214, 412, 152, 383, 163, 231, 193, 75, 100, 85, 26, 170, 370, 199, 14, 73, 182, 280, 338, 342, 1, 192], "target": [35.0, 25.0], "out_group_r_strength": 64.0, "target_a_strength": 22000000000, "in_group_r_strength": 40, "attractor_count": 206, "position": [-55.339410477751485, 35.70887805530991], "in_group_r_range": 2.0, "out_group_a_range": 2.8, "group_id": 1, "target_a_range": 435, "in_group_a_range": 2.8, "in_group_a_strength": 20}, {"radius": 0.3, "out_group_a_strength": 12.5, "out_group_r_range": 2.0, "pedestrian_id": 411, "friend_zone": [22, 324, 36, 255, 207, 96, 150, 194, 395, 130, 70, 188, 314, 390, 322, 120, 14, 214, 291, 393, 20, 413, 292, 226, 352, 219, 154, 190, 335, 258, 98, 0, 391, 137, 193, 383, 139, 88, 184, 375, 29, 183, 203, 166, 231, 284, 79, 45, 138, 200, 110, 85, 289, 159, 334, 127, 272, 145, 359, 357, 299, 81, 87, 362, 38, 114, 83, 144, 108, 167, 209, 2, 169, 378, 223, 128, 34, 101, 329, 25, 290, 117, 266, 319, 405, 244, 51, 380, 323, 377, 224, 178, 381, 100, 271, 333, 26, 259, 42, 124, 262, 148, 92, 173, 318, 302, 276, 196, 325, 386, 73, 287, 174, 347, 156, 354, 374, 414, 168, 230, 245, 303, 267, 182, 129, 321, 355, 265, 268, 294, 75, 367, 147, 71, 220, 256, 160, 171, 58, 270, 307, 237, 330, 7, 360, 309, 62, 242, 149, 358, 296, 118, 91, 252, 232, 61, 125, 269, 326, 288, 111, 317, 30, 21, 39, 131, 399, 48, 392, 238, 67, 172, 351, 278, 275, 371, 204, 192, 66, 84, 313, 143, 264, 12, 263, 142, 228, 177, 106, 312, 320, 239, 212, 153, 55, 316, 163, 54, 298, 65, 222, 343, 310, 363, 68, 206], "target": [35.0, 25.0], "out_group_r_strength": 64.0, "target_a_strength": 22000000000, "in_group_r_strength": 40, "attractor_count": 206, "position": [-62.4883264591546, 38.97772741811927], "in_group_r_range": 2.0, "out_group_a_range": 2.8, "group_id": 1, "target_a_range": 435, "in_group_a_range": 2.8, "in_group_a_strength": 20}], "additional_id_existed_ped": {"0": [408, 409], "1": [408, 410, 411], "2": [408, 409, 410, 411], "3": [409, 410, 411], "4": [410], "5": [408, 411], "6": [411], "7": [409, 411], "8": [408, 409], "9": [408, 411], "10": [409, 411], "11": [410], "12": [408, 409, 410], "13": [409, 410], "14": [411], "15": [408, 410, 411], "16": [408, 411], "17": [408, 409, 410], "18": [410], "19": [408, 410], "20": [408], "21": [408, 409], "22": [409, 410, 411], "23": [408, 410], "24": [408, 409], "25": [409, 410, 411], "26": [408, 410, 411], "27": [410, 411], "28": [408], "29": [409, 410, 411], "30": [409, 410, 411], "31": [409], "32": [409, 410], "33": [408, 410, 411], "34": [408, 409, 410, 411], "35": [], "36": [409, 410, 411], "37": [408, 409, 411], "38": [408, 409, 410, 411], "39": [409, 411], "40": [408, 409], "41": [408, 409, 411], "42": [409, 410, 411], "43": [408, 410], "44": [408, 409, 411], "45": [408, 410], "46": [410, 411], "47": [410], "48": [410, 411], "49": [408], "50": [408, 409], "51": [408, 411], "52": [408, 409, 411], "53": [409, 410], "54": [411], "55": [408, 409], "56": [409], "57": [408, 409, 411], "58": [411], "59": [409, 410, 411], "60": [408, 410], "61": [], "62": [408, 409], "63": [410], "64": [408, 410], "65": [408, 409, 410], "66": [408, 410, 411], "67": [], "68": [409, 411], "69": [410, 411], "70": [408, 409], "71": [408, 409, 410], "72": [], "73": [], "74": [408, 410, 411], "75": [410, 411], "76": [408, 409], "77": [], "78": [408, 410], "79": [], "80": [409, 410, 411], "81": [408, 410, 411], "82": [409, 410, 411], "83": [408, 410], "84": [411], "85": [408, 410, 411], "86": [408, 409], "87": [408, 411], "88": [408, 409], "89": [408, 410], "90": [408, 409], "91": [409, 410, 411], "92": [408, 410, 411], "93": [408, 409, 410, 411], "94": [410], "95": [409, 411], "96": [408, 411], "97": [409, 410], "98": [409], "99": [408, 410, 411], "100": [], "101": [408, 409], "102": [411], "103": [410], "104": [408, 409, 410, 411], "105": [408, 409, 410], "106": [409, 410, 411], "107": [408, 409, 410, 411], "108": [408, 409, 410], "109": [408, 410, 411], "110": [408, 410, 411], "111": [410], "112": [408, 409, 411], "113": [408, 411], "114": [408, 409, 410, 411], "115": [409, 410], "116": [409, 411], "117": [411], "118": [408, 409],