{"frame_second": "1600", "pedestrian_list": [{"radius": 0.3, "out_group_a_strength": 12.5, "out_group_r_range": 2.0, "pedestrian_id": 168, "friend_zone": [143, 5, 117, 152, 138, 52, 58, 79, 129, 56, 140, 90, 75, 19, 151, 20, 174, 162, 87, 108, 43, 166, 85, 74, 6, 32, 81, 84, 27, 109, 64, 107, 65, 26, 111, 110, 124, 99, 102, 165, 67, 25, 83, 7, 104, 98, 34, 3, 172, 38, 150, 146, 54, 135, 15, 73, 76, 29, 12, 69, 122, 118, 156, 8, 96, 163, 30, 44, 167, 61, 35, 131, 71, 9, 134, 46, 155, 126, 94, 42, 164, 141, 62, 133, 2, 1], "target": [35.0, 25.0], "out_group_r_strength": 64.0, "target_a_strength": 22000000000, "in_group_r_strength": 40, "attractor_count": 86, "position": [-45.570086282780224, 29.248672404512707], "in_group_r_range": 2.0, "out_group_a_range": 2.8, "group_id": 0, "target_a_range": 435, "in_group_a_range": 2.8, "in_group_a_strength": 20}, {"radius": 0.3, "out_group_a_strength": 12.5, "out_group_r_range": 2.0, "pedestrian_id": 169, "friend_zone": [120, 56, 57, 61, 104, 84, 63, 158, 15, 87, 175, 48, 12, 79, 102, 82, 154, 129, 121, 67, 86, 22, 80, 146, 60, 96, 5, 157, 3, 139, 123, 39, 42, 75, 64, 59, 128, 149, 70, 152, 52, 74, 117, 54, 8, 143, 46, 1, 88, 124, 126, 25, 17, 85, 27, 116, 110, 68, 141, 145, 138, 36, 112, 167, 37, 38, 95, 125, 89, 73, 148, 131, 23, 94, 151, 99, 113, 69, 118, 119, 14, 91, 156, 107, 29, 150], "target": [35.0, 25.0], "out_group_r_strength": 64.0, "target_a_strength": 22000000000, "in_group_r_strength": 40, "attractor_count": 86, "position": [-61.80126403071643, 22.714329906152624], "in_group_r_range": 2.0, "out_group_a_range": 2.8, "group_id": 0, "target_a_range": 435, "in_group_a_range": 2.8, "in_group_a_strength": 20}, {"radius": 0.3, "out_group_a_strength": 12.5, "out_group_r_range": 2.0, "pedestrian_id": 170, "friend_zone": [134, 108, 53, 167, 2, 149, 139, 12, 57, 94, 56, 74, 46, 172, 144, 69, 75, 35, 26, 41, 106, 113, 60, 142, 86, 38, 140, 122, 91, 125, 165, 62, 89, 10, 49, 117, 88, 99, 17, 131, 127, 85, 64, 103, 18, 80, 7, 50, 143, 156, 84, 70, 120, 164, 22, 116, 29, 43, 72, 114, 4, 123, 111, 20, 150, 11, 148, 44, 3, 90, 93, 42, 151, 73, 173, 79, 162, 39, 40, 65, 78, 109, 133, 128, 130, 154], "target": [35.0, 25.0], "out_group_r_strength": 64.0, "target_a_strength": 22000000000, "in_group_r_strength": 40, "attractor_count": 86, "position": [-49.46177553408987, 35.73755829492967], "in_group_r_range": 2.0, "out_group_a_range": 2.8, "group_id": 1, "target_a_range": 435, "in_group_a_range": 2.8, "in_group_a_strength": 20}, {"radius": 0.3, "out_group_a_strength": 12.5, "out_group_r_range": 2.0, "pedestrian_id": 171, "friend_zone": [159, 139, 81, 108, 13, 38, 149, 50, 87, 144, 71, 106, 48, 40, 66, 95, 62, 117, 55, 147, 99, 43, 46, 104, 17, 135, 110, 172, 39, 25, 105, 83, 10, 141, 31, 86, 146, 137, 112, 78, 9, 88, 131, 90, 89, 47, 120, 32, 123, 98, 156, 143, 12, 35, 152, 22, 16, 80, 119, 93, 79, 129, 14, 164, 76, 118, 36, 19, 0, 133, 132, 166, 165, 60, 124, 167, 33, 97, 3, 73, 107, 8, 155, 153, 23, 150], "target": [35.0, 25.0], "out_group_r_strength": 64.0, "target_a_strength": 22000000000, "in_group_r_strength": 40, "attractor_count": 86, "position": [-59.209407169647264, 18.81727081529248], "in_group_r_range": 2.0, "out_group_a_range": 2.8, "group_id": 1, "target_a_range": 435, "in_group_a_range": 2.8, "in_group_a_strength": 20}], "additional_id_existed_ped": {"0": [169, 170, 171], "1": [169, 170, 171], "2": [170, 171], "3": [170, 171], "4": [], "5": [168, 169, 170], "6": [168, 170, 171], "7": [169, 171], "8": [168], "9": [168, 169, 170], "10": [168, 171], "11": [168, 169], "12": [], "13": [169, 170], "14": [168], "15": [171], "16": [169, 171], "17": [168, 169], "18": [168, 169, 170, 171], "19": [169], "20": [168], "21": [170], "22": [168, 169, 171], "23": [168, 170], "24": [], "25": [169], "26": [169, 170], "27": [170, 171], "28": [168, 170, 171], "29": [170], "30": [168, 169], "31": [169, 170, 171], "32": [171], "33": [168, 169, 170, 171], "34": [169], "35": [171], "36": [169, 170, 171], "37": [170], "38": [168, 170], "39": [171], "40": [168], "41": [169, 170], "42": [168, 170, 171], "43": [168, 169, 170], "44": [168, 169, 171], "45": [168], "46": [168, 169, 170], "47": [169, 170], "48": [168, 170], "49": [168, 169], "50": [169, 171], "51": [], "52": [168, 169, 171], "53": [168, 171], "54": [169, 171], "55": [168, 170, 171], "56": [170, 171], "57": [168, 170], "58": [168, 169, 170], "59": [171], "60": [169, 170, 171], "61": [168, 170], "62": [168, 169], "63": [168, 170, 171], "64": [168], "65": [168, 169, 171], "66": [168, 171], "67": [169, 170, 171], "68": [], "69": [168, 169], "70": [170, 171], "71": [169, 170, 171], "72": [169], "73": [169], "74": [170], "75": [171], "76": [169], "77": [168, 169, 171], "78": [169, 171], "79": [169, 170], "80": [168, 169, 171], "81": [168, 171], "82": [171], "83": [168, 169, 171], "84": [168, 169, 170, 171], "85": [171], "86": [168, 169, 170], "87": [170], "88": [168, 170], "89": [169, 170, 171], "90": [168, 169], "91": [168, 170, 171], "92": [169], "93": [169, 170, 171], "94": [169, 170], "95": [169], "96": [168, 170, 171], "97": [169, 171], "98": [168, 169, 171], "99": [168, 169], "100": [169], "101": [168, 169, 171], "102": [169], "103": [168, 170, 171], "104": [168, 170], "105": [170], "106": [168, 171], "107": [169, 171], "108": [168, 170, 171], "109": [], "110": [168, 169, 170], "111": [169, 171], "112": [168, 169, 170, 171], "113": [168, 169, 170], "114": [169, 170], "115": [168], "116": [168, 170, 171], "117": [168, 170, 171], "118": [171], "119": [], "120": [168, 170, 171], "121": [168], "122": [168, 170, 171], "123": [168, 169], "124": [170], "125": [171], "126": [168, 171], "127": [168, 169], "128": [168, 169, 170, 171], "129": [169, 170], "130": [169, 170], "131": [168, 171], "132": [170, 171], "133": [168, 170], "134": [169, 170], "135": [168, 171], "136": [168, 169, 170], "137": [168, 170, 171], "138": [169, 171], "139": [171], "140": [168], "141": [169, 171], "142": [168, 170, 171], "143": [168, 170], "144": [168, 169, 170, 171], "145": [170], "146": [169, 170, 171], "147": [168], "148": [168, 169], "149": [168], "150": [170, 171], "151": [168, 170, 171], "152": [169], "153": [168, 171], "154": [168, 169, 170, 171], "155": [168], "156": [169, 171], "157": [169], "158": [168, 170], "159": [170], "160": [168, 169, 170], "161": [169, 170, 171], "162": [169, 170], "163": [168, 170, 171], "164": [169, 170], "165": [169, 171], "166": [169, 171], "167": [], "172": [169, 170], "173": [168, 171], "174": [170, 171], "175": [170]}}