{"frame_second": "4700", "pedestrian_list": [{"radius": 0.3, "out_group_a_strength": 12.5, "out_group_r_range": 2.0, "pedestrian_id": 416, "friend_zone": [312, 36, 56, 143, 396, 145, 198, 162, 23, 25, 415, 387, 173, 365, 114, 199, 391, 172, 385, 247, 18, 44, 182, 206, 370, 101, 323, 167, 319, 197, 286, 287, 2, 139, 118, 238, 10, 324, 157, 295, 284, 116, 133, 380, 96, 202, 234, 217, 307, 208, 363, 280, 275, 196, 371, 411, 291, 263, 261, 76, 15, 401, 333, 336, 394, 200, 89, 347, 85, 159, 384, 160, 367, 127, 74, 390, 381, 277, 193, 267, 354, 395, 235, 185, 41, 239, 414, 178, 250, 42, 236, 3, 305, 372, 310, 112, 138, 302, 7, 187, 293, 6, 148, 12, 410, 54, 283, 232, 86, 359, 227, 109, 151, 268, 329, 122, 73, 153, 158, 400, 58, 243, 364, 30, 270, 251, 131, 241, 100, 341, 383, 31, 203, 150, 265, 343, 57, 119, 90, 228, 117, 95, 368, 262, 213, 192, 386, 313, 67, 409, 406, 294, 165, 20, 62, 357, 129, 360, 174, 337, 421, 218, 326, 327, 405, 274, 91, 264, 340, 29, 237, 1, 282, 266, 71, 422, 183, 32, 48, 11, 215, 111, 348, 190, 297, 244, 248, 194, 223, 272, 24, 278, 201, 408, 404, 103, 188, 259, 35, 155, 108, 379, 70, 245, 229, 177, 88, 412, 316, 83], "target": [35.0, 25.0], "out_group_r_strength": 64.0, "target_a_strength": 22000000000, "in_group_r_strength": 40, "attractor_count": 210, "position": [-57.9070145142236, 16.21909256999871], "in_group_r_range": 2.0, "out_group_a_range": 2.8, "group_id": 0, "target_a_range": 435, "in_group_a_range": 2.8, "in_group_a_strength": 20}, {"radius": 0.3, "out_group_a_strength": 12.5, "out_group_r_range": 2.0, "pedestrian_id": 417, "friend_zone": [98, 123, 353, 285, 411, 107, 181, 72, 277, 268, 343, 118, 46, 394, 340, 133, 200, 235, 288, 3, 67, 132, 99, 1, 403, 372, 217, 232, 368, 156, 349, 270, 266, 273, 83, 141, 188, 44, 198, 37, 160, 344, 82, 281, 371, 165, 225, 422, 361, 209, 330, 139, 191, 233, 221, 18, 205, 297, 79, 327, 279, 404, 34, 108, 201, 247, 307, 90, 385, 47, 308, 293, 306, 92, 171, 229, 138, 258, 100, 172, 409, 303, 104, 9, 399, 45, 8, 402, 378, 128, 116, 183, 38, 335, 369, 381, 196, 328, 39, 140, 5, 48, 109, 111, 144, 254, 26, 73, 220, 305, 387, 41, 352, 228, 43, 49, 284, 189, 295, 175, 42, 210, 393, 68, 63, 242, 24, 421, 187, 13, 373, 157, 257, 206, 193, 346, 84, 142, 167, 117, 315, 162, 29, 231, 383, 194, 260, 155, 337, 95, 374, 159, 65, 4, 192, 395, 286, 406, 113, 358, 410, 10, 356, 348, 269, 195, 143, 398, 310, 244, 85, 259, 216, 324, 166, 313, 212, 271, 219, 397, 334, 375, 161, 253, 120, 21, 97, 6, 16, 110, 214, 184, 125, 80, 147, 182, 203, 274, 176, 178, 336, 382, 405, 164, 333, 360, 121, 341, 236, 389], "target": [35.0, 25.0], "out_group_r_strength": 64.0, "target_a_strength": 22000000000, "in_group_r_strength": 40, "attractor_count": 210, "position": [-63.78281684590657, 22.07538455982364], "in_group_r_range": 2.0, "out_group_a_range": 2.8, "group_id": 0, "target_a_range": 435, "in_group_a_range": 2.8, "in_group_a_strength": 20}, {"radius": 0.3, "out_group_a_strength": 12.5, "out_group_r_range": 2.0, "pedestrian_id": 418, "friend_zone": [385, 372, 316, 276, 140, 214, 130, 141, 400, 273, 420, 221, 44, 250, 350, 63, 169, 146, 90, 24, 76, 45, 110, 302, 129, 123, 102, 213, 119, 209, 175, 388, 164, 405, 324, 245, 46, 396, 165, 65, 370, 384, 208, 231, 73, 10, 34, 314, 251, 188, 56, 218, 200, 81, 19, 285, 301, 83, 31, 375, 93, 49, 152, 267, 312, 120, 206, 116, 184, 376, 290, 203, 349, 371, 149, 415, 99, 29, 282, 369, 294, 182, 179, 112, 28, 328, 280, 103, 393, 138, 379, 365, 347, 403, 283, 42, 331, 58, 345, 409, 359, 33, 269, 353, 172, 167, 296, 356, 201, 52, 185, 287, 352, 261, 421, 399, 258, 327, 191, 32, 48, 97, 318, 223, 68, 279, 398, 148, 239, 21, 23, 161, 382, 14, 293, 171, 13, 122, 16, 150, 61, 298, 341, 414, 254, 192, 243, 303, 412, 153, 241, 100, 395, 25, 143, 329, 320, 281, 229, 366, 85, 53, 386, 113, 195, 390, 67, 391, 355, 381, 387, 401, 202, 55, 252, 211, 38, 389, 91, 180, 87, 128, 362, 86, 321, 159, 136, 227, 117, 8, 249, 75, 158, 64, 133, 397, 338, 310, 37, 162, 325, 156, 216, 77, 145, 121, 92, 54, 118, 210], "target": [35.0, 25.0], "out_group_r_strength": 64.0, "target_a_strength": 22000000000, "in_group_r_strength": 40, "attractor_count": 210, "position": [-65.71873705207284, 25.321319060199208], "in_group_r_range": 2.0, "out_group_a_range": 2.8, "group_id": 1, "target_a_range": 435, "in_group_a_range": 2.8, "in_group_a_strength": 20}, {"radius": 0.3, "out_group_a_strength": 12.5, "out_group_r_range": 2.0, "pedestrian_id": 419, "friend_zone": [153, 226, 0, 175, 259, 219, 390, 5, 187, 233, 29, 280, 277, 373, 143, 89, 292, 171, 207, 310, 152, 337, 51, 262, 394, 200, 79, 161, 78, 298, 54, 106, 126, 94, 121, 318, 39, 402, 157, 329, 237, 93, 397, 362, 142, 345, 235, 167, 140, 255, 1, 165, 116, 52, 290, 276, 254, 365, 35, 75, 421, 84, 58, 343, 398, 403, 38, 349, 420, 266, 204, 265, 224, 49, 336, 364, 324, 61, 303, 141, 212, 241, 115, 7, 370, 256, 247, 202, 47, 248, 322, 62, 422, 315, 170, 353, 59, 401, 148, 109, 382, 73, 268, 283, 267, 396, 124, 128, 10, 341, 25, 193, 361, 271, 37, 55, 197, 385, 380, 149, 350, 413, 88, 131, 392, 14, 286, 234, 297, 133, 243, 287, 210, 9, 16, 246, 169, 242, 118, 77, 295, 354, 82, 132, 63, 136, 65, 11, 95, 304, 184, 117, 83, 156, 366, 346, 325, 69, 22, 400, 155, 314, 358, 384, 120, 331, 339, 70, 15, 99, 64, 404, 261, 192, 8, 208, 203, 66, 363, 215, 92, 46, 186, 101, 278, 96, 137, 28, 316, 130, 249, 372, 340, 294, 57, 23, 134, 50, 19, 320, 288, 386, 245, 251, 150, 218, 111, 158, 378, 162], "target": [35.0, 25.0], "out_group_r_strength": 64.0, "target_a_strength": 22000000000, "in_group_r_strength": 40, "attractor_count": 210, "position": [-61.16750854551354, 13.64024014392213], "in_group_r_range": 2.0, "out_group_a_range": 2.8, "group_id": 1, "target_a_range": 435, "in_group_a_range": 2.8, "in_group_a_strength": 20}], "additional_id_existed_ped": {"0": [418], "1": [416, 418], "2": [416, 417, 418, 419], "3": [416, 417], "4": [416, 417], "5": [416, 419], "6": [418], "7": [416, 417, 418, 419], "8": [], "9": [], "10": [417, 419], "11": [419], "12": [417], "13": [418, 419], "14": [416, 417, 418, 419], "15": [417, 419], "16": [416, 417, 418, 419], "17": [416, 419], "18": [416], "19": [417, 418], "20": [], "21": [418], "22": [416, 417], "23": [417], "24": [417], "25": [416, 417, 419], "26": [416, 418, 419], "27": [417, 418], "28": [416], "29": [416, 417, 418, 419], "30": [417], "31": [418], "32": [417, 419], "33": [416, 417, 419], "34": [416, 417, 418, 419], "35": [416, 419], "36": [416, 418], "37": [416, 417], "38": [416, 417, 419], "39": [417, 418], "40": [416, 418], "41": [416, 418], "42": [416, 417], "43": [416], "44": [419], "45": [416, 417, 418], "46": [416, 418], "47": [418], "48": [417], "49": [419], "50": [416], "51": [416, 417, 418, 419], "52": [417], "53": [416, 417, 418], "54": [417, 418, 419], "55": [416, 418, 419], "56": [416, 419], "57": [417, 418], "58": [], "59": [418], "60": [416, 419], "61": [416], "62": [416, 418, 419], "63": [416, 417], "64": [417, 419], "65": [], "66": [416, 417, 418, 419], "67": [416, 417], "68": [416, 417, 419], "69": [416, 417, 418], "70": [416, 418], "71": [419], "72": [417, 419], "73": [416, 418], "74": [416, 418, 419], "75": [416, 417], "76": [416, 417, 418], "77": [416], "78": [418, 419], "79": [416, 417, 418], "80": [416, 417, 419], "81": [417, 418], "82": [416, 417, 418, 419], "83": [416, 417, 418], "84": [419], "85": [416, 417, 419], "86": [418, 419], "87": [418, 419], "88": [418, 419], "89": [416, 417, 418], "90": [416, 417, 419], "91": [416], "92": [417, 418, 419], "93": [418, 419], "94": [416, 417, 418, 419], "95": [416, 418, 419], "96": [416, 419], "97": [418, 419], "98": [417, 419], "99": [416], "100": [418], "101": [417, 419], "102": [417, 419], "103": [], "104": [416, 418], "105": [417, 418], "106": [417, 418], "107": [416, 417, 418], "108": [416, 418], "109": [416, 419], "110": [416, 417, 419], "111": [416, 417], "112": [417], "113": [416, 418, 419], "114": [416, 417, 418], "115": [416, 417, 418, 419], "116": [416],