{"frame_second": "3100", "pedestrian_list": [{"radius": 0.3, "out_group_a_strength": 12.5, "out_group_r_range": 2.0, "pedestrian_id": 288, "friend_zone": [193, 277, 24, 236, 126, 47, 120, 12, 18, 92, 118, 90, 43, 73, 53, 124, 44, 116, 93, 54, 65, 128, 176, 135, 84, 177, 180, 285, 159, 52, 106, 258, 8, 199, 107, 45, 134, 184, 261, 3, 192, 207, 42, 38, 129, 165, 102, 132, 197, 104, 153, 130, 23, 222, 123, 276, 30, 265, 229, 6, 144, 214, 57, 272, 37, 231, 237, 172, 215, 293, 20, 21, 78, 273, 59, 164, 263, 51, 287, 211, 181, 216, 79, 19, 10, 284, 166, 108, 186, 149, 105, 220, 205, 242, 200, 260, 68, 279, 141, 221, 155, 122, 32, 7, 27, 112, 83, 99, 283, 125, 115, 111, 139, 136, 133, 119, 178, 217, 253, 173, 63, 160, 240, 152, 110, 182, 4, 81, 97, 29, 142, 150, 202, 243, 204, 203, 91, 16, 191, 39, 138, 11, 69, 248, 35, 158], "target": [35.0, 25.0], "out_group_r_strength": 64.0, "target_a_strength": 22000000000, "in_group_r_strength": 40, "attractor_count": 146, "position": [-56.62282046035106, 20.1115595275036], "in_group_r_range": 2.0, "out_group_a_range": 2.8, "group_id": 0, "target_a_range": 435, "in_group_a_range": 2.8, "in_group_a_strength": 20}, {"radius": 0.3, "out_group_a_strength": 12.5, "out_group_r_range": 2.0, "pedestrian_id": 289, "friend_zone": [134, 40, 247, 79, 86, 273, 146, 250, 90, 118, 147, 114, 211, 22, 275, 241, 154, 157, 111, 31, 286, 36, 72, 283, 58, 214, 205, 77, 67, 219, 204, 203, 277, 96, 73, 221, 7, 263, 242, 270, 19, 121, 41, 224, 44, 171, 95, 80, 237, 103, 64, 287, 55, 43, 144, 27, 175, 228, 100, 188, 208, 8, 131, 3, 276, 238, 260, 140, 128, 156, 259, 112, 113, 11, 216, 266, 252, 159, 274, 218, 127, 231, 165, 63, 104, 160, 124, 110, 272, 78, 285, 89, 197, 37, 245, 191, 166, 162, 74, 229, 21, 81, 117, 184, 176, 172, 210, 256, 1, 207, 26, 280, 59, 258, 193, 257, 54, 292, 65, 136, 17, 39, 133, 125, 217, 240, 75, 4, 33, 185, 186, 70, 14, 91, 174, 163, 261, 16, 179, 183, 168, 69, 42, 264, 182, 213], "target": [35.0, 25.0], "out_group_r_strength": 64.0, "target_a_strength": 22000000000, "in_group_r_strength": 40, "attractor_count": 146, "position": [-52.05845498108065, 16.88169008839899], "in_group_r_range": 2.0, "out_group_a_range": 2.8, "group_id": 0, "target_a_range": 435, "in_group_a_range": 2.8, "in_group_a_strength": 20}, {"radius": 0.3, "out_group_a_strength": 12.5, "out_group_r_range": 2.0, "pedestrian_id": 290, "friend_zone": [271, 129, 18, 71, 255, 122, 225, 274, 173, 213, 60, 83, 7, 98, 235, 145, 65, 125, 13, 220, 15, 88, 55, 165, 6, 101, 257, 194, 187, 229, 254, 47, 33, 264, 180, 181, 216, 45, 262, 226, 54, 158, 121, 186, 205, 231, 161, 81, 265, 251, 146, 78, 195, 48, 135, 285, 106, 162, 5, 26, 268, 123, 50, 10, 112, 32, 58, 281, 57, 294, 202, 117, 140, 258, 247, 102, 292, 8, 14, 108, 196, 177, 139, 245, 147, 190, 25, 248, 249, 184, 93, 148, 203, 260, 91, 104, 17, 183, 218, 80, 241, 237, 64, 42, 31, 214, 244, 234, 191, 252, 166, 12, 283, 35, 95, 228, 142, 79, 163, 29, 150, 115, 124, 149, 89, 39, 110, 182, 221, 130, 240, 0, 246, 63, 273, 137, 286, 277, 164, 127, 85, 105, 92, 209, 160, 34], "target": [35.0, 25.0], "out_group_r_strength": 64.0, "target_a_strength": 22000000000, "in_group_r_strength": 40, "attractor_count": 146, "position": [-54.69420847884547, 33.76659953409406], "in_group_r_range": 2.0, "out_group_a_range": 2.8, "group_id": 1, "target_a_range": 435, "in_group_a_range": 2.8, "in_group_a_strength": 20}, {"radius": 0.3, "out_group_a_strength": 12.5, "out_group_r_range": 2.0, "pedestrian_id": 291, "friend_zone": [149, 211, 96, 136, 93, 270, 272, 191, 0, 81, 42, 153, 172, 123, 105, 139, 161, 231, 125, 115, 44, 144, 198, 282, 134, 106, 220, 186, 45, 31, 247, 190, 188, 76, 230, 204, 250, 131, 30, 156, 122, 200, 18, 56, 49, 58, 175, 65, 50, 79, 100, 218, 292, 205, 154, 88, 285, 264, 83, 224, 240, 38, 5, 78, 111, 278, 20, 135, 109, 212, 129, 10, 26, 27, 266, 236, 274, 294, 72, 195, 60, 280, 255, 227, 226, 165, 11, 181, 138, 112, 232, 217, 176, 239, 146, 167, 91, 221, 47, 141, 75, 84, 166, 22, 262, 201, 67, 143, 142, 155, 37, 41, 12, 173, 252, 248, 206, 148, 104, 151, 246, 193, 157, 73, 286, 182, 6, 64, 183, 29, 90, 99, 92, 102, 14, 119, 225, 258, 98, 178, 210, 114, 68, 243, 269, 16], "target": [35.0, 25.0], "out_group_r_strength": 64.0, "target_a_strength": 22000000000, "in_group_r_strength": 40, "attractor_count": 146, "position": [-57.908371122262444, 35.722112608842814], "in_group_r_range": 2.0, "out_group_a_range": 2.8, "group_id": 1, "target_a_range": 435, "in_group_a_range": 2.8, "in_group_a_strength": 20}], "additional_id_existed_ped": {"0": [289], "1": [289, 291], "2": [288, 290, 291], "3": [288], "4": [291], "5": [288, 289, 291], "6": [290], "7": [288, 289, 291], "8": [289, 291], "9": [288, 290], "10": [], "11": [289, 290], "12": [288, 289, 290], "13": [289, 290, 291], "14": [288, 291], "15": [288, 289, 290], "16": [289, 290, 291], "17": [290, 291], "18": [289, 291], "19": [288, 289, 290, 291], "20": [288, 291], "21": [290, 291], "22": [289, 291], "23": [288, 290, 291], "24": [289, 291], "25": [289, 290], "26": [290], "27": [290], "28": [289, 290, 291], "29": [288, 289, 291], "30": [288, 289, 290], "31": [288, 289, 290], "32": [288, 289, 291], "33": [288, 289, 290, 291], "34": [288, 290], "35": [], "36": [288, 291], "37": [289, 290], "38": [], "39": [289, 290], "40": [289, 290], "41": [288, 289], "42": [288, 289, 290, 291], "43": [288, 289, 290], "44": [288, 289, 290], "45": [288, 289], "46": [288, 290, 291], "47": [288, 290, 291], "48": [288], "49": [290], "50": [291], "51": [289, 290], "52": [291], "53": [288, 290], "54": [291], "55": [288, 291], "56": [290], "57": [289], "58": [288, 291], "59": [288, 289, 291], "60": [288, 289], "61": [290, 291], "62": [288, 290, 291], "63": [288, 289], "64": [288, 290], "65": [289, 291], "66": [288], "67": [289, 290], "68": [289, 290], "69": [289, 290, 291], "70": [288, 290, 291], "71": [289, 290], "72": [], "73": [291], "74": [289, 291], "75": [288, 289], "76": [291], "77": [289], "78": [288], "79": [288, 289, 290, 291], "80": [290], "81": [289, 290, 291], "82": [288], "83": [], "84": [289], "85": [288, 289], "86": [289], "87": [288, 289], "88": [288, 289, 291], "89": [289], "90": [290, 291], "91": [288, 289, 290], "92": [288, 289, 291], "93": [289, 290, 291], "94": [288, 290], "95": [288, 289, 290, 291], "96": [289, 290, 291], "97": [291], "98": [289, 290], "99": [290], "100": [290], "101": [290], "102": [288, 290, 291], "103": [288, 289, 290], "104": [290, 291], "105": [288, 290, 291], "106": [288, 290], "107": [289, 291], "108": [289], "109": [290], "110": [289, 290], "111": [288, 290, 291], "112": [290, 291], "113": [290], "114": [288, 289, 291], "115": [289, 290], "116": [288], "117": [289, 290], "118": [290], "119": [290], "120": [], "121": [288, 291], "122": [289, 291], "123": [288, 291], "124": [288, 289, 290], "125": [288, 289], "126": [288, 289, 290, 291], "127": [289], "128": [], "129": [291], "130": [288, 289, 290, 291], "131": [288, 289, 290, 291], "132": [289, 290, 291], "133": [288, 289, 291], "134": [289, 290], "135": [290], "136": [289, 291], "137": [288, 289, 291], "138": [289, 290, 291], "139": [290], "140": [289], "141": [288, 290], "142": [288], "143": [289, 290], "144": [288, 291], "145": [288, 289, 290, 291], "146": [288, 290], "147": [289, 291], "148": [289, 290], "149": [288, 291], "150": [288, 291], "151": [288, 289, 290, 291], "152": [288, 289, 290, 291], "153": [291], "154": [288, 289, 290, 291], "155": [289, 290], "156": [288], "157": [], "158": [288], "159": [288, 291], "160": [288, 290], "161": [], "162": [288, 291], "163": [290], "164": [289, 291], "165": [291], "166": [288, 289, 291], "167": [288, 289, 291], "168": [290, 291], "169": [289, 291], "170": [288, 291], "171": [288, 289, 291], "172": [], "173": [288, 289, 290], "174": [290], "175": [288, 289], "176": [289], "177": [288, 289, 291], "178": [289, 290], "179": [291], "180": [288, 289], "181": [290], "182": [], "183": [288, 290], "184": [288, 290], "185": [],