{"frame_second": "1100", "pedestrian_list": [{"radius": 0.3, "out_group_a_strength": 12.5, "out_group_r_range": 2.0, "pedestrian_id": 132, "friend_zone": [11, 48, 28, 44, 36, 64, 37, 1, 27, 6, 54, 129, 33, 76, 51, 17, 119, 69, 55, 34, 24, 77, 122, 50, 82, 131, 127, 4, 9, 61, 68, 93, 126, 109, 73, 23, 49, 32, 124, 19, 45, 57, 14, 112, 83, 87, 16, 0, 80, 90, 101, 111, 25, 38, 56, 2, 21, 108, 85, 3, 103, 107, 59, 39, 47, 91], "target": [35.0, 25.0], "out_group_r_strength": 64.0, "target_a_strength": 22000000000, "in_group_r_strength": 40, "attractor_count": 66, "position": [122.73009992806126, 14.289782937185745], "in_group_r_range": 2.0, "out_group_a_range": 2.8, "group_id": 0, "target_a_range": 435, "in_group_a_range": 2.8, "in_group_a_strength": 20}, {"radius": 0.3, "out_group_a_strength": 12.5, "out_group_r_range": 2.0, "pedestrian_id": 133, "friend_zone": [45, 115, 73, 84, 39, 77, 118, 103, 92, 79, 17, 83, 66, 4, 29, 100, 121, 76, 57, 81, 50, 110, 90, 113, 117, 120, 74, 21, 69, 9, 105, 93, 52, 35, 37, 47, 116, 106, 11, 97, 27, 14, 72, 53, 62, 65, 42, 114, 54, 108, 67, 119, 60, 5, 30, 56, 96, 3, 44, 46, 38, 32, 63, 87, 41, 91], "target": [35.0, 25.0], "out_group_r_strength": 64.0, "target_a_strength": 22000000000, "in_group_r_strength": 40, "attractor_count": 66, "position": [124.6557108231744, 35.70146895156276], "in_group_r_range": 2.0, "out_group_a_range": 2.8, "group_id": 0, "target_a_range": 435, "in_group_a_range": 2.8, "in_group_a_strength": 20}, {"radius": 0.3, "out_group_a_strength": 12.5, "out_group_r_range": 2.0, "pedestrian_id": 134, "friend_zone": [18, 1, 62, 15, 38, 19, 88, 107, 113, 100, 54, 129, 128, 27, 17, 104, 45, 48, 81, 44, 32, 46, 69, 111, 112, 6, 11, 82, 97, 109, 9, 4, 76, 77, 105, 71, 64, 52, 122, 68, 41, 119, 124, 93, 94, 130, 101, 56, 61, 117, 53, 114, 16, 89, 98, 91, 8, 99, 80, 115, 20, 131, 47, 40, 65, 14], "target": [35.0, 25.0], "out_group_r_strength": 64.0, "target_a_strength": 22000000000, "in_group_r_strength": 40, "attractor_count": 66, "position": [111.6843824395792, 31.802674419328948], "in_group_r_range": 2.0, "out_group_a_range": 2.8, "group_id": 1, "target_a_range": 435, "in_group_a_range": 2.8, "in_group_a_strength": 20}, {"radius": 0.3, "out_group_a_strength": 12.5, "out_group_r_range": 2.0, "pedestrian_id": 135, "friend_zone": [69, 112, 4, 1, 116, 42, 19, 24, 31, 76, 111, 79, 114, 99, 48, 6, 33, 28, 30, 100, 29, 26, 34, 53, 93, 83, 32, 61, 68, 115, 74, 11, 97, 91, 55, 56, 50, 23, 9, 80, 8, 110, 117, 37, 17, 2, 47, 39, 27, 84, 5, 121, 95, 57, 10, 131, 101, 0, 13, 25, 44, 82, 108, 120, 81, 18], "target": [35.0, 25.0], "out_group_r_strength": 64.0, "target_a_strength": 22000000000, "in_group_r_strength": 40, "attractor_count": 66, "position": [119.45229685664734, 31.8169373402123], "in_group_r_range": 2.0, "out_group_a_range": 2.8, "group_id": 1, "target_a_range": 435, "in_group_a_range": 2.8, "in_group_a_strength": 20}], "additional_id_existed_ped": {"0": [133, 135], "1": [132, 133], "2": [134, 135], "3": [132, 134, 135], "4": [132, 134], "5": [132, 133, 135], "6": [134], "7": [133, 134], "8": [133, 134], "9": [132, 133, 135], "10": [134], "11": [134, 135], "12": [134], "13": [133, 134, 135], "14": [132, 133], "15": [132, 134, 135], "16": [133, 135], "17": [133], "18": [132, 133, 135], "19": [132, 133], "20": [133, 134, 135], "21": [132, 135], "22": [133, 134, 135], "23": [134], "24": [132, 133, 135], "25": [133, 134, 135], "26": [133, 135], "27": [134], "28": [132, 133], "29": [132, 133], "30": [], "31": [132, 133, 134], "32": [132, 133, 134, 135], "33": [132, 134, 135], "34": [135], "35": [134], "36": [133, 135], "37": [133, 134], "38": [132], "39": [135], "40": [132], "41": [132, 134], "42": [132, 133], "43": [132, 134], "44": [132, 133], "45": [132, 133, 134], "46": [133, 134, 135], "47": [132, 135], "48": [132, 133], "49": [134, 135], "50": [132, 134, 135], "51": [132], "52": [132, 133, 135], "53": [], "54": [132, 135], "55": [], "56": [132, 134, 135], "57": [132, 134, 135], "58": [132, 133, 135], "59": [133], "60": [133, 135], "61": [], "62": [132, 134], "63": [134], "64": [134], "65": [133, 134, 135], "66": [133, 134, 135], "67": [134], "68": [133], "69": [132, 133], "70": [133, 135], "71": [132, 135], "72": [], "73": [132, 134, 135], "74": [135], "75": [133, 135], "76": [132, 133], "77": [132, 133, 134], "78": [135], "79": [132], "80": [133], "81": [133, 134], "82": [132, 134], "83": [133, 134, 135], "84": [134, 135], "85": [132, 135], "86": [132, 135], "87": [134, 135], "88": [135], "89": [132, 133], "90": [133, 134], "91": [134, 135], "92": [133, 134], "93": [133], "94": [132, 133], "95": [132, 133, 135], "96": [132, 134], "97": [], "98": [133, 134], "99": [135], "100": [], "101": [132, 135], "102": [132, 133, 134], "103": [134], "104": [134, 135], "105": [132], "106": [132, 133, 134, 135], "107": [132, 133, 134], "108": [132, 134], "109": [132, 135], "110": [133, 134, 135], "111": [132, 133, 134, 135], "112": [134], "113": [133, 134], "114": [132], "115": [132, 134, 135], "116": [133, 135], "117": [132, 133, 134, 135], "118": [133, 134], "119": [133, 134], "120": [132, 133, 134, 135], "121": [132, 133, 135], "122": [132, 133, 135], "123": [132], "124": [133, 134, 135], "125": [132], "126": [132, 134, 135], "127": [135], "128": [132, 133, 135], "129": [132, 134], "130": [133, 135], "131": [132, 134, 135]}}