{"frame_second": "4000", "pedestrian_list": [{"radius": 0.3, "out_group_a_strength": 12.5, "out_group_r_range": 2.0, "pedestrian_id": 364, "friend_zone": [189, 241, 102, 356, 237, 167, 233, 215, 289, 25, 122, 105, 83, 163, 337, 190, 342, 94, 88, 293, 321, 17, 272, 274, 283, 331, 311, 234, 285, 61, 32, 202, 207, 130, 305, 320, 330, 284, 251, 65, 24, 112, 355, 106, 358, 188, 28, 30, 19, 72, 279, 206, 171, 164, 247, 258, 340, 152, 135, 143, 198, 22, 214, 317, 245, 58, 137, 145, 256, 51, 6, 226, 350, 184, 174, 313, 35, 194, 203, 59, 67, 308, 54, 303, 318, 200, 8, 113, 312, 222, 81, 322, 298, 104, 119, 357, 338, 144, 134, 257, 232, 166, 300, 362, 129, 148, 136, 74, 205, 108, 158, 219, 295, 255, 265, 328, 290, 310, 78, 161, 199, 192, 276, 204, 127, 242, 275, 170, 333, 302, 156, 181, 55, 316, 196, 266, 5, 315, 270, 173, 141, 307, 329, 121, 286, 261, 96, 60, 182, 111, 282, 3, 287, 191, 259, 326, 45, 278, 11, 29, 177, 301, 47, 183, 21, 294, 79, 76, 64, 363, 50, 16, 343, 70, 179, 323, 80, 231, 23, 208, 131, 341], "target": [35.0, 25.0], "out_group_r_strength": 64.0, "target_a_strength": 22000000000, "in_group_r_strength": 40, "attractor_count": 182, "position": [138.9886082724746, 24.69664836172457], "in_group_r_range": 2.0, "out_group_a_range": 2.8, "group_id": 0, "target_a_range": 435, "in_group_a_range": 2.8, "in_group_a_strength": 20}, {"radius": 0.3, "out_group_a_strength": 12.5, "out_group_r_range": 2.0, "pedestrian_id": 365, "friend_zone": [266, 361, 280, 197, 60, 128, 146, 218, 349, 220, 241, 226, 263, 85, 200, 274, 194, 264, 308, 153, 162, 328, 96, 221, 292, 269, 100, 160, 30, 13, 178, 193, 275, 270, 232, 290, 5, 116, 87, 10, 282, 341, 22, 296, 137, 145, 310, 112, 136, 14, 75, 213, 217, 27, 97, 246, 35, 28, 224, 351, 152, 309, 189, 59, 227, 1, 92, 144, 73, 88, 333, 7, 46, 230, 117, 347, 219, 99, 278, 36, 179, 284, 21, 76, 15, 306, 198, 52, 343, 279, 209, 311, 324, 171, 129, 180, 244, 286, 212, 16, 216, 114, 186, 348, 265, 271, 297, 315, 235, 173, 77, 359, 32, 131, 298, 124, 66, 320, 123, 214, 350, 262, 98, 47, 358, 102, 78, 302, 148, 344, 106, 248, 181, 110, 19, 43, 113, 150, 356, 105, 257, 360, 190, 151, 119, 215, 210, 40, 33, 206, 172, 63, 133, 291, 12, 132, 49, 295, 318, 38, 345, 253, 281, 236, 313, 54, 107, 41, 330, 287, 203, 184, 61, 207, 169, 188, 65, 177, 322, 90, 68, 161], "target": [35.0, 25.0], "out_group_r_strength": 64.0, "target_a_strength": 22000000000, "in_group_r_strength": 40, "attractor_count": 182, "position": [129.8774606404055, 28.575550451281217], "in_group_r_range": 2.0, "out_group_a_range": 2.8, "group_id": 0, "target_a_range": 435, "in_group_a_range": 2.8, "in_group_a_strength": 20}, {"radius": 0.3, "out_group_a_strength": 12.5, "out_group_r_range": 2.0, "pedestrian_id": 366, "friend_zone": [156, 158, 209, 127, 74, 318, 78, 296, 21, 54, 345, 84, 257, 291, 109, 265, 278, 148, 177, 207, 55, 18, 199, 363, 140, 113, 217, 41, 149, 134, 66, 115, 194, 263, 310, 92, 273, 169, 86, 222, 261, 153, 125, 143, 3, 327, 350, 160, 195, 6, 355, 218, 75, 88, 305, 170, 187, 284, 244, 175, 120, 69, 290, 339, 304, 239, 27, 352, 15, 38, 50, 357, 36, 280, 237, 179, 167, 90, 236, 262, 328, 330, 192, 63, 7, 356, 359, 32, 322, 287, 101, 221, 184, 67, 161, 80, 334, 151, 97, 360, 81, 242, 324, 201, 245, 232, 0, 83, 196, 235, 29, 276, 202, 94, 186, 243, 155, 2, 152, 8, 268, 136, 70, 225, 226, 358, 126, 137, 331, 248, 250, 255, 351, 341, 37, 289, 95, 264, 91, 293, 269, 100, 336, 1, 253, 252, 260, 347, 99, 312, 23, 307, 62, 20, 43, 230, 335, 271, 189, 210, 281, 135, 34, 229, 102, 279, 26, 212, 132, 145, 114, 117, 124, 72, 19, 4, 251, 241, 163, 51, 259, 107], "target": [35.0, 25.0], "out_group_r_strength": 64.0, "target_a_strength": 22000000000, "in_group_r_strength": 40, "attractor_count": 182, "position": [116.86765615320289, 23.357024524811912], "in_group_r_range": 2.0, "out_group_a_range": 2.8, "group_id": 1, "target_a_range": 435, "in_group_a_range": 2.8, "in_group_a_strength": 20}, {"radius": 0.3, "out_group_a_strength": 12.5, "out_group_r_range": 2.0, "pedestrian_id": 367, "friend_zone": [333, 190, 338, 290, 55, 188, 170, 332, 300, 21, 206, 148, 116, 183, 262, 25, 125, 62, 15, 78, 18, 40, 95, 138, 6, 154, 50, 176, 185, 112, 23, 202, 270, 263, 2, 53, 325, 233, 130, 234, 229, 58, 7, 177, 45, 313, 286, 75, 310, 272, 251, 165, 217, 10, 346, 36, 59, 88, 241, 253, 344, 74, 219, 354, 181, 60, 33, 279, 142, 17, 139, 304, 320, 156, 316, 196, 294, 46, 231, 31, 8, 11, 39, 218, 309, 166, 247, 143, 246, 67, 193, 114, 298, 303, 146, 207, 236, 321, 162, 352, 200, 214, 254, 97, 198, 43, 260, 124, 9, 213, 77, 103, 122, 52, 244, 341, 340, 182, 212, 335, 211, 65, 47, 281, 56, 70, 30, 123, 126, 305, 296, 350, 330, 329, 227, 91, 301, 81, 24, 242, 282, 89, 93, 258, 57, 96, 144, 308, 186, 3, 351, 28, 19, 22, 105, 90, 111, 113, 295, 230, 243, 178, 83, 173, 336, 275, 151, 104, 180, 348, 27, 228, 171, 37, 306, 157, 175, 312, 145, 134, 34, 250], "target": [35.0, 25.0], "out_group_r_strength": 64.0, "target_a_strength": 22000000000, "in_group_r_strength": 40, "attractor_count": 182, "position": [117.534019098288, 14.28593391151631], "in_group_r_range": 2.0, "out_group_a_range": 2.8, "group_id": 1, "target_a_range": 435, "in_group_a_range": 2.8, "in_group_a_strength": 20}], "additional_id_existed_ped": {"0": [], "1": [365, 367], "2": [364, 365], "3": [367], "4": [366], "5": [364, 365, 367], "6": [364, 365, 366, 367], "7": [364, 365, 366, 367], "8": [364, 366, 367], "9": [366], "10": [364], "11": [364, 366, 367], "12": [364, 366, 367], "13": [364, 365, 366, 367], "14": [366, 367], "15": [366, 367], "16": [365, 366, 367], "17": [367], "18": [], "19": [364, 367], "20": [367], "21": [364], "22": [365], "23": [365], "24": [364, 365, 367], "25": [364, 367], "26": [366, 367], "27": [364, 365, 366], "28": [365, 367], "29": [364, 365, 367], "30": [364, 365, 366, 367], "31": [365], "32": [365], "33": [364, 367], "34": [], "35": [], "36": [364, 365, 366], "37": [365, 366, 367], "38": [364], "39": [365], "40": [365, 366], "41": [366, 367], "42": [366, 367], "43": [365, 366], "44": [366], "45": [365], "46": [365, 366], "47": [364, 365, 367], "48": [364, 365, 367], "49": [365, 366], "50": [], "51": [364, 365, 366], "52": [366], "53": [], "54": [364, 366], "55": [364, 365, 366, 367], "56": [364, 366], "57": [366, 367], "58": [366, 367], "59": [366, 367], "60": [364, 367], "61": [364, 366, 367], "62": [365], "63": [], "64": [364, 366, 367], "65": [367], "66": [364, 365, 366], "67": [366, 367], "68": [364, 365], "69": [364, 367], "70": [], "71": [366], "72": [365, 366, 367], "73": [367], "74": [366, 367], "75": [364, 366, 367], "76": [364, 365, 366, 367], "77": [366], "78": [364], "79": [364, 365], "80": [365, 367], "81": [364, 365, 366, 367], "82": [364, 365], "83": [364, 367], "84": [366], "85": [367], "86": [364, 365, 366], "87": [364, 365, 366], "88": [366, 367], "89": [364, 365, 366, 367], "90": [364, 366, 367], "91": [365], "92": [364, 365], "93": [365, 366, 367], "94": [365, 366], "95": [], "96": [364, 367], "97": [364, 366], "98": [365, 366], "99": [365], "100": [364, 367], "101": [364, 366], "102": [], "103": [365, 366], "104": [], "105": [364, 366], "106": [365, 367], "107": [366, 367], "108": [364, 366, 367], "109": [364, 366], "110": [364, 366], "111": [364, 365, 366], "112": [364, 366, 367], "113": [365], "114": [366], "115": [364, 366, 367], "116": [364], "117": [364, 365], "118": [365, 367], "119": [364, 365, 366, 367], "120": [364, 365, 367], "121": [365, 366, 367], "122": [364, 367], "123": [366], "124": [364, 366], "125": [364, 366, 367], "126": [364, 365], "127": [365, 367], "128": [365, 367], "129": [364, 366, 367], "130": [364, 365, 366], "131": [365, 367], "132": [366], "133": [366, 367], "134": [364, 365, 366, 367], "135": [366], "136": [364, 365, 366], "137": [364, 365], "138": [364], "139": [365, 366], "140": [364, 366, 367], "141": [364, 366], "142": [365, 366], "143": [365], "144": [364, 365, 366], "145": [364, 365, 366, 367], "146": [366], "147": [364, 365, 366, 367],