{"frame_second": "0", "pedestrian_list": [{"radius": 0.3, "out_group_a_strength": 12.5, "out_group_r_range": 2.0, "pedestrian_id": 44, "friend_zone": [32, 11, 0, 22, 10, 6, 2, 42, 25, 23, 8, 16, 28, 19, 31, 21, 20, 39, 24, 14, 37, 34], "target": [35.0, 25.0], "out_group_r_strength": 64.0, "target_a_strength": 22000000000, "in_group_r_strength": 40, "attractor_count": 22, "position": [112.34348183013961, 33.78564108866673], "in_group_r_range": 2.0, "out_group_a_range": 2.8, "group_id": 0, "target_a_range": 435, "in_group_a_range": 2.8, "in_group_a_strength": 20}, {"radius": 0.3, "out_group_a_strength": 12.5, "out_group_r_range": 2.0, "pedestrian_id": 45, "friend_zone": [14, 19, 25, 30, 15, 3, 9, 39, 35, 36, 13, 37, 29, 1, 43, 12, 42, 23, 22, 33, 21, 41], "target": [35.0, 25.0], "out_group_r_strength": 64.0, "target_a_strength": 22000000000, "in_group_r_strength": 40, "attractor_count": 22, "position": [132.4949194701752, 34.44402453951003], "in_group_r_range": 2.0, "out_group_a_range": 2.8, "group_id": 0, "target_a_range": 435, "in_group_a_range": 2.8, "in_group_a_strength": 20}, {"radius": 0.3, "out_group_a_strength": 12.5, "out_group_r_range": 2.0, "pedestrian_id": 46, "friend_zone": [11, 41, 12, 22, 9, 8, 21, 37, 7, 39, 16, 4, 26, 43, 19, 30, 33, 29, 24, 23, 36, 28], "target": [35.0, 25.0], "out_group_r_strength": 64.0, "target_a_strength": 22000000000, "in_group_r_strength": 40, "attractor_count": 22, "position": [111.00428445872085, 13.64103629322684], "in_group_r_range": 2.0, "out_group_a_range": 2.8, "group_id": 1, "target_a_range": 435, "in_group_a_range": 2.8, "in_group_a_strength": 20}, {"radius": 0.3, "out_group_a_strength": 12.5, "out_group_r_range": 2.0, "pedestrian_id": 47, "friend_zone": [18, 42, 32, 41, 25, 21, 0, 14, 36, 7, 39, 11, 2, 30, 43, 33, 37, 26, 9, 10, 4, 1], "target": [35.0, 25.0], "out_group_r_strength": 64.0, "target_a_strength": 22000000000, "in_group_r_strength": 40, "attractor_count": 22, "position": [124.01616635070457, 11.036535719438405], "in_group_r_range": 2.0, "out_group_a_range": 2.8, "group_id": 1, "target_a_range": 435, "in_group_a_range": 2.8, "in_group_a_strength": 20}], "additional_id_existed_ped": {"0": [46, 47], "1": [44, 45], "2": [44], "3": [44, 45], "4": [44], "5": [47], "6": [44, 47], "7": [44, 46], "8": [44, 46], "9": [45, 46, 47], "10": [46, 47], "11": [47], "12": [], "13": [44, 45, 46], "14": [44, 46, 47], "15": [44, 45], "16": [45], "17": [44, 45, 47], "18": [44, 45, 47], "19": [46], "20": [46, 47], "21": [44, 45, 46], "22": [45], "23": [45, 46], "24": [45, 46, 47], "25": [47], "26": [44], "27": [44, 46], "28": [44, 45, 46], "29": [46, 47], "30": [45, 46, 47], "31": [44, 45, 46], "32": [45, 47], "33": [44, 45, 46], "34": [45, 46, 47], "35": [47], "36": [44, 45], "37": [46], "38": [45, 47], "39": [], "40": [45, 47], "41": [44, 47], "42": [44, 45, 46, 47], "43": [44, 46, 47]}}