{"frame_second": "3200", "pedestrian_list": [{"radius": 0.3, "out_group_a_strength": 12.5, "out_group_r_range": 2.0, "pedestrian_id": 300, "friend_zone": [137, 162, 151, 101, 188, 9, 119, 66, 141, 12, 297, 163, 292, 121, 192, 195, 240, 79, 118, 278, 164, 255, 220, 274, 241, 111, 179, 11, 138, 78, 77, 265, 106, 288, 31, 146, 21, 69, 125, 40, 271, 37, 6, 97, 35, 198, 94, 49, 233, 120, 197, 96, 2, 286, 237, 251, 65, 24, 238, 236, 15, 32, 58, 80, 126, 276, 216, 223, 225, 30, 100, 98, 67, 104, 93, 60, 154, 199, 145, 173, 212, 210, 206, 124, 85, 86, 142, 244, 153, 196, 88, 152, 83, 159, 105, 217, 38, 263, 239, 64, 279, 169, 114, 191, 123, 203, 47, 285, 36, 33, 181, 59, 20, 167, 143, 226, 224, 14, 92, 19, 18, 75, 56, 243, 156, 266, 148, 186, 129, 43, 214, 8, 180, 50, 5, 109, 242, 34, 284, 130, 90, 7, 230, 221, 231, 3, 51, 267, 299, 10], "target": [35.0, 25.0], "out_group_r_strength": 64.0, "target_a_strength": 22000000000, "in_group_r_strength": 40, "attractor_count": 150, "position": [116.86008998419355, 35.06490603816568], "in_group_r_range": 2.0, "out_group_a_range": 2.8, "group_id": 0, "target_a_range": 435, "in_group_a_range": 2.8, "in_group_a_strength": 20}, {"radius": 0.3, "out_group_a_strength": 12.5, "out_group_r_range": 2.0, "pedestrian_id": 301, "friend_zone": [68, 159, 288, 2, 282, 107, 24, 295, 61, 146, 243, 262, 130, 76, 280, 52, 258, 45, 276, 184, 144, 128, 4, 16, 204, 36, 66, 90, 208, 80, 109, 261, 132, 88, 266, 35, 83, 1, 281, 257, 225, 138, 248, 289, 190, 135, 142, 155, 277, 181, 134, 212, 263, 113, 18, 62, 25, 298, 287, 101, 233, 112, 223, 94, 114, 188, 86, 259, 252, 20, 205, 123, 50, 218, 3, 175, 296, 232, 250, 38, 57, 178, 102, 187, 6, 10, 19, 256, 143, 173, 285, 59, 71, 164, 13, 64, 140, 170, 55, 60, 221, 209, 58, 244, 210, 111, 5, 238, 92, 119, 103, 147, 235, 197, 136, 44, 274, 219, 85, 253, 63, 153, 251, 226, 54, 22, 51, 254, 124, 127, 133, 163, 246, 189, 176, 75, 234, 193, 272, 220, 297, 245, 169, 196, 177, 34, 125, 15, 97, 91], "target": [35.0, 25.0], "out_group_r_strength": 64.0, "target_a_strength": 22000000000, "in_group_r_strength": 40, "attractor_count": 150, "position": [114.94895919231905, 16.233415023810664], "in_group_r_range": 2.0, "out_group_a_range": 2.8, "group_id": 0, "target_a_range": 435, "in_group_a_range": 2.8, "in_group_a_strength": 20}, {"radius": 0.3, "out_group_a_strength": 12.5, "out_group_r_range": 2.0, "pedestrian_id": 302, "friend_zone": [235, 199, 256, 262, 78, 195, 137, 48, 51, 47, 41, 118, 79, 239, 173, 296, 245, 98, 115, 228, 244, 74, 20, 271, 30, 136, 264, 70, 267, 186, 148, 281, 222, 21, 197, 92, 189, 69, 217, 65, 192, 129, 234, 71, 165, 170, 22, 248, 99, 167, 72, 229, 159, 233, 64, 112, 231, 76, 285, 254, 168, 149, 188, 73, 279, 37, 282, 153, 88, 131, 141, 40, 16, 84, 126, 163, 249, 215, 52, 108, 29, 214, 241, 7, 232, 182, 147, 298, 290, 85, 93, 122, 106, 120, 220, 178, 35, 10, 161, 179, 138, 1, 277, 251, 180, 283, 219, 44, 162, 238, 82, 142, 38, 66, 259, 100, 157, 269, 32, 43, 187, 133, 243, 255, 171, 87, 140, 272, 265, 266, 194, 275, 95, 91, 263, 83, 9, 109, 155, 274, 246, 193, 289, 81, 113, 223, 258, 250, 28, 181], "target": [35.0, 25.0], "out_group_r_strength": 64.0, "target_a_strength": 22000000000, "in_group_r_strength": 40, "attractor_count": 150, "position": [136.37503524431045, 19.496966581497958], "in_group_r_range": 2.0, "out_group_a_range": 2.8, "group_id": 1, "target_a_range": 435, "in_group_a_range": 2.8, "in_group_a_strength": 20}, {"radius": 0.3, "out_group_a_strength": 12.5, "out_group_r_range": 2.0, "pedestrian_id": 303, "friend_zone": [271, 110, 246, 241, 259, 293, 19, 50, 282, 146, 211, 161, 249, 47, 94, 57, 16, 290, 2, 149, 152, 89, 182, 107, 143, 98, 34, 230, 227, 40, 56, 80, 201, 127, 128, 267, 192, 153, 286, 65, 167, 200, 141, 295, 180, 198, 42, 13, 18, 117, 14, 253, 272, 202, 84, 191, 28, 39, 178, 115, 75, 184, 37, 185, 289, 68, 231, 71, 52, 72, 287, 74, 44, 6, 23, 188, 257, 35, 26, 92, 250, 277, 159, 93, 170, 258, 31, 119, 162, 181, 151, 55, 73, 27, 54, 205, 194, 58, 138, 256, 46, 232, 242, 114, 263, 11, 265, 238, 137, 86, 106, 160, 43, 261, 131, 95, 273, 113, 67, 176, 276, 210, 234, 140, 88, 252, 297, 96, 30, 195, 82, 64, 62, 169, 224, 299, 208, 266, 270, 281, 60, 168, 51, 81, 262, 248, 41, 214, 5, 130], "target": [35.0, 25.0], "out_group_r_strength": 64.0, "target_a_strength": 22000000000, "in_group_r_strength": 40, "attractor_count": 150, "position": [123.39882965332127, 22.06408704773494], "in_group_r_range": 2.0, "out_group_a_range": 2.8, "group_id": 1, "target_a_range": 435, "in_group_a_range": 2.8, "in_group_a_strength": 20}], "additional_id_existed_ped": {"0": [303], "1": [], "2": [300, 301, 303], "3": [301, 302], "4": [], "5": [301, 303], "6": [300, 302, 303], "7": [301, 302], "8": [], "9": [301, 302], "10": [300, 302], "11": [300, 303], "12": [301, 303], "13": [], "14": [300, 301, 302, 303], "15": [], "16": [301], "17": [301], "18": [300, 301], "19": [], "20": [300], "21": [301, 302], "22": [303], "23": [302, 303], "24": [300], "25": [300, 303], "26": [301, 303], "27": [300, 301, 302, 303], "28": [], "29": [302, 303], "30": [300, 302], "31": [300, 301, 303], "32": [], "33": [300, 302, 303], "34": [300, 301, 303], "35": [301, 302, 303], "36": [300], "37": [300, 301, 302, 303], "38": [301, 302, 303], "39": [302], "40": [300], "41": [302], "42": [], "43": [301, 303], "44": [300], "45": [300], "46": [], "47": [300, 301, 302], "48": [], "49": [300, 302, 303], "50": [300, 302], "51": [300, 301, 302, 303], "52": [302, 303], "53": [300, 301, 302], "54": [303], "55": [300, 301, 302], "56": [300], "57": [302], "58": [302, 303], "59": [302], "60": [], "61": [300, 302], "62": [301, 302, 303], "63": [300, 302, 303], "64": [301, 303], "65": [300], "66": [300], "67": [300, 301, 302, 303], "68": [300], "69": [300, 303], "70": [300, 301, 302, 303], "71": [300, 301, 303], "72": [300, 303], "73": [300, 301, 302, 303], "74": [302, 303], "75": [300, 302], "76": [301, 302, 303], "77": [302], "78": [302], "79": [300, 301, 303], "80": [300], "81": [301], "82": [300, 301, 302, 303], "83": [300], "84": [301, 303], "85": [300], "86": [300, 302, 303], "87": [300, 302], "88": [300, 301], "89": [302], "90": [303], "91": [300, 302, 303], "92": [300, 302, 303], "93": [300, 302], "94": [300, 302, 303], "95": [300, 302, 303], "96": [301], "97": [], "98": [300, 301, 303], "99": [301, 303], "100": [300, 301, 302], "101": [], "102": [300, 302, 303], "103": [301, 302], "104": [300, 301, 303], "105": [300, 303], "106": [300, 301, 303], "107": [300], "108": [300, 303], "109": [302], "110": [302, 303], "111": [300, 302], "112": [302, 303], "113": [301, 302, 303], "114": [300, 301, 302], "115": [303], "116": [302, 303], "117": [300, 302, 303], "118": [302, 303], "119": [300], "120": [300, 301], "121": [301, 302, 303], "122": [], "123": [301, 302, 303], "124": [300, 301], "125": [301], "126": [300, 301, 302], "127": [301], "128": [301], "129": [301, 302, 303], "130": [300, 301, 302, 303], "131": [], "132": [301], "133": [301, 302, 303], "134": [303], "135": [303], "136": [302, 303], "137": [300, 301, 302, 303], "138": [300, 301, 303], "139": [302, 303], "140": [300], "141": [300], "142": [300, 301, 302, 303], "143": [301, 302], "144": [301, 303], "145": [300], "146": [300, 302, 303], "147": [300, 302, 303], "148": [301, 303], "149": [302, 303], "150": [301, 303], "151": [], "152": [300, 301], "153": [300, 301, 302, 303], "154": [301], "155": [302], "156": [300, 302], "157": [300], "158": [300, 301, 302, 303], "159": [301], "160": [302, 303], "161": [301, 303], "162": [300, 301, 302], "163": [300, 302], "164": [300, 301, 303], "165": [300, 301, 303], "166": [302], "167": [300, 303], "168": [301, 303], "169": [302], "170": [300, 303], "171": [302, 303], "172": [303], "173": [302], "174": [301], "175": [300, 302, 303], "176": [301, 302], "177": [300, 301, 302, 303], "178": [301, 302, 303], "179": [301, 302, 303], "180": [300, 303], "181": [], "182": [300, 301, 303], "183": [302], "184": [300, 302, 303],