{"frame_second": "2200", "pedestrian_list": [{"radius": 0.3, "out_group_a_strength": 12.5, "out_group_r_range": 2.0, "pedestrian_id": 220, "friend_zone": [16, 52, 114, 160, 85, 31, 4, 161, 98, 50, 158, 196, 186, 86, 17, 61, 7, 194, 15, 20, 77, 26, 128, 21, 139, 5, 93, 66, 58, 214, 146, 69, 182, 138, 18, 80, 46, 79, 132, 45, 73, 1, 89, 41, 135, 53, 25, 47, 209, 51, 42, 59, 57, 131, 122, 62, 113, 29, 155, 12, 151, 28, 130, 203, 23, 106, 55, 68, 171, 9, 8, 112, 82, 3, 168, 14, 6, 152, 107, 202, 54, 101, 201, 184, 10, 116, 157, 176, 167, 32, 81, 35, 141, 78, 189, 178, 43, 92, 153, 134, 147, 198, 219, 44, 34, 96, 200, 188, 175, 67], "target": [35.0, 25.0], "out_group_r_strength": 64.0, "target_a_strength": 22000000000, "in_group_r_strength": 40, "attractor_count": 110, "position": [112.98560800245963, 28.575463224998146], "in_group_r_range": 2.0, "out_group_a_range": 2.8, "group_id": 0, "target_a_range": 435, "in_group_a_range": 2.8, "in_group_a_strength": 20}, {"radius": 0.3, "out_group_a_strength": 12.5, "out_group_r_range": 2.0, "pedestrian_id": 221, "friend_zone": [7, 114, 174, 85, 191, 98, 178, 40, 205, 45, 127, 34, 104, 16, 218, 167, 211, 19, 169, 59, 200, 53, 33, 161, 94, 36, 188, 212, 190, 42, 137, 88, 3, 179, 71, 181, 196, 47, 120, 32, 2, 115, 92, 136, 106, 108, 110, 173, 64, 51, 39, 70, 107, 50, 43, 141, 134, 87, 91, 90, 49, 186, 128, 35, 13, 68, 80, 75, 23, 44, 124, 63, 153, 197, 117, 158, 143, 135, 62, 82, 130, 8, 147, 37, 112, 199, 14, 210, 89, 192, 86, 28, 81, 72, 195, 6, 111, 78, 189, 152, 154, 61, 10, 171, 165, 38, 21, 20, 46, 66], "target": [35.0, 25.0], "out_group_r_strength": 64.0, "target_a_strength": 22000000000, "in_group_r_strength": 40, "attractor_count": 110, "position": [113.62749563475812, 15.550563509829166], "in_group_r_range": 2.0, "out_group_a_range": 2.8, "group_id": 0, "target_a_range": 435, "in_group_a_range": 2.8, "in_group_a_strength": 20}, {"radius": 0.3, "out_group_a_strength": 12.5, "out_group_r_range": 2.0, "pedestrian_id": 222, "friend_zone": [177, 25, 37, 56, 44, 32, 163, 76, 33, 108, 83, 34, 119, 20, 175, 162, 70, 208, 52, 139, 13, 142, 120, 134, 35, 11, 205, 189, 95, 117, 186, 198, 157, 90, 153, 180, 127, 109, 97, 4, 69, 78, 80, 43, 71, 129, 211, 18, 154, 169, 218, 160, 194, 143, 64, 106, 75, 141, 26, 53, 21, 57, 42, 212, 195, 81, 167, 103, 87, 215, 7, 47, 55, 185, 62, 144, 136, 59, 145, 72, 111, 17, 128, 6, 148, 197, 15, 3, 101, 182, 213, 121, 48, 122, 68, 193, 110, 172, 93, 131, 126, 165, 214, 184, 60, 94, 187, 181, 118, 203], "target": [35.0, 25.0], "out_group_r_strength": 64.0, "target_a_strength": 22000000000, "in_group_r_strength": 40, "attractor_count": 110, "position": [121.42844574643742, 17.51632077928645], "in_group_r_range": 2.0, "out_group_a_range": 2.8, "group_id": 1, "target_a_range": 435, "in_group_a_range": 2.8, "in_group_a_strength": 20}, {"radius": 0.3, "out_group_a_strength": 12.5, "out_group_r_range": 2.0, "pedestrian_id": 223, "friend_zone": [23, 13, 15, 41, 172, 201, 175, 20, 152, 57, 194, 162, 99, 153, 8, 146, 145, 96, 58, 157, 190, 141, 64, 95, 160, 65, 149, 73, 186, 104, 139, 47, 18, 124, 30, 207, 61, 189, 171, 21, 140, 208, 129, 205, 90, 0, 103, 79, 193, 128, 100, 92, 114, 214, 38, 204, 216, 51, 118, 219, 182, 55, 183, 56, 130, 26, 191, 176, 6, 75, 120, 84, 45, 185, 192, 215, 88, 138, 217, 54, 16, 203, 86, 187, 137, 10, 39, 93, 179, 98, 117, 135, 78, 134, 170, 50, 44, 52, 122, 200, 4, 184, 147, 14, 144, 196, 42, 48, 150, 167], "target": [35.0, 25.0], "out_group_r_strength": 64.0, "target_a_strength": 22000000000, "in_group_r_strength": 40, "attractor_count": 110, "position": [129.8940528069202, 27.943172098532962], "in_group_r_range": 2.0, "out_group_a_range": 2.8, "group_id": 1, "target_a_range": 435, "in_group_a_range": 2.8, "in_group_a_strength": 20}], "additional_id_existed_ped": {"0": [220], "1": [220, 222], "2": [222, 223], "3": [221], "4": [220, 221], "5": [220, 221], "6": [222], "7": [220, 222], "8": [221, 222], "9": [223], "10": [220, 223], "11": [220, 221, 223], "12": [221, 222, 223], "13": [221], "14": [220, 221], "15": [220, 222], "16": [], "17": [222], "18": [221, 222, 223], "19": [221, 222, 223], "20": [220, 221, 222, 223], "21": [220, 222, 223], "22": [221, 222], "23": [221, 222], "24": [223], "25": [221, 223], "26": [220, 221, 222, 223], "27": [220, 221], "28": [222], "29": [220, 223], "30": [220], "31": [220, 221], "32": [220], "33": [223], "34": [221, 222], "35": [223], "36": [220, 223], "37": [221, 223], "38": [220, 221], "39": [223], "40": [223], "41": [220, 222], "42": [220, 221, 223], "43": [220, 221], "44": [220, 221, 222], "45": [223], "46": [220, 222], "47": [220, 221, 222], "48": [221, 223], "49": [222], "50": [220, 221], "51": [221], "52": [222], "53": [220, 222], "54": [220, 223], "55": [221], "56": [220, 221, 222], "57": [220, 223], "58": [220, 223], "59": [220, 221, 223], "60": [221], "61": [220, 222, 223], "62": [221], "63": [220, 221, 222], "64": [222], "65": [221, 223], "66": [221, 223], "67": [222], "68": [], "69": [223], "70": [222], "71": [221, 222, 223], "72": [221, 222, 223], "73": [220, 222], "74": [220, 223], "75": [220, 221, 223], "76": [220, 223], "77": [222, 223], "78": [221, 222, 223], "79": [220, 221, 222], "80": [220, 222], "81": [220, 222, 223], "82": [222], "83": [222], "84": [220, 221, 222], "85": [220, 223], "86": [222, 223], "87": [220, 223], "88": [220, 222, 223], "89": [221], "90": [221, 222], "91": [220, 221, 223], "92": [220, 221, 223], "93": [220, 221, 223], "94": [220, 221, 222], "95": [220], "96": [223], "97": [], "98": [221, 222], "99": [222, 223], "100": [222, 223], "101": [223], "102": [221], "103": [220], "104": [220, 222], "105": [220, 223], "106": [220, 221, 223], "107": [220, 222, 223], "108": [221, 222, 223], "109": [222], "110": [220, 221], "111": [221, 223], "112": [220, 221, 223], "113": [221], "114": [220], "115": [222], "116": [221, 222, 223], "117": [221, 222, 223], "118": [220, 221], "119": [220, 222, 223], "120": [220, 222], "121": [220, 221, 223], "122": [220, 221], "123": [220, 221], "124": [220, 221, 222], "125": [222, 223], "126": [222], "127": [], "128": [221, 222], "129": [220, 221, 223], "130": [220, 221, 223], "131": [221, 223], "132": [220, 221, 223], "133": [], "134": [220, 222], "135": [222], "136": [221, 223], "137": [220], "138": [220, 222, 223], "139": [222, 223], "140": [222], "141": [220, 222, 223], "142": [221, 223], "143": [220, 222, 223], "144": [220], "145": [222], "146": [221, 222], "147": [220, 221, 223], "148": [220, 221, 222], "149": [220, 221, 223], "150": [220, 221, 222], "151": [], "152": [223], "153": [220, 222], "154": [221], "155": [220, 221, 222, 223], "156": [223], "157": [220, 221, 222], "158": [220, 222], "159": [223], "160": [222], "161": [220, 222], "162": [220, 221, 223], "163": [221, 222], "164": [221, 223], "165": [222], "166": [221, 223], "167": [220, 222, 223], "168": [], "169": [222], "170": [221, 223], "171": [221, 222], "172": [220, 221, 222], "173": [221, 222], "174": [221, 223], "175": [220, 222, 223], "176": [221, 223], "177": [221, 222, 223], "178": [], "179": [221, 222], "180": [220, 221, 223], "181": [222, 223], "182": [222], "183": [220, 221], "184": [220, 221, 223], "185": [220, 221, 222], "186": [223], "187": [221], "188": [220, 222], "189": [220, 221], "190": [220, 221, 222, 223], "191": [220], "192": [222, 223], "193": [223], "194": [221], "195": [220, 221, 222, 223], "196": [221, 223], "197": [222], "198": [220, 221, 223], "199": [220, 222], "200": [220, 221, 222], "201": [221, 222, 223], "202": [223], "203": [220, 221, 223], "204": [220, 222, 223], "205": [220, 222, 223], "206": [220, 223], "207": [223], "208": [221, 223], "209": [220, 221, 222, 223], "210": [220, 221, 222, 223], "211": [222, 223], "212": [220, 221], "213": [220, 221, 222, 223], "214": [222, 223], "215": [220, 222], "216": [222], "217": [220, 221, 223], "218": [222], "219": [220, 221, 222, 223]}}