{"frame_second": "2700", "pedestrian_list": [{"radius": 0.3, "out_group_a_strength": 12.5, "out_group_r_range": 2.0, "pedestrian_id": 256, "friend_zone": [96, 103, 135, 57, 177, 110, 201, 160, 133, 38, 76, 224, 89, 16, 101, 241, 139, 70, 226, 13, 127, 77, 42, 15, 171, 53, 60, 17, 123, 132, 187, 252, 39, 191, 116, 221, 261, 97, 235, 43, 215, 233, 197, 134, 33, 169, 28, 56, 32, 176, 98, 24, 91, 82, 248, 120, 23, 174, 118, 78, 206, 124, 131, 112, 72, 58, 182, 47, 95, 3, 11, 126, 175, 231, 238, 243, 49, 26, 184, 165, 125, 150, 164, 200, 223, 68, 170, 251, 130, 168, 31, 66, 194, 46, 214, 204, 162, 158, 136, 195, 141, 29, 104, 40, 247, 84, 236, 119, 9, 230, 183, 41, 207, 212, 94, 244, 54, 203, 117, 217, 92, 192, 51, 227, 109, 59, 173, 219, 189, 1], "target": [35.0, 25.0], "out_group_r_strength": 64.0, "target_a_strength": 22000000000, "in_group_r_strength": 40, "attractor_count": 130, "position": [-50.75909687449732, 36.394422388335585], "in_group_r_range": 2.0, "out_group_a_range": 2.8, "group_id": 0, "target_a_range": 435, "in_group_a_range": 2.8, "in_group_a_strength": 20}, {"radius": 0.3, "out_group_a_strength": 12.5, "out_group_r_range": 2.0, "pedestrian_id": 257, "friend_zone": [168, 72, 143, 115, 9, 15, 41, 160, 161, 38, 55, 92, 138, 71, 204, 173, 207, 235, 222, 226, 23, 101, 67, 96, 263, 167, 5, 193, 10, 70, 76, 156, 190, 89, 195, 24, 110, 141, 75, 246, 152, 121, 95, 82, 210, 1, 169, 176, 260, 97, 145, 107, 196, 171, 2, 58, 104, 118, 255, 242, 52, 116, 4, 44, 132, 27, 48, 162, 240, 135, 237, 57, 213, 131, 42, 239, 174, 241, 13, 51, 181, 164, 233, 154, 136, 68, 250, 254, 158, 178, 77, 249, 120, 225, 80, 157, 228, 199, 150, 39, 192, 20, 79, 46, 50, 187, 37, 61, 127, 175, 243, 197, 117, 114, 6, 198, 99, 126, 105, 247, 220, 3, 54, 81, 202, 123, 211, 109, 153, 251], "target": [35.0, 25.0], "out_group_r_strength": 64.0, "target_a_strength": 22000000000, "in_group_r_strength": 40, "attractor_count": 130, "position": [-62.45251438159704, 22.06810404301447], "in_group_r_range": 2.0, "out_group_a_range": 2.8, "group_id": 0, "target_a_range": 435, "in_group_a_range": 2.8, "in_group_a_strength": 20}, {"radius": 0.3, "out_group_a_strength": 12.5, "out_group_r_range": 2.0, "pedestrian_id": 258, "friend_zone": [12, 123, 3, 54, 98, 146, 78, 164, 25, 246, 158, 175, 218, 247, 229, 187, 125, 148, 203, 137, 18, 226, 90, 92, 242, 60, 194, 197, 117, 34, 255, 184, 102, 112, 195, 85, 200, 263, 210, 130, 36, 58, 44, 61, 56, 46, 52, 100, 261, 108, 155, 217, 159, 109, 224, 11, 166, 219, 81, 72, 209, 43, 205, 186, 216, 106, 174, 110, 201, 156, 206, 134, 168, 240, 122, 10, 178, 76, 192, 42, 202, 118, 214, 16, 126, 59, 82, 5, 71, 152, 250, 188, 69, 8, 215, 50, 157, 31, 141, 30, 260, 171, 29, 41, 2, 140, 129, 70, 232, 113, 93, 7, 37, 181, 208, 150, 139, 120, 183, 91, 236, 33, 6, 124, 103, 221, 62, 64, 86, 104], "target": [35.0, 25.0], "out_group_r_strength": 64.0, "target_a_strength": 22000000000, "in_group_r_strength": 40, "attractor_count": 130, "position": [-69.63197003747106, 33.1475713511769], "in_group_r_range": 2.0, "out_group_a_range": 2.8, "group_id": 1, "target_a_range": 435, "in_group_a_range": 2.8, "in_group_a_strength": 20}, {"radius": 0.3, "out_group_a_strength": 12.5, "out_group_r_range": 2.0, "pedestrian_id": 259, "friend_zone": [2, 248, 180, 143, 55, 105, 99, 47, 165, 200, 3, 118, 250, 26, 241, 35, 57, 229, 114, 251, 216, 195, 203, 41, 83, 59, 56, 38, 221, 157, 141, 158, 19, 81, 111, 96, 220, 232, 24, 84, 49, 171, 261, 156, 27, 178, 91, 231, 194, 45, 18, 62, 244, 70, 94, 73, 213, 168, 61, 253, 212, 33, 138, 150, 155, 82, 233, 164, 97, 209, 199, 25, 89, 12, 169, 196, 65, 166, 101, 210, 219, 88, 110, 130, 17, 252, 68, 123, 72, 23, 126, 153, 129, 190, 224, 22, 192, 132, 1, 128, 167, 4, 93, 85, 263, 163, 98, 64, 134, 31, 36, 173, 133, 202, 152, 227, 10, 217, 172, 90, 104, 14, 30, 177, 32, 113, 262, 29, 170, 240], "target": [35.0, 25.0], "out_group_r_strength": 64.0, "target_a_strength": 22000000000, "in_group_r_strength": 40, "attractor_count": 130, "position": [-63.103677561317575, 12.34098022890427], "in_group_r_range": 2.0, "out_group_a_range": 2.8, "group_id": 1, "target_a_range": 435, "in_group_a_range": 2.8, "in_group_a_strength": 20}], "additional_id_existed_ped": {"0": [256, 259], "1": [257, 258, 259], "2": [], "3": [258], "4": [258], "5": [258, 259], "6": [256, 257, 258, 259], "7": [256, 257, 258], "8": [], "9": [256], "10": [256, 257, 258, 259], "11": [257, 258], "12": [256, 257, 259], "13": [], "14": [256, 258, 259], "15": [256], "16": [256, 257, 258], "17": [256, 257, 258], "18": [256, 258, 259], "19": [257, 258, 259], "20": [259], "21": [258, 259], "22": [], "23": [257], "24": [], "25": [257], "26": [], "27": [256, 257, 258, 259], "28": [256, 259], "29": [256, 258, 259], "30": [256, 257], "31": [256, 258], "32": [259], "33": [256, 257, 258], "34": [257, 259], "35": [257, 259], "36": [257, 258, 259], "37": [259], "38": [256, 257, 259], "39": [257, 258], "40": [256, 257, 259], "41": [256, 257, 259], "42": [256, 257, 259], "43": [257, 259], "44": [258], "45": [256, 258], "46": [256, 257], "47": [257, 259], "48": [259], "49": [256, 258], "50": [258], "51": [258, 259], "52": [256, 258], "53": [256, 258, 259], "54": [259], "55": [256, 258, 259], "56": [256, 257, 258, 259], "57": [], "58": [259], "59": [257, 259], "60": [256, 257, 259], "61": [256, 257, 258, 259], "62": [256, 258], "63": [257, 258, 259], "64": [256, 259], "65": [257, 258], "66": [], "67": [256, 259], "68": [258, 259], "69": [256, 258], "70": [257, 258], "71": [], "72": [257, 258], "73": [256, 259], "74": [256, 257], "75": [256], "76": [257, 258], "77": [], "78": [256, 257, 259], "79": [256, 257], "80": [257], "81": [256, 258], "82": [256, 258, 259], "83": [257, 258], "84": [256, 258], "85": [256, 258, 259], "86": [256], "87": [257], "88": [257, 258, 259], "89": [256, 257, 258, 259], "90": [259], "91": [256, 257, 259], "92": [256], "93": [259], "94": [259], "95": [257, 259], "96": [259], "97": [257], "98": [257, 258, 259], "99": [256, 257, 258, 259], "100": [256, 259], "101": [256], "102": [257, 259], "103": [257], "104": [258], "105": [256, 258], "106": [258, 259], "107": [256, 258], "108": [257, 258], "109": [256], "110": [256, 258], "111": [256, 258, 259], "112": [256], "113": [258], "114": [259], "115": [258, 259], "116": [256, 258], "117": [256, 258, 259], "118": [257, 259], "119": [256, 259], "120": [256, 257], "121": [256, 259], "122": [256, 257, 258, 259], "123": [257, 259], "124": [258], "125": [257, 259], "126": [], "127": [258], "128": [256, 257, 259], "129": [], "130": [], "131": [257, 259], "132": [257, 258, 259], "133": [256, 257, 258, 259], "134": [], "135": [257, 258, 259], "136": [257, 258, 259], "137": [256, 257, 258], "138": [257, 259], "139": [256, 258], "140": [257, 258], "141": [256, 257, 259], "142": [259], "143": [], "144": [257], "145": [256, 257, 258], "146": [256, 258], "147": [258], "148": [256, 257], "149": [256, 257], "150": [256, 257, 258], "151": [256], "152": [256, 257, 258, 259], "153": [257, 258], "154": [257, 259], "155": [256, 257, 258], "156": [256], "157": [257, 258, 259], "158": [256, 258, 259], "159": [256, 257, 259], "160": [257, 259], "161": [256, 257], "162": [257, 259], "163": [256, 257, 258], "164": [256, 258], "165": [256, 257], "166": [258, 259], "167": [256, 257, 258], "168": [256, 259], "169": [259], "170": [257, 258, 259], "171": [258], "172": [256], "173": [256, 258], "174": [], "175": [256, 257], "176": [256, 258, 259], "177": [256, 257, 259], "178": [256, 257, 259], "179": [256, 258], "180": [258], "181": [256, 257, 258, 259], "182": [258, 259], "183": [257, 258, 259], "184": [257], "185": [256, 257, 259], "186": [256, 257, 259], "187": [258, 259], "188": [256, 259], "189": [256, 257, 258], "190": [259], "191": [256, 257], "192": [256], "193": [256, 258, 259], "194": [257], "195": [257, 258], "196": [258, 259], "197": [256, 258, 259], "198": [257, 259], "199": [256, 257, 258], "200": [257], "201": [256, 257, 258], "202": [256, 257, 258],