{"frame_second": "100", "pedestrian_list": [{"radius": 0.3, "out_group_a_strength": 12.5, "out_group_r_range": 2.0, "pedestrian_id": 48, "friend_zone": [20, 28, 43, 46, 41, 47, 37, 42, 44, 18, 33, 25, 0, 38, 32, 5, 17, 22, 52, 45, 11, 34, 29, 27, 40, 7], "target": [35.0, 25.0], "out_group_r_strength": 64.0, "target_a_strength": 22000000000, "in_group_r_strength": 40, "attractor_count": 26, "position": [-50.786746373791736, 38.956660050891465], "in_group_r_range": 2.0, "out_group_a_range": 2.8, "group_id": 0, "target_a_range": 435, "in_group_a_range": 2.8, "in_group_a_strength": 20}, {"radius": 0.3, "out_group_a_strength": 12.5, "out_group_r_range": 2.0, "pedestrian_id": 49, "friend_zone": [17, 0, 38, 24, 47, 18, 14, 41, 46, 12, 1, 20, 33, 19, 25, 45, 3, 8, 9, 22, 54, 35, 16, 5, 15, 21], "target": [35.0, 25.0], "out_group_r_strength": 64.0, "target_a_strength": 22000000000, "in_group_r_strength": 40, "attractor_count": 26, "position": [-59.205295088635125, 26.628445286462444], "in_group_r_range": 2.0, "out_group_a_range": 2.8, "group_id": 0, "target_a_range": 435, "in_group_a_range": 2.8, "in_group_a_strength": 20}, {"radius": 0.3, "out_group_a_strength": 12.5, "out_group_r_range": 2.0, "pedestrian_id": 50, "friend_zone": [9, 7, 24, 13, 36, 3, 6, 8, 31, 25, 26, 41, 28, 27, 55, 23, 14, 42, 46, 15, 5, 21, 39, 19, 2, 52], "target": [35.0, 25.0], "out_group_r_strength": 64.0, "target_a_strength": 22000000000, "in_group_r_strength": 40, "attractor_count": 26, "position": [-67.04374108857527, 30.538319211500788], "in_group_r_range": 2.0, "out_group_a_range": 2.8, "group_id": 1, "target_a_range": 435, "in_group_a_range": 2.8, "in_group_a_strength": 20}, {"radius": 0.3, "out_group_a_strength": 12.5, "out_group_r_range": 2.0, "pedestrian_id": 51, "friend_zone": [29, 41, 3, 40, 33, 0, 2, 9, 13, 36, 39, 20, 46, 12, 6, 26, 21, 16, 34, 15, 37, 19, 14, 22, 18, 31], "target": [35.0, 25.0], "out_group_r_strength": 64.0, "target_a_strength": 22000000000, "in_group_r_strength": 40, "attractor_count": 26, "position": [-51.40993108673536, 36.35016569736792], "in_group_r_range": 2.0, "out_group_a_range": 2.8, "group_id": 1, "target_a_range": 435, "in_group_a_range": 2.8, "in_group_a_strength": 20}], "additional_id_existed_ped": {"0": [49, 51], "1": [48, 51], "2": [48, 49, 51], "3": [49, 50, 51], "4": [48, 49], "5": [49, 51], "6": [49, 50], "7": [50, 51], "8": [48, 50], "9": [], "10": [51], "11": [48, 49, 51], "12": [49], "13": [48, 49, 50, 51], "14": [48, 50], "15": [], "16": [48, 49, 51], "17": [48, 49], "18": [51], "19": [48, 49, 51], "20": [49, 50, 51], "21": [50, 51], "22": [48, 50, 51], "23": [48, 49], "24": [48, 50], "25": [48, 50, 51], "26": [48, 50], "27": [49, 50], "28": [49], "29": [50], "30": [48], "31": [49, 50, 51], "32": [50, 51], "33": [48, 49, 50, 51], "34": [50], "35": [48, 49, 51], "36": [51], "37": [48, 50, 51], "38": [51], "39": [49], "40": [48, 49], "41": [49], "42": [48, 49, 50], "43": [49, 50], "44": [48, 49, 50, 51], "45": [50], "46": [50], "47": [48, 49, 50], "52": [48, 51], "53": [48], "54": [48], "55": [50, 51]}}