{"frame_second": "700", "pedestrian_list": [{"radius": 0.3, "out_group_a_strength": 12.5, "out_group_r_range": 2.0, "pedestrian_id": 100, "friend_zone": [63, 40, 75, 84, 91, 25, 14, 16, 82, 20, 33, 83, 4, 52, 53, 37, 6, 34, 81, 65, 38, 57, 5, 71, 90, 13, 64, 70, 19, 74, 50, 35, 85, 17, 9, 73, 78, 48, 18, 28, 10, 94, 3, 62, 36, 93, 23, 99, 66, 46], "target": [35.0, 25.0], "out_group_r_strength": 64.0, "target_a_strength": 22000000000, "in_group_r_strength": 40, "attractor_count": 50, "position": [126.6409740092997, 27.939935141794265], "in_group_r_range": 2.0, "out_group_a_range": 2.8, "group_id": 0, "target_a_range": 435, "in_group_a_range": 2.8, "in_group_a_strength": 20}, {"radius": 0.3, "out_group_a_strength": 12.5, "out_group_r_range": 2.0, "pedestrian_id": 101, "friend_zone": [66, 37, 69, 82, 20, 76, 93, 53, 18, 14, 19, 62, 58, 28, 25, 30, 24, 92, 49, 79, 38, 65, 43, 78, 34, 7, 41, 81, 46, 52, 72, 77, 73, 11, 10, 45, 54, 32, 4, 33, 64, 97, 86, 87, 39, 67, 35, 42, 17, 56], "target": [35.0, 25.0], "out_group_r_strength": 64.0, "target_a_strength": 22000000000, "in_group_r_strength": 40, "attractor_count": 50, "position": [111.04343235356772, 35.05009265614633], "in_group_r_range": 2.0, "out_group_a_range": 2.8, "group_id": 0, "target_a_range": 435, "in_group_a_range": 2.8, "in_group_a_strength": 20}, {"radius": 0.3, "out_group_a_strength": 12.5, "out_group_r_range": 2.0, "pedestrian_id": 102, "friend_zone": [30, 99, 72, 50, 82, 6, 35, 56, 61, 63, 9, 29, 11, 45, 41, 66, 47, 62, 8, 38, 85, 48, 79, 81, 28, 65, 74, 69, 52, 44, 94, 40, 93, 39, 43, 25, 24, 95, 67, 80, 71, 13, 7, 92, 84, 86, 37, 68, 58, 4], "target": [35.0, 25.0], "out_group_r_strength": 64.0, "target_a_strength": 22000000000, "in_group_r_strength": 40, "attractor_count": 50, "position": [122.08538279169129, 28.569393236062453], "in_group_r_range": 2.0, "out_group_a_range": 2.8, "group_id": 1, "target_a_range": 435, "in_group_a_range": 2.8, "in_group_a_strength": 20}, {"radius": 0.3, "out_group_a_strength": 12.5, "out_group_r_range": 2.0, "pedestrian_id": 103, "friend_zone": [16, 68, 53, 12, 40, 3, 1, 82, 57, 83, 71, 76, 7, 15, 58, 44, 89, 90, 94, 88, 48, 9, 36, 35, 55, 41, 79, 11, 34, 61, 28, 62, 93, 23, 54, 39, 32, 51, 22, 6, 19, 25, 45, 86, 42, 84, 95, 27, 97, 56], "target": [35.0, 25.0], "out_group_r_strength": 64.0, "target_a_strength": 22000000000, "in_group_r_strength": 40, "attractor_count": 50, "position": [119.48316147559501, 28.599582615697233], "in_group_r_range": 2.0, "out_group_a_range": 2.8, "group_id": 1, "target_a_range": 435, "in_group_a_range": 2.8, "in_group_a_strength": 20}], "additional_id_existed_ped": {"0": [100, 101, 103], "1": [101, 102, 103], "2": [100, 101, 103], "3": [101, 103], "4": [103], "5": [], "6": [101], "7": [100, 101], "8": [100, 101, 102, 103], "9": [102], "10": [100], "11": [], "12": [100, 101, 102, 103], "13": [100, 101, 102, 103], "14": [100, 101, 103], "15": [101, 103], "16": [101], "17": [100, 102], "18": [100, 103], "19": [100, 101, 102], "20": [101, 103], "21": [100], "22": [101, 102, 103], "23": [100, 101, 102, 103], "24": [101, 102, 103], "25": [100, 101], "26": [100], "27": [100, 102], "28": [100, 103], "29": [100, 101, 102, 103], "30": [101], "31": [100], "32": [], "33": [100, 102, 103], "34": [100, 102], "35": [101, 102], "36": [100, 101], "37": [100, 102], "38": [102], "39": [100, 102, 103], "40": [102], "41": [102], "42": [101, 103], "43": [103], "44": [100, 101], "45": [100, 101, 102, 103], "46": [100], "47": [101, 103], "48": [101, 102, 103], "49": [101, 102], "50": [101], "51": [101, 103], "52": [102, 103], "53": [100, 102], "54": [100], "55": [100, 102, 103], "56": [100], "57": [101, 102], "58": [100, 101, 103], "59": [101, 102, 103], "60": [102], "61": [], "62": [100, 103], "63": [101, 102, 103], "64": [100, 101, 102], "65": [102, 103], "66": [], "67": [100, 102, 103], "68": [100, 101, 103], "69": [102], "70": [100, 101, 103], "71": [100, 102, 103], "72": [], "73": [102, 103], "74": [101, 103], "75": [100, 101], "76": [102, 103], "77": [101, 102, 103], "78": [100, 101], "79": [102, 103], "80": [100, 102], "81": [100], "82": [], "83": [100, 102], "84": [100, 102, 103], "85": [100, 101], "86": [100, 102, 103], "87": [100, 101], "88": [102, 103], "89": [], "90": [101, 102], "91": [101, 102, 103], "92": [100, 101, 102, 103], "93": [100, 101, 102, 103], "94": [101, 103], "95": [101, 103], "96": [], "97": [100, 102, 103], "98": [102], "99": [101]}}