{"frame_second": "3800", "pedestrian_list": [{"radius": 0.3, "out_group_a_strength": 12.5, "out_group_r_range": 2.0, "pedestrian_id": 344, "friend_zone": [58, 331, 105, 233, 248, 227, 70, 338, 220, 42, 3, 160, 127, 108, 309, 44, 282, 188, 87, 191, 16, 68, 271, 8, 221, 22, 136, 270, 341, 172, 257, 61, 17, 97, 31, 181, 0, 234, 313, 318, 66, 15, 289, 140, 312, 171, 143, 114, 19, 351, 124, 79, 125, 222, 235, 326, 275, 7, 284, 64, 41, 49, 203, 139, 69, 89, 182, 5, 204, 65, 308, 205, 256, 179, 263, 232, 131, 84, 152, 183, 184, 165, 121, 264, 342, 40, 283, 86, 190, 39, 240, 116, 272, 330, 146, 168, 269, 229, 10, 305, 177, 33, 57, 13, 294, 239, 193, 295, 90, 26, 176, 166, 291, 110, 138, 4, 201, 129, 128, 60, 59, 261, 117, 292, 249, 252, 242, 198, 173, 244, 169, 29, 55, 119, 53, 302, 107, 24, 253, 277, 102, 218, 251, 343, 85, 23, 72, 348, 310, 45, 132, 133, 214, 43, 206, 67, 175, 34, 113, 35, 11, 273, 194, 258, 274, 93, 122, 303, 162, 130, 266, 259, 196, 101], "target": [35.0, 25.0], "out_group_r_strength": 64.0, "target_a_strength": 22000000000, "in_group_r_strength": 40, "attractor_count": 174, "position": [-62.495551034969225, 31.161694746620316], "in_group_r_range": 2.0, "out_group_a_range": 2.8, "group_id": 0, "target_a_range": 435, "in_group_a_range": 2.8, "in_group_a_strength": 20}, {"radius": 0.3, "out_group_a_strength": 12.5, "out_group_r_range": 2.0, "pedestrian_id": 345, "friend_zone": [229, 87, 221, 239, 276, 121, 212, 219, 214, 266, 50, 18, 190, 61, 79, 51, 174, 44, 170, 40, 286, 26, 111, 128, 282, 85, 195, 146, 156, 199, 340, 73, 32, 237, 153, 304, 256, 288, 110, 133, 260, 145, 25, 324, 141, 334, 155, 90, 127, 249, 268, 342, 41, 295, 308, 203, 100, 325, 245, 7, 1, 56, 166, 223, 72, 105, 165, 243, 320, 292, 232, 162, 254, 327, 258, 312, 120, 293, 192, 151, 78, 317, 247, 15, 202, 126, 336, 17, 218, 287, 93, 53, 58, 176, 321, 196, 326, 140, 178, 118, 117, 131, 47, 159, 182, 37, 225, 252, 251, 265, 36, 68, 280, 168, 272, 235, 318, 48, 115, 147, 283, 328, 299, 189, 65, 76, 132, 83, 104, 2, 217, 201, 262, 13, 330, 322, 43, 339, 350, 236, 228, 333, 323, 16, 59, 134, 150, 31, 130, 64, 60, 179, 129, 257, 263, 102, 227, 315, 3, 136, 279, 224, 89, 148, 248, 161, 303, 69, 101, 172, 82, 215, 184, 307], "target": [35.0, 25.0], "out_group_r_strength": 64.0, "target_a_strength": 22000000000, "in_group_r_strength": 40, "attractor_count": 174, "position": [-48.848450817782954, 35.05588598353833], "in_group_r_range": 2.0, "out_group_a_range": 2.8, "group_id": 0, "target_a_range": 435, "in_group_a_range": 2.8, "in_group_a_strength": 20}, {"radius": 0.3, "out_group_a_strength": 12.5, "out_group_r_range": 2.0, "pedestrian_id": 346, "friend_zone": [119, 134, 278, 320, 173, 85, 294, 20, 36, 288, 127, 66, 234, 250, 77, 219, 191, 90, 34, 217, 15, 262, 239, 282, 226, 198, 78, 163, 188, 264, 115, 272, 76, 113, 92, 309, 99, 160, 18, 310, 293, 208, 176, 24, 174, 162, 299, 268, 314, 297, 218, 334, 59, 312, 331, 161, 87, 172, 167, 350, 33, 349, 275, 286, 38, 203, 222, 95, 65, 16, 206, 224, 289, 180, 82, 138, 316, 25, 280, 266, 40, 68, 41, 322, 302, 338, 190, 207, 348, 106, 276, 152, 21, 182, 323, 89, 156, 133, 22, 48, 145, 168, 43, 200, 28, 121, 51, 67, 49, 265, 130, 261, 83, 150, 215, 47, 111, 258, 128, 81, 340, 179, 185, 110, 237, 74, 231, 247, 326, 249, 63, 307, 11, 142, 283, 158, 232, 157, 324, 246, 201, 285, 27, 287, 187, 242, 254, 260, 88, 216, 46, 129, 30, 70, 311, 123, 56, 271, 149, 291, 306, 75, 195, 199, 0, 37, 57, 117, 44, 12, 235, 296, 109, 244], "target": [35.0, 25.0], "out_group_r_strength": 64.0, "target_a_strength": 22000000000, "in_group_r_strength": 40, "attractor_count": 174, "position": [-63.77636107961251, 21.415609027997395], "in_group_r_range": 2.0, "out_group_a_range": 2.8, "group_id": 1, "target_a_range": 435, "in_group_a_range": 2.8, "in_group_a_strength": 20}, {"radius": 0.3, "out_group_a_strength": 12.5, "out_group_r_range": 2.0, "pedestrian_id": 347, "friend_zone": [129, 176, 330, 200, 275, 269, 160, 240, 348, 111, 8, 163, 339, 226, 87, 267, 116, 213, 27, 121, 83, 294, 139, 144, 198, 154, 43, 74, 315, 203, 148, 138, 57, 95, 109, 210, 298, 316, 0, 252, 123, 216, 93, 266, 80, 328, 209, 207, 113, 153, 63, 25, 156, 164, 66, 86, 185, 14, 258, 225, 224, 319, 256, 313, 332, 132, 197, 45, 331, 48, 47, 320, 287, 304, 64, 72, 284, 261, 34, 244, 4, 39, 3, 293, 128, 204, 206, 53, 199, 22, 189, 229, 102, 84, 46, 68, 230, 338, 15, 195, 78, 285, 169, 49, 218, 306, 114, 281, 136, 170, 184, 67, 152, 108, 310, 307, 131, 18, 2, 180, 177, 28, 292, 13, 9, 192, 38, 351, 70, 37, 171, 234, 40, 107, 243, 290, 308, 118, 133, 92, 257, 214, 274, 112, 343, 272, 277, 32, 174, 145, 188, 182, 265, 5, 58, 54, 73, 186, 85, 127, 311, 249, 201, 191, 254, 289, 110, 238, 30, 228, 221, 103, 286, 120], "target": [35.0, 25.0], "out_group_r_strength": 64.0, "target_a_strength": 22000000000, "in_group_r_strength": 40, "attractor_count": 174, "position": [-44.291088606937706, 12.961516040068236], "in_group_r_range": 2.0, "out_group_a_range": 2.8, "group_id": 1, "target_a_range": 435, "in_group_a_range": 2.8, "in_group_a_strength": 20}], "additional_id_existed_ped": {"0": [344, 346], "1": [344, 346, 347], "2": [345], "3": [344, 345, 346, 347], "4": [345, 347], "5": [344, 346, 347], "6": [346, 347], "7": [344], "8": [345, 346, 347], "9": [344, 345], "10": [344, 346], "11": [345], "12": [344], "13": [344], "14": [344, 345, 346, 347], "15": [344, 346], "16": [345, 347], "17": [344, 345, 347], "18": [347], "19": [347], "20": [346, 347], "21": [344, 347], "22": [345, 346, 347], "23": [344, 345, 346, 347], "24": [345], "25": [344, 345, 347], "26": [345, 346, 347], "27": [344, 345, 347], "28": [344, 346, 347], "29": [345], "30": [344, 345, 346, 347], "31": [345, 347], "32": [344, 346, 347], "33": [], "34": [345, 346, 347], "35": [344, 345, 347], "36": [347], "37": [345], "38": [344, 347], "39": [344, 347], "40": [344], "41": [345, 346, 347], "42": [346], "43": [345, 346], "44": [345], "45": [344], "46": [345, 346], "47": [344, 347], "48": [347], "49": [344, 345, 346, 347], "50": [346], "51": [], "52": [345], "53": [344, 345, 346, 347], "54": [345], "55": [346, 347], "56": [344, 346], "57": [346, 347], "58": [344, 347], "59": [346, 347], "60": [344, 345], "61": [344, 347], "62": [344, 346, 347], "63": [344, 345, 346], "64": [344], "65": [345], "66": [344, 346, 347], "67": [344, 345, 347], "68": [344, 345, 347], "69": [347], "70": [], "71": [344, 345, 347], "72": [345, 346, 347], "73": [344], "74": [344, 347], "75": [344, 346], "76": [], "77": [344, 347], "78": [347], "79": [346], "80": [346], "81": [344, 345], "82": [344], "83": [346, 347], "84": [347], "85": [344, 347], "86": [345, 346, 347], "87": [346], "88": [344, 346], "89": [344, 345, 346], "90": [345, 346, 347], "91": [345, 346, 347], "92": [345, 346], "93": [344, 346], "94": [344], "95": [344, 345], "96": [345, 347], "97": [344, 345, 347], "98": [344], "99": [344, 347], "100": [344, 347], "101": [345, 346, 347], "102": [344, 346], "103": [], "104": [344, 345], "105": [], "106": [345, 346], "107": [346], "108": [344, 345], "109": [344, 345, 347], "110": [344, 345], "111": [344, 345], "112": [344, 346], "113": [344, 347], "114": [344, 347], "115": [345, 346], "116": [345], "117": [346], "118": [345], "119": [346, 347], "120": [344], "121": [345, 347], "122": [346], "123": [], "124": [344, 345, 346], "125": [344, 345, 346, 347], "126": [344, 347], "127": [], "128": [344, 345, 346, 347], "129": [344, 346], "130": [346, 347], "131": [344, 345, 346, 347], "132": [346, 347], "133": [344, 346, 347], "134": [344, 345, 346], "135": [345], "136": [346, 347], "137": [344], "138": [345, 346, 347], "139": [346, 347], "140": [345, 346], "141": [345, 346], "142": [344, 346], "143": [344, 345], "144": [344, 345, 346], "145": [347], "146": [344], "147": [344], "148": [345, 347], "149": [345, 346, 347], "150": [346, 347], "151": [345, 347], "152": [344], "153": [344, 346, 347], "154": [345], "155": [344, 345, 346], "156": [], "157": [345, 347],