{"frame_second": "4700", "pedestrian_list": [{"radius": 0.3, "out_group_a_strength": 12.5, "out_group_r_range": 2.0, "pedestrian_id": 420, "friend_zone": [326, 81, 369, 139, 65, 410, 291, 107, 234, 242, 95, 240, 165, 377, 68, 111, 353, 54, 51, 18, 352, 63, 415, 323, 378, 26, 267, 246, 187, 104, 276, 243, 403, 56, 351, 136, 171, 188, 283, 261, 153, 284, 166, 39, 204, 380, 197, 249, 80, 223, 75, 8, 295, 313, 417, 91, 279, 29, 200, 231, 266, 192, 238, 78, 239, 299, 118, 357, 71, 83, 105, 36, 162, 30, 42, 135, 74, 233, 176, 401, 280, 354, 201, 22, 168, 151, 70, 407, 172, 309, 25, 147, 140, 324, 271, 256, 174, 115, 76, 366, 31, 235, 23, 209, 155, 163, 390, 383, 382, 418, 13, 7, 28, 213, 15, 292, 370, 4, 195, 202, 300, 9, 88, 167, 286, 367, 203, 264, 315, 275, 35, 125, 345, 89, 40, 43, 178, 406, 212, 73, 319, 131, 302, 186, 205, 237, 244, 3, 32, 149, 260, 120, 341, 379, 5, 210, 10, 1, 48, 402, 128, 318, 129, 400, 316, 181, 206, 296, 20, 138, 182, 263, 375, 265, 159, 170, 310, 381, 193, 333, 72, 58, 305, 347, 297, 385, 64, 123, 44, 179, 332, 287, 363, 38, 24, 376, 356, 61, 180, 419, 252, 268, 389, 169, 285, 387, 298, 216, 17, 164], "target": [35.0, 25.0], "out_group_r_strength": 64.0, "target_a_strength": 22000000000, "in_group_r_strength": 40, "attractor_count": 210, "position": [116.86402213065666, 36.370307579234975], "in_group_r_range": 2.0, "out_group_a_range": 2.8, "group_id": 0, "target_a_range": 435, "in_group_a_range": 2.8, "in_group_a_strength": 20}, {"radius": 0.3, "out_group_a_strength": 12.5, "out_group_r_range": 2.0, "pedestrian_id": 421, "friend_zone": [244, 251, 61, 396, 144, 339, 52, 292, 255, 126, 164, 247, 212, 56, 338, 242, 39, 376, 316, 53, 375, 70, 146, 107, 345, 11, 105, 250, 51, 295, 157, 138, 72, 79, 47, 58, 67, 135, 121, 5, 322, 272, 268, 178, 388, 193, 64, 123, 233, 13, 237, 159, 62, 386, 274, 343, 205, 314, 302, 202, 267, 399, 49, 226, 134, 389, 41, 334, 27, 369, 99, 90, 140, 310, 282, 97, 303, 160, 235, 319, 370, 112, 89, 331, 84, 222, 45, 30, 362, 291, 35, 412, 393, 75, 132, 136, 341, 154, 60, 153, 21, 271, 18, 0, 411, 170, 234, 15, 221, 198, 253, 77, 400, 168, 24, 66, 177, 109, 353, 183, 103, 155, 318, 239, 313, 200, 246, 131, 199, 265, 117, 197, 326, 380, 347, 149, 111, 185, 181, 266, 201, 381, 336, 162, 270, 6, 350, 129, 352, 213, 355, 374, 416, 390, 261, 215, 118, 351, 22, 29, 65, 113, 33, 147, 148, 277, 150, 363, 43, 387, 377, 12, 23, 191, 192, 278, 249, 141, 80, 73, 206, 392, 346, 218, 46, 158, 299, 371, 325, 240, 25, 184, 414, 82, 63, 171, 395, 163, 176, 333, 114, 120, 91, 26, 245, 142, 127, 101, 298, 108], "target": [35.0, 25.0], "out_group_r_strength": 64.0, "target_a_strength": 22000000000, "in_group_r_strength": 40, "attractor_count": 210, "position": [122.0662732093864, 27.91283407664174], "in_group_r_range": 2.0, "out_group_a_range": 2.8, "group_id": 0, "target_a_range": 435, "in_group_a_range": 2.8, "in_group_a_strength": 20}, {"radius": 0.3, "out_group_a_strength": 12.5, "out_group_r_range": 2.0, "pedestrian_id": 422, "friend_zone": [290, 166, 409, 133, 387, 393, 231, 139, 150, 142, 17, 31, 217, 355, 36, 341, 65, 221, 1, 137, 164, 62, 64, 201, 3, 322, 52, 224, 245, 328, 170, 219, 180, 317, 101, 192, 181, 292, 268, 214, 151, 104, 29, 262, 185, 348, 80, 77, 111, 236, 342, 274, 401, 37, 87, 391, 218, 24, 356, 222, 20, 92, 405, 66, 134, 74, 234, 171, 211, 167, 315, 238, 232, 370, 288, 363, 373, 105, 365, 419, 60, 82, 254, 93, 345, 172, 307, 179, 354, 329, 183, 380, 173, 119, 291, 394, 368, 314, 272, 316, 191, 417, 42, 353, 90, 152, 97, 100, 265, 81, 15, 86, 367, 305, 284, 227, 40, 233, 120, 287, 282, 38, 157, 5, 255, 48, 16, 271, 216, 10, 58, 303, 389, 260, 259, 404, 145, 344, 96, 84, 117, 68, 296, 67, 275, 184, 280, 360, 122, 195, 379, 319, 176, 49, 311, 114, 397, 79, 343, 325, 267, 410, 154, 109, 261, 378, 332, 230, 89, 276, 375, 414, 395, 11, 285, 362, 205, 264, 213, 22, 251, 190, 153, 99, 372, 121, 102, 411, 299, 357, 256, 33, 381, 91, 6, 334, 396, 124, 41, 135, 320, 333, 327, 385, 235, 223, 149, 156, 253, 26], "target": [35.0, 25.0], "out_group_r_strength": 64.0, "target_a_strength": 22000000000, "in_group_r_strength": 40, "attractor_count": 210, "position": [118.1738337079101, 20.763493617069106], "in_group_r_range": 2.0, "out_group_a_range": 2.8, "group_id": 1, "target_a_range": 435, "in_group_a_range": 2.8, "in_group_a_strength": 20}, {"radius": 0.3, "out_group_a_strength": 12.5, "out_group_r_range": 2.0, "pedestrian_id": 423, "friend_zone": [271, 339, 228, 130, 341, 167, 274, 240, 173, 418, 56, 244, 115, 385, 48, 17, 280, 16, 193, 32, 129, 357, 144, 30, 403, 368, 408, 401, 376, 377, 3, 124, 323, 37, 169, 12, 91, 26, 309, 343, 373, 300, 166, 238, 267, 205, 299, 97, 356, 77, 212, 312, 415, 336, 316, 40, 419, 405, 354, 126, 329, 297, 85, 202, 264, 383, 147, 140, 155, 273, 28, 225, 235, 104, 117, 270, 204, 195, 35, 257, 325, 160, 21, 186, 90, 107, 43, 102, 133, 61, 82, 68, 310, 210, 263, 351, 281, 11, 328, 305, 110, 283, 255, 66, 60, 137, 260, 412, 382, 19, 81, 84, 295, 36, 10, 143, 187, 213, 101, 296, 125, 196, 24, 326, 229, 59, 152, 163, 372, 261, 86, 266, 159, 116, 389, 78, 51, 335, 199, 128, 348, 334, 14, 73, 206, 239, 180, 175, 4, 211, 223, 332, 258, 188, 106, 197, 161, 54, 27, 298, 350, 142, 344, 111, 72, 158, 87, 353, 44, 151, 89, 320, 121, 127, 340, 5, 55, 112, 105, 262, 118, 247, 347, 321, 367, 322, 391, 138, 381, 342, 275, 358, 378, 50, 287, 417, 369, 251, 8, 208, 113, 250, 52, 177, 226, 69, 64, 394, 83, 413], "target": [35.0, 25.0], "out_group_r_strength": 64.0, "target_a_strength": 22000000000, "in_group_r_strength": 40, "attractor_count": 210, "position": [116.20252768658183, 12.311717453473541], "in_group_r_range": 2.0, "out_group_a_range": 2.8, "group_id": 1, "target_a_range": 435, "in_group_a_range": 2.8, "in_group_a_strength": 20}], "additional_id_existed_ped": {"0": [421], "1": [420, 421, 422], "2": [420, 421, 422, 423], "3": [421, 423], "4": [423], "5": [420, 421, 422], "6": [420, 422], "7": [423], "8": [420, 422, 423], "9": [421, 422], "10": [420, 422, 423], "11": [420, 421, 423], "12": [420], "13": [420, 421, 422], "14": [421, 422], "15": [421, 422], "16": [420], "17": [420, 421, 423], "18": [420, 423], "19": [421, 422], "20": [422], "21": [422, 423], "22": [420, 423], "23": [420, 422, 423], "24": [422], "25": [420, 422, 423], "26": [423], "27": [422, 423], "28": [420, 421], "29": [420, 421, 422, 423], "30": [421, 423], "31": [420, 422], "32": [420], "33": [421, 422], "34": [421, 422], "35": [420, 422], "36": [422], "37": [420, 422], "38": [423], "39": [420], "40": [422, 423], "41": [420, 423], "42": [421], "43": [420, 423], "44": [420, 423], "45": [420], "46": [422], "47": [421, 422], "48": [421, 422, 423], "49": [423], "50": [420, 422], "51": [420, 422], "52": [421, 423], "53": [420, 421], "54": [420, 421], "55": [420, 423], "56": [421, 422, 423], "57": [420, 423], "58": [421, 422, 423], "59": [420, 422, 423], "60": [421, 423], "61": [423], "62": [421], "63": [420], "64": [423], "65": [423], "66": [420], "67": [420, 423], "68": [420, 421], "69": [420, 421, 423], "70": [420, 421, 422], "71": [422, 423], "72": [420, 421], "73": [423], "74": [420, 421, 422], "75": [420, 421, 422], "76": [421], "77": [420, 421, 422, 423], "78": [420, 421, 422], "79": [420, 421], "80": [420, 421, 422, 423], "81": [420, 421, 422, 423], "82": [421, 423], "83": [420], "84": [420, 421, 423], "85": [421, 422, 423], "86": [420, 423], "87": [420, 423], "88": [420, 422, 423], "89": [421], "90": [422, 423], "91": [421], "92": [420, 422, 423], "93": [421, 423], "94": [420, 422, 423], "95": [422], "96": [421, 422], "97": [422, 423], "98": [420], "99": [421, 422, 423], "100": [420, 421, 423], "101": [421, 422], "102": [], "103": [423], "104": [420, 423], "105": [420, 421, 422, 423], "106": [420, 421, 422, 423], "107": [422, 423], "108": [421, 422, 423], "109": [421, 423], "110": [420, 421, 423], "111": [420, 421, 422, 423], "112": [420, 421], "113": [422], "114": [422, 423], "115": [422, 423], "116": [421, 422],