{"frame_second": "600", "pedestrian_list": [{"radius": 0.3, "out_group_a_strength": 12.5, "out_group_r_range": 2.0, "pedestrian_id": 88, "friend_zone": [78, 76, 87, 77, 86, 28, 65, 31, 71, 8, 75, 74, 16, 44, 13, 45, 48, 64, 51, 37, 23, 30, 17, 72, 80, 47, 49, 41, 92, 14, 79, 18, 29, 85, 59, 9, 2, 21, 66, 3, 69, 36, 50, 95, 60, 67], "target": [35.0, 25.0], "out_group_r_strength": 64.0, "target_a_strength": 22000000000, "in_group_r_strength": 40, "attractor_count": 46, "position": [-41.03176737886672, 20.78578317346017], "in_group_r_range": 2.0, "out_group_a_range": 2.8, "group_id": 0, "target_a_range": 435, "in_group_a_range": 2.8, "in_group_a_strength": 20}, {"radius": 0.3, "out_group_a_strength": 12.5, "out_group_r_range": 2.0, "pedestrian_id": 89, "friend_zone": [63, 83, 58, 51, 70, 71, 39, 3, 47, 95, 79, 24, 23, 80, 78, 31, 35, 18, 56, 46, 34, 43, 5, 82, 77, 50, 60, 57, 4, 10, 25, 75, 7, 94, 38, 9, 62, 52, 45, 76, 19, 8, 73, 16, 14, 22], "target": [35.0, 25.0], "out_group_r_strength": 64.0, "target_a_strength": 22000000000, "in_group_r_strength": 40, "attractor_count": 46, "position": [-41.04642986083774, 31.16781911318284], "in_group_r_range": 2.0, "out_group_a_range": 2.8, "group_id": 0, "target_a_range": 435, "in_group_a_range": 2.8, "in_group_a_strength": 20}, {"radius": 0.3, "out_group_a_strength": 12.5, "out_group_r_range": 2.0, "pedestrian_id": 90, "friend_zone": [76, 54, 92, 52, 69, 45, 82, 14, 44, 3, 22, 25, 29, 93, 46, 33, 55, 63, 39, 8, 65, 37, 10, 79, 9, 66, 83, 49, 27, 24, 19, 21, 30, 1, 18, 71, 72, 57, 75, 35, 70, 67, 87, 40, 17, 94], "target": [35.0, 25.0], "out_group_r_strength": 64.0, "target_a_strength": 22000000000, "in_group_r_strength": 40, "attractor_count": 46, "position": [-57.25620020322099, 20.104635089647175], "in_group_r_range": 2.0, "out_group_a_range": 2.8, "group_id": 1, "target_a_range": 435, "in_group_a_range": 2.8, "in_group_a_strength": 20}, {"radius": 0.3, "out_group_a_strength": 12.5, "out_group_r_range": 2.0, "pedestrian_id": 91, "friend_zone": [80, 79, 81, 7, 29, 35, 76, 92, 59, 60, 3, 78, 66, 4, 95, 16, 52, 54, 30, 17, 26, 41, 86, 14, 12, 33, 68, 50, 58, 70, 94, 87, 40, 43, 15, 22, 73, 23, 20, 72, 63, 32, 37, 21, 44, 71], "target": [35.0, 25.0], "out_group_r_strength": 64.0, "target_a_strength": 22000000000, "in_group_r_strength": 40, "attractor_count": 46, "position": [-54.04403814389546, 20.133939638264597], "in_group_r_range": 2.0, "out_group_a_range": 2.8, "group_id": 1, "target_a_range": 435, "in_group_a_range": 2.8, "in_group_a_strength": 20}], "additional_id_existed_ped": {"0": [89, 91], "1": [91], "2": [91], "3": [88, 91], "4": [88, 90, 91], "5": [91], "6": [89], "7": [91], "8": [88, 89, 91], "9": [88, 89, 91], "10": [88, 89, 90], "11": [88, 90, 91], "12": [91], "13": [88, 90, 91], "14": [89], "15": [89, 90], "16": [90, 91], "17": [88, 89, 90], "18": [88, 89, 90, 91], "19": [], "20": [89, 90], "21": [88, 90], "22": [88, 89, 90, 91], "23": [90, 91], "24": [88, 90], "25": [], "26": [89, 91], "27": [89], "28": [88, 90, 91], "29": [88, 89, 90, 91], "30": [89, 90], "31": [90], "32": [88], "33": [90], "34": [89], "35": [88, 90], "36": [88], "37": [], "38": [88, 89, 90], "39": [89, 90], "40": [88, 91], "41": [88, 89], "42": [89, 91], "43": [89, 90], "44": [88, 90, 91], "45": [], "46": [88, 89, 90], "47": [88, 89, 91], "48": [88, 89, 90, 91], "49": [88, 89, 90], "50": [88], "51": [88, 89, 91], "52": [88, 89, 90, 91], "53": [91], "54": [89, 91], "55": [88, 91], "56": [88, 89, 90], "57": [88], "58": [90], "59": [90, 91], "60": [89, 90], "61": [88, 90], "62": [88, 89, 91], "63": [89, 90, 91], "64": [91], "65": [89, 90], "66": [88, 91], "67": [89, 90, 91], "68": [], "69": [88, 89, 91], "70": [89, 91], "71": [90, 91], "72": [], "73": [91], "74": [88, 89, 90], "75": [89, 90], "76": [90, 91], "77": [88, 90, 91], "78": [88, 89, 90], "79": [89, 91], "80": [88, 89, 91], "81": [88, 90, 91], "82": [88, 89, 90], "83": [88, 89], "84": [90], "85": [88, 89], "86": [90], "87": [88, 89, 90], "92": [88], "93": [88, 89, 91], "94": [91], "95": []}}