{"frame_second": "3300", "pedestrian_list": [{"radius": 0.3, "out_group_a_strength": 12.5, "out_group_r_range": 2.0, "pedestrian_id": 304, "friend_zone": [30, 196, 269, 309, 67, 82, 242, 166, 283, 9, 200, 156, 130, 262, 195, 138, 158, 203, 144, 311, 98, 297, 61, 72, 254, 274, 250, 253, 146, 201, 270, 261, 53, 29, 232, 152, 34, 26, 77, 167, 214, 183, 134, 94, 46, 211, 268, 246, 69, 175, 291, 142, 7, 171, 292, 263, 28, 97, 308, 160, 51, 193, 222, 113, 111, 54, 190, 109, 185, 84, 45, 104, 5, 187, 59, 80, 226, 49, 172, 284, 285, 106, 85, 50, 112, 78, 234, 42, 290, 2, 115, 264, 286, 44, 149, 180, 40, 153, 118, 280, 223, 277, 170, 155, 173, 99, 238, 93, 35, 221, 55, 249, 41, 121, 8, 272, 230, 288, 294, 244, 213, 124, 243, 3, 128, 103, 191, 163, 240, 21, 117, 150, 197, 60, 147, 122, 282, 68, 66, 251, 33, 132, 70, 215, 74, 37, 188, 161, 278, 184, 120, 157, 299, 168], "target": [35.0, 25.0], "out_group_r_strength": 64.0, "target_a_strength": 22000000000, "in_group_r_strength": 40, "attractor_count": 154, "position": [-53.36439138889555, 18.828085519021403], "in_group_r_range": 2.0, "out_group_a_range": 2.8, "group_id": 0, "target_a_range": 435, "in_group_a_range": 2.8, "in_group_a_strength": 20}, {"radius": 0.3, "out_group_a_strength": 12.5, "out_group_r_range": 2.0, "pedestrian_id": 305, "friend_zone": [142, 309, 66, 127, 47, 130, 51, 34, 108, 80, 221, 290, 89, 213, 131, 258, 266, 190, 50, 217, 203, 215, 177, 300, 265, 45, 8, 237, 231, 171, 260, 72, 297, 100, 62, 92, 289, 205, 211, 301, 302, 186, 123, 204, 253, 235, 14, 17, 232, 168, 139, 222, 93, 87, 185, 119, 244, 212, 37, 284, 109, 145, 40, 16, 255, 288, 106, 201, 82, 247, 310, 175, 224, 270, 25, 94, 166, 41, 138, 68, 134, 159, 246, 169, 165, 70, 240, 181, 84, 173, 32, 97, 295, 179, 200, 202, 113, 267, 61, 64, 111, 280, 53, 54, 73, 191, 172, 6, 31, 88, 65, 283, 105, 75, 19, 151, 183, 156, 275, 209, 110, 77, 143, 287, 161, 219, 136, 291, 125, 59, 96, 230, 153, 207, 223, 121, 164, 263, 21, 126, 81, 248, 167, 71, 292, 228, 26, 208, 243, 187, 28, 107, 15, 225], "target": [35.0, 25.0], "out_group_r_strength": 64.0, "target_a_strength": 22000000000, "in_group_r_strength": 40, "attractor_count": 154, "position": [-48.15813827677774, 35.091425358015634], "in_group_r_range": 2.0, "out_group_a_range": 2.8, "group_id": 0, "target_a_range": 435, "in_group_a_range": 2.8, "in_group_a_strength": 20}, {"radius": 0.3, "out_group_a_strength": 12.5, "out_group_r_range": 2.0, "pedestrian_id": 306, "friend_zone": [116, 262, 119, 73, 259, 70, 180, 133, 147, 99, 138, 19, 172, 17, 310, 182, 30, 137, 303, 189, 154, 240, 62, 64, 148, 111, 105, 202, 117, 11, 40, 256, 61, 293, 206, 185, 100, 283, 152, 192, 74, 39, 6, 158, 114, 200, 76, 124, 278, 95, 22, 156, 276, 247, 252, 211, 157, 63, 13, 83, 308, 159, 84, 229, 27, 164, 258, 60, 120, 195, 7, 153, 55, 142, 160, 260, 36, 134, 109, 162, 171, 285, 33, 56, 25, 143, 175, 5, 110, 178, 139, 294, 273, 75, 212, 65, 233, 219, 188, 255, 290, 275, 263, 122, 257, 177, 196, 213, 281, 32, 207, 44, 93, 129, 132, 249, 289, 140, 292, 173, 101, 244, 28, 169, 167, 168, 71, 271, 52, 24, 20, 210, 226, 8, 0, 274, 286, 243, 237, 15, 223, 144, 48, 135, 87, 270, 43, 149, 230, 231, 191, 246, 106, 236], "target": [35.0, 25.0], "out_group_r_strength": 64.0, "target_a_strength": 22000000000, "in_group_r_strength": 40, "attractor_count": 154, "position": [-46.898585612818465, 33.128692697225915], "in_group_r_range": 2.0, "out_group_a_range": 2.8, "group_id": 1, "target_a_range": 435, "in_group_a_range": 2.8, "in_group_a_strength": 20}, {"radius": 0.3, "out_group_a_strength": 12.5, "out_group_r_range": 2.0, "pedestrian_id": 307, "friend_zone": [244, 7, 18, 279, 86, 268, 23, 232, 263, 267, 66, 301, 195, 186, 3, 124, 208, 58, 219, 272, 76, 9, 205, 60, 289, 227, 273, 210, 22, 70, 142, 199, 149, 224, 102, 52, 187, 265, 5, 55, 155, 35, 141, 113, 68, 72, 79, 84, 257, 63, 131, 77, 166, 247, 151, 99, 262, 290, 101, 309, 106, 133, 85, 157, 165, 69, 103, 275, 270, 145, 189, 172, 174, 296, 126, 37, 261, 127, 97, 171, 116, 89, 277, 122, 87, 61, 104, 225, 235, 194, 310, 26, 39, 40, 78, 46, 25, 1, 204, 11, 196, 138, 181, 269, 177, 93, 129, 134, 57, 31, 180, 146, 293, 213, 239, 233, 228, 109, 200, 160, 271, 218, 139, 250, 17, 14, 159, 153, 248, 13, 98, 192, 249, 302, 169, 74, 264, 71, 291, 185, 135, 162, 284, 67, 223, 27, 90, 237, 211, 158, 121, 30, 21, 183], "target": [35.0, 25.0], "out_group_r_strength": 64.0, "target_a_strength": 22000000000, "in_group_r_strength": 40, "attractor_count": 154, "position": [-54.66948858229827, 29.236076703136398], "in_group_r_range": 2.0, "out_group_a_range": 2.8, "group_id": 1, "target_a_range": 435, "in_group_a_range": 2.8, "in_group_a_strength": 20}], "additional_id_existed_ped": {"0": [304, 305, 307], "1": [], "2": [304, 305, 306, 307], "3": [304, 306, 307], "4": [304], "5": [304, 305], "6": [305, 306], "7": [307], "8": [306, 307], "9": [304, 306], "10": [304, 307], "11": [304, 306], "12": [304, 305], "13": [306], "14": [304, 305, 306, 307], "15": [305, 306, 307], "16": [], "17": [304, 307], "18": [304, 306], "19": [304, 306], "20": [304, 307], "21": [306, 307], "22": [305, 306, 307], "23": [307], "24": [304, 305, 307], "25": [304], "26": [304], "27": [305, 307], "28": [304, 306, 307], "29": [305], "30": [304, 305], "31": [304, 305, 307], "32": [307], "33": [304, 305, 306], "34": [304, 305, 306], "35": [306, 307], "36": [305, 306, 307], "37": [], "38": [306, 307], "39": [304, 306, 307], "40": [], "41": [305, 306], "42": [306, 307], "43": [305], "44": [304, 305, 307], "45": [304, 307], "46": [306, 307], "47": [304, 305, 307], "48": [305, 306, 307], "49": [304, 307], "50": [304, 307], "51": [304, 306, 307], "52": [304, 305, 306], "53": [304, 305], "54": [305, 306, 307], "55": [304, 306, 307], "56": [304, 307], "57": [304, 306], "58": [304, 305, 306, 307], "59": [304, 306, 307], "60": [305], "61": [306, 307], "62": [307], "63": [305, 307], "64": [304, 305], "65": [305, 306], "66": [305], "67": [304, 305, 306, 307], "68": [306], "69": [306], "70": [304, 306], "71": [304, 305, 306], "72": [305], "73": [305], "74": [304, 305, 307], "75": [305, 306], "76": [305, 307], "77": [305], "78": [304, 305, 307], "79": [305, 307], "80": [307], "81": [304, 305, 306], "82": [305, 307], "83": [304, 305], "84": [304, 305], "85": [306], "86": [304, 306], "87": [305, 307], "88": [305], "89": [304, 306], "90": [304, 305], "91": [304, 305, 307], "92": [304, 305, 306], "93": [304, 307], "94": [305], "95": [304, 305, 306, 307], "96": [304, 305, 307], "97": [], "98": [], "99": [305, 306, 307], "100": [304, 305, 306, 307], "101": [307], "102": [], "103": [305, 307], "104": [305, 306, 307], "105": [305], "106": [305, 306, 307], "107": [304, 306], "108": [307], "109": [304, 306, 307], "110": [304], "111": [304, 306], "112": [304, 307], "113": [306, 307], "114": [305], "115": [305, 306], "116": [305, 307], "117": [304], "118": [305, 306, 307], "119": [304, 306], "120": [306, 307], "121": [304, 305, 306], "122": [], "123": [], "124": [306, 307], "125": [304, 307], "126": [304, 306], "127": [], "128": [304], "129": [304, 305, 306, 307], "130": [305, 306, 307], "131": [304, 306], "132": [304, 305, 306], "133": [304, 305], "134": [305, 306, 307], "135": [304, 305, 307], "136": [304, 306, 307], "137": [305], "138": [305], "139": [304, 306, 307], "140": [304, 307], "141": [304], "142": [304, 306], "143": [307], "144": [305, 306, 307], "145": [305, 307], "146": [305], "147": [304, 305, 306], "148": [304, 305], "149": [304, 305, 307], "150": [306, 307], "151": [304, 305, 306, 307], "152": [305, 307], "153": [304], "154": [305, 306, 307], "155": [306, 307], "156": [304, 306, 307], "157": [306], "158": [304], "159": [304], "160": [304, 305, 306, 307], "161": [306, 307], "162": [304, 306, 307], "163": [306], "164": [305, 306], "165": [306, 307], "166": [305, 306], "167": [304, 305, 306], "168": [305, 306, 307], "169": [304, 305, 307], "170": [304, 306], "171": [305, 306], "172": [305], "173": [304], "174": [304, 305, 307],