{"frame_second": "3600", "pedestrian_list": [{"radius": 0.3, "out_group_a_strength": 12.5, "out_group_r_range": 2.0, "pedestrian_id": 332, "friend_zone": [170, 28, 289, 190, 107, 251, 167, 3, 21, 133, 76, 259, 313, 23, 240, 331, 0, 34, 217, 248, 314, 75, 1, 153, 134, 229, 249, 5, 142, 65, 149, 309, 193, 132, 172, 40, 19, 180, 86, 108, 117, 189, 247, 136, 4, 316, 223, 205, 208, 124, 179, 261, 173, 71, 119, 20, 260, 276, 298, 90, 224, 302, 106, 49, 258, 147, 192, 16, 109, 155, 185, 14, 203, 64, 273, 262, 280, 67, 166, 212, 50, 62, 74, 30, 238, 294, 110, 18, 184, 291, 48, 324, 22, 200, 60, 129, 33, 245, 187, 323, 186, 222, 81, 57, 163, 140, 235, 178, 46, 281, 312, 207, 296, 329, 321, 37, 183, 310, 254, 88, 264, 315, 191, 322, 89, 78, 29, 125, 70, 100, 188, 58, 128, 159, 283, 126, 244, 265, 61, 121, 43, 52, 255, 11, 194, 293, 25, 83, 305, 8, 197, 232, 326, 51, 210, 226, 6, 290, 175, 202, 113, 91, 198, 195, 308, 320], "target": [35.0, 25.0], "out_group_r_strength": 64.0, "target_a_strength": 22000000000, "in_group_r_strength": 40, "attractor_count": 166, "position": [115.55152973035501, 24.001406283554566], "in_group_r_range": 2.0, "out_group_a_range": 2.8, "group_id": 0, "target_a_range": 435, "in_group_a_range": 2.8, "in_group_a_strength": 20}, {"radius": 0.3, "out_group_a_strength": 12.5, "out_group_r_range": 2.0, "pedestrian_id": 333, "friend_zone": [264, 175, 25, 329, 84, 224, 9, 149, 118, 309, 235, 7, 66, 62, 277, 28, 142, 304, 327, 205, 113, 42, 151, 49, 37, 301, 34, 24, 102, 195, 156, 234, 46, 132, 178, 318, 226, 286, 222, 56, 112, 120, 303, 138, 316, 238, 60, 208, 256, 281, 300, 73, 258, 285, 153, 299, 68, 253, 130, 104, 244, 276, 176, 139, 152, 211, 76, 282, 15, 131, 188, 236, 177, 107, 312, 89, 284, 254, 270, 187, 225, 203, 148, 51, 57, 64, 249, 247, 193, 251, 43, 135, 162, 10, 290, 268, 308, 266, 165, 83, 204, 163, 295, 6, 52, 310, 159, 292, 272, 263, 315, 199, 275, 262, 287, 88, 296, 212, 182, 326, 31, 128, 2, 319, 77, 314, 101, 294, 96, 202, 26, 216, 65, 218, 3, 17, 252, 53, 44, 180, 291, 0, 32, 179, 127, 280, 146, 121, 136, 215, 137, 40, 323, 19, 78, 30, 124, 242, 245, 191, 92, 48, 306, 114, 189, 298], "target": [35.0, 25.0], "out_group_r_strength": 64.0, "target_a_strength": 22000000000, "in_group_r_strength": 40, "attractor_count": 166, "position": [124.66952862686715, 27.92865178321208], "in_group_r_range": 2.0, "out_group_a_range": 2.8, "group_id": 0, "target_a_range": 435, "in_group_a_range": 2.8, "in_group_a_strength": 20}, {"radius": 0.3, "out_group_a_strength": 12.5, "out_group_r_range": 2.0, "pedestrian_id": 334, "friend_zone": [317, 106, 320, 119, 313, 281, 14, 100, 36, 95, 316, 224, 194, 190, 304, 215, 220, 195, 105, 202, 134, 123, 167, 230, 79, 252, 223, 91, 52, 156, 166, 110, 271, 74, 136, 307, 155, 255, 40, 56, 75, 58, 96, 37, 98, 13, 296, 303, 289, 275, 207, 144, 263, 6, 245, 258, 27, 57, 85, 171, 38, 42, 132, 238, 214, 30, 130, 122, 298, 116, 204, 60, 325, 12, 126, 193, 327, 34, 67, 311, 285, 59, 241, 55, 135, 3, 310, 328, 209, 19, 262, 321, 162, 138, 93, 61, 244, 0, 187, 125, 282, 234, 323, 314, 183, 25, 199, 225, 113, 279, 154, 283, 205, 294, 208, 306, 82, 173, 147, 274, 301, 277, 221, 77, 102, 284, 43, 1, 54, 250, 35, 322, 121, 112, 129, 62, 23, 8, 211, 233, 260, 7, 45, 51, 248, 270, 278, 299, 185, 309, 152, 229, 265, 290, 120, 329, 222, 81, 2, 63, 90, 158, 73, 212, 276, 197], "target": [35.0, 25.0], "out_group_r_strength": 64.0, "target_a_strength": 22000000000, "in_group_r_strength": 40, "attractor_count": 166, "position": [116.24951655578992, 27.9377742674744], "in_group_r_range": 2.0, "out_group_a_range": 2.8, "group_id": 1, "target_a_range": 435, "in_group_a_range": 2.8, "in_group_a_strength": 20}, {"radius": 0.3, "out_group_a_strength": 12.5, "out_group_r_range": 2.0, "pedestrian_id": 335, "friend_zone": [16, 286, 254, 42, 116, 97, 13, 155, 206, 104, 288, 302, 121, 47, 232, 279, 313, 218, 9, 211, 180, 193, 300, 69, 295, 111, 18, 183, 285, 269, 237, 271, 229, 143, 319, 198, 106, 148, 161, 312, 168, 20, 177, 117, 128, 188, 119, 55, 328, 98, 306, 15, 293, 166, 196, 159, 330, 160, 62, 195, 68, 127, 233, 259, 173, 30, 8, 81, 115, 91, 298, 170, 175, 157, 38, 80, 315, 209, 309, 245, 283, 231, 105, 67, 86, 217, 305, 110, 255, 243, 256, 290, 257, 294, 273, 24, 51, 172, 76, 154, 164, 103, 150, 49, 63, 242, 265, 284, 270, 10, 281, 322, 251, 268, 61, 221, 11, 40, 125, 36, 292, 199, 56, 129, 303, 326, 278, 45, 248, 317, 167, 52, 184, 75, 187, 87, 109, 43, 31, 22, 301, 33, 53, 153, 29, 37, 263, 122, 54, 3, 93, 230, 277, 310, 258, 89, 191, 192, 152, 112, 272, 35, 223, 12, 203, 151], "target": [35.0, 25.0], "out_group_r_strength": 64.0, "target_a_strength": 22000000000, "in_group_r_strength": 40, "attractor_count": 166, "position": [125.95176897794826, 22.099066905384277], "in_group_r_range": 2.0, "out_group_a_range": 2.8, "group_id": 1, "target_a_range": 435, "in_group_a_range": 2.8, "in_group_a_strength": 20}], "additional_id_existed_ped": {"0": [], "1": [334, 335], "2": [334, 335], "3": [332, 334, 335], "4": [333, 334, 335], "5": [332, 333, 334, 335], "6": [333], "7": [332], "8": [332, 333, 334, 335], "9": [332, 333], "10": [332, 333, 334], "11": [332, 334, 335], "12": [332, 333, 335], "13": [335], "14": [334], "15": [332, 334, 335], "16": [334], "17": [332, 333, 334, 335], "18": [333, 334], "19": [333, 334, 335], "20": [], "21": [332, 335], "22": [333, 334, 335], "23": [332], "24": [332, 333], "25": [335], "26": [332, 334, 335], "27": [335], "28": [], "29": [333], "30": [], "31": [334], "32": [332, 333], "33": [334], "34": [332, 333, 334, 335], "35": [333, 334, 335], "36": [333, 334, 335], "37": [334, 335], "38": [332, 334, 335], "39": [332, 334], "40": [332, 333], "41": [332, 334, 335], "42": [332, 333, 334], "43": [332, 333, 334, 335], "44": [332, 333, 334, 335], "45": [335], "46": [332, 334], "47": [333], "48": [332, 334, 335], "49": [335], "50": [333, 334, 335], "51": [332, 335], "52": [335], "53": [333, 335], "54": [333, 334, 335], "55": [332, 333, 335], "56": [333, 334], "57": [333, 334], "58": [332, 333, 335], "59": [332, 333, 334], "60": [333, 334, 335], "61": [332, 333, 334], "62": [332, 333], "63": [332, 333], "64": [333, 335], "65": [332, 335], "66": [332, 333, 334], "67": [332, 334, 335], "68": [332, 334], "69": [334, 335], "70": [332, 333, 334], "71": [], "72": [332, 333], "73": [332, 335], "74": [334, 335], "75": [333], "76": [333, 334], "77": [333, 334], "78": [334], "79": [332, 333, 334, 335], "80": [335], "81": [332], "82": [333, 335], "83": [332, 334], "84": [334], "85": [332], "86": [333, 335], "87": [332], "88": [333, 335], "89": [333], "90": [333], "91": [], "92": [334, 335], "93": [335], "94": [335], "95": [332, 333], "96": [333, 334], "97": [334], "98": [333, 335], "99": [], "100": [334], "101": [332, 333, 335], "102": [335], "103": [332, 333], "104": [332, 333], "105": [332, 333, 335], "106": [332], "107": [332, 333, 334, 335], "108": [333, 335], "109": [334], "110": [332, 335], "111": [332, 334], "112": [332, 333], "113": [], "114": [332, 335], "115": [332, 335], "116": [332, 335], "117": [332, 335], "118": [333, 334, 335], "119": [334], "120": [332, 333, 334, 335], "121": [332, 333, 334, 335], "122": [332, 333], "123": [332, 333, 334], "124": [332, 333], "125": [333, 335], "126": [332, 333], "127": [332, 333], "128": [332, 334, 335], "129": [332], "130": [333, 334], "131": [332, 333, 335], "132": [333, 334], "133": [332, 333, 334], "134": [332, 335], "135": [335], "136": [333, 334], "137": [], "138": [332, 333, 335], "139": [334], "140": [334, 335], "141": [333, 334, 335], "142": [333, 335], "143": [333, 334, 335], "144": [333, 334], "145": [333, 334], "146": [334], "147": [335], "148": [334], "149": [334], "150": [333, 334], "151": [332, 333], "152": [333, 334, 335], "153": [333, 334], "154": [332], "155": [333, 335], "156": [333, 334], "157": [333, 334, 335], "158": [333, 335], "159": [332, 335], "160": [], "161": [332, 333], "162": [332, 334], "163": [332, 334], "164": [332, 333, 335], "165": [],