{"frame_second": "1400", "pedestrian_list": [{"radius": 0.3, "out_group_a_strength": 12.5, "out_group_r_range": 2.0, "pedestrian_id": 152, "friend_zone": [140, 144, 92, 75, 133, 126, 123, 59, 44, 89, 51, 117, 132, 52, 8, 67, 43, 71, 6, 70, 94, 3, 29, 143, 28, 156, 47, 145, 100, 83, 34, 63, 12, 108, 114, 5, 53, 141, 69, 137, 61, 148, 90, 74, 78, 48, 113, 73, 124, 23, 142, 96, 24, 19, 98, 119, 40, 38, 7, 159, 1, 146, 127, 99, 14, 134, 60, 130, 27, 77, 45, 88, 42, 107, 21, 20, 31, 95], "target": [35.0, 25.0], "out_group_r_strength": 64.0, "target_a_strength": 22000000000, "in_group_r_strength": 40, "attractor_count": 78, "position": [-66.36375153029526, 18.19341166639706], "in_group_r_range": 2.0, "out_group_a_range": 2.8, "group_id": 0, "target_a_range": 435, "in_group_a_range": 2.8, "in_group_a_strength": 20}, {"radius": 0.3, "out_group_a_strength": 12.5, "out_group_r_range": 2.0, "pedestrian_id": 153, "friend_zone": [49, 31, 5, 94, 129, 131, 78, 60, 24, 62, 114, 17, 137, 79, 93, 140, 123, 13, 10, 68, 118, 136, 112, 0, 120, 54, 6, 141, 8, 39, 146, 7, 75, 124, 58, 133, 42, 22, 48, 90, 110, 130, 84, 102, 106, 82, 76, 55, 125, 18, 61, 127, 71, 132, 97, 40, 142, 20, 63, 3, 121, 101, 33, 89, 134, 28, 57, 46, 27, 45, 36, 30, 47, 32, 143, 115, 149, 122], "target": [35.0, 25.0], "out_group_r_strength": 64.0, "target_a_strength": 22000000000, "in_group_r_strength": 40, "attractor_count": 78, "position": [-44.91002266575579, 26.642077796212433], "in_group_r_range": 2.0, "out_group_a_range": 2.8, "group_id": 0, "target_a_range": 435, "in_group_a_range": 2.8, "in_group_a_strength": 20}, {"radius": 0.3, "out_group_a_strength": 12.5, "out_group_r_range": 2.0, "pedestrian_id": 154, "friend_zone": [101, 149, 2, 84, 72, 67, 20, 83, 94, 25, 81, 131, 100, 46, 49, 36, 119, 138, 120, 87, 151, 76, 7, 97, 96, 106, 34, 0, 31, 64, 40, 95, 148, 126, 89, 41, 18, 146, 23, 132, 62, 86, 27, 145, 37, 136, 10, 127, 17, 35, 29, 140, 71, 108, 70, 109, 91, 69, 150, 158, 142, 99, 92, 5, 105, 77, 79, 55, 82, 60, 14, 24, 56, 6, 44, 19, 113, 30], "target": [35.0, 25.0], "out_group_r_strength": 64.0, "target_a_strength": 22000000000, "in_group_r_strength": 40, "attractor_count": 78, "position": [-44.285314079366046, 14.279317958715582], "in_group_r_range": 2.0, "out_group_a_range": 2.8, "group_id": 1, "target_a_range": 435, "in_group_a_range": 2.8, "in_group_a_strength": 20}, {"radius": 0.3, "out_group_a_strength": 12.5, "out_group_r_range": 2.0, "pedestrian_id": 155, "friend_zone": [81, 72, 32, 57, 113, 47, 22, 30, 53, 34, 109, 54, 69, 50, 139, 128, 124, 156, 7, 100, 24, 42, 158, 107, 120, 26, 157, 38, 5, 126, 112, 119, 13, 84, 111, 67, 15, 6, 134, 144, 90, 27, 49, 29, 71, 93, 78, 127, 75, 73, 149, 66, 12, 35, 143, 21, 99, 91, 102, 8, 95, 16, 94, 86, 63, 10, 4, 20, 96, 46, 138, 43, 98, 87, 122, 116, 33, 56], "target": [35.0, 25.0], "out_group_r_strength": 64.0, "target_a_strength": 22000000000, "in_group_r_strength": 40, "attractor_count": 78, "position": [-48.18467338830447, 24.012521102828856], "in_group_r_range": 2.0, "out_group_a_range": 2.8, "group_id": 1, "target_a_range": 435, "in_group_a_range": 2.8, "in_group_a_strength": 20}], "additional_id_existed_ped": {"0": [152, 153, 155], "1": [152, 153, 155], "2": [152, 153, 154], "3": [152, 154], "4": [154], "5": [154, 155], "6": [154, 155], "7": [153], "8": [], "9": [152, 153], "10": [152, 153, 155], "11": [152, 155], "12": [152, 154, 155], "13": [153, 154, 155], "14": [152, 153, 155], "15": [], "16": [152, 154], "17": [152, 153, 155], "18": [152, 153, 154], "19": [153, 154, 155], "20": [152, 153, 154], "21": [152], "22": [154], "23": [152, 153, 154, 155], "24": [152, 153, 155], "25": [152, 153, 154, 155], "26": [152, 154, 155], "27": [155], "28": [152, 155], "29": [153, 154], "30": [153, 155], "31": [152, 155], "32": [153], "33": [153], "34": [153, 154, 155], "35": [154, 155], "36": [153], "37": [155], "38": [152, 155], "39": [152, 153, 154, 155], "40": [153], "41": [153], "42": [152, 153], "43": [152], "44": [154], "45": [153, 154, 155], "46": [152, 153], "47": [152, 153, 154, 155], "48": [152, 153], "49": [154, 155], "50": [], "51": [152, 153], "52": [152, 154], "53": [], "54": [152, 154, 155], "55": [152, 153], "56": [154], "57": [153, 154, 155], "58": [153, 154], "59": [154], "60": [154], "61": [152], "62": [153], "63": [153, 154, 155], "64": [152, 153, 155], "65": [152, 153, 154, 155], "66": [153, 154, 155], "67": [152, 153, 155], "68": [152, 154, 155], "69": [152, 153, 154, 155], "70": [153], "71": [154, 155], "72": [], "73": [154, 155], "74": [154, 155], "75": [153, 155], "76": [154, 155], "77": [152, 154], "78": [155], "79": [153, 154, 155], "80": [152, 155], "81": [], "82": [152, 153, 154, 155], "83": [153, 154], "84": [152], "85": [152, 153], "86": [154, 155], "87": [152, 154, 155], "88": [], "89": [152, 153], "90": [152], "91": [152, 154, 155], "92": [152, 154], "93": [152, 153, 154, 155], "94": [153, 154], "95": [152, 153, 154], "96": [], "97": [154], "98": [153], "99": [152, 153], "100": [152, 153, 155], "101": [152, 154], "102": [154, 155], "103": [153], "104": [152, 153, 155], "105": [], "106": [152, 153, 155], "107": [153, 154, 155], "108": [152, 153, 154], "109": [152], "110": [152, 153, 154], "111": [153], "112": [153, 154], "113": [153], "114": [152, 155], "115": [153, 155], "116": [], "117": [152, 154], "118": [154, 155], "119": [152, 154, 155], "120": [152, 154, 155], "121": [153], "122": [154, 155], "123": [153, 155], "124": [154], "125": [152, 155], "126": [], "127": [152, 153, 154, 155], "128": [152, 153, 154], "129": [155], "130": [152, 154], "131": [], "132": [152, 155], "133": [152, 153], "134": [152, 154], "135": [153, 154], "136": [152, 154, 155], "137": [152, 153, 154, 155], "138": [153], "139": [152], "140": [152, 155], "141": [153, 155], "142": [152, 154, 155], "143": [152], "144": [152, 153, 154], "145": [153, 154, 155], "146": [], "147": [154, 155], "148": [152, 153, 154, 155], "149": [155], "150": [154, 155], "151": [153, 154, 155], "156": [154], "157": [153, 155], "158": [152, 155], "159": [152, 153]}}