{"frame_second": "200", "pedestrian_list": [{"radius": 0.3, "out_group_a_strength": 12.5, "out_group_r_range": 2.0, "pedestrian_id": 60, "friend_zone": [30, 48, 46, 25, 3, 16, 15, 12, 6, 24, 28, 49, 32, 14, 35, 54, 45, 29, 58, 11, 36, 7, 34, 44, 41, 8, 9, 39, 23, 31], "target": [35.0, 25.0], "out_group_r_strength": 64.0, "target_a_strength": 22000000000, "in_group_r_strength": 40, "attractor_count": 30, "position": [119.49703970083627, 35.72132959272198], "in_group_r_range": 2.0, "out_group_a_range": 2.8, "group_id": 0, "target_a_range": 435, "in_group_a_range": 2.8, "in_group_a_strength": 20}, {"radius": 0.3, "out_group_a_strength": 12.5, "out_group_r_range": 2.0, "pedestrian_id": 61, "friend_zone": [34, 44, 23, 21, 56, 59, 50, 33, 39, 14, 15, 7, 48, 53, 6, 12, 17, 25, 10, 20, 3, 57, 11, 52, 28, 22, 29, 47, 19, 13], "target": [35.0, 25.0], "out_group_r_strength": 64.0, "target_a_strength": 22000000000, "in_group_r_strength": 40, "attractor_count": 30, "position": [125.31265804234576, 23.359235402391477], "in_group_r_range": 2.0, "out_group_a_range": 2.8, "group_id": 0, "target_a_range": 435, "in_group_a_range": 2.8, "in_group_a_strength": 20}, {"radius": 0.3, "out_group_a_strength": 12.5, "out_group_r_range": 2.0, "pedestrian_id": 62, "friend_zone": [40, 1, 36, 2, 56, 34, 28, 53, 57, 14, 11, 9, 15, 52, 54, 26, 58, 47, 33, 49, 44, 19, 12, 25, 5, 30, 18, 8, 50, 20], "target": [35.0, 25.0], "out_group_r_strength": 64.0, "target_a_strength": 22000000000, "in_group_r_strength": 40, "attractor_count": 30, "position": [124.67711226722088, 16.868255650129832], "in_group_r_range": 2.0, "out_group_a_range": 2.8, "group_id": 1, "target_a_range": 435, "in_group_a_range": 2.8, "in_group_a_strength": 20}, {"radius": 0.3, "out_group_a_strength": 12.5, "out_group_r_range": 2.0, "pedestrian_id": 63, "friend_zone": [32, 56, 11, 2, 58, 40, 8, 30, 41, 22, 4, 37, 9, 25, 48, 7, 45, 21, 36, 17, 43, 38, 18, 59, 0, 42, 16, 28, 10, 34], "target": [35.0, 25.0], "out_group_r_strength": 64.0, "target_a_strength": 22000000000, "in_group_r_strength": 40, "attractor_count": 30, "position": [127.94077977039302, 21.428957413621312], "in_group_r_range": 2.0, "out_group_a_range": 2.8, "group_id": 1, "target_a_range": 435, "in_group_a_range": 2.8, "in_group_a_strength": 20}], "additional_id_existed_ped": {"0": [61, 63], "1": [60, 62, 63], "2": [60], "3": [60, 61, 62], "4": [61, 63], "5": [60, 61, 62], "6": [60], "7": [61, 62], "8": [60, 63], "9": [60, 63], "10": [61], "11": [60, 63], "12": [63], "13": [60, 62, 63], "14": [60, 61, 62], "15": [60, 61, 63], "16": [61, 62], "17": [61, 62], "18": [61], "19": [60, 63], "20": [60, 62], "21": [61, 62, 63], "22": [62, 63], "23": [60, 63], "24": [61, 63], "25": [61, 62], "26": [61, 62], "27": [60, 62, 63], "28": [61, 62], "29": [61, 62], "30": [60, 62, 63], "31": [62], "32": [60, 61, 62], "33": [63], "34": [], "35": [61, 62], "36": [60, 63], "37": [63], "38": [60, 61, 63], "39": [62, 63], "40": [60, 61, 62], "41": [60, 61], "42": [61, 62, 63], "43": [60, 61, 62], "44": [61], "45": [61, 62], "46": [60, 63], "47": [60, 62, 63], "48": [60, 62], "49": [63], "50": [60], "51": [61, 62, 63], "52": [60, 61, 63], "53": [], "54": [60, 61, 62, 63], "55": [60], "56": [62, 63], "57": [60], "58": [61], "59": [63]}}