{"frame_second": "700", "pedestrian_list": [{"radius": 0.3, "out_group_a_strength": 12.5, "out_group_r_range": 2.0, "pedestrian_id": 96, "friend_zone": [4, 38, 66, 71, 62, 89, 80, 103, 70, 19, 22, 81, 90, 20, 47, 93, 82, 32, 0, 30, 14, 102, 36, 69, 72, 83, 12, 60, 56, 92, 75, 3, 23, 24, 42, 18, 51, 61, 40, 50, 55, 46, 94, 2, 13, 28, 63, 58, 65, 10], "target": [35.0, 25.0], "out_group_r_strength": 64.0, "target_a_strength": 22000000000, "in_group_r_strength": 40, "attractor_count": 50, "position": [-41.69992475106472, 15.559535058204414], "in_group_r_range": 2.0, "out_group_a_range": 2.8, "group_id": 0, "target_a_range": 435, "in_group_a_range": 2.8, "in_group_a_strength": 20}, {"radius": 0.3, "out_group_a_strength": 12.5, "out_group_r_range": 2.0, "pedestrian_id": 97, "friend_zone": [24, 87, 16, 71, 9, 53, 88, 15, 36, 25, 28, 93, 47, 5, 46, 92, 31, 8, 54, 40, 11, 79, 59, 57, 2, 62, 77, 0, 84, 82, 63, 1, 37, 60, 13, 72, 39, 12, 30, 56, 21, 27, 55, 58, 66, 20, 18, 78, 61, 65], "target": [35.0, 25.0], "out_group_r_strength": 64.0, "target_a_strength": 22000000000, "in_group_r_strength": 40, "attractor_count": 50, "position": [-55.31314771411803, 29.897648212587196], "in_group_r_range": 2.0, "out_group_a_range": 2.8, "group_id": 0, "target_a_range": 435, "in_group_a_range": 2.8, "in_group_a_strength": 20}, {"radius": 0.3, "out_group_a_strength": 12.5, "out_group_r_range": 2.0, "pedestrian_id": 98, "friend_zone": [43, 83, 47, 94, 17, 72, 22, 20, 51, 21, 48, 46, 66, 3, 82, 76, 74, 91, 79, 19, 80, 52, 24, 29, 70, 23, 33, 84, 0, 87, 92, 60, 63, 89, 10, 54, 4, 102, 28, 65, 69, 25, 59, 88, 12, 49, 57, 77, 101, 103], "target": [35.0, 25.0], "out_group_r_strength": 64.0, "target_a_strength": 22000000000, "in_group_r_strength": 40, "attractor_count": 50, "position": [-40.36688632131013, 25.310113917784584], "in_group_r_range": 2.0, "out_group_a_range": 2.8, "group_id": 1, "target_a_range": 435, "in_group_a_range": 2.8, "in_group_a_strength": 20}, {"radius": 0.3, "out_group_a_strength": 12.5, "out_group_r_range": 2.0, "pedestrian_id": 99, "friend_zone": [24, 34, 59, 40, 64, 49, 0, 56, 15, 29, 2, 92, 62, 83, 78, 86, 8, 9, 53, 26, 58, 1, 87, 70, 81, 85, 16, 65, 19, 25, 3, 79, 93, 57, 10, 30, 91, 5, 22, 44, 4, 88, 37, 102, 82, 66, 60, 77, 17, 63], "target": [35.0, 25.0], "out_group_r_strength": 64.0, "target_a_strength": 22000000000, "in_group_r_strength": 40, "attractor_count": 50, "position": [-68.3200688160049, 24.00867214485095], "in_group_r_range": 2.0, "out_group_a_range": 2.8, "group_id": 1, "target_a_range": 435, "in_group_a_range": 2.8, "in_group_a_strength": 20}], "additional_id_existed_ped": {"0": [99], "1": [96, 97], "2": [98, 99], "3": [97, 99], "4": [96], "5": [96, 97, 98, 99], "6": [96, 97, 99], "7": [96, 98], "8": [96, 97, 98], "9": [96, 97, 99], "10": [98], "11": [96, 98, 99], "12": [98], "13": [96, 97, 99], "14": [97], "15": [97, 98], "16": [96, 97, 98, 99], "17": [97, 98, 99], "18": [97, 98, 99], "19": [96, 98], "20": [96], "21": [96, 97, 98], "22": [], "23": [], "24": [97, 99], "25": [], "26": [97, 98], "27": [], "28": [], "29": [97, 98], "30": [99], "31": [96, 98], "32": [96, 97, 99], "33": [96, 97, 99], "34": [97, 99], "35": [97, 98], "36": [96, 98], "37": [97, 99], "38": [96, 97, 98, 99], "39": [97], "40": [96], "41": [96, 98, 99], "42": [96, 97, 98, 99], "43": [96, 98, 99], "44": [97], "45": [98], "46": [96, 97, 98], "47": [97], "48": [96, 97, 98, 99], "49": [96, 99], "50": [97, 98], "51": [96, 97, 98], "52": [96, 97], "53": [96, 97, 99], "54": [96, 97], "55": [96, 99], "56": [], "57": [98, 99], "58": [97, 99], "59": [98, 99], "60": [96, 98, 99], "61": [97, 98], "62": [98, 99], "63": [], "64": [], "65": [97, 98, 99], "66": [96, 97, 98], "67": [98], "68": [98, 99], "69": [96, 97, 99], "70": [96, 98, 99], "71": [96, 97, 99], "72": [98], "73": [99], "74": [98, 99], "75": [98, 99], "76": [96, 99], "77": [96, 98, 99], "78": [99], "79": [98, 99], "80": [96, 99], "81": [98], "82": [96, 97], "83": [96, 99], "84": [97, 98], "85": [97, 99], "86": [98], "87": [96], "88": [96], "89": [96, 97, 99], "90": [96, 97, 99], "91": [96, 97, 98, 99], "92": [96, 98], "93": [97, 98], "94": [96, 98], "95": [96], "100": [96, 97, 99], "101": [96, 97], "102": [97, 99], "103": [97, 98]}}