{"frame_second": "2900", "pedestrian_list": [{"radius": 0.3, "out_group_a_strength": 12.5, "out_group_r_range": 2.0, "pedestrian_id": 276, "friend_zone": [224, 244, 161, 10, 181, 15, 250, 135, 130, 184, 46, 180, 78, 186, 70, 67, 31, 251, 127, 226, 136, 100, 55, 248, 52, 238, 54, 121, 206, 263, 194, 75, 193, 271, 213, 162, 138, 171, 116, 125, 87, 21, 188, 4, 149, 114, 203, 48, 256, 221, 247, 12, 132, 44, 205, 98, 179, 253, 144, 37, 40, 268, 150, 169, 140, 81, 38, 1, 159, 26, 174, 146, 49, 128, 30, 111, 51, 160, 28, 143, 220, 97, 217, 255, 168, 156, 105, 110, 153, 241, 237, 8, 7, 172, 201, 240, 92, 207, 32, 77, 123, 209, 20, 25, 215, 95, 208, 50, 196, 65, 14, 166, 260, 106, 96, 39, 74, 85, 189, 80, 229, 43, 275, 231, 2, 257, 175, 45, 142, 76, 259, 233, 23, 165, 115, 24, 118, 192], "target": [35.0, 25.0], "out_group_r_strength": 64.0, "target_a_strength": 22000000000, "in_group_r_strength": 40, "attractor_count": 138, "position": [135.70984509627792, 21.41477261262382], "in_group_r_range": 2.0, "out_group_a_range": 2.8, "group_id": 0, "target_a_range": 435, "in_group_a_range": 2.8, "in_group_a_strength": 20}, {"radius": 0.3, "out_group_a_strength": 12.5, "out_group_r_range": 2.0, "pedestrian_id": 277, "friend_zone": [132, 34, 48, 4, 194, 210, 142, 68, 15, 231, 120, 161, 12, 83, 36, 218, 0, 197, 208, 186, 149, 170, 67, 11, 18, 121, 23, 103, 91, 272, 200, 74, 5, 237, 111, 112, 79, 245, 187, 44, 168, 24, 162, 100, 181, 174, 266, 268, 140, 221, 256, 249, 232, 118, 269, 145, 57, 243, 43, 97, 131, 185, 233, 37, 73, 260, 216, 52, 31, 250, 53, 139, 265, 106, 212, 123, 236, 16, 267, 7, 39, 60, 136, 93, 217, 133, 17, 71, 25, 134, 27, 146, 184, 224, 180, 229, 195, 55, 105, 128, 22, 240, 178, 76, 165, 108, 99, 154, 144, 207, 110, 203, 14, 160, 175, 172, 114, 104, 273, 228, 163, 271, 95, 193, 90, 20, 252, 254, 158, 54, 81, 122, 206, 213, 258, 86, 10, 156], "target": [35.0, 25.0], "out_group_r_strength": 64.0, "target_a_strength": 22000000000, "in_group_r_strength": 40, "attractor_count": 138, "position": [133.14997467560443, 14.920156334094875], "in_group_r_range": 2.0, "out_group_a_range": 2.8, "group_id": 0, "target_a_range": 435, "in_group_a_range": 2.8, "in_group_a_strength": 20}, {"radius": 0.3, "out_group_a_strength": 12.5, "out_group_r_range": 2.0, "pedestrian_id": 278, "friend_zone": [89, 37, 70, 135, 97, 107, 77, 157, 240, 159, 254, 228, 180, 139, 211, 137, 229, 138, 259, 132, 236, 19, 218, 217, 101, 6, 230, 264, 128, 216, 235, 84, 167, 112, 116, 192, 67, 173, 239, 267, 109, 14, 136, 243, 130, 110, 162, 83, 271, 131, 48, 166, 179, 274, 161, 111, 49, 177, 150, 127, 36, 7, 206, 51, 255, 95, 199, 35, 148, 118, 152, 249, 181, 193, 241, 55, 151, 115, 275, 71, 69, 174, 247, 251, 54, 122, 74, 123, 86, 190, 52, 237, 21, 12, 94, 81, 31, 73, 203, 64, 0, 82, 56, 176, 145, 189, 262, 23, 212, 215, 108, 126, 246, 39, 187, 224, 102, 32, 185, 269, 250, 76, 79, 163, 183, 103, 18, 165, 44, 106, 29, 223, 146, 58, 272, 104, 53, 232], "target": [35.0, 25.0], "out_group_r_strength": 64.0, "target_a_strength": 22000000000, "in_group_r_strength": 40, "attractor_count": 138, "position": [129.22149951404916, 14.943990865629882], "in_group_r_range": 2.0, "out_group_a_range": 2.8, "group_id": 1, "target_a_range": 435, "in_group_a_range": 2.8, "in_group_a_strength": 20}, {"radius": 0.3, "out_group_a_strength": 12.5, "out_group_r_range": 2.0, "pedestrian_id": 279, "friend_zone": [18, 66, 163, 212, 82, 63, 105, 171, 79, 45, 113, 137, 6, 259, 37, 15, 119, 25, 225, 255, 252, 231, 176, 199, 166, 103, 191, 187, 161, 217, 92, 52, 195, 222, 107, 258, 88, 140, 110, 216, 46, 196, 236, 84, 122, 164, 149, 206, 34, 9, 263, 170, 49, 245, 11, 10, 86, 89, 180, 153, 274, 56, 87, 68, 229, 91, 72, 75, 35, 143, 144, 220, 242, 98, 214, 125, 102, 228, 265, 186, 115, 240, 36, 126, 99, 77, 165, 80, 3, 147, 213, 132, 1, 60, 41, 38, 21, 20, 51, 19, 221, 190, 184, 96, 127, 156, 57, 202, 64, 40, 159, 200, 93, 244, 249, 131, 33, 133, 272, 210, 65, 44, 141, 181, 254, 275, 100, 256, 247, 5, 182, 243, 101, 8, 116, 139, 2, 22], "target": [35.0, 25.0], "out_group_r_strength": 64.0, "target_a_strength": 22000000000, "in_group_r_strength": 40, "attractor_count": 138, "position": [120.79058186274744, 35.095400216506356], "in_group_r_range": 2.0, "out_group_a_range": 2.8, "group_id": 1, "target_a_range": 435, "in_group_a_range": 2.8, "in_group_a_strength": 20}], "additional_id_existed_ped": {"0": [276, 278, 279], "1": [277, 278, 279], "2": [278, 279], "3": [277], "4": [279], "5": [276], "6": [276, 277, 278, 279], "7": [277, 278, 279], "8": [276, 277, 278], "9": [276, 277], "10": [277, 279], "11": [279], "12": [277, 278], "13": [276, 277, 279], "14": [277, 278, 279], "15": [276, 278, 279], "16": [276], "17": [278], "18": [276, 277, 278], "19": [276], "20": [277], "21": [277, 278], "22": [276, 277, 279], "23": [276, 277], "24": [276, 277, 278], "25": [276, 278], "26": [276, 279], "27": [276, 278, 279], "28": [276, 278, 279], "29": [278, 279], "30": [277, 278], "31": [277, 278], "32": [277, 278], "33": [276, 278], "34": [276], "35": [279], "36": [276, 277, 278], "37": [278], "38": [277, 278, 279], "39": [279], "40": [276, 277, 278], "41": [277], "42": [276, 277], "43": [277, 279], "44": [277, 279], "45": [276, 277], "46": [276], "47": [277], "48": [], "49": [276, 277], "50": [276], "51": [277, 278], "52": [276, 278, 279], "53": [276, 277, 279], "54": [276, 279], "55": [277, 279], "56": [277], "57": [277, 278, 279], "58": [278, 279], "59": [276, 277], "60": [277, 279], "61": [276, 279], "62": [277, 278, 279], "63": [276, 277, 279], "64": [276, 277], "65": [277, 278, 279], "66": [276, 277], "67": [278], "68": [276, 278, 279], "69": [278, 279], "70": [276, 278], "71": [276, 278], "72": [278], "73": [277, 279], "74": [277, 278], "75": [276, 277], "76": [276], "77": [277, 278, 279], "78": [276, 277, 278, 279], "79": [], "80": [276, 277], "81": [276, 277, 279], "82": [], "83": [278, 279], "84": [279], "85": [276, 277, 278], "86": [276], "87": [277, 279], "88": [276, 278, 279], "89": [277], "90": [278, 279], "91": [], "92": [276, 279], "93": [276, 277], "94": [276, 277], "95": [276, 279], "96": [276, 277, 279], "97": [276, 277], "98": [276, 277, 278], "99": [], "100": [276, 277, 278, 279], "101": [278], "102": [276, 277, 278, 279], "103": [276, 277, 278], "104": [278, 279], "105": [276], "106": [276], "107": [277, 278], "108": [277], "109": [276, 277, 278], "110": [277, 279], "111": [277, 279], "112": [], "113": [278], "114": [], "115": [276, 277], "116": [279], "117": [278], "118": [276, 279], "119": [277, 279], "120": [276, 277, 278, 279], "121": [277, 279], "122": [279], "123": [277], "124": [276, 277, 278], "125": [277, 278, 279], "126": [276], "127": [276, 277, 278], "128": [278], "129": [278], "130": [276], "131": [279], "132": [278, 279], "133": [276, 278, 279], "134": [279], "135": [278, 279], "136": [276, 279], "137": [279], "138": [276, 277, 278], "139": [276, 277, 278, 279], "140": [276, 278, 279], "141": [276, 277, 278, 279], "142": [276, 278, 279], "143": [276, 279], "144": [278, 279], "145": [276, 279], "146": [276, 279], "147": [278, 279], "148": [276, 277, 279], "149": [], "150": [277], "151": [278], "152": [276, 278], "153": [279], "154": [278, 279], "155": [276, 279], "156": [276, 278], "157": [279], "158": [277, 279], "159": [276, 278, 279], "160": [276, 277, 278], "161": [278], "162": [277, 278, 279], "163": [276, 279], "164": [277, 279], "165": [277, 279], "166": [276, 277, 278], "167": [278, 279], "168": [276, 278], "169": [278, 279], "170": [277, 279], "171": [279], "172": [277, 279], "173": [277, 278], "174": [276, 277, 278, 279], "175": [278], "176": [276, 278], "177": [276, 278], "178": [276, 279], "179": [279], "180": [277], "181": [277, 278, 279], "182": [278], "183": [277, 279], "184": [278], "185": [276, 277, 279], "186": [276, 277, 278, 279], "187": [277, 278], "188": [276, 277, 278], "189": [278], "190": [276, 277], "191": [278, 279], "192": [276, 279], "193": [276], "194": [276, 277, 278, 279],