{"frame_second": "1700", "pedestrian_list": [{"radius": 0.3, "out_group_a_strength": 12.5, "out_group_r_range": 2.0, "pedestrian_id": 176, "friend_zone": [77, 13, 69, 49, 168, 62, 142, 26, 16, 151, 59, 169, 0, 51, 152, 100, 153, 118, 44, 9, 136, 115, 81, 43, 39, 78, 124, 42, 53, 165, 40, 56, 36, 134, 68, 67, 166, 120, 127, 79, 55, 112, 82, 21, 125, 84, 162, 12, 19, 173, 144, 24, 160, 35, 4, 75, 149, 161, 123, 41, 110, 29, 91, 117, 80, 156, 138, 47, 8, 158, 126, 94, 92, 174, 73, 89, 33, 52, 17, 103, 111, 148, 113, 105, 96, 95, 88, 86, 83, 7], "target": [35.0, 25.0], "out_group_r_strength": 64.0, "target_a_strength": 22000000000, "in_group_r_strength": 40, "attractor_count": 90, "position": [-47.519184663191574, 35.06367013288649], "in_group_r_range": 2.0, "out_group_a_range": 2.8, "group_id": 0, "target_a_range": 435, "in_group_a_range": 2.8, "in_group_a_strength": 20}, {"radius": 0.3, "out_group_a_strength": 12.5, "out_group_r_range": 2.0, "pedestrian_id": 177, "friend_zone": [120, 90, 129, 113, 115, 125, 7, 64, 94, 100, 75, 127, 142, 77, 159, 15, 112, 167, 121, 8, 66, 146, 76, 53, 124, 21, 60, 30, 169, 27, 13, 74, 5, 55, 98, 24, 171, 31, 69, 61, 144, 147, 28, 106, 72, 111, 160, 81, 51, 141, 126, 29, 44, 91, 43, 130, 173, 165, 158, 181, 114, 78, 132, 49, 47, 101, 86, 84, 48, 57, 104, 155, 108, 14, 2, 97, 175, 70, 168, 79, 143, 162, 96, 62, 38, 6, 42, 109, 3, 20], "target": [35.0, 25.0], "out_group_r_strength": 64.0, "target_a_strength": 22000000000, "in_group_r_strength": 40, "attractor_count": 90, "position": [-49.47777642682357, 15.593662044983494], "in_group_r_range": 2.0, "out_group_a_range": 2.8, "group_id": 0, "target_a_range": 435, "in_group_a_range": 2.8, "in_group_a_strength": 20}, {"radius": 0.3, "out_group_a_strength": 12.5, "out_group_r_range": 2.0, "pedestrian_id": 178, "friend_zone": [109, 62, 79, 18, 25, 153, 94, 140, 41, 28, 10, 20, 73, 146, 71, 143, 43, 158, 112, 161, 164, 47, 170, 27, 36, 72, 148, 48, 3, 80, 181, 34, 67, 29, 97, 172, 82, 105, 37, 45, 111, 26, 167, 165, 171, 68, 142, 166, 113, 160, 33, 66, 106, 8, 64, 4, 2, 5, 86, 130, 99, 60, 69, 169, 88, 117, 13, 15, 134, 101, 23, 19, 14, 137, 6, 128, 7, 9, 91, 84, 81, 1, 50, 131, 49, 35, 98, 118, 12, 52], "target": [35.0, 25.0], "out_group_r_strength": 64.0, "target_a_strength": 22000000000, "in_group_r_strength": 40, "attractor_count": 90, "position": [-64.44459679462061, 28.556013597426137], "in_group_r_range": 2.0, "out_group_a_range": 2.8, "group_id": 1, "target_a_range": 435, "in_group_a_range": 2.8, "in_group_a_strength": 20}, {"radius": 0.3, "out_group_a_strength": 12.5, "out_group_r_range": 2.0, "pedestrian_id": 179, "friend_zone": [57, 79, 155, 67, 91, 89, 5, 153, 169, 168, 74, 167, 44, 165, 49, 52, 108, 120, 156, 107, 133, 119, 4, 140, 162, 36, 143, 13, 175, 75, 9, 40, 183, 45, 7, 80, 94, 86, 87, 73, 50, 63, 11, 2, 35, 95, 146, 39, 116, 65, 12, 32, 170, 55, 124, 161, 111, 105, 19, 37, 130, 118, 78, 137, 21, 100, 181, 26, 99, 152, 128, 15, 0, 98, 154, 27, 180, 59, 139, 117, 145, 136, 182, 82, 14, 103, 109, 60, 141, 166], "target": [35.0, 25.0], "out_group_r_strength": 64.0, "target_a_strength": 22000000000, "in_group_r_strength": 40, "attractor_count": 90, "position": [-65.06505591416358, 14.912962513538446], "in_group_r_range": 2.0, "out_group_a_range": 2.8, "group_id": 1, "target_a_range": 435, "in_group_a_range": 2.8, "in_group_a_strength": 20}], "additional_id_existed_ped": {"0": [176, 179], "1": [179], "2": [176, 179], "3": [176, 177], "4": [178, 179], "5": [178], "6": [176, 178, 179], "7": [176], "8": [176, 178, 179], "9": [177, 179], "10": [176], "11": [177, 178], "12": [176, 177, 178, 179], "13": [177, 179], "14": [176, 177, 178], "15": [176, 177], "16": [176, 178], "17": [176, 177], "18": [177, 178, 179], "19": [178], "20": [176, 177, 178, 179], "21": [177, 179], "22": [176, 179], "23": [177, 179], "24": [], "25": [178], "26": [176, 177], "27": [177, 178], "28": [176, 178, 179], "29": [176, 177, 179], "30": [176], "31": [176, 177, 179], "32": [176, 177], "33": [176, 177, 178, 179], "34": [176, 177, 179], "35": [177, 178, 179], "36": [176], "37": [176, 177, 178, 179], "38": [176, 178, 179], "39": [177, 178], "40": [176, 179], "41": [176, 177, 178, 179], "42": [176, 177], "43": [], "44": [176, 179], "45": [178], "46": [176, 178], "47": [178, 179], "48": [176, 177], "49": [176, 178, 179], "50": [177, 179], "51": [176, 177, 178, 179], "52": [176, 178], "53": [176], "54": [177, 179], "55": [177, 178, 179], "56": [176], "57": [177, 178], "58": [176, 177], "59": [176, 177, 178, 179], "60": [176, 178], "61": [177, 179], "62": [178], "63": [177, 178, 179], "64": [176, 177], "65": [178], "66": [179], "67": [176, 177, 178], "68": [177, 178], "69": [], "70": [177], "71": [178, 179], "72": [177], "73": [176, 178, 179], "74": [176, 179], "75": [176, 178], "76": [176, 177, 179], "77": [179], "78": [176, 177], "79": [], "80": [178, 179], "81": [177, 178, 179], "82": [179], "83": [176, 177, 178], "84": [176, 177, 178], "85": [], "86": [176, 177, 178, 179], "87": [178, 179], "88": [177], "89": [176, 178], "90": [176, 177, 179], "91": [179], "92": [176, 177, 178, 179], "93": [], "94": [176, 177, 179], "95": [178, 179], "96": [176, 177, 178], "97": [176, 177], "98": [177, 178, 179], "99": [176, 179], "100": [176, 177, 178, 179], "101": [176, 177, 179], "102": [176, 178], "103": [176, 178, 179], "104": [177, 178, 179], "105": [177, 179], "106": [179], "107": [176, 177], "108": [177, 178], "109": [176, 178, 179], "110": [177, 179], "111": [179], "112": [178], "113": [177], "114": [], "115": [176], "116": [178, 179], "117": [176, 179], "118": [178], "119": [178, 179], "120": [176, 177, 179], "121": [176, 178, 179], "122": [179], "123": [176, 177, 178], "124": [176], "125": [179], "126": [178, 179], "127": [176, 177], "128": [176, 177, 178, 179], "129": [176, 179], "130": [176, 177], "131": [], "132": [178, 179], "133": [176, 177, 178, 179], "134": [176, 177], "135": [176, 177, 178, 179], "136": [177], "137": [176, 177, 179], "138": [178], "139": [176], "140": [177], "141": [176, 177, 178], "142": [177, 178, 179], "143": [178], "144": [177, 179], "145": [176, 179], "146": [], "147": [176, 177, 179], "148": [176, 177], "149": [178], "150": [178], "151": [176, 177, 179], "152": [176, 178, 179], "153": [176, 178, 179], "154": [177, 179], "155": [176, 177, 178], "156": [177, 178], "157": [178], "158": [177], "159": [177, 178], "160": [176, 178], "161": [176, 177, 179], "162": [177, 178], "163": [177], "164": [176], "165": [177, 178, 179], "166": [177], "167": [177], "168": [], "169": [178, 179], "170": [], "171": [176, 178, 179], "172": [178], "173": [177, 178, 179], "174": [176, 178], "175": [179], "180": [178, 179], "181": [177, 178], "182": [178], "183": [178]}}