{"frame_second": "1700", "pedestrian_list": [{"radius": 0.3, "out_group_a_strength": 12.5, "out_group_r_range": 2.0, "pedestrian_id": 180, "friend_zone": [33, 134, 122, 17, 164, 145, 93, 133, 22, 111, 160, 75, 142, 3, 66, 85, 37, 140, 151, 107, 167, 88, 137, 36, 92, 41, 172, 70, 62, 49, 161, 31, 40, 138, 39, 123, 105, 97, 74, 34, 26, 98, 147, 6, 21, 54, 165, 116, 8, 59, 115, 65, 5, 127, 124, 168, 121, 101, 50, 0, 136, 100, 162, 103, 120, 96, 83, 148, 29, 64, 16, 113, 71, 154, 128, 159, 89, 4, 141, 170, 131, 149, 46, 68, 139, 30, 106, 112, 67, 60], "target": [35.0, 25.0], "out_group_r_strength": 64.0, "target_a_strength": 22000000000, "in_group_r_strength": 40, "attractor_count": 90, "position": [120.78214324517661, 27.927105811167454], "in_group_r_range": 2.0, "out_group_a_range": 2.8, "group_id": 0, "target_a_range": 435, "in_group_a_range": 2.8, "in_group_a_strength": 20}, {"radius": 0.3, "out_group_a_strength": 12.5, "out_group_r_range": 2.0, "pedestrian_id": 181, "friend_zone": [143, 116, 88, 163, 90, 155, 39, 109, 62, 72, 29, 76, 98, 144, 2, 120, 173, 159, 52, 25, 0, 123, 85, 63, 4, 24, 141, 158, 36, 108, 30, 128, 18, 149, 118, 73, 175, 134, 47, 7, 44, 80, 3, 21, 127, 87, 83, 23, 157, 178, 40, 53, 82, 115, 50, 162, 121, 81, 148, 37, 139, 124, 153, 140, 41, 1, 51, 94, 35, 8, 58, 43, 55, 114, 112, 38, 74, 151, 150, 78, 68, 174, 66, 79, 65, 67, 16, 136, 91, 142], "target": [35.0, 25.0], "out_group_r_strength": 64.0, "target_a_strength": 22000000000, "in_group_r_strength": 40, "attractor_count": 90, "position": [138.98409239506523, 24.674990591425082], "in_group_r_range": 2.0, "out_group_a_range": 2.8, "group_id": 0, "target_a_range": 435, "in_group_a_range": 2.8, "in_group_a_strength": 20}, {"radius": 0.3, "out_group_a_strength": 12.5, "out_group_r_range": 2.0, "pedestrian_id": 182, "friend_zone": [44, 151, 133, 16, 114, 60, 4, 113, 65, 58, 130, 37, 178, 19, 75, 150, 57, 132, 162, 118, 144, 165, 33, 111, 36, 134, 171, 117, 124, 29, 166, 102, 85, 26, 83, 91, 69, 159, 41, 8, 61, 89, 95, 127, 153, 88, 154, 141, 177, 6, 116, 54, 90, 78, 173, 179, 39, 107, 79, 145, 48, 38, 68, 161, 129, 170, 139, 109, 34, 126, 5, 55, 56, 148, 17, 96, 123, 15, 115, 122, 22, 87, 50, 23, 147, 93, 119, 158, 160, 92], "target": [35.0, 25.0], "out_group_r_strength": 64.0, "target_a_strength": 22000000000, "in_group_r_strength": 40, "attractor_count": 90, "position": [139.63882605363858, 29.895954341067487], "in_group_r_range": 2.0, "out_group_a_range": 2.8, "group_id": 1, "target_a_range": 435, "in_group_a_range": 2.8, "in_group_a_strength": 20}, {"radius": 0.3, "out_group_a_strength": 12.5, "out_group_r_range": 2.0, "pedestrian_id": 183, "friend_zone": [138, 48, 147, 129, 6, 106, 15, 24, 172, 16, 75, 100, 133, 41, 166, 142, 81, 164, 157, 78, 108, 92, 148, 58, 176, 79, 45, 113, 8, 175, 28, 42, 73, 144, 168, 80, 140, 27, 11, 158, 177, 64, 125, 171, 87, 110, 68, 115, 13, 17, 88, 117, 26, 151, 59, 119, 155, 57, 5, 114, 21, 49, 145, 134, 179, 39, 104, 85, 146, 35, 60, 174, 131, 36, 170, 94, 149, 32, 130, 143, 43, 46, 37, 136, 33, 160, 165, 107, 14, 96], "target": [35.0, 25.0], "out_group_r_strength": 64.0, "target_a_strength": 22000000000, "in_group_r_strength": 40, "attractor_count": 90, "position": [138.9897033807877, 18.828683119727085], "in_group_r_range": 2.0, "out_group_a_range": 2.8, "group_id": 1, "target_a_range": 435, "in_group_a_range": 2.8, "in_group_a_strength": 20}], "additional_id_existed_ped": {"0": [180, 181, 183], "1": [], "2": [180, 181, 182], "3": [181, 183], "4": [183], "5": [182], "6": [182, 183], "7": [180, 181, 182, 183], "8": [180, 182], "9": [180, 181], "10": [182], "11": [180, 182, 183], "12": [181, 183], "13": [182], "14": [180, 182], "15": [180, 182, 183], "16": [180, 181, 182, 183], "17": [180, 182, 183], "18": [180, 181], "19": [180, 181], "20": [180, 181, 182, 183], "21": [183], "22": [180, 181, 183], "23": [181, 183], "24": [180, 183], "25": [], "26": [180, 182], "27": [181], "28": [181, 182, 183], "29": [180, 182, 183], "30": [181, 182, 183], "31": [180, 181, 182, 183], "32": [181, 183], "33": [180, 181], "34": [181, 183], "35": [], "36": [180, 182, 183], "37": [181, 182], "38": [181, 183], "39": [182], "40": [], "41": [], "42": [181, 182, 183], "43": [180, 183], "44": [181], "45": [181, 183], "46": [181], "47": [180, 181], "48": [], "49": [180], "50": [181, 183], "51": [182], "52": [182, 183], "53": [180, 182, 183], "54": [180], "55": [180, 182, 183], "56": [180, 181, 182, 183], "57": [180, 181, 182], "58": [181, 183], "59": [], "60": [183], "61": [180, 183], "62": [], "63": [180, 182, 183], "64": [181, 182], "65": [182], "66": [182], "67": [181], "68": [180], "69": [181, 182], "70": [180], "71": [180, 181], "72": [180, 181, 182, 183], "73": [180, 181, 183], "74": [180, 182], "75": [181, 182], "76": [180, 181, 183], "77": [182, 183], "78": [181, 183], "79": [180, 181, 182], "80": [181], "81": [181, 183], "82": [180, 181], "83": [180, 182], "84": [183], "85": [183], "86": [180, 181, 182, 183], "87": [181, 183], "88": [180, 182], "89": [180, 183], "90": [180, 182, 183], "91": [180, 181], "92": [181, 182], "93": [182], "94": [182], "95": [180, 182], "96": [183], "97": [], "98": [180], "99": [181, 183], "100": [181, 183], "101": [182], "102": [180, 181, 183], "103": [181, 182, 183], "104": [180, 182], "105": [181, 183], "106": [182, 183], "107": [181, 182, 183], "108": [183], "109": [180], "110": [180, 182], "111": [180, 181, 183], "112": [], "113": [181], "114": [180, 181, 182], "115": [], "116": [180], "117": [180, 183], "118": [181], "119": [180, 183], "120": [180, 182], "121": [180, 181, 182, 183], "122": [180, 181, 182], "123": [181, 183], "124": [180, 182, 183], "125": [182], "126": [180, 183], "127": [], "128": [183], "129": [180], "130": [180, 181], "131": [181, 182], "132": [180, 181], "133": [180, 182], "134": [180, 181, 182], "135": [180, 181, 183], "136": [180, 182], "137": [180, 182], "138": [180, 183], "139": [180, 181, 182, 183], "140": [181], "141": [183], "142": [180, 182, 183], "143": [181, 182, 183], "144": [181, 182, 183], "145": [180, 181, 183], "146": [182], "147": [182, 183], "148": [180, 181, 182, 183], "149": [180, 182], "150": [180, 182, 183], "151": [180, 182, 183], "152": [181, 182, 183], "153": [180, 181], "154": [180, 181, 182], "155": [180, 182, 183], "156": [181, 183], "157": [180, 181], "158": [180, 181, 182], "159": [181, 182], "160": [181, 183], "161": [182, 183], "162": [181, 182], "163": [182, 183], "164": [180, 181, 182, 183], "165": [181, 183], "166": [181], "167": [180, 183], "168": [181], "169": [182, 183], "170": [180, 181, 182, 183], "171": [181, 183], "172": [180, 181, 182], "173": [180, 182], "174": [], "175": [180, 181, 182, 183], "176": [182], "177": [181, 182, 183], "178": [180, 182], "179": [180, 181]}}