{"frame_second": "4500", "pedestrian_list": [{"radius": 0.3, "out_group_a_strength": 12.5, "out_group_r_range": 2.0, "pedestrian_id": 404, "friend_zone": [273, 231, 368, 279, 383, 96, 187, 312, 11, 334, 338, 18, 250, 376, 135, 292, 170, 392, 105, 268, 119, 347, 325, 73, 17, 122, 63, 149, 318, 87, 120, 28, 50, 369, 401, 251, 290, 229, 12, 328, 364, 143, 390, 223, 266, 240, 259, 9, 95, 310, 230, 198, 82, 103, 59, 388, 377, 64, 33, 256, 375, 78, 157, 350, 254, 303, 253, 67, 264, 326, 212, 282, 47, 285, 53, 19, 337, 160, 336, 221, 215, 222, 23, 263, 134, 60, 195, 372, 248, 71, 244, 140, 197, 302, 321, 159, 387, 102, 113, 267, 339, 322, 178, 24, 327, 137, 389, 46, 181, 349, 129, 163, 196, 192, 62, 3, 144, 378, 207, 277, 179, 136, 315, 79, 397, 270, 304, 211, 26, 242, 118, 193, 175, 393, 237, 203, 351, 343, 30, 275, 37, 54, 301, 75, 174, 239, 180, 391, 371, 205, 167, 324, 114, 111, 68, 333, 182, 309, 31, 70, 101, 381, 217, 206, 100, 344, 172, 226, 220, 6, 106, 91, 280, 291, 150, 189, 360, 306, 332, 5, 20, 218, 228, 66, 161, 356, 171, 348, 184, 49, 330, 176, 148, 40, 278, 56, 287, 142, 2, 115, 199, 373], "target": [35.0, 25.0], "out_group_r_strength": 64.0, "target_a_strength": 22000000000, "in_group_r_strength": 40, "attractor_count": 202, "position": [125.97598796895471, 26.60328372605528], "in_group_r_range": 2.0, "out_group_a_range": 2.8, "group_id": 0, "target_a_range": 435, "in_group_a_range": 2.8, "in_group_a_strength": 20}, {"radius": 0.3, "out_group_a_strength": 12.5, "out_group_r_range": 2.0, "pedestrian_id": 405, "friend_zone": [227, 177, 223, 139, 394, 266, 339, 195, 37, 109, 197, 81, 107, 49, 178, 386, 346, 278, 66, 174, 16, 289, 250, 364, 349, 95, 309, 306, 282, 388, 85, 62, 42, 204, 287, 296, 79, 115, 242, 341, 243, 53, 2, 104, 310, 99, 257, 32, 233, 151, 312, 325, 221, 241, 316, 162, 292, 235, 71, 89, 340, 321, 77, 58, 244, 119, 229, 184, 389, 348, 360, 358, 403, 350, 332, 51, 88, 373, 294, 377, 262, 7, 21, 398, 59, 134, 152, 381, 35, 113, 253, 215, 23, 345, 272, 116, 385, 284, 187, 96, 114, 39, 61, 93, 201, 335, 166, 326, 94, 127, 288, 390, 78, 271, 344, 153, 319, 140, 323, 331, 12, 246, 98, 67, 208, 159, 110, 55, 399, 384, 82, 372, 342, 190, 163, 255, 4, 188, 355, 170, 52, 168, 207, 217, 290, 22, 270, 54, 20, 0, 169, 248, 387, 186, 336, 122, 380, 231, 383, 80, 382, 363, 128, 280, 259, 402, 343, 261, 327, 334, 265, 264, 198, 182, 210, 87, 200, 239, 5, 300, 29, 279, 175, 324, 230, 308, 84, 370, 176, 203, 76, 366, 28, 33, 328, 133, 86, 149, 142, 379, 313, 183], "target": [35.0, 25.0], "out_group_r_strength": 64.0, "target_a_strength": 22000000000, "in_group_r_strength": 40, "attractor_count": 202, "position": [133.12192693466739, 18.84929054830022], "in_group_r_range": 2.0, "out_group_a_range": 2.8, "group_id": 0, "target_a_range": 435, "in_group_a_range": 2.8, "in_group_a_strength": 20}, {"radius": 0.3, "out_group_a_strength": 12.5, "out_group_r_range": 2.0, "pedestrian_id": 406, "friend_zone": [7, 154, 337, 322, 307, 169, 311, 141, 229, 65, 257, 294, 247, 59, 253, 174, 156, 10, 222, 255, 249, 314, 146, 90, 282, 24, 168, 372, 384, 159, 265, 230, 62, 47, 296, 371, 185, 366, 70, 385, 73, 119, 84, 397, 297, 151, 105, 21, 292, 259, 258, 379, 368, 214, 237, 180, 136, 32, 107, 206, 92, 279, 34, 179, 173, 204, 361, 295, 263, 95, 139, 172, 330, 22, 17, 61, 68, 288, 83, 302, 135, 284, 114, 77, 197, 86, 373, 233, 301, 142, 205, 219, 396, 394, 286, 93, 370, 332, 115, 6, 387, 122, 309, 19, 188, 357, 165, 106, 262, 101, 261, 209, 318, 355, 80, 331, 388, 40, 211, 375, 55, 42, 391, 346, 66, 3, 352, 308, 171, 102, 364, 110, 38, 350, 231, 227, 26, 269, 316, 191, 276, 158, 112, 235, 201, 20, 167, 72, 367, 217, 166, 399, 99, 149, 71, 37, 251, 212, 186, 91, 75, 274, 184, 334, 56, 53, 221, 81, 344, 133, 104, 39, 208, 51, 15, 190, 155, 76, 36, 160, 362, 260, 60, 175, 143, 402, 281, 359, 395, 254, 228, 298, 293, 320, 50, 193, 382, 267, 234, 25, 343, 380], "target": [35.0, 25.0], "out_group_r_strength": 64.0, "target_a_strength": 22000000000, "in_group_r_strength": 40, "attractor_count": 202, "position": [119.4928702349025, 12.978630048495129], "in_group_r_range": 2.0, "out_group_a_range": 2.8, "group_id": 1, "target_a_range": 435, "in_group_a_range": 2.8, "in_group_a_strength": 20}, {"radius": 0.3, "out_group_a_strength": 12.5, "out_group_r_range": 2.0, "pedestrian_id": 407, "friend_zone": [177, 376, 256, 275, 336, 142, 373, 358, 194, 343, 189, 215, 246, 104, 88, 170, 203, 112, 50, 239, 280, 241, 22, 65, 291, 328, 13, 344, 117, 307, 101, 359, 154, 60, 70, 309, 320, 278, 158, 258, 288, 15, 371, 90, 326, 21, 248, 396, 39, 294, 132, 378, 54, 115, 366, 213, 105, 181, 125, 46, 217, 174, 254, 383, 92, 208, 219, 34, 398, 361, 106, 32, 259, 222, 365, 211, 297, 68, 185, 175, 221, 283, 341, 374, 113, 301, 349, 352, 331, 118, 230, 6, 274, 197, 267, 225, 111, 150, 355, 196, 242, 131, 243, 295, 168, 335, 214, 134, 356, 41, 191, 195, 265, 257, 79, 346, 121, 304, 12, 220, 314, 293, 206, 322, 87, 202, 109, 249, 393, 16, 212, 43, 402, 156, 201, 97, 179, 394, 380, 186, 74, 296, 171, 29, 231, 172, 163, 161, 308, 37, 86, 44, 81, 9, 8, 270, 285, 130, 392, 391, 347, 224, 180, 338, 128, 281, 147, 33, 184, 252, 80, 138, 313, 204, 72, 139, 129, 375, 157, 237, 401, 119, 93, 323, 165, 348, 354, 85, 311, 216, 141, 56, 218, 260, 227, 10, 381, 7, 232, 42, 14, 152], "target": [35.0, 25.0], "out_group_r_strength": 64.0, "target_a_strength": 22000000000, "in_group_r_strength": 40, "attractor_count": 202, "position": [114.28479064689479, 17.50954704203538], "in_group_r_range": 2.0, "out_group_a_range": 2.8, "group_id": 1, "target_a_range": 435, "in_group_a_range": 2.8, "in_group_a_strength": 20}], "additional_id_existed_ped": {"0": [404, 405], "1": [405, 406, 407], "2": [405], "3": [404, 405, 407], "4": [404, 407], "5": [404], "6": [404, 405, 406, 407], "7": [406, 407], "8": [404, 406], "9": [405, 406], "10": [404], "11": [404, 405, 406], "12": [405], "13": [404, 405, 407], "14": [404, 407], "15": [404, 405, 406, 407], "16": [407], "17": [404, 407], "18": [404, 406, 407], "19": [405], "20": [406, 407], "21": [404, 406], "22": [404, 405, 406, 407], "23": [404, 406], "24": [405], "25": [405, 406], "26": [407], "27": [404, 405, 406], "28": [404, 406], "29": [404, 405, 406, 407], "30": [405, 406, 407], "31": [404], "32": [406, 407], "33": [406, 407], "34": [407], "35": [405], "36": [406], "37": [404, 405, 407], "38": [404, 406], "39": [], "40": [405, 406, 407], "41": [406], "42": [404, 406], "43": [405, 406, 407], "44": [404, 405, 406], "45": [406, 407], "46": [404, 406, 407], "47": [404, 405, 406], "48": [404, 406, 407], "49": [406], "50": [405, 406, 407], "51": [405, 406], "52": [404, 405], "53": [405], "54": [404], "55": [405, 406], "56": [404, 405, 407], "57": [404, 405], "58": [404, 407], "59": [405, 407], "60": [], "61": [404, 405], "62": [404, 406], "63": [406], "64": [405], "65": [405, 406, 407], "66": [405, 407], "67": [404, 405, 406, 407], "68": [406], "69": [404, 406], "70": [405, 406], "71": [404], "72": [404, 405, 406], "73": [405, 407], "74": [405, 407], "75": [405, 406, 407], "76": [406, 407], "77": [404, 405], "78": [406, 407], "79": [406, 407], "80": [407], "81": [404, 405, 407], "82": [404, 405, 406], "83": [406], "84": [405, 407], "85": [404, 406, 407], "86": [], "87": [404, 405, 406], "88": [404, 405], "89": [405, 407], "90": [405, 406], "91": [406, 407], "92": [404, 406, 407], "93": [404, 407], "94": [404], "95": [406], "96": [405, 406], "97": [404, 405, 407], "98": [404, 407], "99": [405, 407], "100": [], "101": [404, 405, 407], "102": [404, 405], "103": [405, 406], "104": [404, 405, 406, 407], "105": [407], "106": [407], "107": [406, 407], "108": [404, 405, 407], "109": [405, 406], "110": [404, 407], "111": [405], "112": [404, 405, 406, 407], "113": [405, 407], "114": [406, 407], "115": [404], "116": [404, 406, 407], "117": [404, 407], "118": [404, 405, 406, 407], "119": [], "120": [407], "121": [404, 406], "122": [404, 407], "123": [404, 405, 407], "124": [406, 407],