{"frame_second": "1900", "pedestrian_list": [{"radius": 0.3, "out_group_a_strength": 12.5, "out_group_r_range": 2.0, "pedestrian_id": 196, "friend_zone": [47, 148, 128, 83, 140, 8, 141, 108, 85, 115, 194, 159, 84, 170, 100, 139, 28, 39, 173, 33, 121, 116, 99, 106, 18, 177, 41, 95, 34, 70, 125, 44, 150, 129, 183, 65, 55, 122, 13, 134, 110, 24, 181, 114, 51, 155, 80, 90, 178, 46, 23, 10, 49, 68, 191, 153, 144, 151, 17, 158, 45, 160, 118, 126, 156, 180, 131, 98, 64, 157, 147, 97, 179, 107, 43, 94, 89, 164, 40, 165, 50, 161, 21, 103, 66, 124, 62, 16, 130, 5, 193, 57, 14, 136, 92, 123, 81, 6], "target": [35.0, 25.0], "out_group_r_strength": 64.0, "target_a_strength": 22000000000, "in_group_r_strength": 40, "attractor_count": 98, "position": [113.61004025950604, 25.99090423077704], "in_group_r_range": 2.0, "out_group_a_range": 2.8, "group_id": 0, "target_a_range": 435, "in_group_a_range": 2.8, "in_group_a_strength": 20}, {"radius": 0.3, "out_group_a_strength": 12.5, "out_group_r_range": 2.0, "pedestrian_id": 197, "friend_zone": [77, 44, 81, 187, 114, 51, 36, 164, 9, 150, 26, 25, 80, 137, 85, 21, 42, 61, 93, 79, 189, 19, 129, 74, 43, 78, 64, 110, 95, 16, 5, 131, 174, 179, 50, 94, 175, 24, 154, 28, 33, 182, 103, 183, 10, 66, 117, 14, 88, 140, 97, 17, 108, 4, 138, 48, 132, 185, 148, 105, 90, 160, 91, 55, 86, 70, 180, 128, 115, 119, 193, 1, 171, 130, 107, 59, 133, 195, 47, 184, 159, 23, 151, 146, 6, 102, 68, 147, 178, 18, 141, 125, 162, 57, 60, 96, 120, 122], "target": [35.0, 25.0], "out_group_r_strength": 64.0, "target_a_strength": 22000000000, "in_group_r_strength": 40, "attractor_count": 98, "position": [127.26797649013741, 20.754351119426246], "in_group_r_range": 2.0, "out_group_a_range": 2.8, "group_id": 0, "target_a_range": 435, "in_group_a_range": 2.8, "in_group_a_strength": 20}, {"radius": 0.3, "out_group_a_strength": 12.5, "out_group_r_range": 2.0, "pedestrian_id": 198, "friend_zone": [146, 109, 89, 93, 194, 81, 135, 167, 140, 19, 147, 99, 72, 193, 92, 97, 151, 74, 71, 67, 21, 9, 125, 55, 149, 188, 98, 103, 173, 100, 112, 69, 105, 7, 177, 52, 168, 46, 37, 187, 59, 44, 33, 49, 36, 163, 11, 8, 104, 16, 126, 157, 137, 88, 96, 160, 4, 32, 34, 91, 148, 114, 116, 95, 120, 90, 178, 106, 129, 51, 77, 83, 23, 179, 101, 82, 159, 22, 113, 171, 134, 84, 48, 25, 141, 63, 1, 123, 39, 40, 29, 128, 15, 155, 30, 57, 35, 165], "target": [35.0, 25.0], "out_group_r_strength": 64.0, "target_a_strength": 22000000000, "in_group_r_strength": 40, "attractor_count": 98, "position": [121.4357594380305, 29.20795986827017], "in_group_r_range": 2.0, "out_group_a_range": 2.8, "group_id": 1, "target_a_range": 435, "in_group_a_range": 2.8, "in_group_a_strength": 20}, {"radius": 0.3, "out_group_a_strength": 12.5, "out_group_r_range": 2.0, "pedestrian_id": 199, "friend_zone": [124, 144, 39, 117, 32, 167, 114, 137, 116, 0, 127, 46, 193, 4, 188, 99, 14, 110, 192, 126, 77, 147, 34, 125, 3, 98, 155, 91, 182, 28, 41, 5, 64, 38, 115, 88, 27, 142, 79, 23, 169, 158, 190, 25, 2, 111, 47, 109, 51, 37, 7, 166, 75, 11, 24, 59, 189, 35, 21, 135, 13, 128, 159, 81, 134, 60, 187, 29, 16, 183, 145, 6, 150, 49, 120, 19, 92, 136, 95, 107, 112, 171, 8, 123, 72, 9, 10, 52, 156, 42, 89, 18, 93, 179, 71, 151, 74, 31], "target": [35.0, 25.0], "out_group_r_strength": 64.0, "target_a_strength": 22000000000, "in_group_r_strength": 40, "attractor_count": 98, "position": [139.63421015847672, 38.31415936401987], "in_group_r_range": 2.0, "out_group_a_range": 2.8, "group_id": 1, "target_a_range": 435, "in_group_a_range": 2.8, "in_group_a_strength": 20}], "additional_id_existed_ped": {"0": [196, 198], "1": [], "2": [196, 197, 199], "3": [196, 197, 198, 199], "4": [196, 198], "5": [196, 199], "6": [196, 197], "7": [196, 199], "8": [196, 199], "9": [196, 197, 198, 199], "10": [196, 198], "11": [196, 198], "12": [196, 198], "13": [198, 199], "14": [199], "15": [197, 198], "16": [199], "17": [196, 197, 198], "18": [196, 197], "19": [196], "20": [198, 199], "21": [], "22": [197, 198], "23": [196], "24": [196, 197, 198], "25": [198], "26": [198], "27": [197, 199], "28": [196, 197, 199], "29": [198, 199], "30": [196, 199], "31": [196, 197, 198], "32": [196], "33": [197, 198, 199], "34": [196, 199], "35": [199], "36": [], "37": [], "38": [198], "39": [196, 198, 199], "40": [197, 198], "41": [196, 197, 199], "42": [197, 199], "43": [196, 198], "44": [196, 197], "45": [196, 197, 198, 199], "46": [196, 197], "47": [198, 199], "48": [197, 198, 199], "49": [197, 199], "50": [198], "51": [196, 197, 198], "52": [196, 197, 199], "53": [196, 197, 198, 199], "54": [196, 198, 199], "55": [196], "56": [198], "57": [197, 198, 199], "58": [196, 197, 198], "59": [199], "60": [197, 199], "61": [197, 199], "62": [196, 197], "63": [199], "64": [196, 197, 198], "65": [196, 197], "66": [196, 197], "67": [197, 199], "68": [199], "69": [198], "70": [196, 197, 199], "71": [196, 198, 199], "72": [196, 197, 198], "73": [198, 199], "74": [197], "75": [197, 198, 199], "76": [198, 199], "77": [198], "78": [196, 197], "79": [196], "80": [196, 199], "81": [196, 198], "82": [196], "83": [196, 199], "84": [197, 199], "85": [196, 198], "86": [196, 197, 198], "87": [198], "88": [196, 197], "89": [196, 197, 198, 199], "90": [197, 198], "91": [198, 199], "92": [198, 199], "93": [196, 198, 199], "94": [197, 198], "95": [196, 199], "96": [196, 197, 199], "97": [197, 198], "98": [196, 197, 198, 199], "99": [197, 199], "100": [196, 199], "101": [197], "102": [197, 199], "103": [196, 197, 198], "104": [196, 198], "105": [196, 198, 199], "106": [], "107": [196, 199], "108": [197, 199], "109": [197, 199], "110": [196, 197], "111": [199], "112": [196, 199], "113": [197, 198, 199], "114": [196, 199], "115": [196], "116": [197, 198], "117": [196, 197, 198], "118": [197, 198, 199], "119": [197], "120": [196, 199], "121": [197, 198, 199], "122": [198, 199], "123": [196, 197, 198, 199], "124": [197, 199], "125": [198], "126": [197], "127": [196], "128": [196, 197, 198], "129": [196, 197, 198, 199], "130": [197, 199], "131": [198], "132": [196], "133": [], "134": [199], "135": [196, 198, 199], "136": [197, 198], "137": [197, 198], "138": [196, 197, 198, 199], "139": [196, 197], "140": [196], "141": [196, 197, 199], "142": [196, 197, 198], "143": [], "144": [196, 197], "145": [196, 197, 198], "146": [], "147": [198, 199], "148": [197, 198, 199], "149": [197], "150": [197, 199], "151": [197, 198, 199], "152": [196, 197, 198], "153": [198], "154": [197], "155": [196, 199], "156": [197, 198], "157": [], "158": [199], "159": [197, 198, 199], "160": [196, 197], "161": [197], "162": [197], "163": [199], "164": [199], "165": [196, 197, 199], "166": [197, 199], "167": [196, 197, 198], "168": [196, 198], "169": [196, 198], "170": [196], "171": [196, 197, 198], "172": [199], "173": [196, 198, 199], "174": [198, 199], "175": [199], "176": [198, 199], "177": [196, 198], "178": [199], "179": [196, 197, 198], "180": [197, 198], "181": [197, 198, 199], "182": [197, 199], "183": [196, 198, 199], "184": [196, 198], "185": [199], "186": [196, 197], "187": [196, 197, 198], "188": [197, 198, 199], "189": [197], "190": [198], "191": [196, 198, 199], "192": [199], "193": [196, 198, 199], "194": [], "195": [196, 197, 198, 199]}}