{"frame_second": "1400", "pedestrian_list": [{"radius": 0.3, "out_group_a_strength": 12.5, "out_group_r_range": 2.0, "pedestrian_id": 156, "friend_zone": [63, 119, 53, 114, 19, 25, 37, 128, 8, 152, 115, 4, 76, 11, 24, 129, 151, 84, 150, 43, 18, 49, 30, 44, 117, 52, 7, 22, 70, 1, 5, 2, 27, 101, 143, 113, 50, 32, 6, 138, 80, 141, 90, 39, 23, 148, 123, 61, 34, 62, 83, 97, 144, 87, 124, 56, 75, 48, 57, 28, 65, 85, 0, 98, 146, 78, 108, 125, 31, 142, 130, 120, 54, 60, 149, 103, 26, 59], "target": [35.0, 25.0], "out_group_r_strength": 64.0, "target_a_strength": 22000000000, "in_group_r_strength": 40, "attractor_count": 78, "position": [121.42446298348834, 27.944327435742625], "in_group_r_range": 2.0, "out_group_a_range": 2.8, "group_id": 0, "target_a_range": 435, "in_group_a_range": 2.8, "in_group_a_strength": 20}, {"radius": 0.3, "out_group_a_strength": 12.5, "out_group_r_range": 2.0, "pedestrian_id": 157, "friend_zone": [13, 57, 72, 24, 56, 64, 110, 106, 3, 65, 119, 120, 85, 53, 31, 73, 82, 124, 25, 103, 96, 100, 42, 14, 38, 117, 78, 58, 79, 30, 5, 27, 114, 146, 126, 122, 0, 39, 34, 132, 50, 88, 147, 101, 93, 12, 44, 63, 33, 2, 15, 86, 151, 8, 129, 26, 148, 121, 105, 19, 153, 127, 144, 46, 141, 62, 155, 149, 4, 136, 37, 83, 77, 76, 22, 140, 28, 10], "target": [35.0, 25.0], "out_group_r_strength": 64.0, "target_a_strength": 22000000000, "in_group_r_strength": 40, "attractor_count": 78, "position": [129.8920951571582, 25.349021608341438], "in_group_r_range": 2.0, "out_group_a_range": 2.8, "group_id": 0, "target_a_range": 435, "in_group_a_range": 2.8, "in_group_a_strength": 20}, {"radius": 0.3, "out_group_a_strength": 12.5, "out_group_r_range": 2.0, "pedestrian_id": 158, "friend_zone": [106, 91, 4, 139, 150, 105, 131, 133, 114, 0, 100, 123, 23, 19, 84, 135, 81, 109, 71, 116, 103, 102, 35, 145, 67, 66, 39, 74, 89, 120, 153, 88, 5, 155, 28, 2, 15, 104, 60, 140, 144, 142, 83, 46, 108, 95, 43, 8, 33, 141, 56, 54, 113, 69, 110, 148, 111, 78, 36, 34, 115, 75, 37, 38, 77, 97, 53, 21, 52, 92, 112, 7, 70, 118, 29, 47, 143, 87], "target": [35.0, 25.0], "out_group_r_strength": 64.0, "target_a_strength": 22000000000, "in_group_r_strength": 40, "attractor_count": 78, "position": [121.40803009034786, 35.7166930923023], "in_group_r_range": 2.0, "out_group_a_range": 2.8, "group_id": 1, "target_a_range": 435, "in_group_a_range": 2.8, "in_group_a_strength": 20}, {"radius": 0.3, "out_group_a_strength": 12.5, "out_group_r_range": 2.0, "pedestrian_id": 159, "friend_zone": [130, 33, 83, 76, 57, 155, 3, 56, 135, 147, 11, 51, 32, 99, 1, 54, 30, 113, 129, 82, 72, 141, 118, 91, 39, 80, 55, 126, 136, 96, 35, 18, 89, 7, 66, 28, 74, 138, 4, 86, 77, 9, 152, 23, 69, 93, 52, 0, 120, 27, 112, 61, 132, 117, 103, 29, 63, 38, 41, 143, 36, 71, 12, 109, 110, 106, 133, 101, 73, 144, 92, 81, 116, 25, 45, 68, 22, 10], "target": [35.0, 25.0], "out_group_r_strength": 64.0, "target_a_strength": 22000000000, "in_group_r_strength": 40, "attractor_count": 78, "position": [136.38675291122024, 24.00942523336341], "in_group_r_range": 2.0, "out_group_a_range": 2.8, "group_id": 1, "target_a_range": 435, "in_group_a_range": 2.8, "in_group_a_strength": 20}], "additional_id_existed_ped": {"0": [156, 157], "1": [158], "2": [158, 159], "3": [159], "4": [158, 159], "5": [157, 159], "6": [156, 157], "7": [156, 157, 158, 159], "8": [158, 159], "9": [157, 158, 159], "10": [156, 159], "11": [159], "12": [157, 158, 159], "13": [159], "14": [156, 158], "15": [158], "16": [158], "17": [158, 159], "18": [156, 157, 159], "19": [159], "20": [156, 158, 159], "21": [156, 157, 158], "22": [156, 158], "23": [156, 157, 158], "24": [156, 157, 159], "25": [156], "26": [156, 158, 159], "27": [156], "28": [157, 158], "29": [156, 158], "30": [156], "31": [156, 157], "32": [158], "33": [156], "34": [156, 157, 158], "35": [156, 157, 158], "36": [157, 159], "37": [156, 159], "38": [156, 157, 158, 159], "39": [157], "40": [156], "41": [156, 157, 158, 159], "42": [158, 159], "43": [157], "44": [156, 158, 159], "45": [156, 159], "46": [156, 157, 159], "47": [159], "48": [157, 158], "49": [], "50": [156, 158, 159], "51": [158, 159], "52": [157], "53": [157], "54": [157, 158], "55": [157, 158], "56": [156], "57": [156, 158], "58": [158, 159], "59": [156], "60": [159], "61": [157, 158], "62": [157, 158, 159], "63": [156, 159], "64": [156, 157, 159], "65": [156, 157], "66": [156, 158], "67": [156, 157, 159], "68": [157, 159], "69": [158, 159], "70": [156, 157, 158], "71": [], "72": [157, 158, 159], "73": [156, 158], "74": [156, 157, 158, 159], "75": [157, 158, 159], "76": [156, 157, 158, 159], "77": [156, 157], "78": [156], "79": [159], "80": [156, 159], "81": [159], "82": [156, 157, 158], "83": [158, 159], "84": [156, 157], "85": [156, 157, 158], "86": [157, 158, 159], "87": [156, 158, 159], "88": [157, 158, 159], "89": [156, 157, 158, 159], "90": [156], "91": [158], "92": [157, 158, 159], "93": [158, 159], "94": [157, 158], "95": [157, 159], "96": [156], "97": [156, 157, 159], "98": [157, 158, 159], "99": [157, 159], "100": [156, 157, 159], "101": [157], "102": [159], "103": [157, 158], "104": [157, 158], "105": [156, 159], "106": [], "107": [157, 158, 159], "108": [157, 158], "109": [157, 159], "110": [156, 157], "111": [157, 159], "112": [156, 158, 159], "113": [158], "114": [157, 158, 159], "115": [156, 157], "116": [157], "117": [156, 157, 159], "118": [156, 158], "119": [157, 158], "120": [157, 158], "121": [156, 158, 159], "122": [156, 157, 158, 159], "123": [], "124": [156, 159], "125": [156], "126": [156, 157, 159], "127": [156, 157, 158, 159], "128": [156, 158, 159], "129": [156, 159], "130": [158, 159], "131": [157, 158], "132": [158, 159], "133": [], "134": [156, 157, 158, 159], "135": [156], "136": [], "137": [157, 158, 159], "138": [], "139": [156, 157], "140": [156, 157, 159], "141": [156, 159], "142": [157, 158], "143": [], "144": [], "145": [], "146": [156, 157], "147": [156, 157, 159], "148": [157], "149": [156, 157, 158], "150": [157], "151": [156, 158, 159], "152": [156, 158], "153": [156], "154": [158], "155": [156]}}