{"frame_second": "4300", "pedestrian_list": [{"radius": 0.3, "out_group_a_strength": 12.5, "out_group_r_range": 2.0, "pedestrian_id": 388, "friend_zone": [84, 107, 321, 141, 370, 191, 64, 138, 291, 246, 27, 325, 3, 316, 226, 383, 52, 268, 50, 324, 82, 36, 69, 228, 351, 92, 364, 53, 117, 39, 255, 365, 161, 151, 343, 33, 225, 197, 266, 104, 213, 63, 42, 253, 56, 193, 169, 71, 297, 100, 40, 61, 380, 249, 293, 306, 269, 295, 331, 116, 167, 289, 258, 24, 339, 200, 305, 382, 78, 288, 271, 257, 204, 168, 157, 8, 70, 140, 372, 363, 62, 357, 222, 283, 371, 54, 177, 145, 307, 386, 366, 359, 111, 103, 256, 379, 312, 135, 29, 329, 152, 300, 303, 221, 346, 51, 265, 109, 183, 174, 179, 28, 166, 149, 20, 384, 59, 341, 304, 294, 361, 14, 158, 202, 75, 205, 7, 101, 41, 44, 217, 123, 267, 126, 328, 335, 139, 311, 148, 287, 349, 344, 299, 186, 347, 21, 30, 13, 345, 164, 128, 87, 367, 79, 180, 124, 118, 219, 348, 136, 262, 214, 231, 17, 133, 245, 11, 333, 243, 34, 369, 326, 67, 314, 131, 192, 212, 137, 242, 286, 237, 49, 274, 102, 315, 48, 279, 178, 239, 173, 47, 38, 227, 159], "target": [35.0, 25.0], "out_group_r_strength": 64.0, "target_a_strength": 22000000000, "in_group_r_strength": 40, "attractor_count": 194, "position": [135.7015679587374, 25.322740418543848], "in_group_r_range": 2.0, "out_group_a_range": 2.8, "group_id": 0, "target_a_range": 435, "in_group_a_range": 2.8, "in_group_a_strength": 20}, {"radius": 0.3, "out_group_a_strength": 12.5, "out_group_r_range": 2.0, "pedestrian_id": 389, "friend_zone": [264, 363, 374, 70, 241, 335, 206, 80, 137, 225, 154, 291, 1, 108, 366, 36, 159, 348, 202, 146, 315, 0, 181, 88, 222, 50, 228, 221, 40, 242, 52, 164, 275, 74, 203, 252, 382, 38, 114, 211, 261, 271, 113, 170, 296, 167, 218, 132, 262, 121, 23, 279, 192, 332, 95, 277, 347, 339, 188, 257, 81, 89, 210, 124, 209, 325, 94, 101, 337, 268, 41, 57, 280, 379, 281, 172, 292, 297, 55, 351, 7, 9, 386, 251, 47, 32, 333, 85, 54, 353, 217, 194, 314, 76, 303, 128, 158, 269, 161, 276, 336, 381, 320, 310, 78, 344, 246, 378, 327, 201, 60, 328, 244, 118, 371, 215, 311, 287, 305, 115, 329, 342, 173, 14, 145, 27, 219, 355, 39, 72, 255, 71, 62, 147, 285, 238, 97, 357, 195, 142, 12, 166, 338, 193, 341, 42, 43, 29, 272, 150, 116, 283, 131, 16, 300, 59, 138, 293, 216, 160, 185, 24, 368, 349, 196, 365, 152, 37, 129, 369, 183, 75, 256, 343, 143, 156, 46, 354, 189, 334, 289, 177, 130, 151, 274, 141, 284, 19, 319, 10, 98, 294, 117, 184], "target": [35.0, 25.0], "out_group_r_strength": 64.0, "target_a_strength": 22000000000, "in_group_r_strength": 40, "attractor_count": 194, "position": [139.62157335557825, 27.947297149004196], "in_group_r_range": 2.0, "out_group_a_range": 2.8, "group_id": 0, "target_a_range": 435, "in_group_a_range": 2.8, "in_group_a_strength": 20}, {"radius": 0.3, "out_group_a_strength": 12.5, "out_group_r_range": 2.0, "pedestrian_id": 390, "friend_zone": [309, 152, 187, 198, 320, 125, 114, 327, 166, 368, 107, 26, 36, 88, 95, 141, 81, 311, 150, 236, 205, 306, 123, 264, 38, 147, 34, 259, 94, 281, 378, 294, 86, 266, 291, 45, 386, 219, 156, 169, 379, 336, 207, 96, 7, 42, 227, 31, 280, 17, 195, 224, 293, 242, 105, 247, 43, 5, 284, 168, 324, 328, 258, 220, 346, 312, 323, 27, 318, 99, 287, 216, 89, 139, 288, 269, 214, 201, 349, 262, 155, 366, 104, 339, 165, 376, 365, 364, 153, 129, 321, 295, 137, 127, 277, 231, 21, 148, 217, 56, 130, 55, 307, 185, 75, 33, 240, 64, 124, 243, 345, 69, 331, 302, 237, 300, 163, 119, 375, 208, 250, 239, 369, 218, 335, 186, 73, 128, 329, 350, 181, 167, 341, 338, 297, 256, 251, 382, 6, 12, 171, 140, 117, 193, 170, 154, 68, 234, 179, 337, 84, 172, 182, 13, 120, 138, 28, 188, 2, 25, 191, 10, 215, 103, 70, 222, 57, 249, 254, 362, 276, 299, 355, 296, 289, 52, 196, 383, 197, 184, 53, 387, 310, 377, 142, 305, 3, 178, 282, 304, 111, 116, 354, 238], "target": [35.0, 25.0], "out_group_r_strength": 64.0, "target_a_strength": 22000000000, "in_group_r_strength": 40, "attractor_count": 194, "position": [111.00549945211279, 34.40233466360283], "in_group_r_range": 2.0, "out_group_a_range": 2.8, "group_id": 1, "target_a_range": 435, "in_group_a_range": 2.8, "in_group_a_strength": 20}, {"radius": 0.3, "out_group_a_strength": 12.5, "out_group_r_range": 2.0, "pedestrian_id": 391, "friend_zone": [31, 213, 277, 109, 28, 215, 139, 161, 36, 349, 260, 125, 92, 383, 170, 82, 122, 212, 334, 51, 254, 207, 23, 268, 12, 100, 346, 70, 206, 360, 358, 324, 353, 359, 69, 81, 6, 357, 385, 53, 8, 50, 43, 156, 259, 297, 183, 131, 325, 146, 97, 355, 47, 367, 376, 267, 309, 247, 84, 21, 27, 232, 2, 196, 173, 223, 339, 229, 155, 266, 217, 136, 56, 320, 301, 35, 381, 191, 365, 375, 224, 61, 160, 17, 345, 74, 233, 314, 333, 272, 60, 114, 95, 105, 295, 323, 127, 18, 361, 190, 99, 107, 198, 39, 372, 276, 46, 370, 347, 138, 341, 44, 111, 110, 116, 204, 118, 312, 19, 130, 54, 201, 205, 186, 242, 175, 148, 328, 62, 316, 104, 106, 284, 302, 378, 37, 216, 57, 271, 208, 153, 362, 103, 384, 330, 348, 343, 154, 41, 294, 3, 244, 263, 269, 273, 14, 293, 73, 45, 281, 231, 9, 387, 199, 310, 374, 351, 141, 255, 66, 89, 151, 307, 147, 48, 180, 322, 236, 128, 368, 123, 336, 292, 219, 10, 172, 226, 121, 85, 87, 126, 83, 133, 369], "target": [35.0, 25.0], "out_group_r_strength": 64.0, "target_a_strength": 22000000000, "in_group_r_strength": 40, "attractor_count": 194, "position": [133.1427284304325, 22.09506998881561], "in_group_r_range": 2.0, "out_group_a_range": 2.8, "group_id": 1, "target_a_range": 435, "in_group_a_range": 2.8, "in_group_a_strength": 20}], "additional_id_existed_ped": {"0": [388, 389, 390, 391], "1": [389], "2": [389, 390, 391], "3": [391], "4": [391], "5": [388, 389, 390], "6": [388, 389, 390], "7": [388, 389], "8": [389, 390, 391], "9": [388], "10": [388, 390, 391], "11": [388], "12": [389], "13": [389, 390], "14": [388, 389], "15": [], "16": [388, 389, 391], "17": [390], "18": [388, 389, 390], "19": [388, 389], "20": [388, 391], "21": [388, 389, 390, 391], "22": [388], "23": [389, 390], "24": [390, 391], "25": [388, 390], "26": [389], "27": [390, 391], "28": [], "29": [], "30": [390, 391], "31": [388, 390, 391], "32": [389, 390], "33": [388, 390, 391], "34": [388, 390, 391], "35": [391], "36": [388, 389, 391], "37": [388, 389, 390], "38": [389, 390], "39": [388, 389, 391], "40": [388, 389, 391], "41": [391], "42": [388, 390, 391], "43": [388, 391], "44": [388, 389], "45": [388], "46": [388, 389], "47": [388, 389, 391], "48": [388, 389, 391], "49": [388, 389], "50": [388, 390], "51": [], "52": [391], "53": [388], "54": [389, 391], "55": [388, 390], "56": [388, 390, 391], "57": [388], "58": [388, 389, 391], "59": [388, 389, 391], "60": [391], "61": [389, 391], "62": [388, 389, 391], "63": [390, 391], "64": [], "65": [388], "66": [388], "67": [391], "68": [388, 389], "69": [388, 389, 390], "70": [388, 390, 391], "71": [], "72": [389, 391], "73": [388], "74": [388, 389, 390], "75": [388, 389], "76": [388, 389, 391], "77": [388, 390, 391], "78": [388, 389, 390], "79": [], "80": [388, 389, 390], "81": [388, 389], "82": [], "83": [389, 390], "84": [390, 391], "85": [390, 391], "86": [389, 391], "87": [391], "88": [388, 389, 391], "89": [390, 391], "90": [388, 389], "91": [389, 390], "92": [388, 389, 390], "93": [388, 389, 391], "94": [389, 390, 391], "95": [388, 389, 390], "96": [388], "97": [388, 390, 391], "98": [388, 390], "99": [388], "100": [388, 390, 391], "101": [388, 389, 390, 391], "102": [388, 390], "103": [388, 389], "104": [388, 389], "105": [388], "106": [388, 390], "107": [388, 389, 390, 391], "108": [388, 391], "109": [390], "110": [388, 389, 391], "111": [391], "112": [390], "113": [389, 390, 391], "114": [388, 390, 391], "115": [389, 390], "116": [389, 391], "117": [388, 391], "118": [388], "119": [390, 391], "120": [], "121": [388, 389], "122": [390, 391], "123": [], "124": [389], "125": [389], "126": [388, 389, 390, 391], "127": [388], "128": [388, 390], "129": [], "130": [389, 390, 391], "131": [389, 391], "132": [390], "133": [388, 389, 391], "134": [390, 391], "135": [389],