{"frame_second": "4900", "pedestrian_list": [{"radius": 0.3, "out_group_a_strength": 12.5, "out_group_r_range": 2.0, "pedestrian_id": 432, "friend_zone": [93, 282, 336, 37, 381, 318, 186, 11, 351, 281, 361, 394, 286, 277, 119, 132, 379, 36, 293, 245, 71, 57, 199, 182, 299, 159, 65, 399, 371, 25, 314, 203, 149, 274, 98, 327, 5, 181, 265, 436, 50, 0, 35, 79, 246, 155, 169, 112, 307, 58, 184, 172, 315, 230, 295, 114, 251, 372, 269, 283, 28, 122, 64, 48, 90, 56, 185, 387, 257, 13, 86, 438, 377, 107, 413, 142, 332, 167, 100, 357, 125, 256, 404, 341, 171, 241, 87, 82, 183, 346, 27, 380, 384, 34, 359, 429, 335, 285, 322, 302, 192, 330, 405, 198, 400, 54, 268, 40, 305, 319, 127, 237, 201, 250, 109, 195, 324, 206, 385, 63, 431, 66, 16, 207, 221, 70, 356, 191, 145, 261, 255, 43, 138, 217, 258, 329, 390, 248, 214, 226, 272, 343, 116, 254, 17, 143, 175, 260, 266, 426, 403, 418, 166, 409, 144, 152, 106, 317, 53, 10, 294, 30, 14, 402, 406, 108, 131, 218, 395, 411, 103, 12, 153, 301, 89, 419, 259, 99, 38, 391, 96, 187, 227, 15, 97, 205, 338, 20, 42, 296, 231, 325, 141, 163, 224, 180, 239, 374, 179, 423, 31, 197, 190, 151, 232, 298, 267, 110, 382, 135, 94, 249, 311, 118, 276, 407, 194, 304], "target": [35.0, 25.0], "out_group_r_strength": 64.0, "target_a_strength": 22000000000, "in_group_r_strength": 40, "attractor_count": 218, "position": [-44.946982028124026, 15.561251163094912], "in_group_r_range": 2.0, "out_group_a_range": 2.8, "group_id": 0, "target_a_range": 435, "in_group_a_range": 2.8, "in_group_a_strength": 20}, {"radius": 0.3, "out_group_a_strength": 12.5, "out_group_r_range": 2.0, "pedestrian_id": 433, "friend_zone": [437, 264, 56, 215, 234, 93, 292, 161, 96, 384, 286, 275, 332, 256, 13, 413, 399, 191, 30, 10, 222, 118, 408, 175, 51, 418, 316, 208, 420, 58, 373, 65, 279, 174, 43, 241, 273, 195, 307, 235, 291, 378, 143, 212, 438, 238, 225, 274, 319, 66, 214, 296, 135, 97, 98, 409, 351, 255, 342, 91, 352, 344, 77, 318, 284, 341, 41, 293, 82, 258, 55, 229, 139, 62, 14, 422, 11, 148, 133, 210, 207, 153, 192, 223, 216, 36, 328, 218, 249, 21, 42, 375, 9, 346, 33, 356, 398, 52, 340, 123, 88, 310, 131, 425, 268, 366, 419, 181, 278, 70, 355, 424, 73, 220, 166, 365, 38, 396, 16, 72, 426, 240, 138, 226, 142, 402, 247, 334, 122, 201, 165, 270, 251, 86, 364, 45, 59, 431, 406, 380, 348, 150, 68, 377, 137, 281, 224, 260, 230, 102, 184, 108, 265, 178, 331, 129, 100, 209, 111, 75, 26, 283, 107, 31, 162, 303, 78, 390, 245, 228, 132, 168, 177, 305, 189, 157, 159, 411, 237, 186, 280, 28, 158, 140, 20, 439, 336, 248, 313, 403, 84, 421, 287, 124, 324, 257, 76, 147, 294, 359, 326, 130, 382, 193, 412, 3, 221, 17, 47, 163, 311, 219, 127, 298, 0, 290, 429, 436], "target": [35.0, 25.0], "out_group_r_strength": 64.0, "target_a_strength": 22000000000, "in_group_r_strength": 40, "attractor_count": 218, "position": [-55.34498838189797, 25.342236478338773], "in_group_r_range": 2.0, "out_group_a_range": 2.8, "group_id": 0, "target_a_range": 435, "in_group_a_range": 2.8, "in_group_a_strength": 20}, {"radius": 0.3, "out_group_a_strength": 12.5, "out_group_r_range": 2.0, "pedestrian_id": 434, "friend_zone": [34, 4, 113, 302, 405, 312, 191, 278, 176, 185, 72, 344, 21, 241, 250, 168, 389, 373, 290, 392, 383, 379, 400, 368, 192, 156, 268, 138, 424, 57, 60, 134, 121, 119, 110, 209, 322, 117, 264, 40, 137, 376, 391, 36, 20, 164, 364, 385, 425, 255, 95, 429, 64, 158, 210, 77, 294, 80, 144, 39, 422, 342, 366, 61, 408, 152, 109, 326, 148, 420, 439, 53, 195, 105, 263, 188, 431, 347, 399, 352, 361, 380, 177, 311, 349, 308, 253, 26, 300, 282, 240, 42, 301, 63, 265, 303, 365, 0, 79, 124, 289, 421, 232, 317, 107, 56, 259, 314, 395, 170, 275, 419, 38, 410, 71, 258, 334, 75, 415, 427, 178, 17, 351, 339, 81, 394, 85, 305, 219, 78, 298, 287, 247, 306, 82, 58, 273, 139, 398, 378, 340, 54, 226, 354, 16, 325, 131, 161, 225, 360, 151, 337, 242, 182, 269, 348, 120, 271, 186, 2, 272, 213, 190, 181, 7, 135, 59, 90, 14, 295, 87, 413, 330, 9, 284, 184, 27, 257, 296, 423, 123, 129, 323, 430, 76, 396, 66, 277, 214, 189, 234, 331, 336, 32, 106, 393, 33, 309, 249, 205, 327, 104, 142, 47, 216, 359, 13, 220, 173, 262, 172, 8, 414, 146, 45, 180, 338, 155], "target": [35.0, 25.0], "out_group_r_strength": 64.0, "target_a_strength": 22000000000, "in_group_r_strength": 40, "attractor_count": 218, "position": [-54.00337488147698, 15.580372006744637], "in_group_r_range": 2.0, "out_group_a_range": 2.8, "group_id": 1, "target_a_range": 435, "in_group_a_range": 2.8, "in_group_a_strength": 20}, {"radius": 0.3, "out_group_a_strength": 12.5, "out_group_r_range": 2.0, "pedestrian_id": 435, "friend_zone": [19, 46, 79, 359, 243, 288, 141, 245, 196, 401, 42, 413, 104, 374, 195, 135, 88, 353, 101, 226, 103, 407, 271, 107, 24, 256, 319, 143, 248, 309, 358, 184, 439, 424, 278, 154, 81, 427, 266, 229, 398, 339, 351, 273, 295, 366, 93, 132, 408, 210, 175, 280, 394, 262, 343, 287, 201, 299, 206, 368, 82, 2, 118, 330, 92, 91, 423, 220, 292, 174, 176, 419, 426, 386, 231, 418, 274, 160, 253, 39, 239, 164, 304, 38, 217, 115, 221, 167, 417, 249, 279, 14, 153, 258, 147, 4, 428, 261, 225, 54, 11, 216, 264, 52, 332, 369, 83, 17, 324, 283, 181, 257, 108, 180, 10, 224, 74, 134, 13, 27, 302, 215, 173, 348, 342, 3, 187, 347, 285, 376, 133, 276, 404, 378, 76, 168, 197, 275, 136, 301, 77, 337, 223, 179, 298, 152, 73, 106, 322, 214, 26, 189, 300, 56, 411, 23, 137, 194, 165, 421, 123, 149, 352, 350, 130, 289, 172, 58, 25, 188, 406, 157, 109, 186, 363, 163, 119, 254, 55, 125, 66, 307, 312, 105, 178, 29, 265, 8, 21, 250, 242, 438, 12, 236, 328, 389, 313, 31, 228, 120, 269, 405, 6, 155, 344, 45, 268, 70, 20, 310, 390, 192, 403, 18, 384, 131, 32, 159], "target": [35.0, 25.0], "out_group_r_strength": 64.0, "target_a_strength": 22000000000, "in_group_r_strength": 40, "attractor_count": 218, "position": [-55.32978958965244, 33.78931944330386], "in_group_r_range": 2.0, "out_group_a_range": 2.8, "group_id": 1, "target_a_range": 435, "in_group_a_range": 2.8, "in_group_a_strength": 20}], "additional_id_existed_ped": {"0": [433], "1": [434, 435], "2": [433], "3": [433, 434, 435], "4": [432, 434], "5": [433, 434, 435], "6": [432, 433, 434, 435], "7": [432, 433], "8": [433, 434, 435], "9": [432, 433, 434, 435], "10": [432, 433, 435], "11": [432, 433, 434], "12": [432, 434], "13": [432, 433, 434], "14": [432, 434, 435], "15": [432], "16": [], "17": [434, 435], "18": [432, 433, 434], "19": [432, 434, 435], "20": [432, 434], "21": [435], "22": [433, 434], "23": [432, 433], "24": [433, 434, 435], "25": [435], "26": [432, 433, 434], "27": [432, 433, 434, 435], "28": [432, 433, 434], "29": [433, 434, 435], "30": [432, 433, 435], "31": [432, 433], "32": [432, 433, 434, 435], "33": [432, 433, 435], "34": [434, 435], "35": [433, 434, 435], "36": [432, 435], "37": [432, 433, 434], "38": [432, 433], "39": [432, 433, 435], "40": [434], "41": [433, 435], "42": [435], "43": [433, 435], "44": [433, 434, 435], "45": [433, 435], "46": [434], "47": [433, 434], "48": [434], "49": [], "50": [432], "51": [435], "52": [435], "53": [432, 433, 434, 435], "54": [432, 433, 434], "55": [433], "56": [432, 433], "57": [432, 433], "58": [432, 433, 434], "59": [432, 433, 435], "60": [432, 433], "61": [434], "62": [435], "63": [], "64": [432, 433, 434], "65": [434], "66": [432, 434], "67": [434], "68": [434, 435], "69": [433, 434, 435], "70": [435], "71": [435], "72": [433], "73": [432, 434, 435], "74": [433], "75": [432, 433, 434, 435], "76": [432, 433, 434, 435], "77": [432, 435], "78": [434, 435], "79": [432, 434, 435], "80": [432, 433, 435], "81": [432, 434], "82": [434], "83": [432, 433], "84": [432, 435], "85": [433, 435], "86": [432, 433], "87": [434], "88": [435], "89": [433, 435], "90": [433, 434], "91": [434, 435], "92": [432, 433, 435], "93": [432, 434, 435], "94": [432, 433], "95": [435], "96": [432, 433, 434, 435], "97": [434, 435], "98": [434], "99": [435], "100": [432, 433, 434], "101": [434, 435], "102": [435], "103": [432, 433, 435], "104": [435], "105": [434, 435],