{"frame_second": "3600", "pedestrian_list": [{"radius": 0.3, "out_group_a_strength": 12.5, "out_group_r_range": 2.0, "pedestrian_id": 328, "friend_zone": [11, 15, 264, 286, 41, 99, 148, 234, 56, 146, 134, 165, 83, 195, 259, 43, 90, 75, 61, 176, 181, 252, 168, 121, 179, 275, 187, 97, 314, 36, 274, 106, 87, 242, 145, 89, 32, 86, 33, 240, 216, 118, 40, 35, 293, 16, 284, 231, 2, 79, 245, 294, 265, 175, 68, 80, 277, 64, 167, 280, 180, 144, 117, 324, 283, 256, 156, 62, 174, 224, 78, 38, 182, 237, 57, 44, 333, 233, 105, 47, 157, 69, 147, 140, 186, 52, 29, 138, 307, 315, 253, 72, 155, 50, 21, 202, 310, 239, 215, 92, 207, 301, 319, 34, 258, 73, 74, 172, 158, 223, 23, 281, 302, 327, 37, 173, 169, 308, 127, 55, 103, 132, 88, 190, 48, 124, 115, 320, 76, 323, 309, 67, 267, 218, 221, 335, 6, 304, 332, 60, 51, 217, 271, 30, 14, 299, 49, 303, 196, 0, 251, 254, 298, 123, 77, 54, 122, 125, 142, 58, 246, 322, 219, 120, 262, 236], "target": [35.0, 25.0], "out_group_r_strength": 64.0, "target_a_strength": 22000000000, "in_group_r_strength": 40, "attractor_count": 166, "position": [-65.09192023018551, 22.088450906549706], "in_group_r_range": 2.0, "out_group_a_range": 2.8, "group_id": 0, "target_a_range": 435, "in_group_a_range": 2.8, "in_group_a_strength": 20}, {"radius": 0.3, "out_group_a_strength": 12.5, "out_group_r_range": 2.0, "pedestrian_id": 329, "friend_zone": [255, 321, 205, 60, 333, 104, 143, 167, 203, 3, 103, 46, 280, 326, 177, 133, 9, 188, 67, 59, 55, 136, 6, 79, 88, 124, 120, 248, 117, 226, 175, 220, 166, 254, 228, 208, 221, 162, 135, 194, 147, 244, 159, 149, 82, 291, 69, 216, 108, 126, 284, 261, 17, 286, 63, 296, 2, 245, 263, 118, 102, 334, 148, 109, 96, 184, 327, 87, 259, 25, 182, 95, 7, 222, 319, 12, 239, 86, 34, 265, 30, 293, 299, 65, 313, 141, 158, 20, 297, 75, 315, 237, 198, 172, 101, 169, 89, 298, 164, 81, 300, 58, 125, 50, 171, 47, 274, 161, 116, 33, 258, 235, 122, 110, 197, 76, 332, 207, 224, 165, 29, 142, 314, 236, 71, 42, 289, 278, 201, 189, 85, 93, 52, 154, 192, 41, 276, 281, 308, 53, 295, 146, 322, 173, 44, 183, 200, 152, 134, 163, 40, 39, 51, 121, 285, 62, 28, 270, 250, 240, 230, 18, 212, 127, 80, 204], "target": [35.0, 25.0], "out_group_r_strength": 64.0, "target_a_strength": 22000000000, "in_group_r_strength": 40, "attractor_count": 166, "position": [-41.04670708233625, 15.552442778303316], "in_group_r_range": 2.0, "out_group_a_range": 2.8, "group_id": 0, "target_a_range": 435, "in_group_a_range": 2.8, "in_group_a_strength": 20}, {"radius": 0.3, "out_group_a_strength": 12.5, "out_group_r_range": 2.0, "pedestrian_id": 330, "friend_zone": [117, 155, 17, 285, 88, 142, 270, 227, 89, 31, 165, 333, 8, 154, 78, 307, 281, 91, 18, 121, 259, 111, 231, 174, 107, 61, 215, 218, 213, 32, 141, 172, 130, 278, 308, 318, 160, 19, 212, 236, 320, 170, 323, 244, 46, 69, 52, 103, 237, 144, 261, 137, 44, 149, 230, 94, 169, 184, 325, 251, 119, 179, 38, 220, 295, 269, 161, 66, 191, 284, 202, 175, 9, 276, 122, 156, 50, 35, 97, 316, 128, 258, 271, 116, 14, 216, 29, 102, 291, 39, 195, 275, 127, 272, 112, 299, 252, 80, 232, 245, 335, 327, 2, 6, 42, 243, 234, 59, 192, 173, 131, 214, 188, 196, 152, 304, 207, 48, 319, 201, 208, 301, 189, 34, 12, 322, 255, 27, 314, 279, 140, 242, 120, 64, 138, 1, 166, 203, 334, 139, 33, 24, 73, 110, 225, 310, 190, 266, 296, 104, 185, 86, 315, 7, 206, 133, 150, 95, 28, 260, 163, 268, 181, 164, 297, 300], "target": [35.0, 25.0], "out_group_r_strength": 64.0, "target_a_strength": 22000000000, "in_group_r_strength": 40, "attractor_count": 166, "position": [-48.17741998566564, 13.61775847967929], "in_group_r_range": 2.0, "out_group_a_range": 2.8, "group_id": 1, "target_a_range": 435, "in_group_a_range": 2.8, "in_group_a_strength": 20}, {"radius": 0.3, "out_group_a_strength": 12.5, "out_group_r_range": 2.0, "pedestrian_id": 331, "friend_zone": [53, 223, 92, 168, 31, 235, 54, 127, 260, 102, 232, 24, 47, 321, 221, 199, 242, 292, 66, 198, 65, 83, 61, 333, 59, 255, 44, 177, 194, 327, 215, 332, 186, 287, 94, 120, 4, 172, 176, 256, 109, 32, 100, 123, 182, 250, 174, 286, 205, 101, 240, 51, 79, 75, 89, 233, 265, 151, 126, 38, 29, 35, 74, 103, 48, 192, 299, 5, 298, 93, 23, 145, 193, 181, 147, 213, 315, 227, 280, 170, 239, 164, 184, 244, 301, 268, 141, 1, 12, 217, 196, 189, 306, 163, 165, 295, 36, 68, 50, 148, 171, 142, 96, 78, 146, 37, 129, 60, 173, 185, 114, 279, 166, 229, 11, 305, 275, 28, 104, 144, 52, 159, 39, 267, 91, 303, 310, 206, 119, 246, 224, 80, 219, 161, 216, 2, 296, 281, 18, 85, 118, 107, 269, 195, 322, 130, 278, 169, 113, 150, 272, 49, 204, 248, 55, 197, 289, 156, 180, 134, 230, 17, 162, 320, 33, 106], "target": [35.0, 25.0], "out_group_r_strength": 64.0, "target_a_strength": 22000000000, "in_group_r_strength": 40, "attractor_count": 166, "position": [-43.618009842707856, 25.979673975924026], "in_group_r_range": 2.0, "out_group_a_range": 2.8, "group_id": 1, "target_a_range": 435, "in_group_a_range": 2.8, "in_group_a_strength": 20}], "additional_id_existed_ped": {"0": [328, 329], "1": [328], "2": [328, 329], "3": [329, 331], "4": [329], "5": [329, 330, 331], "6": [328, 330, 331], "7": [331], "8": [328, 329, 331], "9": [328, 331], "10": [328, 331], "11": [328, 329, 330, 331], "12": [330, 331], "13": [329, 330], "14": [328, 329, 330, 331], "15": [328], "16": [328, 329, 331], "17": [330, 331], "18": [328, 331], "19": [329], "20": [329, 330], "21": [328, 329, 331], "22": [328, 329], "23": [328, 329, 331], "24": [328, 331], "25": [328, 329], "26": [], "27": [328, 329, 331], "28": [328, 329, 330], "29": [], "30": [329], "31": [328], "32": [331], "33": [329, 330], "34": [331], "35": [329, 330], "36": [329, 330, 331], "37": [331], "38": [329, 330, 331], "39": [329, 331], "40": [328, 330], "41": [329, 330, 331], "42": [328, 329, 330], "43": [330], "44": [329], "45": [328, 330], "46": [328, 331], "47": [328, 329], "48": [330], "49": [329, 331], "50": [331], "51": [328, 331], "52": [329, 330], "53": [328, 329, 330], "54": [329, 330, 331], "55": [329], "56": [330, 331], "57": [328, 330], "58": [330], "59": [328, 329, 330], "60": [329, 330], "61": [329, 330], "62": [], "63": [329, 330], "64": [328], "65": [328, 329], "66": [328, 331], "67": [329, 330, 331], "68": [328], "69": [328, 329, 330, 331], "70": [328, 329], "71": [331], "72": [], "73": [328, 331], "74": [330], "75": [331], "76": [328, 329, 330], "77": [329, 331], "78": [328, 329, 330], "79": [330, 331], "80": [328, 330, 331], "81": [328, 329], "82": [], "83": [329, 330], "84": [328, 330, 331], "85": [328, 330], "86": [330, 331], "87": [328, 329, 331], "88": [330, 331], "89": [328, 329, 330, 331], "90": [328, 329, 330], "91": [329, 330, 331], "92": [328], "93": [328, 330], "94": [329, 330, 331], "95": [331], "96": [328], "97": [328, 329, 331], "98": [328, 331], "99": [329, 330], "100": [330, 331], "101": [328, 329, 330], "102": [331], "103": [328], "104": [329, 330], "105": [328, 329, 330], "106": [329, 330, 331], "107": [328, 329, 330], "108": [328, 331], "109": [331], "110": [328, 329, 330, 331], "111": [329], "112": [328, 329, 330, 331], "113": [328, 330, 331], "114": [328], "115": [], "116": [329, 331], "117": [329], "118": [328], "119": [328], "120": [329, 330, 331], "121": [328, 330, 331], "122": [329, 330], "123": [328, 330, 331], "124": [329, 331], "125": [330], "126": [329, 330], "127": [329, 330], "128": [328, 331], "129": [328, 329, 330], "130": [331], "131": [328, 329, 331], "132": [329], "133": [329, 330, 331], "134": [328, 329, 331], "135": [330, 331], "136": [328, 329, 331], "137": [330], "138": [330, 331], "139": [328, 330], "140": [329, 331], "141": [328, 331], "142": [328, 331], "143": [328, 329, 331], "144": [], "145": [331], "146": [330], "147": [328, 329, 330], "148": [330], "149": [329, 330], "150": [331], "151": [328, 329, 331], "152": [], "153": [328, 329, 330], "154": [330, 331], "155": [329], "156": [328, 329, 330, 331], "157": [328, 329, 330], "158": [330, 331], "159": [328, 329], "160": [329, 330], "161": [328, 331], "162": [328, 329, 330, 331], "163": [329, 331],