{"frame_second": "2300", "pedestrian_list": [{"radius": 0.3, "out_group_a_strength": 12.5, "out_group_r_range": 2.0, "pedestrian_id": 224, "friend_zone": [156, 145, 201, 159, 147, 85, 121, 189, 71, 92, 184, 198, 100, 83, 2, 28, 0, 76, 210, 176, 157, 179, 43, 124, 9, 112, 222, 196, 180, 113, 228, 52, 158, 80, 26, 7, 207, 82, 214, 86, 94, 32, 12, 97, 213, 39, 101, 29, 151, 131, 154, 84, 175, 182, 19, 118, 229, 114, 120, 108, 219, 130, 47, 178, 20, 78, 186, 127, 48, 143, 11, 33, 93, 123, 140, 206, 90, 194, 105, 8, 220, 24, 58, 111, 218, 21, 129, 22, 125, 150, 49, 3, 41, 183, 200, 161, 162, 155, 87, 202, 197, 103, 109, 72, 65, 223, 4, 89, 69, 75, 199, 190, 70, 148], "target": [35.0, 25.0], "out_group_r_strength": 64.0, "target_a_strength": 22000000000, "in_group_r_strength": 40, "attractor_count": 114, "position": [-65.07736623698203, 33.75897493922358], "in_group_r_range": 2.0, "out_group_a_range": 2.8, "group_id": 0, "target_a_range": 435, "in_group_a_range": 2.8, "in_group_a_strength": 20}, {"radius": 0.3, "out_group_a_strength": 12.5, "out_group_r_range": 2.0, "pedestrian_id": 225, "friend_zone": [135, 7, 13, 100, 62, 41, 37, 152, 90, 133, 209, 21, 210, 126, 74, 212, 29, 68, 69, 124, 111, 0, 134, 188, 230, 185, 103, 19, 55, 116, 149, 143, 17, 136, 106, 163, 150, 117, 110, 53, 175, 130, 86, 159, 10, 229, 11, 221, 181, 131, 15, 54, 76, 231, 71, 95, 200, 56, 118, 201, 67, 228, 204, 81, 132, 142, 174, 197, 101, 42, 137, 169, 60, 87, 36, 141, 85, 30, 104, 127, 92, 73, 63, 32, 168, 102, 115, 50, 189, 182, 24, 180, 31, 140, 112, 154, 173, 164, 91, 184, 128, 222, 120, 147, 2, 28, 213, 65, 215, 6, 109, 214, 172, 223], "target": [35.0, 25.0], "out_group_r_strength": 64.0, "target_a_strength": 22000000000, "in_group_r_strength": 40, "attractor_count": 114, "position": [-50.10162807705373, 28.594277928744084], "in_group_r_range": 2.0, "out_group_a_range": 2.8, "group_id": 0, "target_a_range": 435, "in_group_a_range": 2.8, "in_group_a_strength": 20}, {"radius": 0.3, "out_group_a_strength": 12.5, "out_group_r_range": 2.0, "pedestrian_id": 226, "friend_zone": [115, 21, 70, 91, 110, 55, 17, 212, 95, 111, 158, 132, 196, 156, 171, 147, 85, 228, 114, 194, 58, 78, 184, 122, 74, 179, 50, 63, 141, 106, 24, 2, 150, 76, 9, 80, 54, 86, 68, 198, 37, 219, 39, 172, 186, 197, 214, 22, 67, 215, 131, 134, 201, 48, 218, 11, 94, 14, 161, 57, 148, 69, 151, 4, 182, 118, 181, 192, 193, 15, 104, 92, 10, 231, 152, 136, 188, 146, 124, 119, 93, 26, 163, 160, 89, 28, 166, 73, 47, 155, 129, 72, 87, 18, 32, 117, 174, 90, 77, 137, 66, 199, 8, 42, 53, 101, 210, 3, 120, 45, 41, 217, 207, 133], "target": [35.0, 25.0], "out_group_r_strength": 64.0, "target_a_strength": 22000000000, "in_group_r_strength": 40, "attractor_count": 114, "position": [-56.64914613830456, 25.338425260890734], "in_group_r_range": 2.0, "out_group_a_range": 2.8, "group_id": 1, "target_a_range": 435, "in_group_a_range": 2.8, "in_group_a_strength": 20}, {"radius": 0.3, "out_group_a_strength": 12.5, "out_group_r_range": 2.0, "pedestrian_id": 227, "friend_zone": [89, 192, 26, 84, 30, 22, 179, 106, 19, 149, 208, 213, 101, 66, 167, 202, 47, 21, 148, 79, 6, 177, 211, 20, 229, 125, 13, 29, 61, 218, 200, 122, 146, 117, 143, 184, 95, 190, 86, 181, 170, 71, 215, 43, 210, 118, 121, 228, 80, 199, 69, 165, 212, 134, 161, 203, 2, 94, 201, 17, 185, 132, 11, 189, 123, 1, 16, 198, 3, 12, 5, 91, 158, 18, 166, 40, 182, 77, 113, 207, 4, 154, 98, 142, 39, 175, 27, 169, 216, 130, 138, 31, 160, 36, 174, 35, 54, 176, 28, 223, 220, 187, 67, 172, 60, 55, 72, 85, 195, 127, 231, 197, 159, 41], "target": [35.0, 25.0], "out_group_r_strength": 64.0, "target_a_strength": 22000000000, "in_group_r_strength": 40, "attractor_count": 114, "position": [-62.48694307720407, 38.964461616683174], "in_group_r_range": 2.0, "out_group_a_range": 2.8, "group_id": 1, "target_a_range": 435, "in_group_a_range": 2.8, "in_group_a_strength": 20}], "additional_id_existed_ped": {"0": [227], "1": [225, 226], "2": [224, 225, 226, 227], "3": [226, 227], "4": [225, 226, 227], "5": [224], "6": [224, 226, 227], "7": [225, 226, 227], "8": [224, 226], "9": [], "10": [224, 226], "11": [226], "12": [224, 226, 227], "13": [224, 226], "14": [225, 226], "15": [224], "16": [225, 226, 227], "17": [224, 225], "18": [224, 227], "19": [225], "20": [227], "21": [225, 227], "22": [224, 225, 226, 227], "23": [224, 225, 226], "24": [225], "25": [], "26": [225, 227], "27": [224, 225, 226], "28": [224, 225], "29": [225, 226], "30": [224], "31": [226, 227], "32": [224, 225], "33": [224, 227], "34": [225, 226], "35": [224, 226], "36": [225, 226], "37": [224, 226, 227], "38": [227], "39": [], "40": [], "41": [225], "42": [225, 227], "43": [224, 227], "44": [224, 226], "45": [225, 226, 227], "46": [224, 225, 226, 227], "47": [224, 225, 226, 227], "48": [224, 225], "49": [224, 225, 226, 227], "50": [226], "51": [226], "52": [224, 225], "53": [225, 227], "54": [226], "55": [225, 226, 227], "56": [226], "57": [], "58": [224], "59": [224, 225, 227], "60": [224, 227], "61": [225, 226], "62": [225, 226, 227], "63": [225, 227], "64": [227], "65": [224, 225], "66": [224, 226, 227], "67": [225, 227], "68": [224, 226], "69": [227], "70": [224], "71": [224, 225, 226, 227], "72": [225, 226, 227], "73": [224, 225, 227], "74": [225], "75": [225, 226, 227], "76": [227], "77": [224, 227], "78": [224, 226, 227], "79": [225, 226], "80": [226, 227], "81": [225, 226], "82": [227], "83": [224, 225, 227], "84": [225, 227], "85": [224, 225, 227], "86": [225, 226, 227], "87": [224, 226, 227], "88": [224, 226, 227], "89": [225, 227], "90": [226], "91": [226], "92": [225, 226], "93": [], "94": [224, 225, 227], "95": [224], "96": [], "97": [224], "98": [224, 225], "99": [224, 226, 227], "100": [224, 226, 227], "101": [226, 227], "102": [224, 225], "103": [224, 225, 226], "104": [226], "105": [224, 225], "106": [227], "107": [226, 227], "108": [224, 225, 226], "109": [227], "110": [226], "111": [225, 227], "112": [224, 225, 227], "113": [225, 226, 227], "114": [225], "115": [224, 225, 226, 227], "116": [225, 227], "117": [224, 225, 227], "118": [225, 226, 227], "119": [224], "120": [224, 226], "121": [225, 227], "122": [226, 227], "123": [], "124": [224], "125": [224, 225, 226], "126": [224], "127": [224, 225, 226, 227], "128": [224, 227], "129": [224, 226], "130": [224, 226], "131": [226], "132": [226], "133": [226], "134": [225], "135": [226, 227], "136": [224, 225], "137": [227], "138": [225, 227], "139": [224, 225, 226], "140": [], "141": [225, 226], "142": [224, 225, 226, 227], "143": [226], "144": [224, 225, 227], "145": [], "146": [224, 225, 226, 227], "147": [225, 226], "148": [224, 225, 227], "149": [225, 227], "150": [224, 225, 226, 227], "151": [226], "152": [225, 227], "153": [], "154": [], "155": [224, 225, 227], "156": [224, 226], "157": [224, 226], "158": [226, 227], "159": [225, 226], "160": [224, 225, 226], "161": [225, 226, 227], "162": [224, 227], "163": [224, 226], "164": [224, 226], "165": [225, 226, 227], "166": [225, 227], "167": [224, 226, 227], "168": [], "169": [224], "170": [224, 225, 227], "171": [225, 226, 227], "172": [227], "173": [224, 227], "174": [224], "175": [224], "176": [224, 225, 227], "177": [224, 225, 226], "178": [224, 225, 226, 227], "179": [225], "180": [224, 226], "181": [225], "182": [224, 226], "183": [], "184": [225], "185": [224, 225, 226], "186": [224, 225, 227], "187": [224, 225, 226], "188": [225], "189": [224, 227], "190": [227], "191": [224, 227], "192": [224, 227], "193": [224, 225, 227], "194": [226, 227], "195": [], "196": [224], "197": [224, 226], "198": [226], "199": [224], "200": [224, 225, 226], "201": [], "202": [225, 226, 227], "203": [226], "204": [226, 227], "205": [226], "206": [225, 227], "207": [224, 225], "208": [224, 225, 227], "209": [226, 227], "210": [224, 225], "211": [], "212": [224, 226], "213": [225, 226, 227], "214": [224, 225, 227], "215": [225, 226, 227], "216": [224, 225, 226, 227], "217": [224, 225, 227], "218": [224, 225, 226], "219": [224, 225, 227],