{"frame_second": "800", "pedestrian_list": [{"radius": 0.3, "out_group_a_strength": 12.5, "out_group_r_range": 2.0, "pedestrian_id": 104, "friend_zone": [88, 60, 36, 16, 18, 99, 110, 91, 17, 83, 64, 79, 32, 27, 44, 89, 101, 56, 37, 69, 33, 71, 42, 85, 76, 51, 31, 5, 7, 25, 8, 3, 102, 66, 75, 96, 81, 103, 34, 10, 92, 4, 63, 40, 12, 11, 94, 13, 54, 15, 41, 58, 21, 90], "target": [35.0, 25.0], "out_group_r_strength": 64.0, "target_a_strength": 22000000000, "in_group_r_strength": 40, "attractor_count": 54, "position": [-64.41640140327327, 20.795789604322923], "in_group_r_range": 2.0, "out_group_a_range": 2.8, "group_id": 0, "target_a_range": 435, "in_group_a_range": 2.8, "in_group_a_strength": 20}, {"radius": 0.3, "out_group_a_strength": 12.5, "out_group_r_range": 2.0, "pedestrian_id": 105, "friend_zone": [3, 91, 79, 45, 96, 71, 97, 28, 86, 67, 22, 19, 1, 25, 95, 72, 89, 4, 108, 46, 53, 73, 34, 75, 36, 61, 109, 80, 57, 64, 65, 32, 88, 56, 40, 6, 78, 11, 55, 38, 20, 14, 5, 62, 94, 15, 76, 2, 23, 84, 48, 100, 33, 99], "target": [35.0, 25.0], "out_group_r_strength": 64.0, "target_a_strength": 22000000000, "in_group_r_strength": 40, "attractor_count": 54, "position": [-48.19946751926973, 19.47678501677797], "in_group_r_range": 2.0, "out_group_a_range": 2.8, "group_id": 0, "target_a_range": 435, "in_group_a_range": 2.8, "in_group_a_strength": 20}, {"radius": 0.3, "out_group_a_strength": 12.5, "out_group_r_range": 2.0, "pedestrian_id": 106, "friend_zone": [0, 2, 86, 56, 10, 99, 109, 46, 24, 94, 78, 32, 69, 103, 108, 61, 21, 37, 92, 31, 98, 70, 77, 111, 95, 101, 22, 7, 85, 102, 66, 14, 25, 60, 100, 26, 72, 11, 81, 74, 48, 5, 19, 38, 88, 6, 65, 16, 96, 23, 28, 13, 71, 3], "target": [35.0, 25.0], "out_group_r_strength": 64.0, "target_a_strength": 22000000000, "in_group_r_strength": 40, "attractor_count": 54, "position": [-48.80317977605298, 33.13286278984733], "in_group_r_range": 2.0, "out_group_a_range": 2.8, "group_id": 1, "target_a_range": 435, "in_group_a_range": 2.8, "in_group_a_strength": 20}, {"radius": 0.3, "out_group_a_strength": 12.5, "out_group_r_range": 2.0, "pedestrian_id": 107, "friend_zone": [51, 15, 76, 96, 33, 63, 17, 16, 47, 72, 58, 80, 0, 45, 42, 43, 56, 79, 78, 8, 73, 36, 30, 1, 110, 88, 10, 83, 38, 22, 35, 54, 13, 18, 59, 65, 71, 9, 87, 93, 19, 85, 46, 5, 50, 28, 62, 32, 68, 53, 31, 95, 6, 21], "target": [35.0, 25.0], "out_group_r_strength": 64.0, "target_a_strength": 22000000000, "in_group_r_strength": 40, "attractor_count": 54, "position": [-63.79189497872845, 38.305556898846376], "in_group_r_range": 2.0, "out_group_a_range": 2.8, "group_id": 1, "target_a_range": 435, "in_group_a_range": 2.8, "in_group_a_strength": 20}], "additional_id_existed_ped": {"0": [104, 105, 107], "1": [104, 106], "2": [105], "3": [104, 106], "4": [104, 106, 107], "5": [105, 107], "6": [104, 105, 107], "7": [106], "8": [105], "9": [107], "10": [104, 106], "11": [104, 105, 107], "12": [104, 105, 106], "13": [], "14": [105, 107], "15": [105, 106, 107], "16": [107], "17": [106], "18": [105], "19": [104, 107], "20": [104, 105, 107], "21": [104, 105, 107], "22": [105, 106], "23": [105, 106, 107], "24": [105, 106, 107], "25": [104, 105], "26": [105, 106], "27": [104, 105, 107], "28": [104, 105, 106, 107], "29": [104, 106], "30": [104, 107], "31": [104, 106, 107], "32": [105, 107], "33": [105, 106], "34": [105, 107], "35": [104, 105, 106], "36": [104], "37": [105], "38": [105, 107], "39": [105, 107], "40": [104], "41": [106], "42": [], "43": [106, 107], "44": [105], "45": [104, 105], "46": [104, 107], "47": [104], "48": [104, 107], "49": [105, 106, 107], "50": [104, 106, 107], "51": [105], "52": [104, 107], "53": [104, 106], "54": [106], "55": [104, 107], "56": [106, 107], "57": [107], "58": [104, 106, 107], "59": [106], "60": [106], "61": [105, 106, 107], "62": [105, 106], "63": [104, 105], "64": [106], "65": [107], "66": [], "67": [104, 105], "68": [104, 106], "69": [104, 105, 106, 107], "70": [105, 106], "71": [105, 106, 107], "72": [106], "73": [104, 105, 106], "74": [104, 106, 107], "75": [104, 105, 106, 107], "76": [], "77": [104, 105, 107], "78": [107], "79": [105, 106, 107], "80": [104, 105], "81": [104, 106, 107], "82": [104, 105], "83": [106], "84": [106], "85": [105, 107], "86": [104, 105, 106, 107], "87": [105], "88": [], "89": [104, 105, 106, 107], "90": [104, 106], "91": [104, 107], "92": [104, 106, 107], "93": [104, 105, 107], "94": [104, 105, 106], "95": [107], "96": [], "97": [104, 106], "98": [105], "99": [104, 106, 107], "100": [106], "101": [104], "102": [104, 105, 106, 107], "103": [104, 105, 107], "108": [104, 105, 106, 107], "109": [], "110": [105, 106, 107], "111": [104, 106]}}