{"frame_second": "3000", "pedestrian_list": [{"radius": 0.3, "out_group_a_strength": 12.5, "out_group_r_range": 2.0, "pedestrian_id": 280, "friend_zone": [216, 204, 269, 238, 196, 124, 223, 130, 80, 133, 81, 197, 64, 260, 89, 48, 129, 107, 244, 160, 56, 188, 101, 123, 192, 174, 252, 227, 194, 145, 275, 264, 167, 207, 55, 78, 30, 202, 113, 177, 212, 70, 17, 119, 270, 198, 7, 191, 11, 105, 169, 178, 44, 214, 187, 93, 144, 32, 208, 240, 255, 135, 152, 112, 102, 266, 186, 10, 15, 82, 66, 164, 19, 274, 234, 0, 134, 24, 286, 59, 52, 57, 179, 4, 224, 27, 61, 271, 209, 131, 217, 74, 13, 132, 77, 42, 232, 155, 22, 128, 51, 5, 43, 47, 14, 184, 153, 87, 154, 120, 210, 8, 148, 73, 117, 84, 121, 88, 111, 200, 265, 222, 63, 272, 79, 267, 253, 175, 25, 6, 69, 100, 21, 219, 146, 277, 246, 195, 94, 34, 156, 3], "target": [35.0, 25.0], "out_group_r_strength": 64.0, "target_a_strength": 22000000000, "in_group_r_strength": 40, "attractor_count": 142, "position": [-46.23337465803277, 18.820066856627253], "in_group_r_range": 2.0, "out_group_a_range": 2.8, "group_id": 0, "target_a_range": 435, "in_group_a_range": 2.8, "in_group_a_strength": 20}, {"radius": 0.3, "out_group_a_strength": 12.5, "out_group_r_range": 2.0, "pedestrian_id": 281, "friend_zone": [228, 258, 165, 202, 207, 83, 79, 118, 273, 138, 209, 260, 285, 51, 2, 69, 169, 200, 201, 156, 257, 9, 92, 186, 17, 206, 256, 253, 29, 181, 286, 242, 158, 255, 184, 105, 144, 20, 36, 56, 141, 152, 76, 26, 58, 275, 148, 189, 25, 22, 27, 32, 204, 143, 215, 38, 276, 13, 87, 264, 35, 125, 268, 78, 70, 68, 50, 146, 91, 86, 234, 267, 123, 84, 98, 193, 62, 263, 241, 287, 179, 120, 252, 115, 104, 223, 178, 45, 172, 239, 57, 218, 7, 162, 254, 99, 279, 136, 212, 102, 94, 0, 168, 160, 100, 214, 157, 177, 40, 64, 171, 154, 199, 97, 130, 10, 238, 41, 122, 188, 11, 198, 6, 61, 66, 90, 240, 75, 18, 103, 145, 77, 191, 113, 53, 8, 173, 259, 182, 3, 81, 243], "target": [35.0, 25.0], "out_group_r_strength": 64.0, "target_a_strength": 22000000000, "in_group_r_strength": 40, "attractor_count": 142, "position": [-41.69450352977359, 17.539171013950906], "in_group_r_range": 2.0, "out_group_a_range": 2.8, "group_id": 0, "target_a_range": 435, "in_group_a_range": 2.8, "in_group_a_strength": 20}, {"radius": 0.3, "out_group_a_strength": 12.5, "out_group_r_range": 2.0, "pedestrian_id": 282, "friend_zone": [132, 284, 168, 93, 207, 216, 243, 108, 135, 199, 48, 227, 61, 150, 170, 152, 53, 245, 105, 117, 260, 247, 185, 240, 103, 98, 10, 104, 111, 47, 148, 267, 259, 79, 123, 203, 179, 87, 254, 189, 78, 25, 139, 237, 195, 114, 42, 121, 37, 262, 76, 257, 4, 210, 256, 138, 160, 229, 30, 21, 141, 13, 221, 167, 176, 162, 180, 140, 19, 255, 27, 77, 34, 217, 231, 149, 50, 90, 241, 57, 151, 191, 107, 3, 204, 278, 218, 250, 38, 11, 171, 89, 35, 196, 268, 273, 99, 265, 63, 70, 177, 39, 239, 59, 246, 9, 67, 1, 80, 96, 60, 115, 143, 156, 41, 16, 94, 181, 84, 184, 275, 31, 62, 88, 6, 83, 112, 157, 58, 192, 74, 120, 224, 56, 133, 169, 15, 130, 223, 45, 72, 129], "target": [35.0, 25.0], "out_group_r_strength": 64.0, "target_a_strength": 22000000000, "in_group_r_strength": 40, "attractor_count": 142, "position": [-61.160599538168015, 31.824509400935423], "in_group_r_range": 2.0, "out_group_a_range": 2.8, "group_id": 1, "target_a_range": 435, "in_group_a_range": 2.8, "in_group_a_strength": 20}, {"radius": 0.3, "out_group_a_strength": 12.5, "out_group_r_range": 2.0, "pedestrian_id": 283, "friend_zone": [162, 238, 59, 86, 48, 124, 168, 45, 79, 198, 145, 33, 242, 125, 157, 37, 154, 28, 220, 229, 26, 142, 101, 77, 178, 119, 223, 200, 97, 115, 129, 159, 54, 235, 8, 240, 112, 141, 231, 167, 85, 34, 175, 21, 133, 150, 263, 272, 213, 91, 128, 267, 139, 246, 287, 98, 251, 74, 273, 212, 20, 58, 71, 70, 187, 153, 257, 268, 218, 164, 10, 67, 214, 23, 248, 259, 211, 118, 89, 276, 206, 107, 22, 87, 32, 46, 61, 237, 42, 254, 219, 17, 241, 262, 29, 180, 25, 53, 5, 11, 201, 121, 6, 234, 122, 131, 35, 258, 173, 181, 102, 182, 134, 208, 76, 278, 215, 113, 202, 170, 252, 82, 146, 90, 244, 64, 196, 199, 56, 270, 185, 165, 227, 19, 203, 221, 80, 176, 135, 16, 195, 63], "target": [35.0, 25.0], "out_group_r_strength": 64.0, "target_a_strength": 22000000000, "in_group_r_strength": 40, "attractor_count": 142, "position": [-67.04383534382339, 17.53686766699484], "in_group_r_range": 2.0, "out_group_a_range": 2.8, "group_id": 1, "target_a_range": 435, "in_group_a_range": 2.8, "in_group_a_strength": 20}], "additional_id_existed_ped": {"0": [280, 282], "1": [281], "2": [281, 282], "3": [283], "4": [280, 282, 283], "5": [280, 281, 283], "6": [281, 282, 283], "7": [280, 282, 283], "8": [282, 283], "9": [281, 282], "10": [282, 283], "11": [280, 282], "12": [281, 282], "13": [281, 283], "14": [], "15": [], "16": [280, 282, 283], "17": [], "18": [280, 281, 282], "19": [281], "20": [281, 283], "21": [280, 281, 282, 283], "22": [281], "23": [282, 283], "24": [280, 281, 282], "25": [280, 281, 282, 283], "26": [281, 282], "27": [281, 282], "28": [280, 283], "29": [281, 282, 283], "30": [281, 283], "31": [280, 281, 283], "32": [281], "33": [280, 283], "34": [281, 282], "35": [280, 281, 283], "36": [283], "37": [280, 283], "38": [283], "39": [280, 281, 282], "40": [280, 281], "41": [281, 282], "42": [282], "43": [281, 283], "44": [282, 283], "45": [280, 281, 283], "46": [280, 281], "47": [280, 281], "48": [282, 283], "49": [281], "50": [283], "51": [280, 283], "52": [282, 283], "53": [280, 283], "54": [280, 281, 283], "55": [], "56": [281, 282], "57": [281, 282], "58": [280, 281, 283], "59": [282], "60": [281, 282, 283], "61": [280, 282], "62": [283], "63": [282], "64": [280, 283], "65": [281, 282, 283], "66": [281, 282], "67": [281, 282], "68": [280, 281, 282], "69": [283], "70": [281, 282], "71": [282, 283], "72": [282, 283], "73": [281], "74": [281, 282], "75": [280, 283], "76": [280, 281, 282, 283], "77": [281, 283], "78": [282], "79": [280, 281, 282], "80": [280, 281, 282], "81": [282, 283], "82": [280, 281, 282, 283], "83": [280, 282], "84": [280, 282], "85": [283], "86": [280, 281], "87": [280, 281, 282], "88": [], "89": [281, 282, 283], "90": [280, 281, 283], "91": [280, 281, 283], "92": [280, 281, 283], "93": [280], "94": [280, 281], "95": [280, 282], "96": [280, 282], "97": [280, 282], "98": [280, 281, 282], "99": [280, 282, 283], "100": [280, 282, 283], "101": [280, 283], "102": [281, 283], "103": [280, 283], "104": [282, 283], "105": [281, 283], "106": [280, 281, 283], "107": [280, 282], "108": [281, 282], "109": [281, 283], "110": [280], "111": [282, 283], "112": [282], "113": [280, 281], "114": [281, 282], "115": [283], "116": [280], "117": [282], "118": [280, 283], "119": [], "120": [280, 283], "121": [280, 282], "122": [], "123": [280, 281, 283], "124": [280, 281, 282], "125": [280, 281, 283], "126": [281, 282, 283], "127": [], "128": [281, 282], "129": [280, 281], "130": [280, 281, 282, 283], "131": [280, 281, 282, 283], "132": [283], "133": [], "134": [281, 283], "135": [], "136": [282], "137": [281, 282, 283], "138": [280, 281, 282, 283], "139": [280], "140": [280, 282], "141": [281, 282, 283], "142": [280, 282, 283], "143": [281], "144": [280, 283], "145": [280, 282, 283], "146": [280, 281, 282, 283], "147": [283], "148": [280, 282], "149": [282, 283], "150": [], "151": [281], "152": [281, 282], "153": [282, 283], "154": [282], "155": [282, 283], "156": [280, 281, 282], "157": [280], "158": [280, 281, 283], "159": [283], "160": [283], "161": [280, 281, 282], "162": [], "163": [280, 281, 282], "164": [], "165": [281, 282, 283], "166": [282, 283], "167": [283], "168": [280, 282], "169": [280, 282], "170": [280, 282, 283], "171": [280], "172": [280, 282], "173": [283], "174": [280, 282], "175": [280, 281], "176": [280, 281, 283], "177": [282], "178": [280, 281, 282, 283], "179": [282], "180": [282], "181": [280, 281, 282, 283], "182": [283], "183": [280, 281], "184": [280, 281, 282], "185": [281], "186": [283], "187": [281, 282], "188": [], "189": [282], "190": [280, 281, 283], "191": [],