{"frame_second": "3100", "pedestrian_list": [{"radius": 0.3, "out_group_a_strength": 12.5, "out_group_r_range": 2.0, "pedestrian_id": 292, "friend_zone": [121, 235, 161, 205, 86, 111, 124, 21, 151, 123, 268, 277, 88, 165, 82, 85, 13, 204, 107, 263, 102, 201, 250, 253, 216, 171, 139, 126, 16, 109, 280, 97, 92, 200, 156, 78, 191, 265, 37, 223, 62, 135, 35, 48, 256, 116, 10, 249, 246, 202, 197, 130, 103, 162, 100, 254, 18, 237, 24, 233, 271, 137, 290, 148, 32, 284, 178, 23, 177, 72, 89, 210, 63, 236, 203, 276, 74, 227, 29, 239, 91, 71, 128, 75, 108, 51, 17, 218, 180, 193, 255, 6, 56, 79, 70, 279, 244, 251, 179, 87, 248, 226, 273, 61, 101, 252, 66, 60, 54, 143, 221, 90, 141, 190, 185, 257, 229, 132, 261, 134, 11, 73, 53, 33, 93, 258, 112, 228, 27, 15, 289, 264, 145, 241, 3, 46, 43, 127, 28, 176, 149, 158, 0, 225, 50, 267], "target": [35.0, 25.0], "out_group_r_strength": 64.0, "target_a_strength": 22000000000, "in_group_r_strength": 40, "attractor_count": 146, "position": [127.93375443770857, 39.61350328185956], "in_group_r_range": 2.0, "out_group_a_range": 2.8, "group_id": 0, "target_a_range": 435, "in_group_a_range": 2.8, "in_group_a_strength": 20}, {"radius": 0.3, "out_group_a_strength": 12.5, "out_group_r_range": 2.0, "pedestrian_id": 293, "friend_zone": [59, 79, 37, 170, 152, 154, 185, 205, 65, 8, 147, 224, 179, 55, 167, 250, 120, 168, 140, 157, 141, 240, 223, 221, 276, 86, 287, 212, 210, 144, 27, 201, 135, 49, 70, 42, 90, 265, 165, 46, 123, 3, 182, 69, 207, 146, 107, 12, 35, 30, 96, 26, 193, 50, 188, 249, 187, 29, 150, 25, 31, 110, 173, 68, 0, 125, 288, 80, 145, 95, 217, 227, 99, 9, 242, 60, 258, 127, 177, 137, 256, 126, 244, 237, 74, 56, 94, 261, 21, 115, 10, 286, 54, 171, 91, 162, 11, 272, 281, 200, 33, 81, 87, 183, 7, 172, 211, 216, 20, 51, 213, 254, 142, 77, 203, 160, 202, 124, 72, 266, 155, 164, 270, 233, 106, 234, 264, 75, 252, 268, 48, 116, 220, 39, 175, 117, 38, 226, 43, 231, 149, 45, 279, 58, 208, 128], "target": [35.0, 25.0], "out_group_r_strength": 64.0, "target_a_strength": 22000000000, "in_group_r_strength": 40, "attractor_count": 146, "position": [129.2061732276957, 30.50692615933175], "in_group_r_range": 2.0, "out_group_a_range": 2.8, "group_id": 0, "target_a_range": 435, "in_group_a_range": 2.8, "in_group_a_strength": 20}, {"radius": 0.3, "out_group_a_strength": 12.5, "out_group_r_range": 2.0, "pedestrian_id": 294, "friend_zone": [77, 80, 111, 30, 2, 73, 99, 70, 207, 12, 169, 101, 49, 40, 27, 100, 10, 138, 232, 257, 20, 202, 188, 146, 265, 155, 22, 216, 91, 13, 222, 165, 162, 14, 180, 258, 63, 57, 182, 213, 105, 145, 215, 16, 139, 45, 220, 118, 256, 81, 125, 178, 253, 185, 127, 239, 122, 270, 250, 113, 280, 221, 107, 187, 147, 142, 161, 159, 61, 43, 186, 47, 8, 247, 132, 84, 184, 144, 41, 98, 130, 42, 183, 230, 19, 64, 289, 75, 7, 212, 237, 114, 224, 241, 283, 95, 104, 261, 158, 112, 228, 156, 164, 275, 133, 110, 269, 259, 53, 23, 252, 198, 59, 193, 290, 201, 94, 134, 227, 35, 197, 255, 25, 189, 131, 175, 33, 116, 204, 135, 260, 192, 124, 108, 51, 9, 54, 39, 277, 157, 225, 211, 248, 74, 103, 68], "target": [35.0, 25.0], "out_group_r_strength": 64.0, "target_a_strength": 22000000000, "in_group_r_strength": 40, "attractor_count": 146, "position": [112.96475202121842, 16.238779399697933], "in_group_r_range": 2.0, "out_group_a_range": 2.8, "group_id": 1, "target_a_range": 435, "in_group_a_range": 2.8, "in_group_a_strength": 20}, {"radius": 0.3, "out_group_a_strength": 12.5, "out_group_r_range": 2.0, "pedestrian_id": 295, "friend_zone": [29, 135, 233, 48, 239, 41, 236, 250, 13, 154, 187, 248, 109, 264, 238, 277, 224, 6, 167, 229, 203, 63, 205, 35, 251, 107, 223, 263, 262, 102, 170, 139, 157, 37, 98, 90, 28, 115, 213, 8, 78, 216, 288, 142, 79, 53, 190, 214, 11, 50, 245, 113, 95, 71, 129, 281, 83, 4, 182, 120, 149, 240, 40, 10, 199, 196, 206, 279, 44, 186, 87, 42, 32, 72, 14, 243, 179, 58, 256, 225, 125, 119, 2, 165, 51, 207, 5, 286, 181, 30, 164, 220, 141, 45, 218, 247, 124, 19, 31, 67, 211, 280, 88, 26, 75, 194, 160, 272, 176, 105, 104, 117, 215, 145, 16, 147, 140, 151, 192, 209, 110, 228, 146, 1, 148, 9, 33, 158, 143, 150, 241, 232, 222, 204, 242, 269, 52, 184, 121, 127, 66, 55, 64, 202, 0, 82], "target": [35.0, 25.0], "out_group_r_strength": 64.0, "target_a_strength": 22000000000, "in_group_r_strength": 40, "attractor_count": 146, "position": [111.01823490757741, 16.201173401576003], "in_group_r_range": 2.0, "out_group_a_range": 2.8, "group_id": 1, "target_a_range": 435, "in_group_a_range": 2.8, "in_group_a_strength": 20}], "additional_id_existed_ped": {"0": [292, 294, 295], "1": [292], "2": [292, 293, 294, 295], "3": [293, 294], "4": [293, 294, 295], "5": [292, 294, 295], "6": [293], "7": [293, 294, 295], "8": [292, 293, 295], "9": [293, 294, 295], "10": [292, 293, 294], "11": [294], "12": [293], "13": [292, 295], "14": [292, 294, 295], "15": [294], "16": [292, 293, 294], "17": [293], "18": [294, 295], "19": [292, 294], "20": [292, 294, 295], "21": [292, 293, 295], "22": [292, 293, 294, 295], "23": [292], "24": [], "25": [292, 293], "26": [292, 293, 294, 295], "27": [295], "28": [292, 295], "29": [295], "30": [], "31": [293, 294, 295], "32": [294], "33": [295], "34": [293, 294], "35": [292], "36": [293, 294, 295], "37": [295], "38": [294], "39": [292, 294], "40": [292, 294, 295], "41": [], "42": [293], "43": [293], "44": [292], "45": [292, 293, 295], "46": [292, 293], "47": [292, 295], "48": [293, 294], "49": [], "50": [292, 294], "51": [292, 293, 294], "52": [292], "53": [292, 295], "54": [292, 295], "55": [293, 294, 295], "56": [292, 293, 294], "57": [292, 293, 294], "58": [293, 294, 295], "59": [292, 293, 294], "60": [294], "61": [292, 293, 294], "62": [293], "63": [292, 294, 295], "64": [293, 294], "65": [292, 293, 295], "66": [294], "67": [294], "68": [292, 293, 294], "69": [293], "70": [293, 294, 295], "71": [], "72": [293, 294, 295], "73": [295], "74": [293, 295], "75": [292], "76": [295], "77": [292, 295], "78": [293, 294, 295], "79": [292, 293], "80": [292, 295], "81": [294], "82": [292, 293, 295], "83": [294, 295], "84": [292, 293, 294], "85": [292], "86": [], "87": [294], "88": [292, 294, 295], "89": [292, 295], "90": [292], "91": [294, 295], "92": [294, 295], "93": [], "94": [292, 294, 295], "95": [292], "96": [293, 294, 295], "97": [293, 294, 295], "98": [293, 294, 295], "99": [293, 295], "100": [292, 293, 295], "101": [292, 293, 295], "102": [292, 294, 295], "103": [292, 293, 294], "104": [293, 294], "105": [293, 294], "106": [292, 293, 294, 295], "107": [292, 293], "108": [294], "109": [292, 293], "110": [292], "111": [292, 295], "112": [292, 293, 295], "113": [], "114": [293, 295], "115": [294], "116": [292, 294], "117": [292, 293], "118": [292, 294], "119": [292, 293, 294], "120": [295], "121": [292, 295], "122": [292, 295], "123": [292, 293], "124": [292, 295], "125": [293], "126": [292, 293, 294], "127": [], "128": [294, 295], "129": [294, 295], "130": [292, 293, 294, 295], "131": [293, 294], "132": [293, 295], "133": [294, 295], "134": [292, 294, 295], "135": [292, 293], "136": [], "137": [293, 295], "138": [292], "139": [292, 295], "140": [295], "141": [292, 294, 295], "142": [292, 293, 294, 295], "143": [293, 294, 295], "144": [292, 294, 295], "145": [293, 294], "146": [293, 294, 295], "147": [294], "148": [295], "149": [292, 293, 294, 295], "150": [293, 294, 295], "151": [293, 294, 295], "152": [293, 294, 295], "153": [293], "154": [292, 294], "155": [], "156": [], "157": [293, 294], "158": [292, 293], "159": [292, 293, 294], "160": [294, 295], "161": [293, 295], "162": [292], "163": [292, 294], "164": [292, 293], "165": [292, 295], "166": [292, 293, 295], "167": [292, 293, 295], "168": [294, 295], "169": [292], "170": [294], "171": [292, 293, 295], "172": [293, 295], "173": [292, 294, 295], "174": [292, 293, 294], "175": [293, 294], "176": [292, 293, 294, 295], "177": [292, 295], "178": [293, 295], "179": [292, 295], "180": [292], "181": [294, 295], "182": [292, 293, 294], "183": [292, 294, 295],