{"frame_second": "1500", "pedestrian_list": [{"radius": 0.3, "out_group_a_strength": 12.5, "out_group_r_range": 2.0, "pedestrian_id": 160, "friend_zone": [95, 32, 84, 46, 18, 103, 91, 127, 117, 93, 81, 1, 77, 14, 126, 143, 89, 119, 102, 108, 105, 11, 72, 120, 33, 53, 147, 99, 140, 92, 38, 70, 110, 139, 26, 40, 63, 112, 37, 121, 64, 150, 13, 74, 30, 27, 94, 62, 131, 166, 122, 167, 58, 67, 145, 21, 115, 159, 155, 50, 165, 156, 157, 97, 125, 10, 8, 71, 158, 86, 47, 20, 5, 135, 133, 118, 59, 82, 164, 68, 2, 104], "target": [35.0, 25.0], "out_group_r_strength": 64.0, "target_a_strength": 22000000000, "in_group_r_strength": 40, "attractor_count": 82, "position": [-67.03495617460055, 17.528041559086446], "in_group_r_range": 2.0, "out_group_a_range": 2.8, "group_id": 0, "target_a_range": 435, "in_group_a_range": 2.8, "in_group_a_strength": 20}, {"radius": 0.3, "out_group_a_strength": 12.5, "out_group_r_range": 2.0, "pedestrian_id": 161, "friend_zone": [130, 101, 131, 14, 132, 55, 7, 18, 28, 71, 151, 140, 164, 85, 107, 39, 154, 139, 79, 44, 126, 32, 155, 36, 49, 11, 114, 144, 115, 113, 53, 63, 110, 60, 148, 116, 129, 138, 122, 90, 135, 21, 153, 77, 118, 125, 62, 166, 50, 82, 64, 98, 96, 146, 149, 88, 45, 124, 86, 137, 54, 94, 9, 84, 76, 156, 80, 72, 152, 108, 74, 91, 100, 40, 37, 70, 167, 89, 51, 159, 141, 69], "target": [35.0, 25.0], "out_group_r_strength": 64.0, "target_a_strength": 22000000000, "in_group_r_strength": 40, "attractor_count": 82, "position": [-62.48492204150889, 25.342264752516083], "in_group_r_range": 2.0, "out_group_a_range": 2.8, "group_id": 0, "target_a_range": 435, "in_group_a_range": 2.8, "in_group_a_strength": 20}, {"radius": 0.3, "out_group_a_strength": 12.5, "out_group_r_range": 2.0, "pedestrian_id": 162, "friend_zone": [134, 48, 69, 35, 112, 79, 96, 124, 141, 74, 26, 83, 87, 64, 158, 13, 39, 88, 99, 12, 125, 92, 93, 0, 70, 37, 149, 135, 138, 61, 16, 166, 114, 107, 150, 8, 119, 98, 25, 18, 67, 127, 77, 15, 91, 126, 46, 10, 47, 31, 109, 9, 94, 6, 152, 33, 40, 90, 120, 57, 59, 38, 128, 105, 72, 73, 3, 20, 131, 86, 143, 63, 81, 71, 82, 156, 102, 123, 167, 111, 21, 132], "target": [35.0, 25.0], "out_group_r_strength": 64.0, "target_a_strength": 22000000000, "in_group_r_strength": 40, "attractor_count": 82, "position": [-46.85783542745361, 31.199982859462782], "in_group_r_range": 2.0, "out_group_a_range": 2.8, "group_id": 1, "target_a_range": 435, "in_group_a_range": 2.8, "in_group_a_strength": 20}, {"radius": 0.3, "out_group_a_strength": 12.5, "out_group_r_range": 2.0, "pedestrian_id": 163, "friend_zone": [111, 84, 38, 40, 78, 83, 94, 20, 159, 140, 100, 61, 65, 131, 47, 132, 148, 9, 51, 150, 156, 117, 33, 101, 56, 109, 15, 39, 98, 30, 85, 99, 69, 36, 116, 45, 22, 135, 49, 134, 24, 37, 158, 92, 63, 166, 105, 119, 57, 8, 72, 21, 108, 43, 90, 121, 126, 77, 23, 82, 27, 70, 19, 76, 11, 73, 48, 97, 28, 74, 71, 6, 133, 60, 138, 4, 107, 7, 95, 118, 143, 32], "target": [35.0, 25.0], "out_group_r_strength": 64.0, "target_a_strength": 22000000000, "in_group_r_strength": 40, "attractor_count": 82, "position": [-44.941028380689005, 37.665387570665686], "in_group_r_range": 2.0, "out_group_a_range": 2.8, "group_id": 1, "target_a_range": 435, "in_group_a_range": 2.8, "in_group_a_strength": 20}], "additional_id_existed_ped": {"0": [160, 163], "1": [163], "2": [161], "3": [160], "4": [160, 163], "5": [160, 162, 163], "6": [160, 161, 162, 163], "7": [161, 162, 163], "8": [160, 161, 163], "9": [160, 161, 162, 163], "10": [162, 163], "11": [162, 163], "12": [160, 161, 163], "13": [162, 163], "14": [], "15": [161, 162, 163], "16": [162], "17": [161, 162, 163], "18": [162, 163], "19": [160], "20": [160, 163], "21": [161, 162, 163], "22": [162], "23": [160, 161], "24": [160], "25": [160, 161, 162, 163], "26": [160, 161], "27": [161], "28": [161, 163], "29": [161], "30": [160, 162, 163], "31": [160, 163], "32": [160, 161, 163], "33": [162], "34": [160, 161, 162], "35": [160], "36": [161, 162], "37": [161, 162, 163], "38": [160, 162, 163], "39": [160, 161, 163], "40": [160], "41": [160], "42": [160, 163], "43": [160, 162], "44": [160, 161, 162, 163], "45": [161], "46": [160, 161, 162, 163], "47": [161, 162, 163], "48": [161, 162], "49": [160, 163], "50": [161, 162, 163], "51": [160, 162, 163], "52": [160, 162, 163], "53": [160, 161, 162, 163], "54": [162, 163], "55": [163], "56": [160, 161, 163], "57": [161, 162, 163], "58": [161, 162], "59": [163], "60": [160, 161], "61": [160], "62": [161, 162, 163], "63": [], "64": [161], "65": [160, 162], "66": [161, 163], "67": [], "68": [162], "69": [160, 162], "70": [160, 162], "71": [160, 161, 163], "72": [], "73": [160, 163], "74": [160, 162], "75": [162, 163], "76": [163], "77": [160, 161, 162], "78": [162], "79": [161, 162, 163], "80": [160, 162], "81": [162], "82": [161, 163], "83": [160], "84": [160, 161, 163], "85": [161, 162, 163], "86": [160, 163], "87": [162, 163], "88": [160, 161], "89": [161, 163], "90": [160, 162], "91": [160, 163], "92": [], "93": [160, 161, 162], "94": [160, 161, 163], "95": [161, 162], "96": [161], "97": [161], "98": [160, 161], "99": [161, 162], "100": [160, 161, 163], "101": [160], "102": [160, 162, 163], "103": [162, 163], "104": [161], "105": [161, 163], "106": [], "107": [160, 161, 162], "108": [162, 163], "109": [162], "110": [160], "111": [161, 162, 163], "112": [162], "113": [162], "114": [160, 163], "115": [160, 162], "116": [163], "117": [161], "118": [160, 163], "119": [160, 161, 162], "120": [160], "121": [160, 161, 162, 163], "122": [160, 162, 163], "123": [], "124": [162], "125": [161, 163], "126": [160, 161, 162, 163], "127": [], "128": [161, 162, 163], "129": [160, 162], "130": [160, 161, 162, 163], "131": [160, 161, 163], "132": [160, 161, 162, 163], "133": [160], "134": [161, 162], "135": [160, 161, 162], "136": [160, 161, 163], "137": [161, 163], "138": [161, 162], "139": [160, 162], "140": [], "141": [161], "142": [163], "143": [160, 161, 162], "144": [160, 161, 162], "145": [160], "146": [161], "147": [161, 163], "148": [161, 162], "149": [161, 162, 163], "150": [160, 163], "151": [160, 161], "152": [], "153": [161, 163], "154": [161], "155": [161, 162, 163], "156": [160, 162, 163], "157": [160, 162], "158": [161, 162], "159": [161], "164": [160, 163], "165": [160, 162], "166": [160, 162, 163], "167": [161]}}