{"frame_second": "1300", "pedestrian_list": [{"radius": 0.3, "out_group_a_strength": 12.5, "out_group_r_range": 2.0, "pedestrian_id": 144, "friend_zone": [25, 2, 13, 149, 123, 58, 56, 96, 57, 72, 47, 137, 4, 67, 24, 124, 110, 148, 23, 126, 114, 5, 1, 16, 53, 115, 133, 43, 82, 45, 129, 107, 15, 37, 113, 99, 42, 63, 102, 84, 79, 7, 27, 120, 38, 106, 31, 65, 121, 117, 44, 78, 33, 28, 103, 73, 6, 39, 98, 69, 0, 132, 87, 128, 36, 116, 10, 20, 62, 59, 9, 143, 95, 60], "target": [35.0, 25.0], "out_group_r_strength": 64.0, "target_a_strength": 22000000000, "in_group_r_strength": 40, "attractor_count": 74, "position": [-53.35544718174634, 35.72513801586707], "in_group_r_range": 2.0, "out_group_a_range": 2.8, "group_id": 0, "target_a_range": 435, "in_group_a_range": 2.8, "in_group_a_strength": 20}, {"radius": 0.3, "out_group_a_strength": 12.5, "out_group_r_range": 2.0, "pedestrian_id": 145, "friend_zone": [84, 22, 77, 124, 119, 118, 148, 59, 54, 96, 78, 117, 16, 30, 65, 36, 113, 7, 82, 29, 35, 134, 58, 39, 9, 151, 61, 57, 101, 63, 25, 88, 5, 110, 21, 49, 90, 98, 71, 143, 81, 51, 76, 135, 107, 116, 64, 11, 104, 19, 26, 89, 43, 109, 95, 103, 60, 66, 50, 20, 33, 137, 149, 150, 24, 0, 92, 74, 121, 53, 45, 46, 3, 79], "target": [35.0, 25.0], "out_group_r_strength": 64.0, "target_a_strength": 22000000000, "in_group_r_strength": 40, "attractor_count": 74, "position": [-42.3105847400935, 34.41361691674294], "in_group_r_range": 2.0, "out_group_a_range": 2.8, "group_id": 0, "target_a_range": 435, "in_group_a_range": 2.8, "in_group_a_strength": 20}, {"radius": 0.3, "out_group_a_strength": 12.5, "out_group_r_range": 2.0, "pedestrian_id": 146, "friend_zone": [2, 84, 51, 33, 148, 4, 112, 130, 124, 120, 70, 113, 133, 98, 105, 36, 41, 57, 22, 131, 134, 104, 37, 45, 34, 46, 81, 93, 99, 1, 121, 79, 122, 35, 86, 117, 85, 49, 61, 18, 97, 73, 10, 50, 128, 6, 56, 143, 90, 26, 42, 5, 94, 88, 64, 53, 125, 71, 44, 126, 62, 102, 19, 110, 60, 66, 132, 139, 54, 137, 39, 136, 129, 140], "target": [35.0, 25.0], "out_group_r_strength": 64.0, "target_a_strength": 22000000000, "in_group_r_strength": 40, "attractor_count": 74, "position": [-55.30246247000941, 28.55057692609321], "in_group_r_range": 2.0, "out_group_a_range": 2.8, "group_id": 1, "target_a_range": 435, "in_group_a_range": 2.8, "in_group_a_strength": 20}, {"radius": 0.3, "out_group_a_strength": 12.5, "out_group_r_range": 2.0, "pedestrian_id": 147, "friend_zone": [122, 64, 63, 76, 47, 142, 112, 150, 148, 61, 43, 50, 90, 95, 21, 74, 9, 29, 114, 12, 13, 79, 140, 54, 1, 52, 111, 118, 108, 86, 19, 97, 25, 24, 39, 121, 109, 67, 110, 32, 125, 42, 131, 117, 102, 75, 72, 33, 18, 49, 119, 5, 91, 14, 68, 23, 59, 30, 17, 51, 35, 55, 0, 138, 85, 4, 82, 139, 73, 45, 46, 10, 38, 130], "target": [35.0, 25.0], "out_group_r_strength": 64.0, "target_a_strength": 22000000000, "in_group_r_strength": 40, "attractor_count": 74, "position": [-54.677872284755274, 29.87605057088065], "in_group_r_range": 2.0, "out_group_a_range": 2.8, "group_id": 1, "target_a_range": 435, "in_group_a_range": 2.8, "in_group_a_strength": 20}], "additional_id_existed_ped": {"0": [146, 147], "1": [145, 146, 147], "2": [146], "3": [144, 147], "4": [144, 145, 146], "5": [144, 146], "6": [145, 146], "7": [145, 146, 147], "8": [], "9": [147], "10": [144, 147], "11": [145, 146], "12": [144, 145], "13": [144], "14": [147], "15": [144, 145], "16": [145, 146, 147], "17": [144, 146, 147], "18": [144], "19": [144], "20": [146], "21": [147], "22": [144, 145, 146], "23": [144], "24": [145, 146, 147], "25": [144, 145, 146], "26": [145, 146, 147], "27": [145, 147], "28": [144, 147], "29": [145], "30": [], "31": [144, 147], "32": [144, 145, 146], "33": [145], "34": [], "35": [144, 145, 147], "36": [144, 145], "37": [144], "38": [144, 145], "39": [144, 145, 146, 147], "40": [144, 146], "41": [145, 147], "42": [144, 145, 147], "43": [144, 146, 147], "44": [144, 145], "45": [146, 147], "46": [145], "47": [], "48": [], "49": [144], "50": [144, 146], "51": [144, 145, 146], "52": [144], "53": [144, 146], "54": [144, 145, 147], "55": [147], "56": [145, 147], "57": [144, 145, 146, 147], "58": [144, 145, 146, 147], "59": [146], "60": [145, 146, 147], "61": [145, 146], "62": [144, 146], "63": [145, 146], "64": [144, 145], "65": [144, 146, 147], "66": [145, 146, 147], "67": [145, 146], "68": [146], "69": [144, 145], "70": [145, 147], "71": [145, 146, 147], "72": [], "73": [144, 147], "74": [146], "75": [144, 145, 146, 147], "76": [147], "77": [144, 145, 147], "78": [145, 146, 147], "79": [145, 147], "80": [146, 147], "81": [145, 146, 147], "82": [144], "83": [144], "84": [145, 146, 147], "85": [146, 147], "86": [144, 146, 147], "87": [144, 146, 147], "88": [], "89": [144, 145, 147], "90": [144, 146, 147], "91": [144, 147], "92": [147], "93": [145, 146, 147], "94": [144, 147], "95": [145, 146, 147], "96": [146], "97": [144, 145, 146, 147], "98": [147], "99": [146, 147], "100": [], "101": [147], "102": [], "103": [144, 145, 146], "104": [145, 146], "105": [144, 147], "106": [144, 145, 147], "107": [144, 147], "108": [144], "109": [144, 145, 147], "110": [145, 146, 147], "111": [144, 145, 146], "112": [144], "113": [144], "114": [144, 145, 146, 147], "115": [145, 146, 147], "116": [145, 146, 147], "117": [145], "118": [144], "119": [144, 147], "120": [145], "121": [145, 147], "122": [146], "123": [144, 145, 146, 147], "124": [147], "125": [], "126": [145, 147], "127": [144, 145, 146], "128": [145, 146], "129": [144, 145, 146], "130": [144, 147], "131": [144], "132": [144, 145], "133": [147], "134": [144, 146, 147], "135": [144, 145, 146], "136": [147], "137": [144, 145, 146], "138": [146], "139": [144, 145], "140": [146, 147], "141": [144, 146, 147], "142": [145, 146], "143": [145, 146, 147], "148": [144, 146], "149": [145, 146], "150": [145, 146], "151": [144, 145, 146]}}