{"frame_second": "2100", "pedestrian_list": [{"radius": 0.3, "out_group_a_strength": 12.5, "out_group_r_range": 2.0, "pedestrian_id": 208, "friend_zone": [169, 126, 33, 190, 97, 149, 52, 81, 64, 201, 156, 48, 176, 27, 13, 53, 204, 200, 28, 80, 108, 175, 93, 167, 124, 37, 194, 85, 96, 87, 47, 180, 42, 141, 164, 76, 24, 12, 152, 131, 78, 116, 120, 143, 181, 16, 157, 197, 10, 146, 154, 202, 77, 23, 98, 15, 114, 82, 62, 95, 74, 111, 163, 178, 151, 135, 18, 88, 179, 72, 191, 89, 1, 171, 155, 7, 55, 195, 196, 128, 177, 63, 17, 138, 145, 133, 84, 106, 148, 187, 8, 215, 90, 66, 162, 83, 22, 214, 213, 130, 121, 11, 104, 30, 137, 45], "target": [35.0, 25.0], "out_group_r_strength": 64.0, "target_a_strength": 22000000000, "in_group_r_strength": 40, "attractor_count": 106, "position": [-51.41924717883839, 17.50063726098802], "in_group_r_range": 2.0, "out_group_a_range": 2.8, "group_id": 0, "target_a_range": 435, "in_group_a_range": 2.8, "in_group_a_strength": 20}, {"radius": 0.3, "out_group_a_strength": 12.5, "out_group_r_range": 2.0, "pedestrian_id": 209, "friend_zone": [91, 120, 1, 27, 85, 23, 191, 108, 62, 201, 117, 45, 150, 118, 95, 176, 35, 136, 115, 143, 101, 158, 135, 197, 154, 11, 97, 161, 199, 31, 83, 148, 174, 215, 20, 39, 80, 192, 59, 32, 7, 25, 145, 67, 203, 134, 99, 57, 180, 12, 3, 105, 184, 53, 152, 194, 75, 128, 56, 63, 116, 6, 119, 147, 46, 146, 36, 51, 121, 79, 188, 157, 40, 61, 162, 131, 49, 5, 185, 14, 96, 86, 178, 60, 29, 202, 106, 123, 93, 69, 52, 10, 89, 9, 98, 30, 102, 206, 70, 179, 189, 113, 164, 171, 187, 38], "target": [35.0, 25.0], "out_group_r_strength": 64.0, "target_a_strength": 22000000000, "in_group_r_strength": 40, "attractor_count": 106, "position": [-42.33591108978569, 19.49537531275992], "in_group_r_range": 2.0, "out_group_a_range": 2.8, "group_id": 0, "target_a_range": 435, "in_group_a_range": 2.8, "in_group_a_strength": 20}, {"radius": 0.3, "out_group_a_strength": 12.5, "out_group_r_range": 2.0, "pedestrian_id": 210, "friend_zone": [76, 37, 169, 146, 36, 0, 59, 27, 164, 183, 172, 135, 34, 134, 159, 99, 127, 31, 213, 160, 130, 32, 204, 117, 55, 90, 63, 107, 75, 157, 54, 61, 131, 199, 205, 161, 17, 22, 112, 51, 184, 141, 148, 14, 139, 103, 195, 215, 182, 65, 72, 177, 92, 91, 189, 187, 84, 113, 111, 88, 154, 198, 95, 140, 66, 180, 145, 126, 108, 9, 13, 93, 26, 120, 214, 70, 80, 57, 15, 48, 82, 207, 81, 71, 118, 165, 201, 67, 191, 41, 86, 151, 10, 156, 16, 171, 58, 105, 5, 150, 62, 45, 74, 137, 2, 47], "target": [35.0, 25.0], "out_group_r_strength": 64.0, "target_a_strength": 22000000000, "in_group_r_strength": 40, "attractor_count": 106, "position": [-66.39347007369727, 21.443324883789412], "in_group_r_range": 2.0, "out_group_a_range": 2.8, "group_id": 1, "target_a_range": 435, "in_group_a_range": 2.8, "in_group_a_strength": 20}, {"radius": 0.3, "out_group_a_strength": 12.5, "out_group_r_range": 2.0, "pedestrian_id": 211, "friend_zone": [52, 179, 87, 23, 184, 81, 187, 19, 14, 64, 70, 147, 97, 207, 50, 95, 36, 154, 28, 96, 41, 141, 186, 153, 158, 91, 42, 39, 84, 144, 18, 71, 24, 214, 20, 157, 85, 73, 194, 136, 107, 11, 150, 131, 8, 43, 171, 126, 165, 175, 145, 132, 115, 78, 92, 118, 201, 190, 213, 148, 121, 170, 111, 149, 192, 33, 100, 17, 98, 38, 47, 108, 69, 193, 122, 189, 196, 4, 22, 76, 44, 102, 123, 129, 99, 160, 161, 120, 16, 195, 114, 15, 90, 59, 93, 138, 134, 45, 162, 57, 173, 49, 62, 105, 163, 151], "target": [35.0, 25.0], "out_group_r_strength": 64.0, "target_a_strength": 22000000000, "in_group_r_strength": 40, "attractor_count": 106, "position": [-56.60389653791355, 27.27939173807956], "in_group_r_range": 2.0, "out_group_a_range": 2.8, "group_id": 1, "target_a_range": 435, "in_group_a_range": 2.8, "in_group_a_strength": 20}], "additional_id_existed_ped": {"0": [211], "1": [208, 211], "2": [208, 210, 211], "3": [209, 210, 211], "4": [209], "5": [208, 210], "6": [208, 209, 210, 211], "7": [210], "8": [209, 211], "9": [210, 211], "10": [], "11": [208, 209, 210], "12": [], "13": [209], "14": [209, 210, 211], "15": [208, 210], "16": [210, 211], "17": [208, 209, 211], "18": [208, 209], "19": [208, 210, 211], "20": [208, 211], "21": [208], "22": [208, 211], "23": [210], "24": [208], "25": [208, 210], "26": [208, 210], "27": [211], "28": [209, 210], "29": [209, 211], "30": [208, 210, 211], "31": [], "32": [208, 209, 210], "33": [208, 210, 211], "34": [210, 211], "35": [208, 209, 210], "36": [210], "37": [208], "38": [209, 211], "39": [208, 209, 210, 211], "40": [209, 210, 211], "41": [211], "42": [208, 209, 210], "43": [208, 209], "44": [209], "45": [208, 211], "46": [209], "47": [], "48": [209, 211], "49": [210], "50": [210], "51": [209, 210, 211], "52": [208, 209, 211], "53": [209], "54": [210], "55": [211], "56": [208, 209], "57": [209], "58": [], "59": [208, 209, 210], "60": [209], "61": [209, 210, 211], "62": [210], "63": [210, 211], "64": [208, 209, 210], "65": [209], "66": [208, 209], "67": [208, 209], "68": [], "69": [208, 210, 211], "70": [208, 209], "71": [209], "72": [209, 211], "73": [208, 211], "74": [209, 210, 211], "75": [209, 211], "76": [209, 210, 211], "77": [210, 211], "78": [210], "79": [210, 211], "80": [208], "81": [209], "82": [211], "83": [208, 211], "84": [208, 209], "85": [208, 209, 210, 211], "86": [208, 209, 210, 211], "87": [208, 210, 211], "88": [210], "89": [208, 209, 210], "90": [209, 210, 211], "91": [209, 210, 211], "92": [208, 210, 211], "93": [208, 209], "94": [209, 210], "95": [208, 209], "96": [208, 209], "97": [209, 210], "98": [208, 209, 211], "99": [208, 210], "100": [208], "101": [209, 211], "102": [208], "103": [209, 211], "104": [208, 211], "105": [208, 209, 210], "106": [208, 211], "107": [209, 210, 211], "108": [208, 210], "109": [], "110": [208, 209], "111": [210], "112": [210, 211], "113": [208, 209], "114": [209, 211], "115": [211], "116": [], "117": [], "118": [208, 210], "119": [210], "120": [208, 209, 210, 211], "121": [208], "122": [209], "123": [208, 210, 211], "124": [208, 210, 211], "125": [209, 210], "126": [208], "127": [208, 209, 210, 211], "128": [208, 209, 211], "129": [209, 210], "130": [209, 210, 211], "131": [211], "132": [], "133": [211], "134": [210, 211], "135": [209, 210], "136": [208, 209, 211], "137": [208, 210, 211], "138": [209, 211], "139": [209, 211], "140": [208, 210, 211], "141": [208, 209, 210], "142": [208, 210, 211], "143": [211], "144": [209, 210, 211], "145": [209, 210], "146": [211], "147": [208, 209, 210], "148": [208], "149": [209], "150": [209], "151": [211], "152": [209, 210, 211], "153": [208, 209, 210, 211], "154": [208, 209, 210, 211], "155": [208, 210], "156": [208], "157": [208, 209, 210, 211], "158": [208, 209, 210], "159": [209], "160": [208], "161": [209, 211], "162": [208], "163": [210, 211], "164": [210, 211], "165": [209, 210], "166": [208, 211], "167": [210, 211], "168": [208, 209, 210], "169": [209, 210, 211], "170": [208, 211], "171": [209, 210], "172": [208, 210, 211], "173": [211], "174": [208, 210], "175": [208, 209, 210], "176": [208, 210], "177": [208, 211], "178": [], "179": [208, 209, 210], "180": [209], "181": [208], "182": [208, 209, 210, 211], "183": [208, 211], "184": [208], "185": [209, 211], "186": [208, 209, 211], "187": [208, 211], "188": [208, 210, 211], "189": [209], "190": [208, 209], "191": [208, 209, 211], "192": [208, 210, 211], "193": [208, 209, 210, 211], "194": [210, 211], "195": [210], "196": [208, 209, 210], "197": [209, 210, 211], "198": [210, 211], "199": [208, 211], "200": [208, 209, 210], "201": [209, 210, 211], "202": [209, 211], "203": [208, 210], "204": [209, 210], "205": [208, 211], "206": [209], "207": [], "212": [208, 210, 211], "213": [208, 209, 210], "214": [208, 211], "215": [208, 209, 211]}}