{"frame_second": "1000", "pedestrian_list": [{"radius": 0.3, "out_group_a_strength": 12.5, "out_group_r_range": 2.0, "pedestrian_id": 120, "friend_zone": [40, 124, 17, 112, 75, 47, 82, 84, 8, 126, 102, 62, 53, 106, 39, 79, 28, 51, 71, 36, 32, 67, 100, 89, 16, 37, 11, 49, 73, 30, 4, 92, 118, 91, 7, 1, 95, 61, 113, 45, 65, 25, 115, 97, 43, 78, 80, 15, 5, 64, 56, 59, 77, 27, 96, 76, 41, 119, 24, 48, 81, 70], "target": [35.0, 25.0], "out_group_r_strength": 64.0, "target_a_strength": 22000000000, "in_group_r_strength": 40, "attractor_count": 62, "position": [-52.74740454707567, 26.64732985581696], "in_group_r_range": 2.0, "out_group_a_range": 2.8, "group_id": 0, "target_a_range": 435, "in_group_a_range": 2.8, "in_group_a_strength": 20}, {"radius": 0.3, "out_group_a_strength": 12.5, "out_group_r_range": 2.0, "pedestrian_id": 121, "friend_zone": [51, 60, 126, 106, 127, 65, 124, 95, 23, 53, 39, 87, 8, 119, 38, 112, 90, 32, 104, 97, 64, 78, 71, 52, 84, 42, 14, 47, 125, 1, 45, 25, 85, 12, 2, 36, 49, 21, 13, 93, 27, 86, 118, 30, 77, 19, 57, 9, 89, 66, 20, 44, 102, 81, 41, 68, 113, 101, 11, 103, 110, 54], "target": [35.0, 25.0], "out_group_r_strength": 64.0, "target_a_strength": 22000000000, "in_group_r_strength": 40, "attractor_count": 62, "position": [-43.61471515359369, 31.82902584756389], "in_group_r_range": 2.0, "out_group_a_range": 2.8, "group_id": 0, "target_a_range": 435, "in_group_a_range": 2.8, "in_group_a_strength": 20}, {"radius": 0.3, "out_group_a_strength": 12.5, "out_group_r_range": 2.0, "pedestrian_id": 122, "friend_zone": [22, 86, 127, 38, 77, 68, 89, 52, 110, 11, 69, 31, 40, 6, 108, 30, 57, 28, 94, 56, 63, 81, 12, 106, 83, 101, 53, 51, 1, 102, 13, 84, 92, 4, 60, 113, 27, 71, 21, 16, 41, 87, 7, 35, 73, 10, 0, 79, 17, 23, 126, 45, 2, 18, 90, 111, 100, 76, 74, 104, 88, 39], "target": [35.0, 25.0], "out_group_r_strength": 64.0, "target_a_strength": 22000000000, "in_group_r_strength": 40, "attractor_count": 62, "position": [-43.61549975781922, 19.461870029093173], "in_group_r_range": 2.0, "out_group_a_range": 2.8, "group_id": 1, "target_a_range": 435, "in_group_a_range": 2.8, "in_group_a_strength": 20}, {"radius": 0.3, "out_group_a_strength": 12.5, "out_group_r_range": 2.0, "pedestrian_id": 123, "friend_zone": [80, 60, 93, 29, 84, 45, 25, 95, 96, 49, 38, 41, 119, 34, 12, 53, 19, 47, 56, 103, 8, 77, 9, 21, 112, 6, 108, 48, 70, 42, 88, 66, 14, 22, 50, 73, 62, 59, 127, 33, 99, 101, 39, 24, 58, 106, 109, 35, 68, 83, 117, 111, 10, 36, 116, 72, 11, 67, 86, 104, 31, 105], "target": [35.0, 25.0], "out_group_r_strength": 64.0, "target_a_strength": 22000000000, "in_group_r_strength": 40, "attractor_count": 62, "position": [-46.85019907699002, 25.312412538707353], "in_group_r_range": 2.0, "out_group_a_range": 2.8, "group_id": 1, "target_a_range": 435, "in_group_a_range": 2.8, "in_group_a_strength": 20}], "additional_id_existed_ped": {"0": [121, 123], "1": [122], "2": [121, 122, 123], "3": [121, 123], "4": [120, 122], "5": [120, 122, 123], "6": [121, 122, 123], "7": [120, 121], "8": [122], "9": [120, 122], "10": [], "11": [], "12": [121, 122, 123], "13": [], "14": [120, 121, 123], "15": [120, 122, 123], "16": [120, 121, 122], "17": [120, 121, 123], "18": [120], "19": [], "20": [121], "21": [120, 121], "22": [120, 122], "23": [120, 121, 122], "24": [120, 123], "25": [122, 123], "26": [120, 123], "27": [120, 122, 123], "28": [120, 121, 122], "29": [120, 121, 122], "30": [120, 121, 122], "31": [121, 122], "32": [121, 122, 123], "33": [121], "34": [121, 122], "35": [122, 123], "36": [], "37": [120, 123], "38": [120, 122, 123], "39": [120, 122, 123], "40": [120, 121], "41": [120, 121, 122], "42": [120, 121, 123], "43": [120, 121, 123], "44": [122], "45": [121, 122], "46": [121, 122], "47": [120, 123], "48": [120, 123], "49": [120, 122, 123], "50": [122, 123], "51": [120, 121, 122], "52": [120, 121], "53": [122], "54": [122, 123], "55": [120, 121, 123], "56": [120, 121, 122, 123], "57": [120], "58": [122], "59": [120, 121, 123], "60": [120, 122], "61": [121], "62": [121, 123], "63": [120, 122, 123], "64": [121, 122, 123], "65": [], "66": [120, 121, 122, 123], "67": [120, 121, 122], "68": [122, 123], "69": [120, 123], "70": [120, 121, 122], "71": [121, 122, 123], "72": [120, 123], "73": [121, 122], "74": [120, 121], "75": [], "76": [122, 123], "77": [120, 121], "78": [120, 121, 122, 123], "79": [120, 121], "80": [121, 123], "81": [123], "82": [123], "83": [121, 123], "84": [122], "85": [120, 122, 123], "86": [120, 123], "87": [122], "88": [120, 123], "89": [123], "90": [120, 122], "91": [121], "92": [121, 123], "93": [120, 121, 122, 123], "94": [121, 122], "95": [123], "96": [120, 122], "97": [120, 121, 122], "98": [123], "99": [121, 122, 123], "100": [121, 122], "101": [], "102": [120, 121], "103": [120, 121, 123], "104": [123], "105": [120, 121, 122], "106": [120, 121, 123], "107": [120, 123], "108": [122], "109": [121], "110": [122], "111": [120, 123], "112": [121], "113": [122, 123], "114": [120, 121, 122], "115": [120, 123], "116": [121, 123], "117": [121, 122, 123], "118": [123], "119": [120], "124": [120], "125": [121, 123], "126": [121, 122], "127": []}}