{"frame_second": "0", "pedestrian_list": [{"radius": 0.3, "out_group_a_strength": 12.5, "out_group_r_range": 2.0, "pedestrian_id": 40, "friend_zone": [46, 20, 29, 30, 47, 21, 4, 11, 35, 17, 36, 12, 34, 2, 39, 19, 14, 45, 10, 28, 26, 44], "target": [35.0, 25.0], "out_group_r_strength": 64.0, "target_a_strength": 22000000000, "in_group_r_strength": 40, "attractor_count": 22, "position": [-63.79912478822054, 23.361229633251448], "in_group_r_range": 2.0, "out_group_a_range": 2.8, "group_id": 0, "target_a_range": 435, "in_group_a_range": 2.8, "in_group_a_strength": 20}, {"radius": 0.3, "out_group_a_strength": 12.5, "out_group_r_range": 2.0, "pedestrian_id": 41, "friend_zone": [39, 31, 2, 36, 0, 25, 15, 3, 18, 45, 34, 44, 46, 5, 8, 11, 6, 30, 28, 12, 47, 22], "target": [35.0, 25.0], "out_group_r_strength": 64.0, "target_a_strength": 22000000000, "in_group_r_strength": 40, "attractor_count": 22, "position": [-52.72317140531894, 23.37001403075227], "in_group_r_range": 2.0, "out_group_a_range": 2.8, "group_id": 0, "target_a_range": 435, "in_group_a_range": 2.8, "in_group_a_strength": 20}, {"radius": 0.3, "out_group_a_strength": 12.5, "out_group_r_range": 2.0, "pedestrian_id": 42, "friend_zone": [8, 22, 2, 3, 11, 12, 39, 4, 19, 25, 21, 32, 13, 5, 17, 15, 28, 44, 36, 9, 33, 31], "target": [35.0, 25.0], "out_group_r_strength": 64.0, "target_a_strength": 22000000000, "in_group_r_strength": 40, "attractor_count": 22, "position": [-59.24492387095342, 19.466603330108615], "in_group_r_range": 2.0, "out_group_a_range": 2.8, "group_id": 1, "target_a_range": 435, "in_group_a_range": 2.8, "in_group_a_strength": 20}, {"radius": 0.3, "out_group_a_strength": 12.5, "out_group_r_range": 2.0, "pedestrian_id": 43, "friend_zone": [11, 31, 37, 46, 10, 47, 44, 28, 22, 29, 21, 35, 38, 32, 8, 34, 36, 17, 2, 27, 3, 18], "target": [35.0, 25.0], "out_group_r_strength": 64.0, "target_a_strength": 22000000000, "in_group_r_strength": 40, "attractor_count": 22, "position": [-50.75056678543608, 24.022343342160454], "in_group_r_range": 2.0, "out_group_a_range": 2.8, "group_id": 1, "target_a_range": 435, "in_group_a_range": 2.8, "in_group_a_strength": 20}], "additional_id_existed_ped": {"0": [], "1": [40, 41, 43], "2": [40, 42], "3": [40, 41, 42, 43], "4": [40, 41, 42, 43], "5": [40, 42], "6": [41], "7": [42], "8": [42, 43], "9": [], "10": [40, 42], "11": [40, 41], "12": [41], "13": [], "14": [40, 41, 43], "15": [40, 41], "16": [40, 41, 42, 43], "17": [40, 41, 42, 43], "18": [40, 43], "19": [], "20": [40, 41], "21": [40, 42, 43], "22": [41], "23": [41], "24": [40, 41, 42, 43], "25": [40, 42, 43], "26": [41], "27": [40, 42, 43], "28": [40, 42, 43], "29": [43], "30": [41, 42, 43], "31": [40, 41], "32": [41], "33": [], "34": [42, 43], "35": [40, 42], "36": [41, 42, 43], "37": [43], "38": [40, 42], "39": [41, 42, 43], "44": [41], "45": [42, 43], "46": [40, 41, 42, 43], "47": [43]}}