{"frame_second": "3000", "pedestrian_list": [{"radius": 0.3, "out_group_a_strength": 12.5, "out_group_r_range": 2.0, "pedestrian_id": 284, "friend_zone": [78, 29, 47, 268, 264, 263, 1, 35, 243, 239, 56, 44, 72, 107, 249, 39, 278, 18, 265, 12, 277, 77, 31, 119, 2, 231, 152, 26, 180, 183, 0, 125, 124, 112, 9, 220, 15, 36, 236, 89, 91, 225, 66, 88, 165, 134, 233, 177, 212, 158, 130, 179, 37, 182, 192, 98, 267, 262, 211, 131, 168, 19, 273, 162, 116, 181, 30, 49, 23, 24, 257, 240, 178, 109, 50, 129, 28, 95, 205, 83, 21, 34, 100, 45, 97, 200, 207, 140, 193, 64, 189, 22, 69, 222, 254, 106, 127, 20, 157, 255, 96, 188, 128, 227, 108, 173, 281, 176, 16, 54, 46, 6, 101, 149, 7, 57, 229, 261, 197, 238, 27, 171, 202, 82, 150, 63, 204, 224, 194, 94, 136, 3, 71, 104, 252, 235, 73, 186, 113, 282, 143, 274], "target": [35.0, 25.0], "out_group_r_strength": 64.0, "target_a_strength": 22000000000, "in_group_r_strength": 40, "attractor_count": 142, "position": [138.33210099876587, 12.31531462597272], "in_group_r_range": 2.0, "out_group_a_range": 2.8, "group_id": 0, "target_a_range": 435, "in_group_a_range": 2.8, "in_group_a_strength": 20}, {"radius": 0.3, "out_group_a_strength": 12.5, "out_group_r_range": 2.0, "pedestrian_id": 285, "friend_zone": [99, 122, 226, 0, 200, 50, 168, 55, 75, 77, 172, 248, 187, 12, 179, 188, 217, 32, 110, 145, 251, 195, 154, 87, 30, 175, 58, 227, 202, 27, 3, 63, 13, 225, 43, 126, 214, 164, 184, 129, 213, 160, 239, 130, 66, 33, 127, 53, 176, 283, 169, 24, 23, 15, 281, 148, 191, 120, 180, 165, 181, 60, 210, 150, 46, 6, 278, 151, 139, 25, 88, 39, 240, 229, 159, 64, 156, 70, 257, 52, 54, 140, 264, 104, 267, 57, 71, 1, 149, 220, 182, 94, 31, 209, 34, 56, 186, 142, 254, 255, 131, 5, 222, 194, 112, 73, 132, 97, 95, 167, 29, 16, 42, 26, 262, 170, 147, 199, 166, 92, 238, 18, 237, 253, 203, 9, 228, 259, 252, 108, 106, 44, 272, 242, 189, 136, 258, 162, 17, 236, 183, 280], "target": [35.0, 25.0], "out_group_r_strength": 64.0, "target_a_strength": 22000000000, "in_group_r_strength": 40, "attractor_count": 142, "position": [137.01153098915037, 16.860170745428995], "in_group_r_range": 2.0, "out_group_a_range": 2.8, "group_id": 0, "target_a_range": 435, "in_group_a_range": 2.8, "in_group_a_strength": 20}, {"radius": 0.3, "out_group_a_strength": 12.5, "out_group_r_range": 2.0, "pedestrian_id": 286, "friend_zone": [231, 84, 135, 6, 7, 43, 59, 11, 62, 175, 196, 18, 138, 150, 55, 164, 10, 25, 78, 41, 83, 236, 8, 228, 167, 265, 235, 132, 56, 85, 125, 13, 216, 193, 69, 60, 159, 19, 103, 283, 89, 81, 232, 114, 127, 49, 171, 113, 115, 253, 16, 133, 221, 2, 50, 166, 255, 63, 35, 153, 160, 118, 203, 190, 243, 99, 87, 209, 249, 208, 100, 202, 260, 40, 186, 94, 128, 39, 220, 73, 130, 178, 1, 161, 282, 250, 144, 238, 0, 28, 90, 224, 102, 270, 213, 112, 106, 245, 239, 61, 275, 52, 51, 104, 272, 281, 223, 252, 120, 72, 123, 274, 174, 42, 179, 251, 215, 180, 140, 187, 165, 200, 157, 20, 207, 91, 240, 92, 105, 67, 77, 230, 169, 222, 261, 21, 108, 182, 142, 205, 268, 233], "target": [35.0, 25.0], "out_group_r_strength": 64.0, "target_a_strength": 22000000000, "in_group_r_strength": 40, "attractor_count": 142, "position": [118.84796261767656, 26.603795072659857], "in_group_r_range": 2.0, "out_group_a_range": 2.8, "group_id": 1, "target_a_range": 435, "in_group_a_range": 2.8, "in_group_a_strength": 20}, {"radius": 0.3, "out_group_a_strength": 12.5, "out_group_r_range": 2.0, "pedestrian_id": 287, "friend_zone": [33, 0, 266, 225, 237, 9, 22, 138, 2, 116, 214, 190, 8, 53, 30, 136, 160, 229, 100, 239, 109, 19, 268, 5, 115, 238, 87, 27, 67, 195, 196, 223, 103, 178, 149, 127, 253, 269, 215, 257, 175, 42, 174, 25, 81, 13, 276, 93, 166, 110, 247, 154, 264, 28, 37, 73, 252, 36, 69, 90, 197, 10, 76, 29, 283, 249, 118, 263, 64, 185, 187, 128, 281, 212, 243, 14, 168, 45, 113, 231, 262, 54, 254, 245, 131, 66, 107, 222, 182, 137, 21, 176, 123, 274, 250, 62, 278, 65, 20, 41, 97, 246, 44, 275, 24, 141, 147, 35, 105, 125, 68, 15, 184, 163, 255, 272, 240, 226, 173, 181, 191, 213, 26, 140, 271, 220, 55, 51, 23, 146, 218, 155, 217, 85, 77, 219, 228, 221, 91, 159, 95, 78], "target": [35.0, 25.0], "out_group_r_strength": 64.0, "target_a_strength": 22000000000, "in_group_r_strength": 40, "attractor_count": 142, "position": [136.37535880791899, 33.772245245126776], "in_group_r_range": 2.0, "out_group_a_range": 2.8, "group_id": 1, "target_a_range": 435, "in_group_a_range": 2.8, "in_group_a_strength": 20}], "additional_id_existed_ped": {"0": [285, 286, 287], "1": [284, 286], "2": [284, 285], "3": [287], "4": [285, 286, 287], "5": [284], "6": [284], "7": [284, 286, 287], "8": [284, 286, 287], "9": [286, 287], "10": [284], "11": [284, 286], "12": [284], "13": [284, 286, 287], "14": [286, 287], "15": [287], "16": [287], "17": [284, 285, 286], "18": [], "19": [287], "20": [287], "21": [284, 285], "22": [284, 285, 286], "23": [285, 286, 287], "24": [285], "25": [284, 286, 287], "26": [284, 286], "27": [285], "28": [286], "29": [286], "30": [286, 287], "31": [284, 285], "32": [284, 285, 287], "33": [284, 285, 286, 287], "34": [284, 285], "35": [], "36": [285, 286], "37": [284, 286], "38": [284, 285, 286, 287], "39": [284, 285, 287], "40": [287], "41": [285, 286, 287], "42": [284], "43": [285, 287], "44": [284, 286], "45": [285, 287], "46": [284, 285], "47": [285], "48": [285, 286, 287], "49": [285, 286], "50": [285, 287], "51": [285], "52": [284, 285], "53": [286, 287], "54": [285, 286], "55": [285, 286, 287], "56": [284, 287], "57": [], "58": [285], "59": [286, 287], "60": [284, 286], "61": [285, 287], "62": [285, 287], "63": [286], "64": [284, 286, 287], "65": [284, 285, 287], "66": [285, 286, 287], "67": [286, 287], "68": [284, 285, 287], "69": [284, 285], "70": [284, 285], "71": [284, 286], "72": [284, 286, 287], "73": [], "74": [284, 286, 287], "75": [284, 286], "76": [286], "77": [285, 286], "78": [285, 286, 287], "79": [284, 285, 287], "80": [284, 287], "81": [284, 285, 286], "82": [287], "83": [285, 286, 287], "84": [284, 285], "85": [286], "86": [285, 286], "87": [284, 285, 287], "88": [284, 285], "89": [285, 286], "90": [287], "91": [284, 286], "92": [284, 285, 286, 287], "93": [284, 286, 287], "94": [284, 287], "95": [285, 287], "96": [], "97": [286, 287], "98": [285, 286, 287], "99": [284, 286, 287], "100": [285, 286, 287], "101": [285, 287], "102": [284, 285, 286, 287], "103": [286, 287], "104": [286, 287], "105": [284, 286, 287], "106": [], "107": [], "108": [285, 287], "109": [284, 286], "110": [285, 287], "111": [], "112": [284], "113": [285, 286], "114": [284, 286], "115": [], "116": [284, 285], "117": [286, 287], "118": [284, 285, 286], "119": [286], "120": [285, 287], "121": [284, 285], "122": [284, 285, 286], "123": [285, 286], "124": [285, 286, 287], "125": [287], "126": [], "127": [284, 285, 286], "128": [284], "129": [284, 286, 287], "130": [284, 285, 287], "131": [284, 287], "132": [284, 287], "133": [285, 286], "134": [285, 286, 287], "135": [284, 286, 287], "136": [284, 285, 286], "137": [285, 286, 287], "138": [284, 285, 286], "139": [285, 287], "140": [287], "141": [284, 286, 287], "142": [284, 285, 286], "143": [286, 287], "144": [284, 285, 286], "145": [284, 286], "146": [285], "147": [], "148": [285], "149": [285, 286, 287], "150": [287], "151": [285, 286], "152": [284, 285, 286], "153": [284, 285], "154": [286, 287], "155": [284, 285, 286], "156": [284, 285, 286], "157": [284], "158": [284, 285, 286, 287], "159": [284, 286, 287], "160": [284, 285, 286, 287], "161": [284, 287], "162": [285], "163": [284, 285], "164": [286, 287], "165": [285], "166": [284, 287], "167": [284], "168": [284, 286, 287], "169": [287], "170": [287], "171": [284, 285, 286], "172": [285, 286], "173": [286, 287], "174": [285], "175": [285], "176": [285, 286, 287], "177": [284], "178": [284, 285, 286], "179": [], "180": [284, 285, 287], "181": [285, 287], "182": [284, 286, 287], "183": [284, 285, 286, 287], "184": [285], "185": [286], "186": [284, 287], "187": [285, 286], "188": [285], "189": [285, 286],