{"frame_second": "4100", "pedestrian_list": [{"radius": 0.3, "out_group_a_strength": 12.5, "out_group_r_range": 2.0, "pedestrian_id": 368, "friend_zone": [284, 38, 290, 259, 129, 148, 114, 194, 239, 163, 298, 221, 252, 319, 131, 226, 331, 359, 138, 309, 2, 177, 37, 64, 254, 109, 196, 357, 72, 127, 125, 83, 0, 215, 314, 318, 130, 149, 197, 75, 283, 99, 111, 202, 133, 153, 285, 32, 367, 337, 225, 253, 299, 33, 375, 52, 66, 372, 214, 136, 176, 213, 294, 165, 274, 187, 190, 86, 82, 350, 360, 113, 98, 233, 181, 21, 301, 363, 184, 272, 269, 24, 159, 4, 23, 143, 288, 323, 164, 330, 277, 352, 343, 219, 335, 373, 142, 358, 296, 22, 26, 162, 132, 116, 227, 56, 228, 17, 339, 267, 150, 147, 76, 18, 286, 198, 204, 366, 235, 121, 203, 229, 85, 217, 73, 104, 84, 89, 51, 237, 361, 242, 320, 167, 232, 356, 20, 316, 101, 172, 62, 168, 154, 179, 255, 334, 80, 77, 97, 201, 354, 324, 210, 7, 170, 374, 310, 122, 246, 157, 250, 139, 291, 9, 110, 140, 63, 107, 117, 322, 156, 126, 347, 341, 212, 211, 174, 312, 134, 128, 3, 182, 47, 166, 362, 247], "target": [35.0, 25.0], "out_group_r_strength": 64.0, "target_a_strength": 22000000000, "in_group_r_strength": 40, "attractor_count": 186, "position": [-43.646772574087414, 31.80190637788371], "in_group_r_range": 2.0, "out_group_a_range": 2.8, "group_id": 0, "target_a_range": 435, "in_group_a_range": 2.8, "in_group_a_strength": 20}, {"radius": 0.3, "out_group_a_strength": 12.5, "out_group_r_range": 2.0, "pedestrian_id": 369, "friend_zone": [338, 323, 215, 275, 182, 372, 67, 253, 49, 373, 153, 332, 350, 212, 220, 242, 112, 82, 344, 152, 107, 176, 34, 247, 105, 27, 52, 39, 88, 164, 50, 95, 199, 61, 209, 295, 142, 198, 125, 48, 250, 274, 233, 305, 139, 20, 8, 97, 150, 71, 35, 375, 62, 206, 314, 124, 208, 291, 239, 351, 189, 9, 31, 158, 120, 106, 79, 136, 6, 99, 36, 294, 366, 127, 304, 293, 236, 243, 340, 346, 74, 303, 367, 330, 44, 223, 94, 165, 196, 68, 287, 81, 235, 40, 231, 251, 202, 45, 56, 249, 230, 32, 26, 195, 228, 28, 307, 173, 118, 2, 365, 86, 279, 131, 260, 217, 69, 308, 166, 246, 348, 85, 181, 281, 331, 207, 345, 205, 252, 221, 38, 17, 123, 135, 54, 241, 30, 337, 327, 113, 104, 219, 167, 227, 149, 298, 197, 261, 55, 141, 358, 185, 360, 148, 98, 59, 328, 320, 322, 237, 273, 214, 229, 321, 278, 5, 184, 100, 200, 326, 171, 15, 216, 70, 155, 203, 16, 134, 272, 347, 78, 57, 316, 157, 285, 1], "target": [35.0, 25.0], "out_group_r_strength": 64.0, "target_a_strength": 22000000000, "in_group_r_strength": 40, "attractor_count": 186, "position": [-55.34091739606909, 39.629108090877544], "in_group_r_range": 2.0, "out_group_a_range": 2.8, "group_id": 0, "target_a_range": 435, "in_group_a_range": 2.8, "in_group_a_strength": 20}, {"radius": 0.3, "out_group_a_strength": 12.5, "out_group_r_range": 2.0, "pedestrian_id": 370, "friend_zone": [269, 107, 194, 328, 65, 304, 32, 333, 52, 66, 169, 188, 139, 30, 163, 291, 227, 303, 56, 197, 329, 331, 94, 360, 341, 221, 85, 181, 364, 125, 184, 261, 375, 202, 49, 337, 272, 191, 251, 115, 264, 162, 362, 60, 297, 352, 111, 104, 204, 155, 220, 348, 116, 266, 249, 57, 47, 273, 114, 175, 267, 1, 137, 173, 96, 207, 229, 149, 187, 130, 374, 218, 133, 20, 142, 254, 141, 277, 146, 366, 48, 101, 42, 243, 296, 284, 326, 174, 28, 343, 253, 280, 257, 294, 166, 21, 285, 282, 183, 193, 363, 344, 230, 152, 132, 210, 319, 6, 198, 23, 68, 158, 87, 287, 195, 62, 26, 109, 58, 24, 29, 121, 117, 228, 242, 346, 27, 250, 73, 40, 350, 293, 325, 11, 126, 46, 308, 206, 12, 258, 98, 177, 0, 76, 148, 164, 354, 355, 71, 347, 51, 353, 247, 237, 305, 335, 223, 131, 63, 372, 241, 171, 216, 156, 311, 232, 179, 256, 276, 100, 19, 373, 161, 170, 61, 112, 37, 120, 298, 313, 212, 231, 322, 288, 236, 324], "target": [35.0, 25.0], "out_group_r_strength": 64.0, "target_a_strength": 22000000000, "in_group_r_strength": 40, "attractor_count": 186, "position": [-45.59191048486025, 21.40699479384392], "in_group_r_range": 2.0, "out_group_a_range": 2.8, "group_id": 1, "target_a_range": 435, "in_group_a_range": 2.8, "in_group_a_strength": 20}, {"radius": 0.3, "out_group_a_strength": 12.5, "out_group_r_range": 2.0, "pedestrian_id": 371, "friend_zone": [190, 3, 252, 140, 226, 93, 290, 85, 46, 122, 156, 128, 90, 260, 212, 182, 155, 279, 240, 43, 115, 169, 146, 343, 228, 40, 116, 348, 66, 347, 235, 282, 333, 82, 75, 110, 55, 31, 23, 28, 308, 341, 345, 71, 167, 291, 362, 131, 334, 147, 26, 207, 5, 181, 313, 119, 179, 95, 373, 74, 349, 303, 151, 20, 159, 266, 304, 236, 323, 164, 177, 247, 250, 315, 258, 94, 27, 73, 365, 363, 53, 338, 198, 0, 268, 356, 152, 196, 8, 47, 269, 64, 126, 355, 175, 267, 316, 106, 25, 92, 372, 72, 42, 300, 361, 273, 174, 56, 238, 199, 299, 277, 220, 203, 178, 32, 296, 351, 34, 344, 319, 104, 70, 191, 216, 118, 357, 35, 321, 248, 221, 263, 215, 233, 256, 186, 219, 340, 49, 114, 352, 22, 314, 262, 244, 11, 41, 204, 194, 29, 257, 274, 214, 265, 327, 184, 100, 183, 318, 217, 51, 139, 251, 67, 138, 24, 230, 208, 158, 330, 320, 99, 145, 375, 324, 87, 326, 61, 86, 62, 9, 96, 292, 162, 108, 149], "target": [35.0, 25.0], "out_group_r_strength": 64.0, "target_a_strength": 22000000000, "in_group_r_strength": 40, "attractor_count": 186, "position": [-59.86478759472011, 25.993020989263137], "in_group_r_range": 2.0, "out_group_a_range": 2.8, "group_id": 1, "target_a_range": 435, "in_group_a_range": 2.8, "in_group_a_strength": 20}], "additional_id_existed_ped": {"0": [369, 370, 371], "1": [368, 370], "2": [370], "3": [368, 369, 370, 371], "4": [368, 370, 371], "5": [368], "6": [369, 371], "7": [369, 371], "8": [369, 371], "9": [368, 369, 371], "10": [368, 370], "11": [371], "12": [368, 369, 370, 371], "13": [370, 371], "14": [368], "15": [371], "16": [368, 369, 370, 371], "17": [369, 371], "18": [370, 371], "19": [368, 369, 370, 371], "20": [368, 371], "21": [368, 371], "22": [368, 370], "23": [368, 371], "24": [368, 369, 370], "25": [369], "26": [369, 371], "27": [368, 369], "28": [368, 369, 371], "29": [371], "30": [371], "31": [369], "32": [369, 371], "33": [368, 369, 370], "34": [], "35": [368, 369], "36": [368, 370], "37": [368, 370, 371], "38": [368, 369], "39": [368, 369, 370], "40": [371], "41": [368, 369, 370], "42": [370, 371], "43": [368], "44": [369, 370, 371], "45": [370], "46": [368], "47": [368, 370], "48": [368, 370, 371], "49": [368, 369], "50": [368, 369, 370, 371], "51": [369, 371], "52": [], "53": [368, 370], "54": [369, 370], "55": [369], "56": [368, 371], "57": [371], "58": [370, 371], "59": [369, 370, 371], "60": [370], "61": [371], "62": [369, 371], "63": [368, 370], "64": [371], "65": [368, 369, 370], "66": [], "67": [368, 369], "68": [369, 370, 371], "69": [371], "70": [369], "71": [368, 370], "72": [368, 370], "73": [], "74": [370, 371], "75": [369, 370, 371], "76": [368, 369, 371], "77": [369, 371], "78": [368], "79": [369, 371], "80": [368], "81": [369, 371], "82": [368, 370], "83": [], "84": [368, 369, 371], "85": [368, 370], "86": [369, 370], "87": [369, 370, 371], "88": [369, 371], "89": [370], "90": [370, 371], "91": [368, 371], "92": [368, 371], "93": [368, 369], "94": [370, 371], "95": [370, 371], "96": [369, 371], "97": [368, 369, 371], "98": [368], "99": [368, 369], "100": [368, 370], "101": [368, 369], "102": [368, 369, 370], "103": [369, 370], "104": [369], "105": [370], "106": [368, 369], "107": [369], "108": [370], "109": [368, 369, 371], "110": [370, 371], "111": [371], "112": [368, 371], "113": [369, 371], "114": [368, 370], "115": [368, 369, 370, 371], "116": [368, 371], "117": [], "118": [368], "119": [368, 369, 370, 371], "120": [368, 369, 371], "121": [368, 369, 370, 371], "122": [369, 371], "123": [368, 369], "124": [368, 370], "125": [368, 369], "126": [368, 369, 371], "127": [368, 370, 371], "128": [368, 371], "129": [], "130": [370], "131": [368, 369, 370], "132": [369, 370], "133": [], "134": [], "135": [368, 370], "136": [368, 371], "137": [368], "138": [369, 371], "139": [369, 370, 371], "140": [368, 369, 370, 371], "141": [369, 370, 371], "142": [], "143": [369, 370, 371], "144": [370],