{"frame_second": "4000", "pedestrian_list": [{"radius": 0.3, "out_group_a_strength": 12.5, "out_group_r_range": 2.0, "pedestrian_id": 360, "friend_zone": [241, 285, 122, 153, 40, 352, 202, 313, 213, 278, 297, 292, 314, 4, 12, 194, 24, 154, 217, 349, 342, 224, 98, 197, 144, 43, 17, 293, 219, 274, 161, 215, 340, 2, 329, 257, 248, 334, 120, 324, 261, 88, 239, 8, 287, 73, 146, 184, 31, 265, 264, 85, 54, 25, 315, 191, 110, 18, 205, 75, 365, 60, 130, 245, 90, 301, 225, 254, 155, 246, 160, 290, 229, 269, 136, 318, 235, 72, 185, 279, 58, 357, 121, 157, 280, 126, 189, 341, 356, 39, 350, 69, 32, 277, 289, 123, 310, 159, 50, 336, 99, 284, 302, 288, 171, 134, 14, 193, 323, 304, 186, 332, 218, 299, 238, 312, 28, 286, 132, 234, 179, 206, 66, 174, 167, 30, 283, 97, 330, 347, 131, 63, 196, 266, 64, 156, 9, 148, 48, 56, 21, 187, 105, 210, 252, 139, 268, 173, 104, 108, 178, 228, 170, 103, 147, 52, 45, 81, 305, 77, 117, 251, 86, 164, 367, 141, 112, 138, 322, 320, 227, 76, 47, 337, 44, 230, 140, 222, 111, 82, 13, 309], "target": [35.0, 25.0], "out_group_r_strength": 64.0, "target_a_strength": 22000000000, "in_group_r_strength": 40, "attractor_count": 182, "position": [-46.244477231986245, 29.85568157240421], "in_group_r_range": 2.0, "out_group_a_range": 2.8, "group_id": 0, "target_a_range": 435, "in_group_a_range": 2.8, "in_group_a_strength": 20}, {"radius": 0.3, "out_group_a_strength": 12.5, "out_group_r_range": 2.0, "pedestrian_id": 361, "friend_zone": [317, 76, 80, 136, 153, 319, 270, 75, 314, 237, 242, 24, 186, 62, 20, 197, 89, 67, 95, 278, 234, 232, 59, 223, 366, 342, 273, 142, 66, 355, 17, 260, 119, 315, 265, 38, 184, 139, 151, 229, 121, 335, 162, 10, 4, 202, 93, 261, 256, 18, 238, 177, 247, 339, 13, 53, 90, 196, 358, 357, 225, 259, 326, 213, 29, 331, 0, 174, 140, 178, 194, 16, 263, 99, 359, 345, 309, 305, 44, 191, 347, 195, 349, 354, 233, 50, 137, 32, 306, 246, 152, 68, 165, 264, 156, 269, 58, 287, 61, 55, 304, 171, 344, 167, 285, 127, 166, 251, 92, 86, 183, 46, 266, 117, 216, 145, 147, 159, 70, 113, 148, 185, 224, 327, 212, 125, 143, 222, 19, 226, 102, 112, 192, 108, 118, 321, 172, 245, 249, 198, 320, 356, 302, 5, 72, 73, 292, 52, 272, 296, 340, 364, 64, 181, 204, 45, 227, 83, 123, 214, 279, 146, 241, 346, 129, 141, 160, 336, 294, 120, 69, 81, 244, 275, 228, 291, 252, 209, 307, 135, 343, 144], "target": [35.0, 25.0], "out_group_r_strength": 64.0, "target_a_strength": 22000000000, "in_group_r_strength": 40, "attractor_count": 182, "position": [-62.46859802766243, 25.993018966916257], "in_group_r_range": 2.0, "out_group_a_range": 2.8, "group_id": 0, "target_a_range": 435, "in_group_a_range": 2.8, "in_group_a_strength": 20}, {"radius": 0.3, "out_group_a_strength": 12.5, "out_group_r_range": 2.0, "pedestrian_id": 362, "friend_zone": [328, 237, 45, 199, 97, 137, 275, 289, 14, 18, 303, 283, 235, 31, 228, 124, 202, 143, 152, 188, 260, 280, 250, 154, 75, 115, 348, 216, 6, 278, 161, 179, 330, 246, 141, 79, 87, 334, 48, 91, 248, 245, 123, 144, 282, 191, 181, 72, 41, 158, 189, 337, 157, 346, 310, 214, 324, 357, 293, 176, 251, 119, 318, 270, 305, 134, 258, 90, 173, 302, 253, 207, 74, 88, 54, 329, 78, 37, 212, 109, 107, 68, 220, 256, 140, 299, 182, 203, 3, 129, 114, 215, 53, 333, 50, 285, 262, 311, 26, 356, 12, 294, 211, 93, 172, 351, 187, 261, 103, 247, 296, 7, 178, 350, 171, 364, 209, 230, 195, 80, 98, 322, 352, 32, 298, 321, 116, 196, 122, 150, 162, 145, 201, 367, 210, 190, 208, 139, 200, 159, 126, 64, 183, 33, 94, 125, 314, 227, 127, 177, 100, 186, 43, 291, 219, 274, 344, 236, 354, 110, 111, 319, 226, 138, 288, 265, 301, 192, 99, 112, 95, 341, 168, 58, 264, 106, 16, 130, 121, 118, 56, 155], "target": [35.0, 25.0], "out_group_r_strength": 64.0, "target_a_strength": 22000000000, "in_group_r_strength": 40, "attractor_count": 182, "position": [-55.31674368263823, 20.122816795675217], "in_group_r_range": 2.0, "out_group_a_range": 2.8, "group_id": 1, "target_a_range": 435, "in_group_a_range": 2.8, "in_group_a_strength": 20}, {"radius": 0.3, "out_group_a_strength": 12.5, "out_group_r_range": 2.0, "pedestrian_id": 363, "friend_zone": [48, 76, 162, 231, 358, 304, 127, 126, 0, 52, 74, 125, 336, 225, 228, 69, 261, 29, 241, 13, 3, 152, 88, 56, 199, 43, 166, 335, 204, 55, 307, 121, 24, 98, 196, 227, 207, 21, 93, 14, 82, 151, 38, 145, 233, 137, 338, 132, 195, 265, 309, 345, 110, 113, 28, 108, 321, 213, 129, 170, 150, 176, 133, 314, 259, 171, 72, 254, 85, 101, 312, 249, 104, 175, 118, 99, 115, 293, 163, 30, 344, 243, 286, 192, 274, 147, 148, 365, 226, 61, 41, 349, 53, 168, 247, 208, 90, 66, 260, 248, 354, 217, 6, 59, 220, 64, 37, 20, 353, 160, 311, 71, 185, 318, 35, 305, 70, 63, 277, 50, 134, 8, 319, 194, 216, 364, 57, 281, 116, 347, 278, 97, 18, 348, 333, 341, 238, 12, 138, 27, 355, 366, 100, 343, 244, 15, 299, 177, 357, 302, 294, 203, 346, 287, 11, 291, 111, 184, 65, 239, 188, 167, 316, 94, 174, 273, 340, 285, 206, 54, 332, 62, 272, 334, 47, 86, 296, 83, 264, 106, 91, 359], "target": [35.0, 25.0], "out_group_r_strength": 64.0, "target_a_strength": 22000000000, "in_group_r_strength": 40, "attractor_count": 182, "position": [-52.71250549744825, 24.65449648505695], "in_group_r_range": 2.0, "out_group_a_range": 2.8, "group_id": 1, "target_a_range": 435, "in_group_a_range": 2.8, "in_group_a_strength": 20}], "additional_id_existed_ped": {"0": [362, 363], "1": [361, 362], "2": [360, 361, 362], "3": [361, 363], "4": [362, 363], "5": [360, 362], "6": [361, 362, 363], "7": [360, 361, 363], "8": [360, 361, 362], "9": [361, 363], "10": [360, 361, 363], "11": [361, 362], "12": [360, 361], "13": [360, 361], "14": [361, 363], "15": [361, 363], "16": [362], "17": [361], "18": [361, 363], "19": [361, 362, 363], "20": [360, 361, 362], "21": [360, 361, 362], "22": [360, 361, 363], "23": [360, 362, 363], "24": [361, 362, 363], "25": [], "26": [361, 363], "27": [363], "28": [360, 361, 362, 363], "29": [360], "30": [360, 361, 362, 363], "31": [363], "32": [360, 363], "33": [], "34": [361, 363], "35": [360, 361, 363], "36": [363], "37": [361, 362], "38": [361, 363], "39": [361], "40": [360, 363], "41": [], "42": [360, 361, 362], "43": [361, 363], "44": [361, 362], "45": [362], "46": [360, 362], "47": [360, 361, 362, 363], "48": [361, 362], "49": [362, 363], "50": [360, 362, 363], "51": [360, 362, 363], "52": [361], "53": [360], "54": [361, 362], "55": [360, 361, 362], "56": [360, 361], "57": [361, 362, 363], "58": [362], "59": [361], "60": [360, 361, 363], "61": [362, 363], "62": [360, 361], "63": [362, 363], "64": [361], "65": [], "66": [360, 361, 362, 363], "67": [360, 362, 363], "68": [360, 361, 362, 363], "69": [360, 361, 362, 363], "70": [363], "71": [361, 362], "72": [361, 363], "73": [361], "74": [362, 363], "75": [], "76": [361, 362], "77": [360, 362, 363], "78": [361, 363], "79": [362, 363], "80": [361, 362, 363], "81": [361, 362, 363], "82": [360, 361, 362], "83": [360, 361, 362, 363], "84": [363], "85": [361, 363], "86": [360, 363], "87": [363], "88": [362, 363], "89": [362, 363], "90": [363], "91": [361, 362], "92": [360, 361, 362, 363], "93": [360, 361, 363], "94": [363], "95": [362, 363], "96": [363], "97": [361, 362], "98": [360, 362], "99": [360, 361], "100": [362, 363], "101": [], "102": [360, 362], "103": [360, 362, 363], "104": [363], "105": [360, 362], "106": [361], "107": [360, 361], "108": [360, 361, 363], "109": [361, 363], "110": [360, 361, 362], "111": [361], "112": [360, 362], "113": [360], "114": [361, 362], "115": [360, 363], "116": [362, 363], "117": [360, 362], "118": [361, 362, 363], "119": [361, 363], "120": [360, 361, 362], "121": [360, 361, 363], "122": [360, 361], "123": [362, 363], "124": [363], "125": [361, 362, 363], "126": [360, 362, 363], "127": [360, 361, 362, 363], "128": [], "129": [360], "130": [360, 361, 362], "131": [360, 361, 362, 363], "132": [362, 363], "133": [361, 363], "134": [360, 361], "135": [361, 362, 363], "136": [362, 363], "137": [360], "138": [360, 363], "139": [360, 361, 362], "140": [362, 363], "141": [363], "142": [361, 362, 363],