{"frame_second": "600", "pedestrian_list": [{"radius": 0.3, "out_group_a_strength": 12.5, "out_group_r_range": 2.0, "pedestrian_id": 92, "friend_zone": [85, 24, 5, 90, 91, 89, 56, 28, 47, 54, 14, 20, 4, 15, 67, 58, 11, 65, 81, 10, 45, 74, 41, 9, 61, 88, 62, 77, 66, 36, 26, 12, 79, 43, 57, 6, 87, 0, 51, 69, 29, 13, 52, 64, 27, 42], "target": [35.0, 25.0], "out_group_r_strength": 64.0, "target_a_strength": 22000000000, "in_group_r_strength": 40, "attractor_count": 46, "position": [133.7942520093477, 10.362859284953997], "in_group_r_range": 2.0, "out_group_a_range": 2.8, "group_id": 0, "target_a_range": 435, "in_group_a_range": 2.8, "in_group_a_strength": 20}, {"radius": 0.3, "out_group_a_strength": 12.5, "out_group_r_range": 2.0, "pedestrian_id": 93, "friend_zone": [78, 2, 89, 7, 76, 28, 85, 17, 32, 48, 1, 3, 29, 21, 68, 36, 26, 79, 66, 65, 86, 87, 62, 4, 53, 41, 11, 73, 13, 15, 38, 67, 43, 27, 35, 25, 81, 9, 63, 24, 83, 46, 55, 50, 59, 60], "target": [35.0, 25.0], "out_group_r_strength": 64.0, "target_a_strength": 22000000000, "in_group_r_strength": 40, "attractor_count": 46, "position": [122.09480775306952, 12.303816984357846], "in_group_r_range": 2.0, "out_group_a_range": 2.8, "group_id": 0, "target_a_range": 435, "in_group_a_range": 2.8, "in_group_a_strength": 20}, {"radius": 0.3, "out_group_a_strength": 12.5, "out_group_r_range": 2.0, "pedestrian_id": 94, "friend_zone": [88, 4, 63, 14, 89, 26, 27, 13, 5, 41, 54, 81, 50, 16, 48, 59, 25, 82, 90, 52, 37, 17, 38, 80, 10, 45, 0, 57, 42, 60, 20, 12, 30, 61, 71, 67, 64, 40, 65, 58, 35, 53, 23, 43, 3, 83], "target": [35.0, 25.0], "out_group_r_strength": 64.0, "target_a_strength": 22000000000, "in_group_r_strength": 40, "attractor_count": 46, "position": [118.8244412496861, 24.03363874329814], "in_group_r_range": 2.0, "out_group_a_range": 2.8, "group_id": 1, "target_a_range": 435, "in_group_a_range": 2.8, "in_group_a_strength": 20}, {"radius": 0.3, "out_group_a_strength": 12.5, "out_group_r_range": 2.0, "pedestrian_id": 95, "friend_zone": [18, 58, 42, 36, 16, 31, 89, 85, 35, 39, 90, 78, 21, 66, 67, 74, 57, 72, 82, 47, 14, 12, 45, 50, 2, 5, 59, 65, 48, 73, 8, 83, 64, 20, 76, 88, 46, 15, 3, 19, 10, 75, 55, 77, 81, 37], "target": [35.0, 25.0], "out_group_r_strength": 64.0, "target_a_strength": 22000000000, "in_group_r_strength": 40, "attractor_count": 46, "position": [138.95808556821612, 27.907896944334265], "in_group_r_range": 2.0, "out_group_a_range": 2.8, "group_id": 1, "target_a_range": 435, "in_group_a_range": 2.8, "in_group_a_strength": 20}], "additional_id_existed_ped": {"0": [94], "1": [93, 94, 95], "2": [94], "3": [93, 94, 95], "4": [92, 93, 94], "5": [92], "6": [94, 95], "7": [92, 95], "8": [94], "9": [94], "10": [92, 93, 94], "11": [94, 95], "12": [95], "13": [92, 93], "14": [95], "15": [92, 93, 95], "16": [92, 93], "17": [93], "18": [92, 93], "19": [92, 95], "20": [92, 93, 95], "21": [92, 93, 95], "22": [92, 94], "23": [92, 95], "24": [92, 95], "25": [92, 94, 95], "26": [92, 94], "27": [92], "28": [], "29": [92, 93, 94, 95], "30": [92, 93, 94, 95], "31": [93, 95], "32": [93], "33": [93, 94, 95], "34": [92, 94], "35": [92, 93], "36": [92], "37": [93, 94], "38": [94], "39": [95], "40": [93], "41": [92, 93], "42": [], "43": [93, 94, 95], "44": [92, 94, 95], "45": [92, 93, 94, 95], "46": [92, 93, 95], "47": [92, 93], "48": [93, 94], "49": [92, 93], "50": [93, 94, 95], "51": [92, 93, 95], "52": [92, 93], "53": [93], "54": [93, 94, 95], "55": [93, 95], "56": [92], "57": [93, 94], "58": [94, 95], "59": [92, 94], "60": [92, 94, 95], "61": [93, 94], "62": [92, 95], "63": [95], "64": [92, 94, 95], "65": [94], "66": [92, 93, 94], "67": [94, 95], "68": [92, 93, 95], "69": [92, 95], "70": [94], "71": [92, 94], "72": [93], "73": [92, 93], "74": [92, 93], "75": [94], "76": [92, 94], "77": [93], "78": [92, 94, 95], "79": [92, 93, 94, 95], "80": [94, 95], "81": [93, 95], "82": [95], "83": [94, 95], "84": [93, 94], "85": [94, 95], "86": [94], "87": [], "88": [92, 93, 95], "89": [93, 95], "90": [94, 95], "91": [92, 93, 95]}}