{"frame_second": "300", "pedestrian_list": [{"radius": 0.3, "out_group_a_strength": 12.5, "out_group_r_range": 2.0, "pedestrian_id": 64, "friend_zone": [38, 59, 71, 37, 8, 39, 68, 58, 22, 52, 49, 2, 29, 1, 13, 30, 10, 4, 55, 50, 41, 28, 12, 54, 47, 53, 20, 7, 51, 36, 57, 34, 24, 25], "target": [35.0, 25.0], "out_group_r_strength": 64.0, "target_a_strength": 22000000000, "in_group_r_strength": 40, "attractor_count": 34, "position": [-43.60333800677198, 19.460934623969198], "in_group_r_range": 2.0, "out_group_a_range": 2.8, "group_id": 0, "target_a_range": 435, "in_group_a_range": 2.8, "in_group_a_strength": 20}, {"radius": 0.3, "out_group_a_strength": 12.5, "out_group_r_range": 2.0, "pedestrian_id": 65, "friend_zone": [58, 6, 18, 53, 27, 40, 30, 10, 52, 0, 5, 3, 69, 12, 46, 35, 17, 50, 11, 55, 1, 21, 22, 15, 29, 68, 37, 56, 31, 49, 43, 42, 32, 51], "target": [35.0, 25.0], "out_group_r_strength": 64.0, "target_a_strength": 22000000000, "in_group_r_strength": 40, "attractor_count": 34, "position": [-47.541823099828584, 12.32194411500771], "in_group_r_range": 2.0, "out_group_a_range": 2.8, "group_id": 0, "target_a_range": 435, "in_group_a_range": 2.8, "in_group_a_strength": 20}, {"radius": 0.3, "out_group_a_strength": 12.5, "out_group_r_range": 2.0, "pedestrian_id": 66, "friend_zone": [45, 54, 4, 5, 25, 40, 18, 3, 23, 39, 35, 34, 62, 9, 63, 50, 26, 29, 22, 51, 1, 43, 56, 55, 58, 33, 44, 21, 11, 69, 28, 49, 46, 14], "target": [35.0, 25.0], "out_group_r_strength": 64.0, "target_a_strength": 22000000000, "in_group_r_strength": 40, "attractor_count": 34, "position": [-57.941953218832204, 28.56178883383206], "in_group_r_range": 2.0, "out_group_a_range": 2.8, "group_id": 1, "target_a_range": 435, "in_group_a_range": 2.8, "in_group_a_strength": 20}, {"radius": 0.3, "out_group_a_strength": 12.5, "out_group_r_range": 2.0, "pedestrian_id": 67, "friend_zone": [50, 15, 12, 51, 14, 70, 60, 6, 71, 21, 53, 17, 52, 62, 5, 54, 10, 34, 55, 31, 36, 58, 40, 1, 41, 28, 48, 0, 32, 37, 24, 29, 22, 8], "target": [35.0, 25.0], "out_group_r_strength": 64.0, "target_a_strength": 22000000000, "in_group_r_strength": 40, "attractor_count": 34, "position": [-67.0228601566586, 11.688932449943037], "in_group_r_range": 2.0, "out_group_a_range": 2.8, "group_id": 1, "target_a_range": 435, "in_group_a_range": 2.8, "in_group_a_strength": 20}], "additional_id_existed_ped": {"0": [67], "1": [64, 65, 66, 67], "2": [66], "3": [64, 65], "4": [], "5": [65, 66], "6": [64, 66, 67], "7": [67], "8": [64, 66, 67], "9": [64, 65], "10": [65, 67], "11": [65], "12": [66, 67], "13": [64, 65, 66, 67], "14": [64, 65, 66], "15": [], "16": [65, 67], "17": [64, 66], "18": [64, 66, 67], "19": [66], "20": [64, 66], "21": [65], "22": [66, 67], "23": [65], "24": [64, 65, 66], "25": [64, 65, 67], "26": [66], "27": [66, 67], "28": [66], "29": [66, 67], "30": [64, 65], "31": [64, 65, 67], "32": [64, 65, 67], "33": [66, 67], "34": [64, 65, 66], "35": [65, 66, 67], "36": [64, 65, 66], "37": [66], "38": [64, 65, 66], "39": [67], "40": [], "41": [64, 67], "42": [64, 65, 67], "43": [64, 65, 67], "44": [64, 65, 67], "45": [64, 65, 66, 67], "46": [], "47": [64, 67], "48": [64, 65], "49": [65, 66, 67], "50": [64, 65], "51": [64, 66, 67], "52": [66], "53": [65, 66], "54": [], "55": [67], "56": [64], "57": [66], "58": [64, 65], "59": [64, 65, 67], "60": [65, 66, 67], "61": [64, 65], "62": [65, 67], "63": [65, 66], "68": [64, 67], "69": [64, 67], "70": [66, 67], "71": [64, 66]}}