{"frame_second": "2000", "pedestrian_list": [{"radius": 0.3, "out_group_a_strength": 12.5, "out_group_r_range": 2.0, "pedestrian_id": 200, "friend_zone": [37, 110, 53, 68, 168, 62, 61, 179, 128, 132, 67, 154, 199, 101, 27, 10, 14, 77, 66, 103, 196, 80, 175, 140, 19, 186, 24, 4, 194, 161, 185, 153, 150, 94, 54, 145, 138, 118, 119, 81, 165, 206, 98, 93, 84, 102, 9, 188, 50, 163, 117, 204, 109, 30, 193, 125, 130, 79, 105, 182, 46, 99, 15, 0, 183, 108, 141, 73, 49, 106, 116, 177, 59, 134, 75, 52, 12, 28, 31, 60, 36, 76, 25, 104, 189, 135, 33, 34, 35, 6, 133, 51, 22, 164, 1, 124, 42, 123, 2, 100, 158, 85], "target": [35.0, 25.0], "out_group_r_strength": 64.0, "target_a_strength": 22000000000, "in_group_r_strength": 40, "attractor_count": 102, "position": [-67.01203623859715, 34.40053743793976], "in_group_r_range": 2.0, "out_group_a_range": 2.8, "group_id": 0, "target_a_range": 435, "in_group_a_range": 2.8, "in_group_a_strength": 20}, {"radius": 0.3, "out_group_a_strength": 12.5, "out_group_r_range": 2.0, "pedestrian_id": 201, "friend_zone": [1, 75, 104, 101, 171, 117, 9, 106, 126, 110, 156, 59, 67, 39, 52, 7, 127, 53, 160, 152, 79, 140, 11, 10, 113, 146, 45, 98, 14, 116, 189, 4, 107, 198, 57, 125, 33, 47, 46, 97, 30, 87, 136, 195, 50, 175, 158, 147, 179, 161, 15, 92, 69, 8, 131, 159, 135, 145, 28, 132, 3, 172, 20, 81, 154, 119, 34, 120, 95, 122, 26, 72, 68, 165, 142, 123, 82, 102, 180, 181, 48, 76, 86, 183, 13, 182, 40, 197, 23, 129, 44, 138, 66, 90, 21, 204, 164, 60, 12, 5, 96, 143], "target": [35.0, 25.0], "out_group_r_strength": 64.0, "target_a_strength": 22000000000, "in_group_r_strength": 40, "attractor_count": 102, "position": [-44.262900438224655, 38.30950983080406], "in_group_r_range": 2.0, "out_group_a_range": 2.8, "group_id": 0, "target_a_range": 435, "in_group_a_range": 2.8, "in_group_a_strength": 20}, {"radius": 0.3, "out_group_a_strength": 12.5, "out_group_r_range": 2.0, "pedestrian_id": 202, "friend_zone": [73, 195, 1, 31, 59, 149, 88, 192, 76, 77, 207, 83, 168, 110, 29, 100, 128, 176, 13, 191, 81, 46, 189, 142, 162, 117, 96, 25, 101, 171, 11, 64, 136, 159, 143, 55, 160, 12, 32, 139, 107, 20, 184, 92, 175, 198, 35, 103, 90, 131, 165, 146, 57, 7, 153, 145, 193, 66, 204, 196, 119, 163, 115, 102, 5, 65, 62, 79, 14, 2, 17, 154, 72, 188, 3, 186, 33, 194, 0, 69, 38, 70, 151, 78, 205, 123, 86, 111, 94, 82, 105, 156, 48, 68, 8, 140, 37, 53, 127, 109, 206, 44], "target": [35.0, 25.0], "out_group_r_strength": 64.0, "target_a_strength": 22000000000, "in_group_r_strength": 40, "attractor_count": 102, "position": [-68.97670772115059, 38.313039507785604], "in_group_r_range": 2.0, "out_group_a_range": 2.8, "group_id": 1, "target_a_range": 435, "in_group_a_range": 2.8, "in_group_a_strength": 20}, {"radius": 0.3, "out_group_a_strength": 12.5, "out_group_r_range": 2.0, "pedestrian_id": 203, "friend_zone": [53, 81, 16, 71, 195, 174, 149, 20, 117, 123, 186, 46, 1, 17, 197, 56, 160, 150, 90, 65, 69, 155, 153, 204, 181, 205, 63, 156, 13, 91, 191, 185, 179, 99, 199, 115, 104, 73, 109, 87, 85, 129, 19, 170, 134, 176, 10, 206, 143, 107, 74, 25, 3, 82, 131, 184, 180, 194, 35, 29, 164, 0, 146, 167, 61, 125, 190, 105, 78, 187, 148, 45, 24, 103, 136, 9, 119, 34, 96, 32, 178, 44, 121, 88, 92, 62, 79, 27, 141, 173, 14, 188, 23, 137, 113, 138, 43, 122, 157, 31, 55, 169], "target": [35.0, 25.0], "out_group_r_strength": 64.0, "target_a_strength": 22000000000, "in_group_r_strength": 40, "attractor_count": 102, "position": [-46.890344131357246, 18.19872656557607], "in_group_r_range": 2.0, "out_group_a_range": 2.8, "group_id": 1, "target_a_range": 435, "in_group_a_range": 2.8, "in_group_a_strength": 20}], "additional_id_existed_ped": {"0": [], "1": [200, 201], "2": [], "3": [200, 201, 202, 203], "4": [], "5": [201, 202], "6": [201], "7": [200, 202, 203], "8": [202, 203], "9": [200, 201], "10": [200, 202, 203], "11": [201, 202], "12": [200, 201, 202, 203], "13": [201, 202, 203], "14": [201, 202], "15": [200, 203], "16": [203], "17": [203], "18": [201, 202, 203], "19": [], "20": [200, 202], "21": [203], "22": [200, 202], "23": [200, 202, 203], "24": [200, 201, 202], "25": [200, 201, 202, 203], "26": [203], "27": [203], "28": [201, 203], "29": [201, 203], "30": [200, 202], "31": [201, 202], "32": [201], "33": [201], "34": [202, 203], "35": [], "36": [200, 203], "37": [200, 202], "38": [200, 202], "39": [202, 203], "40": [201, 202], "41": [201, 202], "42": [201, 202, 203], "43": [200], "44": [200, 202], "45": [200, 201], "46": [], "47": [200, 201, 202], "48": [200, 201, 202], "49": [203], "50": [200, 201, 202, 203], "51": [200, 203], "52": [200, 202], "53": [200, 201, 203], "54": [201], "55": [200], "56": [201], "57": [200, 201], "58": [201, 202, 203], "59": [200, 202, 203], "60": [201], "61": [200, 201, 202, 203], "62": [201, 202], "63": [200, 202], "64": [201, 202, 203], "65": [201, 202], "66": [200, 201, 202, 203], "67": [203], "68": [200, 201, 202, 203], "69": [202, 203], "70": [200, 201, 203], "71": [201, 202], "72": [200, 201, 202], "73": [200, 201, 202, 203], "74": [200, 201, 202], "75": [200, 203], "76": [201, 202, 203], "77": [200], "78": [203], "79": [201], "80": [200, 201, 202], "81": [201, 202], "82": [202, 203], "83": [202], "84": [200, 201, 203], "85": [200, 203], "86": [202], "87": [200, 201, 203], "88": [202, 203], "89": [202, 203], "90": [200, 202, 203], "91": [200, 203], "92": [201], "93": [202], "94": [203], "95": [200, 201, 202, 203], "96": [200, 201, 203], "97": [200, 201, 202], "98": [200, 201, 202, 203], "99": [200, 202], "100": [201, 202], "101": [201], "102": [], "103": [203], "104": [], "105": [202], "106": [200, 203], "107": [202, 203], "108": [201, 202, 203], "109": [201], "110": [201, 203], "111": [], "112": [200, 203], "113": [203], "114": [200, 201, 202], "115": [200, 201, 202], "116": [200, 201, 202, 203], "117": [202, 203], "118": [200, 203], "119": [201, 202, 203], "120": [202], "121": [200], "122": [200, 203], "123": [200, 201], "124": [201, 202], "125": [200, 203], "126": [202], "127": [202, 203], "128": [201], "129": [200], "130": [200, 201, 202, 203], "131": [203], "132": [203], "133": [202, 203], "134": [200, 201], "135": [], "136": [201, 202, 203], "137": [200, 201, 202, 203], "138": [200, 203], "139": [200, 202, 203], "140": [201, 202], "141": [200, 203], "142": [200], "143": [200, 203], "144": [200, 202, 203], "145": [200, 201, 203], "146": [200, 201, 203], "147": [202, 203], "148": [200, 203], "149": [200, 201, 203], "150": [200], "151": [202, 203], "152": [200, 202], "153": [200, 201, 202], "154": [201], "155": [201], "156": [200, 201, 202], "157": [200, 201, 202], "158": [200, 203], "159": [200, 201, 202, 203], "160": [200, 201, 202, 203], "161": [203], "162": [201], "163": [200, 201], "164": [201, 203], "165": [200, 201, 202], "166": [200, 201], "167": [201, 203], "168": [200, 203], "169": [200, 202], "170": [202], "171": [200], "172": [201, 202, 203], "173": [200, 201, 202], "174": [], "175": [200, 201], "176": [], "177": [200], "178": [201, 203], "179": [201, 202, 203], "180": [200], "181": [202, 203], "182": [202], "183": [201, 203], "184": [], "185": [202, 203], "186": [200, 201, 203], "187": [200, 203], "188": [200, 202, 203], "189": [200, 201], "190": [202], "191": [200, 201, 203], "192": [202], "193": [201], "194": [200, 202], "195": [201, 203], "196": [200], "197": [200, 201, 202, 203], "198": [200, 202], "199": [200, 201], "204": [200, 201, 202, 203], "205": [201, 202], "206": [201], "207": [201, 203]}}