{"frame_second": "300", "pedestrian_list": [{"radius": 0.3, "out_group_a_strength": 12.5, "out_group_r_range": 2.0, "pedestrian_id": 68, "friend_zone": [20, 35, 53, 46, 49, 3, 25, 27, 63, 47, 58, 67, 64, 22, 33, 10, 51, 41, 36, 39, 43, 32, 1, 12, 16, 8, 4, 5, 52, 9, 48, 55, 38, 42], "target": [35.0, 25.0], "out_group_r_strength": 64.0, "target_a_strength": 22000000000, "in_group_r_strength": 40, "attractor_count": 34, "position": [126.64461755976673, 36.36232733526098], "in_group_r_range": 2.0, "out_group_a_range": 2.8, "group_id": 0, "target_a_range": 435, "in_group_a_range": 2.8, "in_group_a_strength": 20}, {"radius": 0.3, "out_group_a_strength": 12.5, "out_group_r_range": 2.0, "pedestrian_id": 69, "friend_zone": [63, 54, 39, 12, 1, 52, 7, 67, 24, 43, 17, 55, 36, 65, 59, 33, 25, 14, 0, 58, 57, 9, 3, 51, 4, 15, 45, 48, 28, 47, 18, 35, 23, 37], "target": [35.0, 25.0], "out_group_r_strength": 64.0, "target_a_strength": 22000000000, "in_group_r_strength": 40, "attractor_count": 34, "position": [118.17133942142985, 18.1577250283003], "in_group_r_range": 2.0, "out_group_a_range": 2.8, "group_id": 0, "target_a_range": 435, "in_group_a_range": 2.8, "in_group_a_strength": 20}, {"radius": 0.3, "out_group_a_strength": 12.5, "out_group_r_range": 2.0, "pedestrian_id": 70, "friend_zone": [29, 11, 51, 6, 42, 57, 55, 26, 3, 58, 12, 1, 53, 44, 14, 54, 47, 27, 37, 23, 22, 0, 21, 10, 61, 2, 48, 18, 65, 33, 5, 66, 34, 32], "target": [35.0, 25.0], "out_group_r_strength": 64.0, "target_a_strength": 22000000000, "in_group_r_strength": 40, "attractor_count": 34, "position": [131.84351872116753, 38.97921568294613], "in_group_r_range": 2.0, "out_group_a_range": 2.8, "group_id": 1, "target_a_range": 435, "in_group_a_range": 2.8, "in_group_a_strength": 20}, {"radius": 0.3, "out_group_a_strength": 12.5, "out_group_r_range": 2.0, "pedestrian_id": 71, "friend_zone": [48, 30, 47, 42, 49, 56, 51, 18, 0, 63, 29, 26, 33, 38, 67, 13, 55, 9, 17, 50, 3, 20, 7, 65, 6, 8, 43, 64, 5, 16, 11, 66, 24, 58], "target": [35.0, 25.0], "out_group_r_strength": 64.0, "target_a_strength": 22000000000, "in_group_r_strength": 40, "attractor_count": 34, "position": [120.13944571175315, 11.026011233941762], "in_group_r_range": 2.0, "out_group_a_range": 2.8, "group_id": 1, "target_a_range": 435, "in_group_a_range": 2.8, "in_group_a_strength": 20}], "additional_id_existed_ped": {"0": [], "1": [71], "2": [70, 71], "3": [69, 70], "4": [68], "5": [68, 69, 71], "6": [70], "7": [68, 69, 70, 71], "8": [70, 71], "9": [68, 70, 71], "10": [69], "11": [68, 69, 70, 71], "12": [68, 69, 70], "13": [70], "14": [69, 70, 71], "15": [69], "16": [68, 69, 70, 71], "17": [70, 71], "18": [68, 69, 70, 71], "19": [70, 71], "20": [68], "21": [69], "22": [68], "23": [68, 71], "24": [68, 69, 70, 71], "25": [71], "26": [69, 70], "27": [68, 69, 71], "28": [69, 71], "29": [68, 70], "30": [69, 71], "31": [70], "32": [69], "33": [69, 71], "34": [68, 70], "35": [68, 69, 71], "36": [69, 71], "37": [68], "38": [68, 71], "39": [70], "40": [], "41": [71], "42": [69], "43": [68, 69, 70], "44": [68], "45": [68, 69], "46": [71], "47": [69, 70], "48": [68, 69, 70], "49": [68, 71], "50": [68, 69, 70, 71], "51": [68, 69, 70], "52": [68, 69, 70, 71], "53": [68, 69, 71], "54": [69, 70, 71], "55": [], "56": [68, 70], "57": [70, 71], "58": [68, 71], "59": [68], "60": [68, 69, 70], "61": [68, 69, 71], "62": [70], "63": [70], "64": [69], "65": [71], "66": [68, 70], "67": [68, 69, 70, 71]}}