{"frame_second": "400", "pedestrian_list": [{"radius": 0.3, "out_group_a_strength": 12.5, "out_group_r_range": 2.0, "pedestrian_id": 76, "friend_zone": [23, 71, 9, 39, 29, 45, 40, 22, 13, 62, 24, 66, 6, 2, 43, 28, 18, 25, 8, 14, 54, 3, 75, 11, 16, 42, 64, 7, 67, 31, 65, 72, 12, 48, 34, 41, 70, 49], "target": [35.0, 25.0], "out_group_r_strength": 64.0, "target_a_strength": 22000000000, "in_group_r_strength": 40, "attractor_count": 38, "position": [125.30356507036977, 34.44374083370628], "in_group_r_range": 2.0, "out_group_a_range": 2.8, "group_id": 0, "target_a_range": 435, "in_group_a_range": 2.8, "in_group_a_strength": 20}, {"radius": 0.3, "out_group_a_strength": 12.5, "out_group_r_range": 2.0, "pedestrian_id": 77, "friend_zone": [71, 3, 23, 27, 35, 49, 1, 29, 10, 5, 69, 22, 42, 54, 60, 43, 50, 2, 37, 26, 4, 8, 38, 40, 39, 51, 15, 19, 25, 44, 73, 28, 66, 46, 67, 74, 47, 56], "target": [35.0, 25.0], "out_group_r_strength": 64.0, "target_a_strength": 22000000000, "in_group_r_strength": 40, "attractor_count": 38, "position": [117.52734015907582, 20.79531374066351], "in_group_r_range": 2.0, "out_group_a_range": 2.8, "group_id": 0, "target_a_range": 435, "in_group_a_range": 2.8, "in_group_a_strength": 20}, {"radius": 0.3, "out_group_a_strength": 12.5, "out_group_r_range": 2.0, "pedestrian_id": 78, "friend_zone": [47, 43, 38, 74, 9, 65, 75, 8, 70, 63, 29, 18, 33, 20, 28, 41, 10, 36, 27, 35, 30, 66, 60, 62, 5, 2, 19, 68, 53, 52, 45, 23, 25, 37, 54, 3, 64, 1], "target": [35.0, 25.0], "out_group_r_strength": 64.0, "target_a_strength": 22000000000, "in_group_r_strength": 40, "attractor_count": 38, "position": [137.6607862890001, 26.619650376234638], "in_group_r_range": 2.0, "out_group_a_range": 2.8, "group_id": 1, "target_a_range": 435, "in_group_a_range": 2.8, "in_group_a_strength": 20}, {"radius": 0.3, "out_group_a_strength": 12.5, "out_group_r_range": 2.0, "pedestrian_id": 79, "friend_zone": [21, 27, 38, 28, 1, 6, 40, 72, 48, 16, 22, 12, 34, 30, 20, 33, 57, 71, 0, 43, 31, 9, 59, 66, 4, 65, 19, 37, 32, 15, 56, 51, 62, 23, 75, 41, 14, 67], "target": [35.0, 25.0], "out_group_r_strength": 64.0, "target_a_strength": 22000000000, "in_group_r_strength": 40, "attractor_count": 38, "position": [121.4392384817549, 31.19076805148405], "in_group_r_range": 2.0, "out_group_a_range": 2.8, "group_id": 1, "target_a_range": 435, "in_group_a_range": 2.8, "in_group_a_strength": 20}], "additional_id_existed_ped": {"0": [76, 78], "1": [76, 79], "2": [79], "3": [78, 79], "4": [78], "5": [77], "6": [77], "7": [77], "8": [76], "9": [78, 79], "10": [76, 79], "11": [78, 79], "12": [76, 78], "13": [77], "14": [76, 79], "15": [76, 78, 79], "16": [76, 77, 78, 79], "17": [76, 78], "18": [76, 77, 78, 79], "19": [76, 77, 78], "20": [76, 77, 78], "21": [78], "22": [76, 78], "23": [78], "24": [76, 77], "25": [76, 77, 78, 79], "26": [77], "27": [78], "28": [77, 78], "29": [76], "30": [76, 78], "31": [77, 79], "32": [77, 78, 79], "33": [78], "34": [77, 79], "35": [77, 78], "36": [], "37": [], "38": [76, 79], "39": [76, 77, 78], "40": [76, 77, 78], "41": [76, 78], "42": [78, 79], "43": [76, 77], "44": [78], "45": [76, 79], "46": [79], "47": [76, 79], "48": [77, 78, 79], "49": [76, 77, 79], "50": [77, 79], "51": [76, 78, 79], "52": [76, 79], "53": [79], "54": [77, 78, 79], "55": [79], "56": [76, 77, 79], "57": [77], "58": [77, 78, 79], "59": [76, 77, 78, 79], "60": [76, 77, 78, 79], "61": [76, 77], "62": [77, 79], "63": [76], "64": [76, 77], "65": [], "66": [76, 77, 78, 79], "67": [78], "68": [76, 77], "69": [77, 78], "70": [76, 77, 79], "71": [76, 77, 78, 79], "72": [], "73": [76, 77, 79], "74": [78, 79], "75": [77, 79]}}