{"frame_second": "800", "pedestrian_list": [{"radius": 0.3, "out_group_a_strength": 12.5, "out_group_r_range": 2.0, "pedestrian_id": 108, "friend_zone": [21, 103, 83, 15, 20, 49, 66, 44, 50, 90, 88, 85, 106, 42, 37, 89, 14, 12, 91, 41, 29, 72, 86, 33, 1, 8, 19, 26, 104, 78, 92, 58, 93, 87, 36, 48, 2, 30, 23, 3, 7, 54, 25, 105, 73, 39, 11, 64, 95, 62, 52, 56, 63, 67], "target": [35.0, 25.0], "out_group_r_strength": 64.0, "target_a_strength": 22000000000, "in_group_r_strength": 40, "attractor_count": 54, "position": [118.19787281368266, 38.98412274822807], "in_group_r_range": 2.0, "out_group_a_range": 2.8, "group_id": 0, "target_a_range": 435, "in_group_a_range": 2.8, "in_group_a_strength": 20}, {"radius": 0.3, "out_group_a_strength": 12.5, "out_group_r_range": 2.0, "pedestrian_id": 109, "friend_zone": [29, 83, 38, 49, 51, 0, 24, 53, 93, 71, 13, 63, 78, 30, 103, 27, 12, 88, 35, 77, 95, 89, 80, 41, 85, 66, 5, 73, 8, 50, 22, 99, 11, 52, 96, 32, 64, 19, 68, 37, 84, 60, 47, 58, 92, 86, 94, 104, 44, 20, 1, 31, 65, 39], "target": [35.0, 25.0], "out_group_r_strength": 64.0, "target_a_strength": 22000000000, "in_group_r_strength": 40, "attractor_count": 54, "position": [125.32174620505991, 27.288393220975244], "in_group_r_range": 2.0, "out_group_a_range": 2.8, "group_id": 0, "target_a_range": 435, "in_group_a_range": 2.8, "in_group_a_strength": 20}, {"radius": 0.3, "out_group_a_strength": 12.5, "out_group_r_range": 2.0, "pedestrian_id": 110, "friend_zone": [13, 36, 7, 98, 22, 62, 0, 8, 45, 101, 71, 31, 80, 102, 75, 104, 40, 68, 60, 23, 85, 43, 15, 4, 66, 46, 30, 47, 74, 2, 41, 51, 89, 84, 107, 54, 92, 56, 88, 48, 86, 24, 32, 17, 103, 20, 37, 19, 97, 14, 106, 78, 1, 82], "target": [35.0, 25.0], "out_group_r_strength": 64.0, "target_a_strength": 22000000000, "in_group_r_strength": 40, "attractor_count": 54, "position": [135.73853665479206, 35.708804783898984], "in_group_r_range": 2.0, "out_group_a_range": 2.8, "group_id": 1, "target_a_range": 435, "in_group_a_range": 2.8, "in_group_a_strength": 20}, {"radius": 0.3, "out_group_a_strength": 12.5, "out_group_r_range": 2.0, "pedestrian_id": 111, "friend_zone": [50, 1, 51, 27, 24, 35, 52, 107, 68, 54, 94, 11, 14, 13, 83, 87, 103, 48, 29, 3, 93, 101, 18, 61, 58, 99, 79, 36, 43, 80, 102, 84, 6, 4, 10, 64, 16, 88, 40, 105, 100, 75, 104, 60, 21, 15, 39, 47, 55, 90, 53, 56, 71, 9], "target": [35.0, 25.0], "out_group_r_strength": 64.0, "target_a_strength": 22000000000, "in_group_r_strength": 40, "attractor_count": 54, "position": [130.50855088325216, 14.262877537821137], "in_group_r_range": 2.0, "out_group_a_range": 2.8, "group_id": 1, "target_a_range": 435, "in_group_a_range": 2.8, "in_group_a_strength": 20}], "additional_id_existed_ped": {"0": [108, 109, 110], "1": [108, 111], "2": [108, 109], "3": [108, 110, 111], "4": [109], "5": [108, 110, 111], "6": [109], "7": [109, 110, 111], "8": [108, 110], "9": [108, 110], "10": [108], "11": [108, 109, 110], "12": [111], "13": [110], "14": [109], "15": [108, 110], "16": [111], "17": [108, 109, 110, 111], "18": [108], "19": [109, 110], "20": [109, 110], "21": [108], "22": [108, 111], "23": [108, 109, 110, 111], "24": [110, 111], "25": [], "26": [108, 109], "27": [110, 111], "28": [110, 111], "29": [108, 109, 111], "30": [111], "31": [108], "32": [108, 110, 111], "33": [109], "34": [108, 110], "35": [109], "36": [108, 109, 110], "37": [109, 111], "38": [108, 109, 111], "39": [108, 111], "40": [108, 109, 110, 111], "41": [109, 110, 111], "42": [108, 109, 110, 111], "43": [108, 109, 111], "44": [], "45": [108, 110], "46": [], "47": [110, 111], "48": [109, 110, 111], "49": [108, 109, 111], "50": [108, 109, 110, 111], "51": [108, 110, 111], "52": [108, 110, 111], "53": [108, 110, 111], "54": [108, 109], "55": [108, 109, 110], "56": [109, 110, 111], "57": [108, 109], "58": [110], "59": [111], "60": [109, 110, 111], "61": [108, 109, 110], "62": [108, 111], "63": [108, 109, 110, 111], "64": [108, 110], "65": [109, 110], "66": [108, 110], "67": [109], "68": [108, 109, 110], "69": [111], "70": [110, 111], "71": [111], "72": [109], "73": [108, 110, 111], "74": [110, 111], "75": [109], "76": [108, 110, 111], "77": [109], "78": [108, 109, 111], "79": [110], "80": [108, 109, 110], "81": [109], "82": [109, 110, 111], "83": [109, 111], "84": [], "85": [110], "86": [108, 111], "87": [108, 110, 111], "88": [108, 109], "89": [108, 109, 110, 111], "90": [109], "91": [108, 109, 111], "92": [111], "93": [109], "94": [111], "95": [108], "96": [108, 109, 111], "97": [109], "98": [110], "99": [109], "100": [111], "101": [109, 110], "102": [], "103": [109, 111], "104": [110, 111], "105": [108, 109], "106": [110], "107": [108, 110, 111]}}