{"frame_second": "3800", "pedestrian_list": [{"radius": 0.3, "out_group_a_strength": 12.5, "out_group_r_range": 2.0, "pedestrian_id": 348, "friend_zone": [296, 40, 47, 21, 198, 333, 12, 205, 25, 209, 197, 42, 71, 20, 301, 228, 164, 142, 16, 317, 189, 219, 159, 166, 344, 89, 337, 37, 26, 29, 311, 59, 327, 180, 129, 283, 308, 136, 249, 318, 285, 165, 43, 113, 96, 23, 207, 347, 99, 287, 131, 330, 234, 104, 109, 125, 272, 102, 186, 294, 148, 60, 82, 93, 117, 321, 290, 215, 5, 175, 320, 149, 222, 2, 139, 94, 326, 85, 247, 55, 289, 107, 252, 67, 184, 194, 310, 31, 65, 279, 298, 253, 268, 19, 227, 328, 110, 75, 32, 90, 44, 274, 341, 73, 3, 316, 45, 325, 150, 167, 14, 178, 78, 38, 91, 179, 27, 300, 343, 24, 66, 11, 288, 340, 6, 245, 86, 173, 196, 133, 238, 286, 18, 138, 250, 299, 1, 4, 240, 28, 112, 115, 293, 255, 163, 338, 128, 54, 49, 48, 80, 195, 203, 282, 258, 210, 63, 120, 266, 76, 116, 278, 141, 243, 35, 220, 319, 143, 172, 132, 22, 235, 135, 211], "target": [35.0, 25.0], "out_group_r_strength": 64.0, "target_a_strength": 22000000000, "in_group_r_strength": 40, "attractor_count": 174, "position": [133.75751982575468, 24.028557448595937], "in_group_r_range": 2.0, "out_group_a_range": 2.8, "group_id": 0, "target_a_range": 435, "in_group_a_range": 2.8, "in_group_a_strength": 20}, {"radius": 0.3, "out_group_a_strength": 12.5, "out_group_r_range": 2.0, "pedestrian_id": 349, "friend_zone": [47, 15, 230, 24, 157, 221, 247, 129, 276, 71, 32, 208, 124, 7, 92, 301, 200, 264, 69, 314, 291, 336, 149, 226, 318, 55, 234, 327, 207, 239, 279, 172, 67, 111, 263, 152, 285, 289, 245, 274, 139, 21, 266, 241, 91, 93, 251, 320, 4, 26, 150, 193, 186, 22, 196, 174, 271, 206, 97, 252, 122, 131, 293, 42, 338, 80, 303, 328, 33, 147, 345, 209, 90, 109, 86, 143, 119, 155, 41, 0, 233, 313, 77, 96, 309, 126, 112, 106, 52, 18, 298, 25, 87, 322, 102, 190, 138, 220, 54, 316, 198, 74, 222, 123, 35, 45, 113, 120, 128, 288, 48, 225, 305, 325, 16, 60, 85, 290, 72, 187, 23, 38, 306, 332, 53, 339, 73, 12, 341, 8, 115, 302, 132, 17, 281, 272, 237, 333, 137, 79, 202, 14, 277, 175, 203, 218, 321, 342, 214, 19, 160, 250, 50, 269, 81, 177, 95, 136, 308, 194, 262, 260, 151, 300, 36, 182, 163, 61, 134, 9, 162, 215, 347, 28], "target": [35.0, 25.0], "out_group_r_strength": 64.0, "target_a_strength": 22000000000, "in_group_r_strength": 40, "attractor_count": 174, "position": [120.11794804938172, 16.238812637401068], "in_group_r_range": 2.0, "out_group_a_range": 2.8, "group_id": 0, "target_a_range": 435, "in_group_a_range": 2.8, "in_group_a_strength": 20}, {"radius": 0.3, "out_group_a_strength": 12.5, "out_group_r_range": 2.0, "pedestrian_id": 350, "friend_zone": [242, 112, 146, 119, 247, 26, 83, 162, 262, 297, 231, 249, 252, 177, 149, 237, 52, 109, 259, 295, 120, 302, 110, 40, 122, 199, 58, 39, 113, 123, 82, 72, 270, 233, 327, 108, 250, 55, 229, 222, 315, 282, 324, 285, 251, 333, 127, 42, 66, 29, 85, 31, 132, 78, 292, 232, 25, 62, 166, 77, 6, 338, 219, 215, 198, 15, 260, 130, 164, 293, 115, 131, 243, 152, 160, 195, 159, 258, 38, 343, 13, 70, 278, 180, 24, 347, 230, 95, 14, 288, 187, 75, 169, 225, 90, 163, 332, 339, 203, 16, 311, 344, 63, 280, 89, 49, 286, 10, 287, 124, 142, 276, 191, 207, 61, 48, 104, 144, 183, 21, 173, 68, 138, 102, 17, 45, 342, 268, 267, 325, 92, 154, 0, 212, 157, 141, 28, 145, 74, 8, 190, 64, 200, 3, 23, 255, 88, 336, 253, 76, 178, 57, 208, 34, 277, 30, 32, 134, 322, 340, 121, 56, 226, 53, 334, 81, 106, 22, 99, 107, 273, 148, 179, 309], "target": [35.0, 25.0], "out_group_r_strength": 64.0, "target_a_strength": 22000000000, "in_group_r_strength": 40, "attractor_count": 174, "position": [130.51993215019505, 35.06799049657366], "in_group_r_range": 2.0, "out_group_a_range": 2.8, "group_id": 1, "target_a_range": 435, "in_group_a_range": 2.8, "in_group_a_strength": 20}, {"radius": 0.3, "out_group_a_strength": 12.5, "out_group_r_range": 2.0, "pedestrian_id": 351, "friend_zone": [220, 30, 196, 197, 27, 238, 75, 35, 271, 252, 279, 331, 74, 119, 98, 112, 125, 49, 336, 322, 121, 338, 258, 329, 172, 293, 64, 14, 319, 195, 128, 123, 143, 80, 273, 33, 93, 218, 333, 50, 317, 129, 65, 229, 324, 158, 177, 183, 321, 314, 156, 240, 96, 47, 291, 137, 281, 4, 198, 243, 147, 282, 231, 114, 217, 278, 261, 63, 179, 263, 326, 251, 62, 190, 55, 20, 200, 309, 345, 185, 182, 153, 12, 140, 227, 266, 328, 160, 228, 122, 45, 102, 110, 79, 11, 22, 193, 295, 330, 274, 127, 267, 239, 272, 31, 302, 9, 44, 142, 223, 48, 67, 5, 203, 144, 303, 159, 285, 186, 165, 211, 139, 192, 313, 78, 335, 43, 342, 111, 88, 205, 59, 131, 178, 126, 145, 287, 120, 259, 72, 260, 89, 108, 233, 308, 37, 245, 214, 176, 83, 169, 68, 246, 7, 341, 215, 51, 292, 28, 133, 346, 264, 19, 344, 289, 298, 199, 163, 170, 103, 105, 250, 87, 323], "target": [35.0, 25.0], "out_group_r_strength": 64.0, "target_a_strength": 22000000000, "in_group_r_strength": 40, "attractor_count": 174, "position": [133.7997656435699, 35.05770990585516], "in_group_r_range": 2.0, "out_group_a_range": 2.8, "group_id": 1, "target_a_range": 435, "in_group_a_range": 2.8, "in_group_a_strength": 20}], "additional_id_existed_ped": {"0": [349, 350, 351], "1": [348, 350], "2": [350], "3": [348, 350, 351], "4": [349, 350, 351], "5": [349, 350], "6": [348], "7": [348, 350, 351], "8": [348, 350], "9": [348, 349, 350], "10": [348, 349], "11": [350], "12": [348], "13": [348, 349, 350, 351], "14": [], "15": [350, 351], "16": [348, 350, 351], "17": [348, 350, 351], "18": [350, 351], "19": [348, 350], "20": [349], "21": [], "22": [348, 349, 350], "23": [348, 349, 351], "24": [349, 350], "25": [350], "26": [349, 351], "27": [348, 349, 351], "28": [349, 350], "29": [348, 350], "30": [348, 349], "31": [349, 351], "32": [351], "33": [348, 349, 350, 351], "34": [348, 349, 351], "35": [350, 351], "36": [350, 351], "37": [348, 351], "38": [348, 349, 351], "39": [348, 349, 350, 351], "40": [349, 350], "41": [], "42": [349, 351], "43": [348, 349, 350], "44": [349], "45": [349, 351], "46": [350, 351], "47": [351], "48": [349, 350, 351], "49": [349, 351], "50": [349], "51": [348, 349], "52": [348, 350, 351], "53": [348, 349, 350], "54": [349], "55": [348, 349, 350, 351], "56": [348, 349, 351], "57": [349, 350, 351], "58": [348, 350, 351], "59": [348, 349, 350, 351], "60": [350, 351], "61": [351], "62": [349, 350], "63": [350, 351], "64": [351], "65": [348, 349, 351], "66": [350, 351], "67": [348, 350], "68": [349, 350], "69": [348, 350, 351], "70": [348, 349, 351], "71": [], "72": [348, 349, 350], "73": [348, 349, 350], "74": [349], "75": [348, 349], "76": [348, 349, 350], "77": [348, 349, 350, 351], "78": [348, 349, 350], "79": [348, 350, 351], "80": [], "81": [349, 351], "82": [348, 349], "83": [350], "84": [348, 349, 350, 351], "85": [349], "86": [348, 349, 350, 351], "87": [348, 349, 351], "88": [349], "89": [], "90": [348, 350], "91": [349, 351], "92": [348, 349, 350, 351], "93": [], "94": [350, 351], "95": [348, 349], "96": [348, 350], "97": [], "98": [348, 349, 350], "99": [348, 349, 350], "100": [351], "101": [348, 349, 351], "102": [349, 350, 351], "103": [348, 351], "104": [349], "105": [348, 349], "106": [], "107": [348, 349, 350, 351], "108": [348, 349, 350, 351], "109": [348, 351], "110": [348, 351], "111": [348, 350], "112": [349, 350], "113": [351], "114": [348, 349, 350], "115": [350], "116": [348, 350, 351], "117": [348, 350, 351], "118": [349, 351], "119": [348, 351], "120": [348, 350, 351], "121": [351], "122": [348, 350, 351], "123": [348, 349], "124": [348, 349], "125": [349, 351], "126": [350, 351], "127": [], "128": [349, 350], "129": [349, 351], "130": [350], "131": [348, 350], "132": [349, 350, 351], "133": [349, 350, 351], "134": [348], "135": [350], "136": [348, 349, 350], "137": [348, 351], "138": [349, 350], "139": [348, 350, 351], "140": [348, 351], "141": [348, 349, 350, 351], "142": [], "143": [], "144": [348, 349, 350], "145": [348, 349, 350], "146": [348, 350], "147": [350], "148": [348, 349], "149": [351], "150": [351], "151": [348, 350], "152": [349, 350],