{"frame_second": "2400", "pedestrian_list": [{"radius": 0.3, "out_group_a_strength": 12.5, "out_group_r_range": 2.0, "pedestrian_id": 232, "friend_zone": [34, 71, 179, 15, 105, 160, 21, 145, 193, 131, 202, 206, 101, 1, 87, 90, 24, 93, 181, 62, 65, 63, 48, 187, 223, 9, 75, 29, 114, 177, 4, 148, 163, 108, 78, 89, 149, 217, 186, 110, 144, 135, 27, 121, 20, 125, 100, 230, 205, 226, 126, 120, 13, 153, 211, 7, 165, 197, 138, 47, 52, 136, 237, 59, 14, 68, 140, 42, 214, 79, 35, 113, 66, 225, 46, 102, 185, 167, 119, 19, 227, 54, 61, 64, 103, 11, 146, 220, 221, 168, 229, 176, 53, 154, 159, 16, 178, 55, 198, 203, 170, 188, 184, 222, 116, 118, 8, 107, 236, 155, 180, 123, 238, 86, 36, 73, 91, 77], "target": [35.0, 25.0], "out_group_r_strength": 64.0, "target_a_strength": 22000000000, "in_group_r_strength": 40, "attractor_count": 118, "position": [-50.12885186056615, 34.41182670931752], "in_group_r_range": 2.0, "out_group_a_range": 2.8, "group_id": 0, "target_a_range": 435, "in_group_a_range": 2.8, "in_group_a_strength": 20}, {"radius": 0.3, "out_group_a_strength": 12.5, "out_group_r_range": 2.0, "pedestrian_id": 233, "friend_zone": [52, 147, 118, 89, 121, 209, 87, 50, 129, 49, 221, 183, 26, 16, 110, 112, 156, 63, 113, 200, 30, 39, 15, 115, 107, 238, 97, 186, 220, 62, 193, 45, 178, 98, 188, 181, 103, 8, 212, 165, 180, 84, 75, 201, 207, 9, 100, 0, 173, 57, 53, 74, 47, 185, 164, 208, 82, 229, 79, 158, 194, 34, 117, 33, 167, 119, 95, 32, 94, 197, 93, 133, 61, 109, 159, 42, 217, 222, 25, 111, 138, 60, 43, 108, 172, 36, 12, 66, 227, 105, 4, 5, 218, 139, 187, 14, 202, 72, 126, 195, 155, 73, 104, 68, 90, 102, 191, 1, 120, 169, 198, 17, 154, 41, 64, 190, 177, 3], "target": [35.0, 25.0], "out_group_r_strength": 64.0, "target_a_strength": 22000000000, "in_group_r_strength": 40, "attractor_count": 118, "position": [-69.64234708004463, 32.46727185668135], "in_group_r_range": 2.0, "out_group_a_range": 2.8, "group_id": 0, "target_a_range": 435, "in_group_a_range": 2.8, "in_group_a_strength": 20}, {"radius": 0.3, "out_group_a_strength": 12.5, "out_group_r_range": 2.0, "pedestrian_id": 234, "friend_zone": [58, 87, 120, 94, 148, 13, 225, 135, 222, 85, 228, 17, 175, 52, 186, 76, 12, 134, 196, 55, 200, 26, 38, 102, 141, 194, 6, 19, 217, 176, 42, 180, 14, 63, 212, 239, 123, 96, 167, 160, 209, 43, 178, 95, 46, 8, 114, 70, 54, 223, 119, 195, 1, 86, 188, 165, 49, 25, 155, 72, 208, 79, 77, 229, 132, 15, 40, 89, 105, 11, 44, 101, 103, 48, 139, 7, 99, 190, 151, 47, 193, 231, 82, 140, 21, 162, 0, 159, 202, 75, 163, 131, 144, 28, 128, 69, 185, 67, 206, 83, 211, 161, 61, 65, 137, 192, 150, 147, 133, 56, 219, 71, 168, 130, 207, 210, 18, 16], "target": [35.0, 25.0], "out_group_r_strength": 64.0, "target_a_strength": 22000000000, "in_group_r_strength": 40, "attractor_count": 118, "position": [-48.829407282060274, 26.634019716112352], "in_group_r_range": 2.0, "out_group_a_range": 2.8, "group_id": 1, "target_a_range": 435, "in_group_a_range": 2.8, "in_group_a_strength": 20}, {"radius": 0.3, "out_group_a_strength": 12.5, "out_group_r_range": 2.0, "pedestrian_id": 235, "friend_zone": [186, 83, 88, 115, 130, 135, 14, 119, 160, 25, 57, 34, 38, 117, 155, 112, 111, 237, 40, 183, 56, 228, 143, 151, 209, 104, 136, 152, 4, 187, 202, 144, 86, 176, 114, 231, 133, 194, 153, 55, 51, 84, 132, 215, 100, 213, 147, 90, 15, 33, 123, 3, 10, 218, 41, 17, 198, 36, 162, 58, 81, 101, 76, 189, 1, 29, 229, 201, 223, 126, 207, 61, 134, 43, 121, 23, 206, 230, 73, 157, 21, 188, 159, 164, 69, 13, 31, 9, 80, 109, 60, 168, 22, 20, 122, 32, 227, 142, 226, 71, 221, 54, 47, 72, 222, 195, 175, 200, 185, 75, 78, 53, 137, 46, 27, 98, 197, 92], "target": [35.0, 25.0], "out_group_r_strength": 64.0, "target_a_strength": 22000000000, "in_group_r_strength": 40, "attractor_count": 118, "position": [-55.99410667859592, 39.63870629164401], "in_group_r_range": 2.0, "out_group_a_range": 2.8, "group_id": 1, "target_a_range": 435, "in_group_a_range": 2.8, "in_group_a_strength": 20}], "additional_id_existed_ped": {"0": [232, 233], "1": [232, 234, 235], "2": [232, 233, 234], "3": [232], "4": [], "5": [232, 233, 235], "6": [233, 234, 235], "7": [232], "8": [232, 234], "9": [232, 234, 235], "10": [232, 235], "11": [232, 234, 235], "12": [233, 234, 235], "13": [233, 234, 235], "14": [], "15": [], "16": [232, 234, 235], "17": [232, 234], "18": [235], "19": [234, 235], "20": [234, 235], "21": [232], "22": [232, 234], "23": [234], "24": [233, 234, 235], "25": [232, 234], "26": [233], "27": [233, 234], "28": [233, 234, 235], "29": [233, 234], "30": [232], "31": [232, 233, 234, 235], "32": [234], "33": [232, 234], "34": [232, 233, 234, 235], "35": [233], "36": [232, 233], "37": [234], "38": [233, 234, 235], "39": [233, 235], "40": [232, 233, 234], "41": [232, 233, 235], "42": [232, 234], "43": [232, 233, 234], "44": [235], "45": [], "46": [233], "47": [233, 235], "48": [232, 233, 234, 235], "49": [232, 233, 234, 235], "50": [232, 234], "51": [233, 234], "52": [232, 234], "53": [235], "54": [232, 233, 234, 235], "55": [232, 233, 234], "56": [232, 233, 234], "57": [233], "58": [232, 233], "59": [233, 235], "60": [232, 234, 235], "61": [234, 235], "62": [232], "63": [], "64": [232, 233], "65": [235], "66": [232, 235], "67": [232], "68": [232, 234, 235], "69": [233, 234], "70": [232, 235], "71": [235], "72": [232, 233, 235], "73": [232, 233, 234], "74": [232, 233], "75": [233, 234], "76": [232, 234, 235], "77": [232, 233, 234], "78": [232, 235], "79": [232, 233], "80": [232, 233, 234, 235], "81": [232, 234], "82": [233, 234], "83": [232, 233, 235], "84": [233], "85": [234, 235], "86": [], "87": [232, 233, 234, 235], "88": [234, 235], "89": [232, 233, 234, 235], "90": [235], "91": [232, 235], "92": [233, 234, 235], "93": [232, 235], "94": [232, 234], "95": [232, 234, 235], "96": [234, 235], "97": [232, 234, 235], "98": [232, 233], "99": [232, 233, 234], "100": [233, 234], "101": [232, 233, 234], "102": [233, 235], "103": [232, 235], "104": [233], "105": [232, 234, 235], "106": [232, 233, 235], "107": [232, 233, 235], "108": [232, 234], "109": [233, 234, 235], "110": [233, 234], "111": [234], "112": [232, 233, 234], "113": [232, 233, 235], "114": [235], "115": [233, 234], "116": [232, 233, 234, 235], "117": [233], "118": [232, 233, 234], "119": [234], "120": [232, 235], "121": [232, 233, 234], "122": [232, 235], "123": [232, 234], "124": [233], "125": [232, 233, 235], "126": [232, 234], "127": [233], "128": [232, 233, 234], "129": [234], "130": [234], "131": [232, 235], "132": [232, 233, 234], "133": [233], "134": [], "135": [233, 234, 235], "136": [232, 235], "137": [232, 234], "138": [232, 233, 235], "139": [234, 235], "140": [232, 233, 234], "141": [233, 235], "142": [233], "143": [233], "144": [233], "145": [233], "146": [235], "147": [232, 234], "148": [233, 234, 235], "149": [233, 235], "150": [233], "151": [234, 235], "152": [233, 235], "153": [235], "154": [232, 233, 235], "155": [232, 233, 235], "156": [233, 234, 235], "157": [233], "158": [233, 234], "159": [232], "160": [232, 234], "161": [232, 233], "162": [233], "163": [234, 235], "164": [232, 233, 235], "165": [], "166": [233, 234, 235], "167": [232, 233, 234, 235], "168": [234, 235], "169": [234], "170": [235], "171": [235], "172": [234], "173": [232, 235], "174": [], "175": [233, 234], "176": [235], "177": [232, 233], "178": [233, 234, 235], "179": [233, 235], "180": [232, 233, 234, 235], "181": [233, 234, 235], "182": [232], "183": [235], "184": [232, 233, 235], "185": [234], "186": [232], "187": [234, 235], "188": [232, 234, 235], "189": [232, 233, 235], "190": [232, 235], "191": [234, 235], "192": [233, 234], "193": [234, 235], "194": [232, 234, 235], "195": [232, 233, 235], "196": [232, 233, 234], "197": [232, 233, 234], "198": [232, 233, 235], "199": [234], "200": [235], "201": [], "202": [], "203": [234], "204": [232, 233, 234, 235], "205": [], "206": [233, 235], "207": [235], "208": [232, 233, 235], "209": [232, 233, 234], "210": [235], "211": [235], "212": [234], "213": [],