{"frame_second": "500", "pedestrian_list": [{"radius": 0.3, "out_group_a_strength": 12.5, "out_group_r_range": 2.0, "pedestrian_id": 80, "friend_zone": [58, 74, 43, 50, 23, 47, 84, 12, 51, 4, 76, 54, 57, 9, 27, 25, 16, 69, 30, 31, 87, 59, 15, 40, 33, 1, 63, 85, 79, 22, 14, 10, 38, 36, 18, 86, 70, 29, 5, 41, 7, 11], "target": [35.0, 25.0], "out_group_r_strength": 64.0, "target_a_strength": 22000000000, "in_group_r_strength": 40, "attractor_count": 42, "position": [-42.34638396530732, 12.991819905009399], "in_group_r_range": 2.0, "out_group_a_range": 2.8, "group_id": 0, "target_a_range": 435, "in_group_a_range": 2.8, "in_group_a_strength": 20}, {"radius": 0.3, "out_group_a_strength": 12.5, "out_group_r_range": 2.0, "pedestrian_id": 81, "friend_zone": [56, 20, 63, 13, 57, 16, 29, 74, 75, 52, 0, 77, 14, 79, 86, 39, 41, 78, 30, 5, 17, 3, 40, 34, 48, 62, 35, 1, 61, 49, 37, 66, 44, 76, 38, 54, 71, 46, 12, 70, 7, 23], "target": [35.0, 25.0], "out_group_r_strength": 64.0, "target_a_strength": 22000000000, "in_group_r_strength": 40, "attractor_count": 42, "position": [-44.2938000677338, 31.835016559958042], "in_group_r_range": 2.0, "out_group_a_range": 2.8, "group_id": 0, "target_a_range": 435, "in_group_a_range": 2.8, "in_group_a_strength": 20}, {"radius": 0.3, "out_group_a_strength": 12.5, "out_group_r_range": 2.0, "pedestrian_id": 82, "friend_zone": [7, 13, 84, 30, 19, 25, 72, 22, 49, 55, 56, 15, 31, 24, 38, 33, 40, 71, 63, 60, 67, 16, 21, 68, 32, 78, 34, 2, 36, 86, 85, 69, 57, 59, 10, 75, 9, 20, 37, 18, 74, 73], "target": [35.0, 25.0], "out_group_r_strength": 64.0, "target_a_strength": 22000000000, "in_group_r_strength": 40, "attractor_count": 42, "position": [-45.588102492901555, 27.275928895421504], "in_group_r_range": 2.0, "out_group_a_range": 2.8, "group_id": 1, "target_a_range": 435, "in_group_a_range": 2.8, "in_group_a_strength": 20}, {"radius": 0.3, "out_group_a_strength": 12.5, "out_group_r_range": 2.0, "pedestrian_id": 83, "friend_zone": [75, 15, 28, 8, 67, 38, 17, 18, 64, 37, 46, 16, 9, 40, 85, 20, 42, 10, 58, 44, 87, 2, 71, 12, 74, 59, 86, 73, 45, 61, 52, 26, 79, 76, 3, 66, 72, 47, 57, 31, 50, 6], "target": [35.0, 25.0], "out_group_r_strength": 64.0, "target_a_strength": 22000000000, "in_group_r_strength": 40, "attractor_count": 42, "position": [-50.12587282899473, 24.01735973443028], "in_group_r_range": 2.0, "out_group_a_range": 2.8, "group_id": 1, "target_a_range": 435, "in_group_a_range": 2.8, "in_group_a_strength": 20}], "additional_id_existed_ped": {"0": [80, 81, 82], "1": [80, 82, 83], "2": [81, 83], "3": [80, 81, 82], "4": [80, 81, 82, 83], "5": [81], "6": [], "7": [80, 81, 83], "8": [82, 83], "9": [81, 82], "10": [80, 83], "11": [80, 83], "12": [80, 81, 82, 83], "13": [81, 83], "14": [81, 83], "15": [80, 82, 83], "16": [80, 81, 82, 83], "17": [80, 83], "18": [80], "19": [83], "20": [81, 82, 83], "21": [80, 81, 82], "22": [80, 82, 83], "23": [83], "24": [81, 83], "25": [80, 83], "26": [80, 81, 82], "27": [80, 82], "28": [80, 81, 83], "29": [80, 83], "30": [81, 82], "31": [80], "32": [80, 82, 83], "33": [83], "34": [81, 82, 83], "35": [81], "36": [80, 82, 83], "37": [81], "38": [82], "39": [81, 82, 83], "40": [80, 81, 82], "41": [], "42": [80, 83], "43": [81], "44": [80, 81, 82], "45": [80, 82], "46": [82], "47": [83], "48": [80], "49": [81], "50": [80, 82, 83], "51": [80], "52": [], "53": [80, 81, 83], "54": [81, 82], "55": [80, 81], "56": [82, 83], "57": [81, 83], "58": [], "59": [83], "60": [80, 81, 82], "61": [81], "62": [80, 83], "63": [80, 82, 83], "64": [80, 82, 83], "65": [81, 82], "66": [81, 82], "67": [80, 81, 82], "68": [80, 82], "69": [80, 81, 82], "70": [81, 82, 83], "71": [80, 81], "72": [80, 81, 82, 83], "73": [], "74": [], "75": [83], "76": [81], "77": [81, 82], "78": [80, 81, 82, 83], "79": [82, 83], "84": [81, 82], "85": [82], "86": [], "87": [80, 83]}}