{"frame_second": "2900", "pedestrian_list": [{"radius": 0.3, "out_group_a_strength": 12.5, "out_group_r_range": 2.0, "pedestrian_id": 272, "friend_zone": [115, 205, 52, 8, 79, 148, 82, 257, 200, 269, 183, 90, 12, 27, 60, 192, 120, 167, 258, 277, 229, 6, 260, 226, 122, 18, 98, 179, 67, 76, 106, 7, 0, 1, 110, 26, 227, 170, 256, 127, 136, 184, 202, 107, 113, 77, 209, 186, 44, 31, 188, 255, 268, 103, 116, 93, 215, 191, 65, 47, 43, 142, 75, 42, 17, 263, 243, 32, 114, 102, 30, 41, 143, 166, 131, 160, 233, 58, 190, 217, 33, 241, 118, 206, 51, 78, 173, 10, 187, 210, 66, 133, 50, 230, 25, 252, 100, 123, 125, 2, 185, 87, 69, 157, 119, 221, 11, 104, 265, 212, 253, 239, 152, 146, 223, 39, 158, 218, 14, 236, 249, 144, 111, 151, 154, 270, 9, 150, 177, 63, 46, 175, 161, 234, 168, 108, 194, 95], "target": [35.0, 25.0], "out_group_r_strength": 64.0, "target_a_strength": 22000000000, "in_group_r_strength": 40, "attractor_count": 138, "position": [-46.88481383147155, 18.169623413695554], "in_group_r_range": 2.0, "out_group_a_range": 2.8, "group_id": 0, "target_a_range": 435, "in_group_a_range": 2.8, "in_group_a_strength": 20}, {"radius": 0.3, "out_group_a_strength": 12.5, "out_group_r_range": 2.0, "pedestrian_id": 273, "friend_zone": [200, 219, 117, 141, 76, 96, 13, 262, 159, 140, 267, 137, 231, 17, 80, 65, 175, 0, 228, 240, 213, 227, 268, 217, 182, 258, 122, 241, 25, 263, 181, 224, 201, 78, 245, 167, 33, 36, 132, 66, 9, 236, 111, 173, 30, 206, 176, 259, 104, 249, 128, 67, 124, 248, 130, 207, 2, 3, 88, 172, 29, 244, 261, 155, 169, 134, 21, 116, 165, 149, 74, 139, 221, 198, 82, 199, 98, 143, 106, 153, 269, 185, 60, 144, 138, 270, 266, 120, 171, 162, 254, 126, 186, 216, 230, 109, 256, 204, 22, 160, 177, 34, 257, 71, 174, 91, 6, 195, 129, 92, 250, 5, 127, 70, 168, 50, 151, 27, 163, 69, 115, 41, 146, 110, 113, 85, 43, 208, 232, 37, 45, 148, 63, 24, 278, 246, 121, 251], "target": [35.0, 25.0], "out_group_r_strength": 64.0, "target_a_strength": 22000000000, "in_group_r_strength": 40, "attractor_count": 138, "position": [-41.69333330275144, 14.259691459312592], "in_group_r_range": 2.0, "out_group_a_range": 2.8, "group_id": 0, "target_a_range": 435, "in_group_a_range": 2.8, "in_group_a_strength": 20}, {"radius": 0.3, "out_group_a_strength": 12.5, "out_group_r_range": 2.0, "pedestrian_id": 274, "friend_zone": [215, 51, 9, 171, 207, 209, 91, 27, 153, 117, 77, 5, 66, 87, 182, 12, 202, 78, 234, 47, 159, 195, 57, 225, 83, 131, 31, 139, 232, 65, 229, 143, 276, 58, 165, 247, 220, 161, 76, 265, 152, 141, 35, 135, 199, 146, 252, 19, 80, 162, 71, 119, 34, 107, 127, 32, 164, 20, 120, 262, 116, 248, 251, 138, 191, 223, 122, 133, 189, 86, 85, 38, 245, 43, 101, 160, 186, 39, 218, 158, 175, 151, 263, 244, 216, 269, 6, 49, 233, 261, 54, 196, 253, 258, 105, 46, 264, 8, 130, 55, 17, 106, 53, 178, 118, 125, 25, 246, 168, 256, 173, 98, 79, 61, 50, 145, 88, 73, 185, 200, 210, 110, 190, 277, 48, 169, 192, 75, 7, 112, 113, 40, 95, 219, 144, 99, 279, 183], "target": [35.0, 25.0], "out_group_r_strength": 64.0, "target_a_strength": 22000000000, "in_group_r_strength": 40, "attractor_count": 138, "position": [-54.03061921765072, 13.631131650973167], "in_group_r_range": 2.0, "out_group_a_range": 2.8, "group_id": 1, "target_a_range": 435, "in_group_a_range": 2.8, "in_group_a_strength": 20}, {"radius": 0.3, "out_group_a_strength": 12.5, "out_group_r_range": 2.0, "pedestrian_id": 275, "friend_zone": [48, 60, 101, 122, 14, 82, 247, 146, 181, 205, 239, 50, 263, 165, 31, 243, 89, 54, 233, 108, 206, 123, 25, 45, 223, 251, 46, 140, 194, 125, 160, 13, 51, 76, 278, 211, 41, 187, 44, 147, 110, 142, 42, 163, 30, 39, 262, 266, 55, 0, 34, 210, 43, 5, 32, 168, 130, 177, 196, 172, 141, 185, 230, 80, 219, 226, 245, 253, 180, 134, 86, 241, 75, 171, 135, 85, 133, 191, 240, 209, 97, 16, 154, 166, 120, 144, 24, 116, 231, 102, 155, 132, 79, 35, 3, 23, 98, 124, 250, 21, 33, 99, 277, 268, 175, 11, 257, 192, 136, 138, 259, 69, 176, 260, 235, 100, 90, 149, 236, 2, 204, 279, 103, 93, 270, 107, 72, 63, 208, 173, 150, 156, 128, 183, 276, 221, 113, 1], "target": [35.0, 25.0], "out_group_r_strength": 64.0, "target_a_strength": 22000000000, "in_group_r_strength": 40, "attractor_count": 138, "position": [-58.57540126819345, 20.7875034639067], "in_group_r_range": 2.0, "out_group_a_range": 2.8, "group_id": 1, "target_a_range": 435, "in_group_a_range": 2.8, "in_group_a_strength": 20}], "additional_id_existed_ped": {"0": [272, 274, 275], "1": [272], "2": [273, 274, 275], "3": [272, 273, 275], "4": [275], "5": [272, 275], "6": [274, 275], "7": [274, 275], "8": [272, 274, 275], "9": [272, 274], "10": [272, 273, 275], "11": [272, 274, 275], "12": [272, 275], "13": [272], "14": [274], "15": [272, 273, 275], "16": [272, 273], "17": [272, 273], "18": [272, 273], "19": [274, 275], "20": [272, 273, 275], "21": [273, 274], "22": [], "23": [273], "24": [272, 274, 275], "25": [272, 274], "26": [], "27": [272, 273, 274], "28": [272], "29": [273], "30": [272, 273, 274, 275], "31": [272, 274], "32": [272, 275], "33": [272, 273, 274, 275], "34": [272, 275], "35": [272, 275], "36": [272, 273, 274], "37": [274, 275], "38": [273, 274, 275], "39": [272], "40": [272, 274], "41": [272, 274, 275], "42": [273, 275], "43": [272, 273, 274], "44": [272, 273], "45": [272], "46": [272, 273, 274], "47": [273, 275], "48": [273], "49": [273, 275], "50": [274], "51": [275], "52": [273, 275], "53": [272], "54": [272, 274], "55": [273], "56": [], "57": [272, 273, 275], "58": [272, 274], "59": [272, 274, 275], "60": [274], "61": [272, 274], "62": [275], "63": [273], "64": [272, 275], "65": [272, 273, 275], "66": [273], "67": [272, 273], "68": [], "69": [274, 275], "70": [273, 275], "71": [272, 273, 275], "72": [272], "73": [273, 274], "74": [272, 275], "75": [], "76": [273, 275], "77": [273, 274], "78": [272, 273], "79": [274], "80": [272, 274, 275], "81": [], "82": [], "83": [275], "84": [272, 273, 275], "85": [273, 274, 275], "86": [273, 275], "87": [273, 274], "88": [272, 273, 274], "89": [272, 273], "90": [274, 275], "91": [272, 273, 274], "92": [273, 275], "93": [274], "94": [273], "95": [273], "96": [272], "97": [274, 275], "98": [274, 275], "99": [273], "100": [273, 274, 275], "101": [272, 273, 274], "102": [274], "103": [272, 273, 274, 275], "104": [273], "105": [272, 273, 274, 275], "106": [274], "107": [272, 273, 274, 275], "108": [272], "109": [274, 275], "110": [275], "111": [275], "112": [272, 273], "113": [275], "114": [273], "115": [274], "116": [274, 275], "117": [], "118": [272, 274, 275], "119": [272, 273, 274, 275], "120": [272, 273, 274, 275], "121": [273], "122": [272, 273], "123": [274], "124": [273], "125": [272, 273, 274, 275], "126": [275], "127": [275], "128": [272, 275], "129": [273, 274], "130": [273], "131": [273, 274], "132": [274, 275], "133": [272], "134": [], "135": [273, 274, 275], "136": [272], "137": [275], "138": [272], "139": [273, 274], "140": [273, 274, 275], "141": [], "142": [273, 275], "143": [273], "144": [274], "145": [273, 274], "146": [273, 275], "147": [272, 273], "148": [272, 273, 274, 275], "149": [272, 273, 274, 275], "150": [272, 274, 275], "151": [272, 274], "152": [272, 273, 274], "153": [272, 273, 274, 275], "154": [272, 273, 274], "155": [272, 274, 275], "156": [273, 275], "157": [272, 273, 274], "158": [273, 274], "159": [274], "160": [273, 275], "161": [275], "162": [274, 275], "163": [274], "164": [], "165": [272, 273, 275], "166": [272, 273, 274, 275], "167": [272, 274, 275], "168": [272, 274, 275], "169": [272, 273], "170": [273], "171": [272, 274], "172": [273, 274, 275], "173": [272, 273], "174": [272, 273, 274, 275], "175": [272, 273, 275], "176": [272, 273, 274], "177": [275], "178": [274], "179": [273, 274, 275], "180": [272], "181": [273, 275], "182": [274, 275], "183": [274, 275], "184": [272, 274], "185": [272, 274, 275], "186": [272], "187": [274, 275], "188": [272, 273, 274, 275], "189": [272, 273, 275], "190": [272], "191": [273], "192": [272], "193": [275], "194": [273, 274, 275],