{"frame_second": "1200", "pedestrian_list": [{"radius": 0.3, "out_group_a_strength": 12.5, "out_group_r_range": 2.0, "pedestrian_id": 136, "friend_zone": [133, 143, 24, 134, 63, 88, 37, 19, 96, 109, 73, 25, 107, 86, 35, 93, 57, 117, 54, 112, 62, 39, 74, 59, 32, 90, 69, 15, 85, 55, 91, 111, 66, 31, 28, 119, 114, 124, 64, 108, 27, 50, 49, 75, 30, 17, 33, 127, 141, 52, 95, 130, 123, 68, 122, 51, 76, 18, 113, 48, 78, 58, 4, 87, 92, 38, 21, 22, 14, 12], "target": [35.0, 25.0], "out_group_r_strength": 64.0, "target_a_strength": 22000000000, "in_group_r_strength": 40, "attractor_count": 70, "position": [-57.93280186613972, 25.954792170764037], "in_group_r_range": 2.0, "out_group_a_range": 2.8, "group_id": 0, "target_a_range": 435, "in_group_a_range": 2.8, "in_group_a_strength": 20}, {"radius": 0.3, "out_group_a_strength": 12.5, "out_group_r_range": 2.0, "pedestrian_id": 137, "friend_zone": [123, 65, 53, 9, 19, 142, 1, 67, 22, 66, 28, 90, 87, 77, 18, 58, 110, 32, 98, 91, 119, 70, 131, 10, 45, 4, 40, 27, 72, 8, 60, 92, 2, 95, 61, 132, 17, 36, 15, 47, 29, 3, 71, 50, 73, 89, 69, 126, 100, 39, 68, 103, 57, 84, 25, 122, 20, 135, 78, 130, 63, 59, 56, 75, 37, 143, 124, 24, 108, 34], "target": [35.0, 25.0], "out_group_r_strength": 64.0, "target_a_strength": 22000000000, "in_group_r_strength": 40, "attractor_count": 70, "position": [-55.34774881557869, 12.961945986936136], "in_group_r_range": 2.0, "out_group_a_range": 2.8, "group_id": 0, "target_a_range": 435, "in_group_a_range": 2.8, "in_group_a_strength": 20}, {"radius": 0.3, "out_group_a_strength": 12.5, "out_group_r_range": 2.0, "pedestrian_id": 138, "friend_zone": [143, 119, 43, 134, 128, 115, 131, 25, 133, 24, 109, 100, 52, 47, 45, 127, 83, 13, 0, 20, 33, 29, 32, 82, 41, 44, 57, 23, 105, 76, 5, 16, 19, 75, 86, 140, 11, 35, 88, 118, 106, 39, 8, 70, 53, 141, 123, 111, 80, 92, 68, 103, 125, 124, 93, 51, 85, 48, 42, 77, 28, 54, 130, 17, 67, 12, 37, 108, 7, 71], "target": [35.0, 25.0], "out_group_r_strength": 64.0, "target_a_strength": 22000000000, "in_group_r_strength": 40, "attractor_count": 70, "position": [-59.878362378488156, 33.79417349585935], "in_group_r_range": 2.0, "out_group_a_range": 2.8, "group_id": 1, "target_a_range": 435, "in_group_a_range": 2.8, "in_group_a_strength": 20}, {"radius": 0.3, "out_group_a_strength": 12.5, "out_group_r_range": 2.0, "pedestrian_id": 139, "friend_zone": [10, 130, 23, 98, 28, 58, 101, 48, 50, 52, 13, 53, 51, 31, 39, 90, 54, 110, 143, 25, 97, 20, 8, 86, 65, 124, 44, 120, 107, 15, 121, 78, 141, 111, 26, 100, 128, 21, 113, 22, 77, 55, 115, 88, 41, 64, 93, 72, 30, 69, 47, 61, 24, 49, 87, 103, 80, 108, 3, 91, 67, 81, 140, 94, 125, 36, 123, 66, 132, 32], "target": [35.0, 25.0], "out_group_r_strength": 64.0, "target_a_strength": 22000000000, "in_group_r_strength": 40, "attractor_count": 70, "position": [-49.497788348234124, 15.58422533184019], "in_group_r_range": 2.0, "out_group_a_range": 2.8, "group_id": 1, "target_a_range": 435, "in_group_a_range": 2.8, "in_group_a_strength": 20}], "additional_id_existed_ped": {"0": [138], "1": [136, 137, 138], "2": [137], "3": [137, 138], "4": [138], "5": [136, 138, 139], "6": [139], "7": [], "8": [137, 138], "9": [], "10": [136, 139], "11": [139], "12": [137, 138], "13": [137, 138], "14": [136, 137, 138], "15": [136, 137, 138], "16": [136, 137], "17": [136, 139], "18": [136, 137, 138, 139], "19": [137, 138, 139], "20": [136], "21": [136], "22": [138], "23": [136, 138, 139], "24": [139], "25": [138], "26": [136, 137, 139], "27": [136, 137, 139], "28": [136, 137, 138, 139], "29": [136, 138], "30": [138], "31": [136, 137, 138], "32": [139], "33": [136, 137], "34": [138], "35": [136, 137, 138, 139], "36": [136, 138], "37": [136, 137, 138, 139], "38": [138], "39": [138, 139], "40": [136, 139], "41": [137, 138], "42": [137], "43": [139], "44": [137, 138, 139], "45": [137, 138], "46": [136], "47": [136], "48": [138, 139], "49": [138], "50": [137, 139], "51": [139], "52": [137, 139], "53": [136, 137, 139], "54": [136, 137, 139], "55": [137], "56": [139], "57": [136, 137], "58": [137, 138], "59": [137, 138, 139], "60": [], "61": [138], "62": [138, 139], "63": [136, 138], "64": [137], "65": [136, 137, 139], "66": [136, 137], "67": [137, 138, 139], "68": [136, 137, 138, 139], "69": [138], "70": [], "71": [136, 137], "72": [137, 139], "73": [137, 138, 139], "74": [136, 138, 139], "75": [139], "76": [136], "77": [137], "78": [136, 138], "79": [136, 138, 139], "80": [138, 139], "81": [], "82": [136, 137], "83": [136, 138, 139], "84": [139], "85": [138], "86": [137, 138, 139], "87": [137], "88": [137, 138, 139], "89": [137, 138, 139], "90": [136, 137, 139], "91": [136, 137, 138, 139], "92": [139], "93": [], "94": [136, 137], "95": [], "96": [137], "97": [], "98": [136, 138, 139], "99": [136, 137, 139], "100": [137, 139], "101": [138], "102": [137, 138], "103": [136], "104": [136], "105": [136, 138, 139], "106": [136, 137, 138], "107": [136, 137, 139], "108": [137, 138, 139], "109": [136, 139], "110": [136, 137, 138, 139], "111": [136, 137, 139], "112": [136, 137, 139], "113": [136, 137, 139], "114": [136, 138, 139], "115": [136, 138, 139], "116": [137, 138, 139], "117": [136, 137, 139], "118": [136, 137], "119": [136, 137], "120": [136, 137, 138, 139], "121": [136, 137, 138], "122": [139], "123": [136], "124": [136, 138], "125": [138, 139], "126": [137, 138], "127": [137, 139], "128": [136, 138], "129": [139], "130": [136], "131": [136, 137, 138, 139], "132": [136], "133": [138], "134": [136, 139], "135": [136, 137, 138, 139], "140": [136, 137, 138], "141": [137, 138, 139], "142": [136], "143": [136, 139]}}