{"frame_second": "1000", "pedestrian_list": [{"radius": 0.3, "out_group_a_strength": 12.5, "out_group_r_range": 2.0, "pedestrian_id": 124, "friend_zone": [47, 113, 85, 58, 107, 96, 0, 68, 70, 84, 12, 17, 110, 87, 41, 121, 25, 39, 67, 15, 114, 14, 73, 52, 2, 10, 106, 59, 94, 37, 13, 7, 22, 78, 105, 54, 60, 24, 9, 93, 42, 62, 20, 35, 61, 56, 112, 99, 111, 27, 101, 81, 79, 88, 28, 75, 51, 18, 97, 38, 83, 43], "target": [35.0, 25.0], "out_group_r_strength": 64.0, "target_a_strength": 22000000000, "in_group_r_strength": 40, "attractor_count": 62, "position": [135.0969285829872, 35.074145611266324], "in_group_r_range": 2.0, "out_group_a_range": 2.8, "group_id": 0, "target_a_range": 435, "in_group_a_range": 2.8, "in_group_a_strength": 20}, {"radius": 0.3, "out_group_a_strength": 12.5, "out_group_r_range": 2.0, "pedestrian_id": 125, "friend_zone": [21, 37, 19, 73, 114, 30, 97, 117, 43, 104, 0, 120, 35, 11, 39, 69, 17, 18, 81, 7, 13, 105, 75, 55, 85, 80, 15, 91, 53, 116, 86, 106, 95, 60, 20, 63, 123, 14, 108, 36, 82, 59, 118, 90, 58, 54, 23, 56, 98, 29, 34, 47, 93, 49, 8, 41, 119, 40, 57, 99, 110, 78], "target": [35.0, 25.0], "out_group_r_strength": 64.0, "target_a_strength": 22000000000, "in_group_r_strength": 40, "attractor_count": 62, "position": [134.4054157678405, 34.4293054114706], "in_group_r_range": 2.0, "out_group_a_range": 2.8, "group_id": 0, "target_a_range": 435, "in_group_a_range": 2.8, "in_group_a_strength": 20}, {"radius": 0.3, "out_group_a_strength": 12.5, "out_group_r_range": 2.0, "pedestrian_id": 126, "friend_zone": [75, 6, 33, 94, 68, 103, 43, 49, 13, 61, 114, 110, 9, 97, 92, 53, 69, 104, 63, 25, 101, 1, 65, 62, 105, 85, 58, 31, 32, 76, 47, 93, 70, 89, 12, 41, 113, 116, 84, 34, 2, 107, 42, 79, 123, 77, 48, 95, 120, 39, 21, 78, 45, 38, 71, 40, 5, 57, 35, 99, 74, 83], "target": [35.0, 25.0], "out_group_r_strength": 64.0, "target_a_strength": 22000000000, "in_group_r_strength": 40, "attractor_count": 62, "position": [130.50241759799368, 26.62267508382759], "in_group_r_range": 2.0, "out_group_a_range": 2.8, "group_id": 1, "target_a_range": 435, "in_group_a_range": 2.8, "in_group_a_strength": 20}, {"radius": 0.3, "out_group_a_strength": 12.5, "out_group_r_range": 2.0, "pedestrian_id": 127, "friend_zone": [47, 109, 71, 60, 65, 122, 114, 80, 85, 82, 93, 50, 29, 98, 81, 121, 44, 18, 13, 28, 104, 94, 22, 14, 64, 61, 21, 19, 6, 89, 72, 17, 112, 78, 11, 123, 36, 31, 101, 115, 120, 53, 1, 96, 103, 10, 51, 35, 57, 63, 118, 39, 83, 66, 99, 75, 86, 95, 48, 24, 16, 0], "target": [35.0, 25.0], "out_group_r_strength": 64.0, "target_a_strength": 22000000000, "in_group_r_strength": 40, "attractor_count": 62, "position": [125.3359510507059, 23.36319376909696], "in_group_r_range": 2.0, "out_group_a_range": 2.8, "group_id": 1, "target_a_range": 435, "in_group_a_range": 2.8, "in_group_a_strength": 20}], "additional_id_existed_ped": {"0": [125, 126, 127], "1": [124, 126, 127], "2": [124, 125, 126, 127], "3": [125, 127], "4": [124, 125, 126, 127], "5": [124, 126, 127], "6": [], "7": [124, 125, 126, 127], "8": [124, 127], "9": [126], "10": [125], "11": [125, 126], "12": [124, 125], "13": [124, 126], "14": [126], "15": [124, 127], "16": [124], "17": [124], "18": [125], "19": [125, 127], "20": [125], "21": [124, 125, 126, 127], "22": [124, 126, 127], "23": [124, 125, 126, 127], "24": [125], "25": [], "26": [126], "27": [], "28": [125, 126], "29": [124], "30": [126], "31": [125, 127], "32": [125, 126], "33": [126], "34": [125, 126], "35": [124, 125, 126, 127], "36": [124, 126], "37": [125, 126], "38": [124, 126], "39": [124, 125], "40": [126, 127], "41": [125, 127], "42": [124, 125], "43": [124, 125], "44": [124, 125], "45": [124], "46": [124, 125, 127], "47": [124, 126, 127], "48": [124, 126, 127], "49": [126], "50": [125, 126], "51": [127], "52": [127], "53": [126, 127], "54": [124, 125, 126, 127], "55": [124, 127], "56": [125, 127], "57": [124], "58": [125], "59": [125, 126], "60": [124, 125], "61": [124, 127], "62": [125, 127], "63": [126, 127], "64": [125, 127], "65": [124, 125, 126, 127], "66": [124], "67": [124, 126, 127], "68": [124, 126], "69": [124, 125], "70": [125, 126], "71": [124], "72": [124, 126, 127], "73": [125], "74": [126, 127], "75": [125, 126, 127], "76": [125, 126, 127], "77": [124, 125, 126, 127], "78": [124, 127], "79": [124, 125, 127], "80": [124, 126, 127], "81": [125, 126], "82": [124, 127], "83": [124, 125, 127], "84": [125], "85": [127], "86": [], "87": [127], "88": [125, 127], "89": [124, 125, 127], "90": [125, 126, 127], "91": [124, 125, 127], "92": [124, 126, 127], "93": [126, 127], "94": [124], "95": [127], "96": [125, 127], "97": [124, 125, 126], "98": [125], "99": [124, 126, 127], "100": [125, 126], "101": [126], "102": [124, 125, 126], "103": [124, 126], "104": [124], "105": [126], "106": [124, 125, 126, 127], "107": [124, 125], "108": [125, 126, 127], "109": [125], "110": [127], "111": [124, 126], "112": [124, 125, 127], "113": [124, 125, 126, 127], "114": [126, 127], "115": [125, 127], "116": [126, 127], "117": [124, 126], "118": [], "119": [124, 125, 126, 127], "120": [], "121": [], "122": [124, 126], "123": [124]}}