{"frame_second": "4500", "pedestrian_list": [{"radius": 0.3, "out_group_a_strength": 12.5, "out_group_r_range": 2.0, "pedestrian_id": 400, "friend_zone": [185, 178, 20, 85, 313, 214, 141, 0, 395, 139, 37, 137, 342, 150, 324, 239, 300, 389, 359, 105, 166, 45, 167, 265, 345, 73, 66, 87, 187, 405, 106, 92, 254, 75, 329, 218, 88, 80, 221, 71, 22, 82, 380, 331, 93, 200, 181, 357, 297, 186, 304, 330, 19, 10, 193, 256, 222, 64, 327, 349, 96, 78, 360, 70, 274, 298, 198, 205, 211, 381, 31, 317, 390, 387, 153, 311, 367, 119, 215, 109, 86, 258, 173, 168, 320, 275, 131, 5, 237, 98, 148, 257, 161, 4, 231, 305, 101, 39, 321, 32, 127, 363, 125, 354, 169, 69, 368, 29, 352, 40, 9, 252, 34, 378, 348, 194, 174, 364, 394, 203, 115, 61, 386, 175, 312, 232, 213, 338, 295, 376, 362, 355, 124, 133, 121, 238, 280, 12, 162, 110, 260, 315, 328, 35, 16, 170, 177, 144, 226, 318, 44, 383, 48, 36, 197, 303, 393, 210, 15, 208, 51, 160, 140, 99, 2, 53, 241, 91, 113, 370, 255, 314, 199, 358, 103, 195, 307, 158, 273, 63, 147, 306, 293, 230, 243, 353, 18, 8, 77, 3, 163, 398, 332, 171, 399, 369, 404, 302, 182, 114, 289, 126], "target": [35.0, 25.0], "out_group_r_strength": 64.0, "target_a_strength": 22000000000, "in_group_r_strength": 40, "attractor_count": 202, "position": [-52.70937203691456, 30.548196633357932], "in_group_r_range": 2.0, "out_group_a_range": 2.8, "group_id": 0, "target_a_range": 435, "in_group_a_range": 2.8, "in_group_a_strength": 20}, {"radius": 0.3, "out_group_a_strength": 12.5, "out_group_r_range": 2.0, "pedestrian_id": 401, "friend_zone": [27, 106, 98, 228, 140, 325, 272, 241, 13, 255, 186, 173, 183, 66, 146, 55, 113, 32, 125, 307, 289, 404, 274, 226, 204, 344, 163, 68, 17, 374, 323, 240, 127, 340, 76, 166, 164, 154, 237, 318, 301, 42, 50, 4, 88, 273, 65, 137, 258, 201, 19, 275, 309, 407, 364, 123, 91, 254, 56, 366, 231, 338, 147, 387, 376, 143, 2, 269, 126, 120, 249, 320, 18, 390, 202, 1, 304, 148, 182, 328, 276, 105, 329, 141, 134, 392, 322, 145, 384, 116, 29, 383, 75, 205, 96, 230, 86, 214, 12, 158, 180, 210, 361, 220, 9, 36, 362, 250, 280, 7, 45, 53, 48, 260, 270, 310, 77, 63, 244, 247, 388, 266, 11, 296, 169, 293, 3, 397, 251, 161, 341, 350, 54, 305, 216, 218, 246, 209, 67, 176, 135, 286, 331, 22, 23, 104, 21, 333, 160, 26, 90, 292, 109, 174, 81, 283, 64, 224, 288, 208, 33, 238, 132, 142, 35, 369, 342, 299, 319, 239, 15, 330, 334, 377, 34, 10, 381, 138, 242, 38, 356, 31, 155, 399, 197, 189, 405, 261, 59, 196, 85, 84, 119, 188, 265, 40, 321, 372, 295, 316, 121, 89], "target": [35.0, 25.0], "out_group_r_strength": 64.0, "target_a_strength": 22000000000, "in_group_r_strength": 40, "attractor_count": 202, "position": [-41.69716769730979, 16.203735588776368], "in_group_r_range": 2.0, "out_group_a_range": 2.8, "group_id": 0, "target_a_range": 435, "in_group_a_range": 2.8, "in_group_a_strength": 20}, {"radius": 0.3, "out_group_a_strength": 12.5, "out_group_r_range": 2.0, "pedestrian_id": 402, "friend_zone": [380, 352, 98, 20, 279, 228, 209, 22, 134, 273, 94, 342, 153, 289, 392, 350, 150, 138, 356, 217, 74, 65, 371, 322, 2, 288, 227, 83, 124, 280, 85, 59, 196, 90, 281, 191, 240, 35, 44, 316, 258, 64, 168, 291, 235, 113, 394, 278, 347, 111, 389, 287, 354, 95, 381, 43, 362, 100, 330, 355, 270, 256, 16, 29, 221, 9, 243, 346, 75, 255, 66, 248, 358, 161, 390, 34, 37, 321, 325, 239, 148, 203, 140, 282, 69, 116, 180, 33, 123, 326, 340, 157, 17, 274, 128, 303, 173, 372, 376, 143, 213, 385, 302, 114, 348, 361, 87, 130, 369, 241, 54, 162, 384, 260, 84, 313, 405, 149, 50, 237, 26, 290, 46, 4, 198, 36, 193, 0, 177, 48, 88, 165, 304, 105, 359, 129, 344, 11, 97, 62, 307, 387, 222, 275, 219, 364, 236, 315, 67, 70, 341, 139, 52, 231, 299, 179, 6, 109, 298, 318, 182, 276, 271, 56, 250, 314, 106, 73, 39, 133, 245, 199, 286, 12, 21, 378, 232, 306, 71, 295, 327, 328, 382, 152, 122, 31, 200, 370, 294, 338, 226, 137, 293, 24, 335, 82, 238, 266, 363, 253, 61, 68], "target": [35.0, 25.0], "out_group_r_strength": 64.0, "target_a_strength": 22000000000, "in_group_r_strength": 40, "attractor_count": 202, "position": [-49.469354034840684, 13.636623763512013], "in_group_r_range": 2.0, "out_group_a_range": 2.8, "group_id": 1, "target_a_range": 435, "in_group_a_range": 2.8, "in_group_a_strength": 20}, {"radius": 0.3, "out_group_a_strength": 12.5, "out_group_r_range": 2.0, "pedestrian_id": 403, "friend_zone": [230, 226, 93, 393, 339, 323, 206, 40, 80, 182, 11, 297, 104, 362, 184, 175, 229, 16, 385, 119, 38, 163, 35, 324, 8, 227, 187, 351, 113, 111, 89, 123, 340, 188, 286, 128, 387, 304, 290, 74, 25, 381, 95, 56, 91, 382, 71, 126, 185, 22, 59, 20, 191, 202, 147, 48, 105, 193, 341, 277, 258, 146, 266, 177, 306, 204, 367, 307, 75, 289, 98, 85, 203, 107, 145, 313, 404, 329, 276, 6, 120, 42, 353, 200, 293, 228, 166, 53, 395, 358, 315, 391, 384, 69, 246, 296, 240, 388, 254, 4, 268, 18, 139, 273, 207, 274, 213, 305, 73, 54, 263, 236, 164, 294, 218, 19, 117, 10, 299, 129, 60, 144, 29, 320, 271, 21, 366, 118, 186, 371, 79, 303, 279, 66, 176, 214, 134, 318, 17, 247, 357, 61, 99, 252, 189, 349, 251, 399, 209, 198, 24, 27, 201, 374, 255, 319, 2, 250, 137, 103, 309, 133, 215, 100, 32, 288, 373, 221, 211, 267, 68, 197, 342, 356, 352, 167, 238, 208, 199, 72, 115, 142, 82, 57, 365, 150, 222, 233, 336, 220, 138, 1, 321, 244, 332, 23, 212, 272, 282, 44, 354, 359], "target": [35.0, 25.0], "out_group_r_strength": 64.0, "target_a_strength": 22000000000, "in_group_r_strength": 40, "attractor_count": 202, "position": [-59.85383434006237, 24.00928431570965], "in_group_r_range": 2.0, "out_group_a_range": 2.8, "group_id": 1, "target_a_range": 435, "in_group_a_range": 2.8, "in_group_a_strength": 20}], "additional_id_existed_ped": {"0": [402], "1": [402, 403], "2": [400, 401], "3": [402, 403], "4": [400, 401], "5": [401, 402], "6": [400, 402, 403], "7": [400, 401, 403], "8": [400, 401, 402, 403], "9": [400, 403], "10": [401], "11": [403], "12": [401, 402], "13": [401, 403], "14": [400, 401, 402], "15": [402, 403], "16": [400, 402, 403], "17": [401], "18": [401, 402, 403], "19": [400, 402], "20": [], "21": [400, 402], "22": [403], "23": [400, 402, 403], "24": [403], "25": [400, 401], "26": [400], "27": [400, 401, 402], "28": [401, 402], "29": [402, 403], "30": [400, 401, 403], "31": [400, 401], "32": [], "33": [401, 403], "34": [403], "35": [400, 401, 402, 403], "36": [401, 403], "37": [400, 402, 403], "38": [400, 401, 403], "39": [401, 402], "40": [400, 401], "41": [403], "42": [401, 403], "43": [400, 402, 403], "44": [400, 402], "45": [400], "46": [400], "47": [403], "48": [401], "49": [400, 403], "50": [400, 401, 402], "51": [403], "52": [400, 401], "53": [401, 402], "54": [402, 403], "55": [401], "56": [400], "57": [401, 402], "58": [402, 403], "59": [403], "60": [402], "61": [403], "62": [402], "63": [401, 402], "64": [400, 401, 402], "65": [400], "66": [401], "67": [401, 403], "68": [400, 402, 403], "69": [401, 402, 403], "70": [400, 401, 403], "71": [400, 403], "72": [402, 403], "73": [401], "74": [400, 402], "75": [400, 402], "76": [400, 401, 402, 403], "77": [402, 403], "78": [400, 401, 403], "79": [401, 402], "80": [400, 403], "81": [400, 401, 402], "82": [400, 401], "83": [400, 401, 403], "84": [402, 403], "85": [400, 401, 403], "86": [401, 402], "87": [400, 403], "88": [], "89": [401, 402, 403], "90": [402], "91": [400, 402], "92": [401, 402], "93": [402, 403], "94": [400, 401, 402], "95": [401, 403], "96": [403], "97": [403], "98": [400, 401, 403], "99": [], "100": [400], "101": [402, 403], "102": [400, 401, 403], "103": [400, 402], "104": [400, 401, 403], "105": [400, 401, 403], "106": [401], "107": [403], "108": [400, 401, 402, 403], "109": [402, 403], "110": [401], "111": [400, 402], "112": [400, 403], "113": [401, 402, 403], "114": [401], "115": [400], "116": [400, 401, 402, 403], "117": [401], "118": [401, 402], "119": [400, 402, 403], "120": [400], "121": [400, 402], "122": [401], "123": [400, 402], "124": [400, 402, 403], "125": [400, 402, 403], "126": [401, 402, 403], "127": [400, 401, 402],