{"frame_second": "3900", "pedestrian_list": [{"radius": 0.3, "out_group_a_strength": 12.5, "out_group_r_range": 2.0, "pedestrian_id": 352, "friend_zone": [11, 96, 221, 348, 77, 71, 195, 290, 253, 184, 299, 261, 16, 307, 296, 224, 204, 281, 334, 242, 285, 171, 351, 268, 68, 215, 320, 114, 117, 148, 56, 125, 303, 86, 89, 78, 357, 192, 222, 73, 289, 275, 304, 198, 76, 340, 64, 246, 217, 234, 123, 70, 328, 179, 115, 75, 321, 308, 140, 90, 58, 231, 12, 129, 61, 223, 338, 63, 294, 284, 332, 9, 57, 94, 252, 259, 105, 51, 55, 135, 262, 143, 98, 131, 325, 22, 21, 28, 239, 177, 15, 337, 40, 100, 25, 276, 10, 174, 124, 295, 84, 311, 52, 255, 190, 24, 240, 7, 219, 278, 241, 263, 109, 227, 265, 318, 155, 65, 356, 181, 74, 2, 130, 41, 199, 36, 350, 175, 101, 319, 119, 256, 80, 315, 53, 82, 3, 258, 112, 29, 309, 302, 46, 166, 4, 118, 305, 93, 5, 132, 66, 8, 59, 163, 235, 194, 144, 44, 244, 345, 316, 180, 1, 13, 172, 250, 257, 220, 324, 139, 185, 213, 254, 200, 312, 162, 323, 107], "target": [35.0, 25.0], "out_group_r_strength": 64.0, "target_a_strength": 22000000000, "in_group_r_strength": 40, "attractor_count": 178, "position": [-57.27341046316237, 32.49613105031016], "in_group_r_range": 2.0, "out_group_a_range": 2.8, "group_id": 0, "target_a_range": 435, "in_group_a_range": 2.8, "in_group_a_strength": 20}, {"radius": 0.3, "out_group_a_strength": 12.5, "out_group_r_range": 2.0, "pedestrian_id": 353, "friend_zone": [155, 302, 232, 277, 43, 102, 14, 298, 107, 109, 51, 242, 199, 85, 145, 53, 341, 188, 231, 84, 31, 56, 210, 137, 177, 272, 338, 58, 27, 344, 104, 18, 191, 211, 180, 268, 45, 160, 348, 333, 315, 183, 33, 32, 1, 111, 264, 255, 281, 165, 174, 81, 37, 151, 262, 342, 273, 219, 156, 322, 193, 279, 238, 185, 48, 38, 271, 291, 297, 7, 182, 12, 265, 94, 320, 359, 290, 34, 328, 274, 346, 28, 119, 299, 307, 331, 158, 10, 190, 314, 239, 77, 49, 91, 139, 209, 13, 46, 60, 207, 260, 197, 351, 312, 0, 248, 159, 294, 278, 263, 144, 225, 87, 47, 311, 217, 118, 40, 100, 68, 332, 250, 95, 201, 121, 166, 310, 146, 17, 36, 234, 127, 303, 70, 128, 224, 254, 86, 243, 88, 9, 280, 184, 90, 306, 244, 44, 55, 330, 16, 130, 30, 240, 73, 318, 79, 138, 301, 213, 228, 205, 287, 93, 101, 227, 203, 98, 347, 261, 106, 170, 22, 258, 8, 252, 147, 149, 245], "target": [35.0, 25.0], "out_group_r_strength": 64.0, "target_a_strength": 22000000000, "in_group_r_strength": 40, "attractor_count": 178, "position": [-68.97888021657786, 29.89802115857585], "in_group_r_range": 2.0, "out_group_a_range": 2.8, "group_id": 0, "target_a_range": 435, "in_group_a_range": 2.8, "in_group_a_strength": 20}, {"radius": 0.3, "out_group_a_strength": 12.5, "out_group_r_range": 2.0, "pedestrian_id": 354, "friend_zone": [22, 159, 105, 139, 220, 343, 40, 9, 203, 350, 328, 81, 266, 324, 257, 357, 214, 205, 321, 249, 51, 28, 275, 75, 187, 174, 290, 197, 209, 148, 202, 33, 185, 27, 208, 0, 213, 91, 96, 318, 283, 21, 272, 16, 311, 262, 332, 37, 100, 89, 68, 338, 179, 60, 227, 238, 193, 142, 349, 136, 314, 334, 230, 319, 24, 252, 229, 322, 225, 293, 167, 64, 296, 17, 247, 54, 244, 30, 52, 41, 232, 4, 101, 162, 140, 307, 128, 83, 186, 78, 8, 77, 53, 267, 176, 216, 286, 23, 287, 217, 240, 177, 282, 260, 149, 121, 200, 107, 268, 147, 71, 111, 42, 5, 278, 347, 358, 141, 309, 178, 14, 303, 135, 79, 242, 323, 20, 58, 284, 333, 153, 84, 133, 317, 219, 285, 210, 331, 65, 90, 297, 1, 35, 163, 109, 231, 92, 103, 3, 215, 356, 165, 145, 196, 34, 340, 143, 254, 93, 72, 237, 12, 168, 263, 120, 344, 306, 88, 29, 337, 82, 190, 49, 18, 308, 150, 295, 87], "target": [35.0, 25.0], "out_group_r_strength": 64.0, "target_a_strength": 22000000000, "in_group_r_strength": 40, "attractor_count": 178, "position": [-48.17687330559311, 30.507028321742062], "in_group_r_range": 2.0, "out_group_a_range": 2.8, "group_id": 1, "target_a_range": 435, "in_group_a_range": 2.8, "in_group_a_strength": 20}, {"radius": 0.3, "out_group_a_strength": 12.5, "out_group_r_range": 2.0, "pedestrian_id": 355, "friend_zone": [129, 222, 321, 67, 61, 334, 269, 29, 225, 119, 315, 249, 111, 288, 279, 77, 183, 14, 114, 358, 300, 74, 356, 311, 100, 318, 115, 123, 141, 108, 1, 0, 153, 297, 173, 22, 53, 9, 4, 49, 159, 305, 42, 303, 281, 79, 242, 96, 26, 101, 107, 93, 338, 265, 323, 273, 248, 350, 32, 211, 224, 302, 106, 206, 41, 11, 250, 83, 149, 282, 259, 45, 284, 188, 258, 327, 124, 325, 147, 359, 87, 357, 187, 73, 13, 174, 326, 263, 271, 81, 139, 298, 237, 175, 294, 182, 168, 348, 68, 7, 285, 347, 261, 163, 21, 99, 148, 155, 213, 19, 230, 314, 243, 176, 339, 319, 239, 322, 95, 104, 241, 110, 48, 75, 178, 266, 313, 44, 280, 133, 283, 97, 120, 51, 165, 181, 16, 24, 185, 52, 146, 136, 118, 55, 312, 247, 125, 197, 221, 180, 286, 56, 246, 205, 236, 94, 47, 333, 245, 295, 220, 167, 328, 90, 85, 134, 219, 332, 202, 112, 143, 208, 268, 310, 102, 39, 28, 194], "target": [35.0, 25.0], "out_group_r_strength": 64.0, "target_a_strength": 22000000000, "in_group_r_strength": 40, "attractor_count": 178, "position": [-51.404411481509065, 37.66556961848307], "in_group_r_range": 2.0, "out_group_a_range": 2.8, "group_id": 1, "target_a_range": 435, "in_group_a_range": 2.8, "in_group_a_strength": 20}], "additional_id_existed_ped": {"0": [352], "1": [], "2": [352, 353, 354], "3": [353, 354], "4": [352, 353, 354], "5": [354], "6": [352, 353, 354], "7": [352, 355], "8": [], "9": [352], "10": [], "11": [354], "12": [], "13": [354, 355], "14": [353, 354, 355], "15": [352, 355], "16": [354], "17": [355], "18": [352, 353, 354, 355], "19": [352, 354, 355], "20": [352, 353, 354], "21": [352, 353, 354, 355], "22": [352, 354, 355], "23": [352, 353], "24": [353, 354, 355], "25": [352, 353], "26": [352, 354, 355], "27": [352, 353], "28": [352, 355], "29": [352, 354, 355], "30": [353, 355], "31": [353, 355], "32": [352, 354], "33": [352, 355], "34": [352, 353], "35": [353], "36": [352, 355], "37": [354], "38": [353, 354, 355], "39": [352, 355], "40": [353, 354], "41": [353, 355], "42": [352, 354, 355], "43": [352, 353, 355], "44": [352, 353], "45": [352, 353, 354, 355], "46": [], "47": [353, 354, 355], "48": [353, 354], "49": [352, 355], "50": [354, 355], "51": [355], "52": [353, 354, 355], "53": [], "54": [355], "55": [352, 353, 354, 355], "56": [352, 354, 355], "57": [352], "58": [353], "59": [353, 354, 355], "60": [352, 353, 354, 355], "61": [352, 354, 355], "62": [352, 353, 355], "63": [355], "64": [353, 354], "65": [352, 353], "66": [354, 355], "67": [353, 354], "68": [353, 354, 355], "69": [352, 353, 354, 355], "70": [352, 353, 354], "71": [], "72": [353, 354], "73": [352, 353, 354, 355], "74": [352, 353, 354, 355], "75": [], "76": [352, 353, 355], "77": [352, 355], "78": [354], "79": [352, 354], "80": [353, 354], "81": [352, 353], "82": [353, 354, 355], "83": [], "84": [353, 355], "85": [352, 353, 354, 355], "86": [355], "87": [], "88": [353], "89": [352], "90": [354, 355], "91": [352], "92": [352, 355], "93": [352, 354, 355], "94": [352, 353, 354], "95": [352, 353, 354, 355], "96": [352, 353, 354], "97": [353, 354], "98": [354], "99": [353], "100": [353, 354, 355], "101": [], "102": [352, 353, 354], "103": [352, 353], "104": [353], "105": [], "106": [], "107": [352, 353, 354, 355], "108": [352, 353, 354], "109": [353, 355], "110": [], "111": [352, 355], "112": [353], "113": [352, 353, 354], "114": [353], "115": [354, 355], "116": [354, 355], "117": [], "118": [352], "119": [352, 355], "120": [352, 353, 354], "121": [353], "122": [352, 353, 355], "123": [352, 353, 355], "124": [353, 354, 355], "125": [352, 354], "126": [353, 354, 355], "127": [355], "128": [352, 355], "129": [352, 353, 354, 355], "130": [352, 353], "131": [353, 355], "132": [352, 355], "133": [352, 353], "134": [352, 353, 355], "135": [352, 353, 354, 355], "136": [353, 355], "137": [353, 354, 355], "138": [355], "139": [354, 355], "140": [352, 353, 354, 355], "141": [352, 353, 354, 355], "142": [353, 354, 355], "143": [352, 354, 355], "144": [354], "145": [352, 355], "146": [], "147": [354, 355], "148": [353, 354, 355], "149": [354, 355],