{"frame_second": "2200", "pedestrian_list": [{"radius": 0.3, "out_group_a_strength": 12.5, "out_group_r_range": 2.0, "pedestrian_id": 216, "friend_zone": [97, 21, 128, 192, 48, 180, 41, 69, 60, 70, 145, 157, 71, 133, 75, 113, 199, 110, 51, 108, 144, 207, 84, 148, 105, 186, 142, 190, 99, 173, 155, 45, 17, 187, 28, 65, 34, 33, 205, 26, 57, 201, 107, 76, 8, 67, 14, 154, 27, 196, 149, 83, 29, 129, 184, 93, 25, 211, 23, 91, 47, 53, 146, 135, 38, 178, 179, 152, 32, 6, 79, 20, 215, 183, 174, 195, 73, 124, 111, 9, 101, 222, 125, 95, 191, 223, 165, 31, 123, 197, 122, 66, 4, 13, 206, 63, 213, 117, 166, 16, 103, 10, 68, 90, 35, 5, 175, 43, 153, 24], "target": [35.0, 25.0], "out_group_r_strength": 64.0, "target_a_strength": 22000000000, "in_group_r_strength": 40, "attractor_count": 110, "position": [-65.06929569720201, 10.356636074013613], "in_group_r_range": 2.0, "out_group_a_range": 2.8, "group_id": 0, "target_a_range": 435, "in_group_a_range": 2.8, "in_group_a_strength": 20}, {"radius": 0.3, "out_group_a_strength": 12.5, "out_group_r_range": 2.0, "pedestrian_id": 217, "friend_zone": [179, 92, 197, 65, 42, 131, 93, 115, 0, 58, 142, 157, 199, 3, 9, 118, 141, 78, 45, 171, 47, 168, 172, 6, 156, 64, 127, 149, 18, 175, 72, 140, 145, 185, 135, 21, 196, 26, 188, 5, 76, 69, 35, 34, 33, 220, 124, 63, 111, 102, 180, 46, 159, 74, 22, 31, 222, 161, 138, 189, 128, 87, 148, 55, 10, 56, 162, 97, 23, 44, 194, 167, 153, 120, 117, 206, 166, 195, 209, 181, 132, 48, 176, 203, 126, 30, 11, 99, 62, 215, 17, 116, 146, 25, 163, 160, 41, 154, 113, 205, 212, 177, 170, 79, 139, 13, 50, 107, 66, 213], "target": [35.0, 25.0], "out_group_r_strength": 64.0, "target_a_strength": 22000000000, "in_group_r_strength": 40, "attractor_count": 110, "position": [-40.39413342139336, 12.332952650370327], "in_group_r_range": 2.0, "out_group_a_range": 2.8, "group_id": 0, "target_a_range": 435, "in_group_a_range": 2.8, "in_group_a_strength": 20}, {"radius": 0.3, "out_group_a_strength": 12.5, "out_group_r_range": 2.0, "pedestrian_id": 218, "friend_zone": [108, 49, 178, 89, 135, 27, 220, 177, 8, 99, 120, 160, 70, 88, 182, 154, 36, 183, 119, 202, 86, 201, 186, 51, 62, 113, 128, 161, 127, 149, 181, 46, 87, 169, 192, 132, 117, 48, 212, 205, 3, 78, 96, 139, 184, 21, 9, 75, 12, 67, 170, 123, 140, 20, 72, 1, 55, 187, 121, 2, 109, 136, 200, 179, 107, 59, 155, 206, 81, 45, 76, 93, 145, 100, 174, 14, 28, 180, 165, 33, 38, 82, 43, 152, 196, 122, 157, 148, 156, 124, 172, 198, 153, 168, 52, 90, 57, 188, 191, 134, 207, 101, 25, 144, 0, 221, 111, 97, 116, 203], "target": [35.0, 25.0], "out_group_r_strength": 64.0, "target_a_strength": 22000000000, "in_group_r_strength": 40, "attractor_count": 110, "position": [-46.86158080090911, 25.316236181433972], "in_group_r_range": 2.0, "out_group_a_range": 2.8, "group_id": 1, "target_a_range": 435, "in_group_a_range": 2.8, "in_group_a_strength": 20}, {"radius": 0.3, "out_group_a_strength": 12.5, "out_group_r_range": 2.0, "pedestrian_id": 219, "friend_zone": [152, 79, 4, 33, 188, 21, 136, 182, 42, 13, 0, 141, 74, 178, 27, 147, 130, 166, 98, 105, 8, 133, 122, 39, 172, 142, 46, 50, 1, 102, 154, 37, 20, 87, 14, 143, 7, 57, 208, 190, 100, 170, 65, 41, 9, 69, 101, 54, 129, 189, 151, 30, 185, 210, 23, 139, 138, 205, 78, 120, 145, 209, 111, 64, 195, 180, 113, 159, 114, 51, 48, 158, 59, 123, 213, 103, 191, 194, 47, 144, 135, 186, 118, 163, 17, 18, 223, 10, 40, 110, 192, 187, 97, 12, 83, 28, 161, 179, 108, 53, 150, 107, 72, 220, 96, 160, 106, 19, 197, 11], "target": [35.0, 25.0], "out_group_r_strength": 64.0, "target_a_strength": 22000000000, "in_group_r_strength": 40, "attractor_count": 110, "position": [-44.26153934398938, 27.284687283249003], "in_group_r_range": 2.0, "out_group_a_range": 2.8, "group_id": 1, "target_a_range": 435, "in_group_a_range": 2.8, "in_group_a_strength": 20}], "additional_id_existed_ped": {"0": [217, 219], "1": [219], "2": [216, 218, 219], "3": [], "4": [217, 218, 219], "5": [216, 219], "6": [219], "7": [217, 218], "8": [217, 219], "9": [216, 217, 218, 219], "10": [218], "11": [216, 217, 218, 219], "12": [216, 217, 218, 219], "13": [216, 218, 219], "14": [216, 218, 219], "15": [216, 217, 218], "16": [216, 217, 219], "17": [217, 218], "18": [216, 218, 219], "19": [217, 218], "20": [216], "21": [216, 217, 218], "22": [218], "23": [217, 218], "24": [216, 218, 219], "25": [218, 219], "26": [216, 217, 219], "27": [], "28": [216], "29": [216], "30": [216, 217, 218], "31": [217, 218], "32": [218], "33": [216, 217], "34": [217, 219], "35": [216, 217, 218], "36": [216, 217, 218, 219], "37": [219], "38": [216, 218, 219], "39": [], "40": [216, 218, 219], "41": [216, 217], "42": [218, 219], "43": [], "44": [], "45": [217, 218], "46": [217, 218], "47": [216, 218, 219], "48": [216, 217, 218, 219], "49": [216, 218], "50": [216, 217], "51": [], "52": [216, 217], "53": [216, 219], "54": [217], "55": [216, 217, 218, 219], "56": [217, 219], "57": [218], "58": [217], "59": [218], "60": [216], "61": [216, 218, 219], "62": [216, 217, 218], "63": [216, 219], "64": [218], "65": [216, 217, 218, 219], "66": [216, 218, 219], "67": [219], "68": [216, 217, 218], "69": [218], "70": [216, 218], "71": [217, 218], "72": [217, 218, 219], "73": [218], "74": [216, 219], "75": [], "76": [216, 218], "77": [216], "78": [216, 217], "79": [217, 218, 219], "80": [217, 218], "81": [219], "82": [216, 217, 218, 219], "83": [217], "84": [216, 217, 218, 219], "85": [217, 218, 219], "86": [217], "87": [219], "88": [216], "89": [216, 217, 218, 219], "90": [217, 218, 219], "91": [216, 218], "92": [216], "93": [216, 217, 218, 219], "94": [216, 219], "95": [216, 219], "96": [216, 218, 219], "97": [216], "98": [216, 219], "99": [216], "100": [218, 219], "101": [217], "102": [218, 219], "103": [216, 219], "104": [217, 218, 219], "105": [216, 217, 219], "106": [216, 218], "107": [218], "108": [217, 218, 219], "109": [217], "110": [216, 218], "111": [216, 219], "112": [217, 219], "113": [216, 219], "114": [216, 217, 219], "115": [217], "116": [218, 219], "117": [217, 218], "118": [216, 217], "119": [217, 219], "120": [217], "121": [217, 218], "122": [217, 219], "123": [216], "124": [217, 218], "125": [216, 218], "126": [217, 219], "127": [216, 217, 218], "128": [216, 217, 219], "129": [218, 219], "130": [217], "131": [], "132": [219], "133": [216, 217, 218, 219], "134": [216, 219], "135": [219], "136": [216, 217, 218], "137": [216, 218, 219], "138": [216], "139": [217, 218], "140": [217], "141": [217, 218], "142": [216, 218, 219], "143": [216, 217, 218, 219], "144": [216], "145": [217, 219], "146": [217], "147": [216, 217, 219], "148": [], "149": [216, 219], "150": [218], "151": [216, 218], "152": [216, 218, 219], "153": [216, 218, 219], "154": [217, 219], "155": [217], "156": [216, 217], "157": [216, 217, 218], "158": [217, 218, 219], "159": [216], "160": [217, 219], "161": [217], "162": [216, 218], "163": [217], "164": [], "165": [216, 218], "166": [216, 218, 219], "167": [216, 217, 218, 219], "168": [216, 219], "169": [217, 218], "170": [216, 219], "171": [216, 217, 219], "172": [217], "173": [216, 219], "174": [219], "175": [], "176": [217, 218, 219], "177": [218, 219], "178": [216, 217, 218, 219], "179": [216, 217, 218, 219], "180": [217, 219], "181": [217, 218], "182": [217, 219], "183": [216, 217, 219], "184": [], "185": [217, 218, 219], "186": [], "187": [217], "188": [217], "189": [216, 218], "190": [], "191": [216, 219], "192": [216, 217, 218], "193": [217, 219], "194": [], "195": [216, 217, 219], "196": [219], "197": [216, 217, 218, 219], "198": [216, 217], "199": [216, 218], "200": [217], "201": [216, 218, 219], "202": [218], "203": [217, 218], "204": [217, 218, 219], "205": [216, 218, 219], "206": [216, 217, 219], "207": [216], "208": [], "209": [218], "210": [217, 219], "211": [216, 218, 219], "212": [217, 218], "213": [216, 217, 218, 219], "214": [219], "215": [216, 218, 219], "220": [216, 217, 218, 219], "221": [216, 217, 218, 219], "222": [], "223": []}}