{"frame_second": "700", "additional_id_existed_ped": {"0": [51], "1": [49, 50], "2": [48], "3": [50, 51], "4": [], "5": [49, 50], "6": [48, 49, 50], "7": [48, 50], "8": [49, 50], "9": [48], "10": [49, 50, 51], "11": [48, 50], "12": [50, 51], "13": [48, 50], "14": [48], "15": [49, 50, 51], "16": [48, 49], "17": [48, 49, 50, 51], "18": [49, 50, 51], "19": [48, 49], "20": [48, 50, 51], "21": [48, 49, 50, 51], "22": [48, 49], "23": [48, 51], "24": [49, 51], "25": [49], "26": [], "27": [49, 50], "28": [48, 51], "29": [50, 51], "30": [48, 49], "31": [48, 49, 50], "32": [49], "33": [48, 50, 51], "34": [48, 51], "35": [48, 51], "36": [48, 51], "37": [50], "38": [48, 49, 50, 51], "39": [51], "40": [49, 51], "41": [49, 51], "42": [48, 50, 51], "43": [48, 49], "44": [49, 50, 51], "45": [], "46": [49, 50], "47": [51]}, "pedestrian_list": [{"friend_zone": [9, 7, 36, 25, 21, 41, 20, 5, 1, 32, 47, 40, 38, 22, 45, 17, 35, 33, 37, 15, 23, 13, 0, 30], "group_id": 0, "in_group_r_range": 2.0, "in_group_a_range": 2.8, "target_a_strength": 22000000000, "radius": 0.3, "position": [-64.9481824116255, 10.410961822706753], "target_a_range": 435, "target": [10000.0, 0.0], "out_group_a_range": 2.8, "out_group_r_range": 2.0, "pedestrian_id": 48, "out_group_r_strength": 56.0, "out_group_a_strength": 14.285714285714286, "in_group_a_strength": 20, "in_group_r_strength": 40, "attractor_count": 24}, {"friend_zone": [12, 36, 43, 15, 27, 46, 32, 4, 17, 19, 9, 31, 18, 38, 37, 26, 30, 7, 16, 8, 3, 40, 2, 41], "group_id": 0, "in_group_r_range": 2.0, "in_group_a_range": 2.8, "target_a_strength": 22000000000, "radius": 0.3, "position": [-47.42052386282552, -6.522158253586247], "target_a_range": 435, "target": [10000.0, 0.0], "out_group_a_range": 2.8, "out_group_r_range": 2.0, "pedestrian_id": 49, "out_group_r_strength": 56.0, "out_group_a_strength": 14.285714285714286, "in_group_a_strength": 20, "in_group_r_strength": 40, "attractor_count": 24}, {"friend_zone": [43, 45, 26, 29, 33, 42, 13, 34, 30, 17, 25, 23, 15, 20, 1, 31, 9, 41, 3, 27, 22, 16, 8, 37], "group_id": 1, "in_group_r_range": 2.0, "in_group_a_range": 2.8, "target_a_strength": 22000000000, "radius": 0.3, "position": [-59.73348223545505, 13.6494119074192], "target_a_range": 435, "target": [10000.0, 0.0], "out_group_a_range": 2.8, "out_group_r_range": 2.0, "pedestrian_id": 50, "out_group_r_strength": 56.0, "out_group_a_strength": 14.285714285714286, "in_group_a_strength": 20, "in_group_r_strength": 40, "attractor_count": 24}, {"friend_zone": [13, 31, 16, 21, 45, 35, 12, 39, 15, 1, 43, 8, 23, 34, 41, 3, 46, 36, 42, 0, 18, 17, 29, 22], "group_id": 1, "in_group_r_range": 2.0, "in_group_a_range": 2.8, "target_a_strength": 22000000000, "radius": 0.3, "position": [-59.74281469830714, -9.727510583132066], "target_a_range": 435, "target": [10000.0, 0.0], "out_group_a_range": 2.8, "out_group_r_range": 2.0, "pedestrian_id": 51, "out_group_r_strength": 56.0, "out_group_a_strength": 14.285714285714286, "in_group_a_strength": 20, "in_group_r_strength": 40, "attractor_count": 24}]}