{"frame_second": "1000", "additional_id_existed_ped": {"0": [60, 62, 63], "1": [61, 63], "2": [60, 61, 62, 63], "3": [60, 62], "4": [61], "5": [60, 61], "6": [60, 61, 62, 63], "7": [60, 61, 63], "8": [60, 61], "9": [61, 63], "10": [60, 61], "11": [61, 62, 63], "12": [60, 61, 63], "13": [60, 61, 62], "14": [61], "15": [60, 61, 62], "16": [60, 62, 63], "17": [63], "18": [60], "19": [60], "20": [61, 62, 63], "21": [61], "22": [60], "23": [60, 61], "24": [60, 61, 62], "25": [60, 62, 63], "26": [60], "27": [60, 61], "28": [60], "29": [61, 62], "30": [62], "31": [63], "32": [61, 62, 63], "33": [62], "34": [60, 62], "35": [60, 61, 62], "36": [62, 63], "37": [62, 63], "38": [], "39": [63], "40": [60, 62, 63], "41": [], "42": [], "43": [62, 63], "44": [62, 63], "45": [60, 61], "46": [60, 63], "47": [60, 61, 62, 63], "48": [60, 63], "49": [63], "50": [62], "51": [61, 62, 63], "52": [61, 63], "53": [62, 63], "54": [61, 62], "55": [61, 62, 63], "56": [60, 62, 63], "57": [60, 61], "58": [61], "59": [62, 63]}, "pedestrian_list": [{"friend_zone": [59, 51, 50, 25, 27, 33, 54, 4, 35, 47, 42, 40, 3, 57, 14, 22, 8, 9, 28, 45, 23, 41, 39, 26, 0, 36, 5, 55, 38, 16], "group_id": 0, "in_group_r_range": 2.0, "in_group_a_range": 2.8, "target_a_strength": 22000000000, "radius": 0.3, "position": [-52.58680040689446, 17.531954777167375], "target_a_range": 435, "target": [10000.0, 0.0], "out_group_a_range": 2.8, "out_group_r_range": 2.0, "pedestrian_id": 60, "out_group_r_strength": 56.0, "out_group_a_strength": 14.285714285714286, "in_group_a_strength": 20, "in_group_r_strength": 40, "attractor_count": 30}, {"friend_zone": [37, 4, 49, 20, 7, 55, 28, 3, 46, 39, 18, 21, 8, 19, 36, 35, 48, 29, 15, 51, 6, 24, 59, 42, 5, 0, 16, 30, 58, 1], "group_id": 0, "in_group_r_range": 2.0, "in_group_a_range": 2.8, "target_a_strength": 22000000000, "radius": 0.3, "position": [-52.60074227281383, -6.522605825101818], "target_a_range": 435, "target": [10000.0, 0.0], "out_group_a_range": 2.8, "out_group_r_range": 2.0, "pedestrian_id": 61, "out_group_r_strength": 56.0, "out_group_a_strength": 14.285714285714286, "in_group_a_strength": 20, "in_group_r_strength": 40, "attractor_count": 30}, {"friend_zone": [10, 41, 22, 11, 50, 27, 34, 49, 6, 16, 15, 48, 18, 1, 8, 39, 54, 42, 21, 29, 38, 43, 40, 25, 32, 23, 24, 51, 36, 19], "group_id": 1, "in_group_r_range": 2.0, "in_group_a_range": 2.8, "target_a_strength": 22000000000, "radius": 0.3, "position": [-52.581079776643584, -10.40414525986601], "target_a_range": 435, "target": [10000.0, 0.0], "out_group_a_range": 2.8, "out_group_r_range": 2.0, "pedestrian_id": 62, "out_group_r_strength": 56.0, "out_group_a_strength": 14.285714285714286, "in_group_a_strength": 20, "in_group_r_strength": 40, "attractor_count": 30}, {"friend_zone": [15, 41, 22, 26, 39, 16, 8, 47, 18, 12, 27, 48, 55, 11, 46, 32, 28, 45, 59, 49, 34, 0, 40, 58, 43, 21, 57, 42, 1, 29], "group_id": 1, "in_group_r_range": 2.0, "in_group_a_range": 2.8, "target_a_strength": 22000000000, "radius": 0.3, "position": [-44.797948573570324, -16.919035596261864], "target_a_range": 435, "target": [10000.0, 0.0], "out_group_a_range": 2.8, "out_group_r_range": 2.0, "pedestrian_id": 63, "out_group_r_strength": 56.0, "out_group_a_strength": 14.285714285714286, "in_group_a_strength": 20, "in_group_r_strength": 40, "attractor_count": 30}]}