{"frame_second": "800", "additional_id_existed_ped": {"0": [53, 55], "1": [], "2": [52, 53, 54], "3": [53, 55], "4": [52, 53, 54, 55], "5": [53], "6": [54, 55], "7": [52], "8": [55], "9": [52, 54], "10": [52], "11": [52, 53, 54, 55], "12": [54, 55], "13": [52], "14": [52, 54], "15": [52, 53, 54], "16": [52], "17": [53, 55], "18": [55], "19": [53, 54, 55], "20": [52, 53, 54], "21": [54, 55], "22": [52, 53, 54], "23": [52], "24": [52, 53, 55], "25": [52, 53, 55], "26": [52], "27": [55], "28": [52, 55], "29": [53, 55], "30": [52, 54, 55], "31": [], "32": [52, 54], "33": [53, 55], "34": [52, 53, 54], "35": [53, 54, 55], "36": [53, 54, 55], "37": [53, 54], "38": [52], "39": [53, 55], "40": [52, 55], "41": [54], "42": [53], "43": [52, 53, 54], "44": [52, 53, 54, 55], "45": [54], "46": [53, 55], "47": [54], "48": [54], "49": [52, 54, 55], "50": [52, 53, 54], "51": [53, 55]}, "pedestrian_list": [{"friend_zone": [45, 48, 9, 24, 14, 6, 39, 20, 26, 10, 46, 15, 29, 44, 19, 13, 30, 11, 51, 22, 27, 4, 32, 36, 35, 43], "group_id": 0, "in_group_r_range": 2.0, "in_group_a_range": 2.8, "target_a_strength": 22000000000, "radius": 0.3, "position": [-35.070011382184944, 14.96212295433588], "target_a_range": 435, "target": [10000.0, 0.0], "out_group_a_range": 2.8, "out_group_r_range": 2.0, "pedestrian_id": 52, "out_group_r_strength": 56.0, "out_group_a_strength": 14.285714285714286, "in_group_a_strength": 20, "in_group_r_strength": 40, "attractor_count": 26}, {"friend_zone": [4, 31, 9, 17, 33, 12, 11, 14, 44, 21, 47, 48, 25, 39, 35, 7, 1, 24, 3, 13, 26, 6, 8, 19, 36, 40], "group_id": 0, "in_group_r_range": 2.0, "in_group_a_range": 2.8, "target_a_strength": 22000000000, "radius": 0.3, "position": [-35.03399407852025, -9.746275320198587], "target_a_range": 435, "target": [10000.0, 0.0], "out_group_a_range": 2.8, "out_group_r_range": 2.0, "pedestrian_id": 53, "out_group_r_strength": 56.0, "out_group_a_strength": 14.285714285714286, "in_group_a_strength": 20, "in_group_r_strength": 40, "attractor_count": 26}, {"friend_zone": [49, 17, 41, 24, 44, 3, 15, 20, 21, 45, 38, 50, 25, 34, 51, 18, 16, 43, 13, 12, 26, 37, 30, 31, 7, 2], "group_id": 1, "in_group_r_range": 2.0, "in_group_a_range": 2.8, "target_a_strength": 22000000000, "radius": 0.3, "position": [-35.68446474538475, 1.3228129962880497], "target_a_range": 435, "target": [10000.0, 0.0], "out_group_a_range": 2.8, "out_group_r_range": 2.0, "pedestrian_id": 54, "out_group_r_strength": 56.0, "out_group_a_strength": 14.285714285714286, "in_group_a_strength": 20, "in_group_r_strength": 40, "attractor_count": 26}, {"friend_zone": [4, 36, 41, 24, 20, 23, 46, 51, 11, 9, 1, 5, 50, 35, 17, 32, 45, 37, 12, 0, 29, 25, 31, 3, 33, 7], "group_id": 1, "in_group_r_range": 2.0, "in_group_a_range": 2.8, "target_a_strength": 22000000000, "radius": 0.3, "position": [-41.56947276544453, -10.392082847946106], "target_a_range": 435, "target": [10000.0, 0.0], "out_group_a_range": 2.8, "out_group_r_range": 2.0, "pedestrian_id": 55, "out_group_r_strength": 56.0, "out_group_a_strength": 14.285714285714286, "in_group_a_strength": 20, "in_group_r_strength": 40, "attractor_count": 26}]}