{"frame_second": "1900", "additional_id_existed_ped": {"0": [98], "1": [96, 98, 99], "2": [99], "3": [97, 98], "4": [96, 97, 98, 99], "5": [97, 99], "6": [98], "7": [96], "8": [97, 98], "9": [96], "10": [98, 99], "11": [96, 98, 99], "12": [98], "13": [98], "14": [97], "15": [96, 98, 99], "16": [96, 99], "17": [97, 98, 99], "18": [96, 97, 98, 99], "19": [97, 98], "20": [96, 97, 99], "21": [97, 98], "22": [96, 98, 99], "23": [96, 97], "24": [96, 97, 99], "25": [96, 97, 99], "26": [96, 97, 98, 99], "27": [97], "28": [96, 98], "29": [98, 99], "30": [96, 97, 99], "31": [97, 98, 99], "32": [], "33": [97], "34": [98, 99], "35": [96, 98, 99], "36": [97, 98], "37": [96, 98], "38": [97, 98, 99], "39": [], "40": [96, 97], "41": [96, 97, 98, 99], "42": [99], "43": [96, 97], "44": [99], "45": [98], "46": [96, 98, 99], "47": [96, 98], "48": [96, 97, 98, 99], "49": [96, 97, 99], "50": [96, 98], "51": [98, 99], "52": [96, 97, 98], "53": [96, 97, 99], "54": [97, 98, 99], "55": [96, 98, 99], "56": [97, 98, 99], "57": [99], "58": [96, 97], "59": [96, 98], "60": [96, 97], "61": [99], "62": [97, 98], "63": [96, 97, 99], "64": [], "65": [], "66": [96, 97, 98, 99], "67": [96, 97, 99], "68": [96, 97, 99], "69": [], "70": [97, 98, 99], "71": [96, 97], "72": [96], "73": [99], "74": [99], "75": [97, 98, 99], "76": [], "77": [96, 97, 98], "78": [98, 99], "79": [97], "80": [96, 97], "81": [97], "82": [96, 97, 99], "83": [96, 97, 99], "84": [97], "85": [98], "86": [96], "87": [96, 97, 98], "88": [97, 98], "89": [], "90": [96], "91": [98, 99], "92": [98, 99], "93": [96], "94": [96, 99], "95": [96]}, "pedestrian_list": [{"friend_zone": [24, 77, 83, 94, 21, 9, 7, 34, 2, 41, 79, 54, 70, 0, 45, 33, 12, 3, 55, 10, 42, 80, 28, 5, 47, 36, 51, 23, 1, 82, 93, 71, 31, 13, 22, 85, 67, 17, 40, 73, 68, 19, 37, 63, 58, 86, 6, 88], "group_id": 0, "in_group_r_range": 2.0, "in_group_a_range": 2.8, "target_a_strength": 22000000000, "radius": 0.3, "position": [-61.71380053292033, -0.6517397561188418], "target_a_range": 435, "target": [10000.0, 0.0], "out_group_a_range": 2.8, "out_group_r_range": 2.0, "pedestrian_id": 96, "out_group_r_strength": 56.0, "out_group_a_strength": 14.285714285714286, "in_group_a_strength": 20, "in_group_r_strength": 40, "attractor_count": 48}, {"friend_zone": [80, 27, 12, 4, 83, 90, 17, 18, 57, 41, 2, 76, 31, 94, 15, 22, 56, 58, 24, 37, 93, 35, 3, 25, 38, 77, 62, 5, 42, 16, 63, 47, 91, 64, 59, 32, 14, 52, 19, 89, 33, 67, 21, 78, 13, 92, 46, 28], "group_id": 0, "in_group_r_range": 2.0, "in_group_a_range": 2.8, "target_a_strength": 22000000000, "radius": 0.3, "position": [-51.957623969979615, 2.581141687476327], "target_a_range": 435, "target": [10000.0, 0.0], "out_group_a_range": 2.8, "out_group_r_range": 2.0, "pedestrian_id": 97, "out_group_r_strength": 56.0, "out_group_a_strength": 14.285714285714286, "in_group_a_strength": 20, "in_group_r_strength": 40, "attractor_count": 48}, {"friend_zone": [4, 69, 60, 42, 0, 14, 82, 92, 51, 64, 68, 86, 44, 55, 67, 20, 76, 56, 54, 29, 74, 2, 10, 16, 40, 35, 7, 77, 65, 87, 48, 94, 25, 12, 22, 31, 11, 59, 50, 39, 91, 49, 81, 90, 15, 85, 26, 28], "group_id": 1, "in_group_r_range": 2.0, "in_group_a_range": 2.8, "target_a_strength": 22000000000, "radius": 0.3, "position": [-48.706982714861255, 9.116481045111515], "target_a_range": 435, "target": [10000.0, 0.0], "out_group_a_range": 2.8, "out_group_r_range": 2.0, "pedestrian_id": 98, "out_group_r_strength": 56.0, "out_group_a_strength": 14.285714285714286, "in_group_a_strength": 20, "in_group_r_strength": 40, "attractor_count": 48}, {"friend_zone": [63, 86, 26, 80, 84, 12, 24, 59, 22, 82, 72, 9, 16, 18, 92, 46, 14, 37, 38, 2, 36, 0, 69, 58, 4, 8, 77, 49, 95, 11, 74, 75, 85, 66, 19, 5, 81, 60, 64, 67, 6, 42, 89, 83, 41, 48, 34, 87], "group_id": 1, "in_group_r_range": 2.0, "in_group_a_range": 2.8, "target_a_strength": 22000000000, "radius": 0.3, "position": [-37.01248670933979, 15.596677610472824], "target_a_range": 435, "target": [10000.0, 0.0], "out_group_a_range": 2.8, "out_group_r_range": 2.0, "pedestrian_id": 99, "out_group_r_strength": 56.0, "out_group_a_strength": 14.285714285714286, "in_group_a_strength": 20, "in_group_r_strength": 40, "attractor_count": 48}]}