{"frame_second": "1100", "additional_id_existed_ped": {"0": [64, 67], "1": [64], "2": [66, 67], "3": [64, 67], "4": [66, 67], "5": [64, 66, 67], "6": [64, 65, 67], "7": [65, 67], "8": [65, 66, 67], "9": [64, 66, 67], "10": [65, 67], "11": [65, 66], "12": [66], "13": [], "14": [64, 65, 66, 67], "15": [67], "16": [64, 65], "17": [64, 66, 67], "18": [64, 67], "19": [64, 66], "20": [65, 66, 67], "21": [], "22": [65, 66], "23": [64, 65, 66], "24": [65], "25": [64, 65, 66], "26": [64, 65], "27": [65, 66, 67], "28": [65, 66], "29": [64, 65, 66, 67], "30": [], "31": [64, 65, 66], "32": [64, 65, 66], "33": [64], "34": [64, 67], "35": [65, 66], "36": [64, 65], "37": [64], "38": [64, 66, 67], "39": [64, 66, 67], "40": [66, 67], "41": [66], "42": [66], "43": [66], "44": [64, 65, 67], "45": [67], "46": [64], "47": [67], "48": [64, 65, 66, 67], "49": [64, 67], "50": [65], "51": [65], "52": [65], "53": [65, 67], "54": [64, 66, 67], "55": [65, 66], "56": [64, 66], "57": [64, 67], "58": [], "59": [65, 66, 67], "60": [65, 67], "61": [65, 66], "62": [64, 65, 67], "63": [64, 65]}, "pedestrian_list": [{"friend_zone": [29, 16, 31, 3, 56, 59, 23, 0, 48, 1, 36, 12, 42, 37, 52, 43, 49, 4, 39, 28, 63, 25, 15, 14, 55, 26, 44, 53, 32, 45, 38, 33], "group_id": 0, "in_group_r_range": 2.0, "in_group_a_range": 2.8, "target_a_strength": 22000000000, "radius": 0.3, "position": [-46.098175687961636, 2.6232104688908318], "target_a_range": 435, "target": [10000.0, 0.0], "out_group_a_range": 2.8, "out_group_r_range": 2.0, "pedestrian_id": 64, "out_group_r_strength": 56.0, "out_group_a_strength": 14.285714285714286, "in_group_a_strength": 20, "in_group_r_strength": 40, "attractor_count": 32}, {"friend_zone": [21, 13, 46, 40, 16, 9, 27, 31, 51, 15, 30, 19, 23, 39, 47, 4, 1, 25, 5, 62, 0, 57, 24, 35, 11, 63, 29, 12, 17, 44, 14, 37], "group_id": 0, "in_group_r_range": 2.0, "in_group_a_range": 2.8, "target_a_strength": 22000000000, "radius": 0.3, "position": [-42.19672050615792, -17.547816296864045], "target_a_range": 435, "target": [10000.0, 0.0], "out_group_a_range": 2.8, "out_group_r_range": 2.0, "pedestrian_id": 65, "out_group_r_strength": 56.0, "out_group_a_strength": 14.285714285714286, "in_group_a_strength": 20, "in_group_r_strength": 40, "attractor_count": 32}, {"friend_zone": [61, 36, 59, 34, 4, 63, 31, 8, 24, 0, 40, 49, 35, 58, 16, 30, 21, 48, 37, 28, 2, 44, 15, 42, 20, 26, 5, 38, 55, 39, 53, 13], "group_id": 1, "in_group_r_range": 2.0, "in_group_a_range": 2.8, "target_a_strength": 22000000000, "radius": 0.3, "position": [-50.01471847174311, 17.57110968592614], "target_a_range": 435, "target": [10000.0, 0.0], "out_group_a_range": 2.8, "out_group_r_range": 2.0, "pedestrian_id": 66, "out_group_r_strength": 56.0, "out_group_a_strength": 14.285714285714286, "in_group_a_strength": 20, "in_group_r_strength": 40, "attractor_count": 32}, {"friend_zone": [28, 11, 0, 33, 12, 51, 47, 50, 55, 14, 31, 25, 57, 24, 56, 53, 42, 20, 1, 6, 22, 45, 49, 34, 41, 37, 4, 44, 27, 10, 16, 43], "group_id": 1, "in_group_r_range": 2.0, "in_group_a_range": 2.8, "target_a_strength": 22000000000, "radius": 0.3, "position": [-37.63508411275089, 3.2395744512752493], "target_a_range": 435, "target": [10000.0, 0.0], "out_group_a_range": 2.8, "out_group_r_range": 2.0, "pedestrian_id": 67, "out_group_r_strength": 56.0, "out_group_a_strength": 14.285714285714286, "in_group_a_strength": 20, "in_group_r_strength": 40, "attractor_count": 32}]}