{"frame_second": "300", "additional_id_existed_ped": {"0": [34, 35], "1": [], "2": [34], "3": [33], "4": [32, 33], "5": [32, 33, 35], "6": [33, 35], "7": [32], "8": [32, 34, 35], "9": [34], "10": [32, 34], "11": [32, 33, 35], "12": [32, 34, 35], "13": [32, 34, 35], "14": [33, 34, 35], "15": [33], "16": [32, 34], "17": [32, 34, 35], "18": [33, 35], "19": [32, 33], "20": [35], "21": [33], "22": [], "23": [32, 33, 34, 35], "24": [32, 33, 34, 35], "25": [33, 35], "26": [32, 34, 35], "27": [33], "28": [33, 34, 35], "29": [32, 33, 34], "30": [], "31": [32, 34]}, "pedestrian_list": [{"target_a_range": 435, "friend_zone": [29, 22, 13, 7, 26, 17, 12, 3, 9, 10, 25, 24, 5, 18, 15, 14], "out_group_r_range": 2.0, "out_group_a_range": 2.8, "group_id": 0, "in_group_r_strength": 40, "radius": 0.3, "target_a_strength": 22000000000, "in_group_a_range": 2.8, "in_group_r_range": 2.0, "out_group_a_strength": 14.285714285714286, "target": [10000.0, 0.0], "attractor_count": 16, "in_group_a_strength": 20, "position": [-63.63659120581547, 11.696941951760854], "out_group_r_strength": 56.0, "pedestrian_id": 32}, {"target_a_range": 435, "friend_zone": [28, 29, 3, 16, 4, 26, 1, 10, 0, 18, 19, 31, 25, 13, 2, 21], "out_group_r_range": 2.0, "out_group_a_range": 2.8, "group_id": 0, "in_group_r_strength": 40, "radius": 0.3, "target_a_strength": 22000000000, "in_group_a_range": 2.8, "in_group_r_range": 2.0, "out_group_a_strength": 14.285714285714286, "target": [10000.0, 0.0], "attractor_count": 16, "in_group_a_strength": 20, "position": [-46.082741702165, 11.690230330813646], "out_group_r_strength": 56.0, "pedestrian_id": 33}, {"target_a_range": 435, "friend_zone": [2, 17, 29, 31, 8, 20, 1, 3, 22, 27, 18, 16, 12, 5, 13, 14], "out_group_r_range": 2.0, "out_group_a_range": 2.8, "group_id": 1, "in_group_r_strength": 40, "radius": 0.3, "target_a_strength": 22000000000, "in_group_a_range": 2.8, "in_group_r_range": 2.0, "out_group_a_strength": 14.285714285714286, "target": [10000.0, 0.0], "attractor_count": 16, "in_group_a_strength": 20, "position": [-31.17458769984027, -8.452213250156444], "out_group_r_strength": 56.0, "pedestrian_id": 34}, {"target_a_range": 435, "friend_zone": [24, 22, 16, 7, 2, 14, 26, 4, 20, 30, 19, 13, 11, 15, 17, 29], "out_group_r_range": 2.0, "out_group_a_range": 2.8, "group_id": 1, "in_group_r_strength": 40, "radius": 0.3, "target_a_strength": 22000000000, "in_group_a_range": 2.8, "in_group_r_range": 2.0, "out_group_a_strength": 14.285714285714286, "target": [10000.0, 0.0], "attractor_count": 16, "in_group_a_strength": 20, "position": [-64.9594338119907, 10.408618344328055], "out_group_r_strength": 56.0, "pedestrian_id": 35}]}