{"frame_second": "100", "additional_id_existed_ped": {"0": [24, 25], "1": [25, 26, 27], "2": [24, 25, 27], "3": [24, 25], "4": [24], "5": [25], "6": [24, 26], "7": [24], "8": [26, 27], "9": [25, 27], "10": [], "11": [25, 26, 27], "12": [24, 27], "13": [24, 26, 27], "14": [25, 27], "15": [25, 26], "16": [24, 26], "17": [26, 27], "18": [24, 25, 27], "19": [27], "20": [26], "21": [25, 26, 27], "22": [24, 25, 26], "23": [24, 26]}, "pedestrian_list": [{"target_a_range": 435, "friend_zone": [1, 21, 13, 20, 0, 18, 10, 23, 5, 4, 17, 8], "out_group_r_range": 2.0, "out_group_a_range": 2.8, "group_id": 0, "in_group_r_strength": 40, "radius": 0.3, "target_a_strength": 22000000000, "in_group_a_range": 2.8, "in_group_r_range": 2.0, "out_group_a_strength": 14.285714285714286, "target": [10000.0, 0.0], "attractor_count": 12, "in_group_a_strength": 20, "position": [-60.38911544020252, -16.89399317832132], "out_group_r_strength": 56.0, "pedestrian_id": 24}, {"target_a_range": 435, "friend_zone": [6, 10, 22, 23, 7, 18, 12, 8, 21, 19, 1, 4], "out_group_r_range": 2.0, "out_group_a_range": 2.8, "group_id": 0, "in_group_r_strength": 40, "radius": 0.3, "target_a_strength": 22000000000, "in_group_a_range": 2.8, "in_group_r_range": 2.0, "out_group_a_strength": 14.285714285714286, "target": [10000.0, 0.0], "attractor_count": 12, "in_group_a_strength": 20, "position": [-61.06045266268563, 6.505529547977618], "out_group_r_strength": 56.0, "pedestrian_id": 25}, {"target_a_range": 435, "friend_zone": [8, 18, 6, 21, 14, 3, 13, 19, 23, 20, 0, 16], "out_group_r_range": 2.0, "out_group_a_range": 2.8, "group_id": 1, "in_group_r_strength": 40, "radius": 0.3, "target_a_strength": 22000000000, "in_group_a_range": 2.8, "in_group_r_range": 2.0, "out_group_a_strength": 14.285714285714286, "target": [10000.0, 0.0], "attractor_count": 12, "in_group_a_strength": 20, "position": [-55.195423572933244, -12.328378515995798], "out_group_r_strength": 56.0, "pedestrian_id": 26}, {"target_a_range": 435, "friend_zone": [16, 6, 10, 8, 14, 19, 2, 23, 7, 15, 11, 13], "out_group_r_range": 2.0, "out_group_a_range": 2.8, "group_id": 1, "in_group_r_strength": 40, "radius": 0.3, "target_a_strength": 22000000000, "in_group_a_range": 2.8, "in_group_r_range": 2.0, "out_group_a_strength": 14.285714285714286, "target": [10000.0, 0.0], "attractor_count": 12, "in_group_a_strength": 20, "position": [-48.067130660022585, 12.987229950588313], "out_group_r_strength": 56.0, "pedestrian_id": 27}]}