{"frame_second": "1400", "additional_id_existed_ped": {"0": [76, 78], "1": [77, 79], "2": [76, 79], "3": [76, 78], "4": [78, 79], "5": [76, 77, 79], "6": [76, 78, 79], "7": [76, 79], "8": [79], "9": [78], "10": [77, 78], "11": [76, 79], "12": [77, 78, 79], "13": [76], "14": [76, 79], "15": [77, 79], "16": [77], "17": [78], "18": [76, 77], "19": [76, 77, 78, 79], "20": [76, 77], "21": [77, 78], "22": [76, 77, 79], "23": [76, 77, 79], "24": [78, 79], "25": [76], "26": [76, 77, 78, 79], "27": [76], "28": [76, 77, 78], "29": [77, 78, 79], "30": [76, 79], "31": [77], "32": [77], "33": [76, 77, 78, 79], "34": [77], "35": [78], "36": [78], "37": [78], "38": [76], "39": [76], "40": [78], "41": [77, 78, 79], "42": [78], "43": [76], "44": [76, 77], "45": [79], "46": [78], "47": [76, 78, 79], "48": [78, 79], "49": [76, 78], "50": [76, 77], "51": [76, 78, 79], "52": [76, 77, 78, 79], "53": [76, 77, 78, 79], "54": [77, 79], "55": [77, 79], "56": [77, 79], "57": [77, 78, 79], "58": [77], "59": [76], "60": [78, 79], "61": [77], "62": [76, 78, 79], "63": [77, 79], "64": [76, 77], "65": [77, 79], "66": [], "67": [76, 78], "68": [78, 79], "69": [77, 78, 79], "70": [77, 78], "71": [77, 79], "72": [76, 78, 79], "73": [76, 78], "74": [76, 77, 78], "75": [76, 77]}, "pedestrian_list": [{"friend_zone": [48, 43, 17, 18, 50, 53, 66, 30, 54, 23, 57, 0, 42, 3, 15, 70, 49, 26, 47, 41, 64, 55, 32, 36, 19, 27, 16, 33, 20, 11, 2, 60, 22, 73, 14, 67, 52, 31], "group_id": 0, "in_group_r_range": 2.0, "in_group_a_range": 2.8, "target_a_strength": 22000000000, "radius": 0.3, "position": [-51.29454035008775, 13.664862241434335], "target_a_range": 435, "target": [10000.0, 0.0], "out_group_a_range": 2.8, "out_group_r_range": 2.0, "pedestrian_id": 76, "out_group_r_strength": 56.0, "out_group_a_strength": 14.285714285714286, "in_group_a_strength": 20, "in_group_r_strength": 40, "attractor_count": 38}, {"friend_zone": [55, 28, 35, 18, 65, 64, 37, 15, 52, 11, 23, 12, 22, 8, 63, 21, 0, 24, 29, 31, 72, 41, 48, 5, 53, 25, 47, 49, 66, 30, 4, 26, 58, 10, 16, 38, 46, 74], "group_id": 0, "in_group_r_range": 2.0, "in_group_a_range": 2.8, "target_a_strength": 22000000000, "radius": 0.3, "position": [-48.03606868222906, 3.916695736820423], "target_a_range": 435, "target": [10000.0, 0.0], "out_group_a_range": 2.8, "out_group_r_range": 2.0, "pedestrian_id": 77, "out_group_r_strength": 56.0, "out_group_a_strength": 14.285714285714286, "in_group_a_strength": 20, "in_group_r_strength": 40, "attractor_count": 38}, {"friend_zone": [32, 38, 65, 26, 18, 19, 54, 28, 70, 56, 10, 7, 63, 68, 0, 37, 20, 46, 53, 73, 23, 52, 6, 47, 71, 17, 74, 21, 49, 64, 11, 1, 75, 50, 72, 5, 3, 14], "group_id": 1, "in_group_r_range": 2.0, "in_group_a_range": 2.8, "target_a_strength": 22000000000, "radius": 0.3, "position": [-62.35205890045792, 8.449090012887082], "target_a_range": 435, "target": [10000.0, 0.0], "out_group_a_range": 2.8, "out_group_r_range": 2.0, "pedestrian_id": 78, "out_group_r_strength": 56.0, "out_group_a_strength": 14.285714285714286, "in_group_a_strength": 20, "in_group_r_strength": 40, "attractor_count": 38}, {"friend_zone": [53, 16, 27, 31, 64, 5, 39, 19, 69, 65, 72, 1, 55, 38, 41, 23, 4, 7, 12, 43, 30, 67, 70, 37, 48, 24, 40, 61, 15, 57, 58, 18, 22, 33, 59, 66, 11, 75], "group_id": 1, "in_group_r_range": 2.0, "in_group_a_range": 2.8, "target_a_strength": 22000000000, "radius": 0.3, "position": [-51.309425827708544, 9.10856188897783], "target_a_range": 435, "target": [10000.0, 0.0], "out_group_a_range": 2.8, "out_group_r_range": 2.0, "pedestrian_id": 79, "out_group_r_strength": 56.0, "out_group_a_strength": 14.285714285714286, "in_group_a_strength": 20, "in_group_r_strength": 40, "attractor_count": 38}]}