{"frame_second": "1500", "additional_id_existed_ped": {"0": [83], "1": [80, 81, 83], "2": [], "3": [80], "4": [82], "5": [80, 82, 83], "6": [80], "7": [80, 83], "8": [80, 81, 82, 83], "9": [82, 83], "10": [80, 81, 82], "11": [80, 81, 82], "12": [80, 82], "13": [82], "14": [80, 81, 82, 83], "15": [82], "16": [80, 81, 83], "17": [], "18": [80, 83], "19": [80, 81, 82], "20": [80, 81, 82], "21": [80, 81, 82, 83], "22": [80], "23": [81, 82, 83], "24": [80, 81], "25": [80], "26": [81, 83], "27": [82], "28": [81, 82, 83], "29": [83], "30": [81], "31": [81, 83], "32": [80, 81, 82], "33": [81, 82], "34": [81, 83], "35": [80, 81, 82], "36": [80, 81, 82, 83], "37": [], "38": [81], "39": [80, 82, 83], "40": [80, 83], "41": [81, 82], "42": [81, 83], "43": [80, 81, 82], "44": [82, 83], "45": [81], "46": [81], "47": [80], "48": [80, 81, 82], "49": [81, 82, 83], "50": [81, 83], "51": [80, 82, 83], "52": [82, 83], "53": [80, 82, 83], "54": [80, 83], "55": [81, 82, 83], "56": [81, 83], "57": [80, 83], "58": [83], "59": [83], "60": [81, 82, 83], "61": [], "62": [80, 81, 82, 83], "63": [82], "64": [80, 81, 83], "65": [83], "66": [80, 82], "67": [82], "68": [81], "69": [81, 82], "70": [80, 81, 83], "71": [80, 83], "72": [80, 82, 83], "73": [82], "74": [80], "75": [80, 81], "76": [], "77": [80, 81, 82], "78": [82, 83], "79": [80, 81]}, "pedestrian_list": [{"friend_zone": [45, 43, 26, 65, 51, 19, 58, 7, 55, 15, 37, 61, 36, 75, 18, 39, 11, 25, 46, 68, 42, 78, 17, 56, 1, 40, 0, 10, 12, 2, 54, 74, 4, 52, 77, 44, 3, 47, 21, 38], "group_id": 0, "in_group_r_range": 2.0, "in_group_a_range": 2.8, "target_a_strength": 22000000000, "radius": 0.3, "position": [-39.58723512074526, 12.34162965402841], "target_a_range": 435, "target": [10000.0, 0.0], "out_group_a_range": 2.8, "out_group_r_range": 2.0, "pedestrian_id": 80, "out_group_r_strength": 56.0, "out_group_a_strength": 14.285714285714286, "in_group_a_strength": 20, "in_group_r_strength": 40, "attractor_count": 40}, {"friend_zone": [40, 15, 14, 43, 79, 57, 60, 46, 71, 62, 68, 49, 52, 44, 20, 75, 27, 56, 10, 58, 24, 26, 64, 42, 51, 69, 4, 50, 2, 11, 39, 30, 33, 77, 0, 12, 8, 31, 70, 63], "group_id": 0, "in_group_r_range": 2.0, "in_group_a_range": 2.8, "target_a_strength": 22000000000, "radius": 0.3, "position": [-30.522865670516243, -1.9296904476110506], "target_a_range": 435, "target": [10000.0, 0.0], "out_group_a_range": 2.8, "out_group_r_range": 2.0, "pedestrian_id": 81, "out_group_r_strength": 56.0, "out_group_a_strength": 14.285714285714286, "in_group_a_strength": 20, "in_group_r_strength": 40, "attractor_count": 40}, {"friend_zone": [44, 45, 57, 27, 46, 71, 5, 14, 77, 65, 13, 74, 35, 3, 17, 4, 0, 76, 63, 72, 73, 59, 33, 15, 42, 79, 29, 49, 50, 52, 51, 6, 21, 62, 48, 39, 53, 9, 64, 61], "group_id": 1, "in_group_r_range": 2.0, "in_group_a_range": 2.8, "target_a_strength": 22000000000, "radius": 0.3, "position": [-31.786862098161425, -9.744381444139965], "target_a_range": 435, "target": [10000.0, 0.0], "out_group_a_range": 2.8, "out_group_r_range": 2.0, "pedestrian_id": 82, "out_group_r_strength": 56.0, "out_group_a_strength": 14.285714285714286, "in_group_a_strength": 20, "in_group_r_strength": 40, "attractor_count": 40}, {"friend_zone": [47, 24, 23, 17, 43, 7, 0, 28, 49, 4, 38, 73, 48, 60, 1, 68, 74, 41, 31, 55, 35, 53, 78, 72, 51, 69, 36, 15, 75, 8, 9, 52, 26, 54, 56, 5, 67, 77, 61, 62], "group_id": 1, "in_group_r_range": 2.0, "in_group_a_range": 2.8, "target_a_strength": 22000000000, "radius": 0.3, "position": [-51.281178510880636, 3.8865293128027494], "target_a_range": 435, "target": [10000.0, 0.0], "out_group_a_range": 2.8, "out_group_r_range": 2.0, "pedestrian_id": 83, "out_group_r_strength": 56.0, "out_group_a_strength": 14.285714285714286, "in_group_a_strength": 20, "in_group_r_strength": 40, "attractor_count": 40}]}