{"frame_second": "1700", "additional_id_existed_ped": {"0": [89], "1": [88, 89], "2": [89], "3": [88, 89, 90], "4": [89, 90, 91], "5": [88, 89, 90, 91], "6": [88], "7": [], "8": [88, 91], "9": [89], "10": [88, 91], "11": [88, 90, 91], "12": [88, 90], "13": [88, 89, 91], "14": [], "15": [], "16": [88, 89, 90], "17": [89, 90], "18": [88, 90, 91], "19": [88, 91], "20": [], "21": [88, 90, 91], "22": [89, 90, 91], "23": [88, 91], "24": [88, 89, 90, 91], "25": [88, 89, 91], "26": [91], "27": [88, 90], "28": [90], "29": [88, 89, 91], "30": [88, 91], "31": [91], "32": [88, 90, 91], "33": [88, 90, 91], "34": [88, 90, 91], "35": [91], "36": [91], "37": [89], "38": [88, 89], "39": [90], "40": [89, 91], "41": [89, 91], "42": [88, 90, 91], "43": [], "44": [90], "45": [89], "46": [88, 89, 90, 91], "47": [89], "48": [88], "49": [88], "50": [89, 90], "51": [88, 90, 91], "52": [89, 90], "53": [88, 89, 90], "54": [89, 90], "55": [89, 90], "56": [88], "57": [88, 90, 91], "58": [88, 89, 91], "59": [88, 90, 91], "60": [89, 91], "61": [89, 90, 91], "62": [88, 89, 90, 91], "63": [88], "64": [89, 91], "65": [91], "66": [90, 91], "67": [88, 91], "68": [89, 90], "69": [88, 89], "70": [88, 89, 90], "71": [88, 89, 91], "72": [89], "73": [88, 90, 91], "74": [90, 91], "75": [91], "76": [88, 89], "77": [88, 90], "78": [89, 90], "79": [89, 90], "80": [91], "81": [90], "82": [88, 89, 90], "83": [89, 90], "84": [89], "85": [88, 89, 90, 91], "86": [89, 90, 91], "87": [90]}, "pedestrian_list": [{"friend_zone": [38, 28, 71, 80, 44, 48, 18, 49, 40, 59, 45, 43, 83, 26, 3, 36, 69, 84, 5, 11, 81, 58, 25, 35, 82, 60, 50, 86, 73, 19, 27, 7, 53, 74, 15, 68, 37, 70, 10, 61, 31, 13, 57, 67], "group_id": 0, "in_group_r_range": 2.0, "in_group_a_range": 2.8, "target_a_strength": 22000000000, "radius": 0.3, "position": [-46.744462091428815, -0.00895360337026685], "target_a_range": 435, "target": [10000.0, 0.0], "out_group_a_range": 2.8, "out_group_r_range": 2.0, "pedestrian_id": 88, "out_group_r_strength": 56.0, "out_group_a_strength": 14.285714285714286, "in_group_a_strength": 20, "in_group_r_strength": 40, "attractor_count": 44}, {"friend_zone": [30, 48, 57, 46, 21, 16, 8, 14, 37, 78, 40, 69, 3, 59, 44, 55, 6, 74, 84, 31, 73, 81, 41, 83, 24, 76, 79, 28, 33, 18, 4, 12, 17, 52, 71, 35, 38, 25, 65, 54, 77, 29, 20, 23], "group_id": 0, "in_group_r_range": 2.0, "in_group_a_range": 2.8, "target_a_strength": 22000000000, "radius": 0.3, "position": [-61.71331213662147, -5.856540220314421], "target_a_range": 435, "target": [10000.0, 0.0], "out_group_a_range": 2.8, "out_group_r_range": 2.0, "pedestrian_id": 89, "out_group_r_strength": 56.0, "out_group_a_strength": 14.285714285714286, "in_group_a_strength": 20, "in_group_r_strength": 40, "attractor_count": 44}, {"friend_zone": [28, 70, 42, 79, 51, 46, 30, 85, 86, 68, 27, 38, 52, 12, 56, 45, 44, 24, 55, 22, 3, 18, 83, 53, 19, 10, 71, 59, 31, 43, 1, 72, 47, 6, 9, 66, 39, 7, 4, 63, 69, 64, 84, 50], "group_id": 1, "in_group_r_range": 2.0, "in_group_a_range": 2.8, "target_a_strength": 22000000000, "radius": 0.3, "position": [-37.671030708225224, 11.033946575115799], "target_a_range": 435, "target": [10000.0, 0.0], "out_group_a_range": 2.8, "out_group_r_range": 2.0, "pedestrian_id": 90, "out_group_r_strength": 56.0, "out_group_a_strength": 14.285714285714286, "in_group_a_strength": 20, "in_group_r_strength": 40, "attractor_count": 44}, {"friend_zone": [39, 53, 76, 77, 25, 64, 82, 62, 81, 31, 5, 85, 52, 45, 65, 67, 0, 26, 66, 58, 84, 42, 11, 38, 59, 7, 48, 74, 63, 34, 55, 22, 12, 51, 86, 61, 35, 9, 23, 29, 70, 15, 54, 43], "group_id": 1, "in_group_r_range": 2.0, "in_group_a_range": 2.8, "target_a_strength": 22000000000, "radius": 0.3, "position": [-37.65541633088919, 13.656292559155284], "target_a_range": 435, "target": [10000.0, 0.0], "out_group_a_range": 2.8, "out_group_r_range": 2.0, "pedestrian_id": 91, "out_group_r_strength": 56.0, "out_group_a_strength": 14.285714285714286, "in_group_a_strength": 20, "in_group_r_strength": 40, "attractor_count": 44}]}