{"frame_second": "2000", "additional_id_existed_ped": {"0": [101, 102, 103], "1": [101], "2": [100, 101, 102, 103], "3": [], "4": [100], "5": [101, 102, 103], "6": [101, 102], "7": [100, 101, 102, 103], "8": [100, 101, 102, 103], "9": [], "10": [100, 101, 103], "11": [100], "12": [100, 102], "13": [], "14": [100, 101, 102], "15": [101, 103], "16": [100, 103], "17": [102, 103], "18": [], "19": [102], "20": [101], "21": [100, 101, 102, 103], "22": [102, 103], "23": [100, 101, 103], "24": [102], "25": [100, 102], "26": [100, 101, 102, 103], "27": [101, 102], "28": [102, 103], "29": [103], "30": [101], "31": [100, 102, 103], "32": [103], "33": [101], "34": [101, 102, 103], "35": [], "36": [102], "37": [102, 103], "38": [], "39": [100, 101], "40": [101, 102], "41": [101], "42": [101, 103], "43": [100, 103], "44": [102], "45": [100], "46": [100, 101], "47": [101, 102], "48": [], "49": [100, 103], "50": [102, 103], "51": [103], "52": [100, 102, 103], "53": [100, 103], "54": [101, 103], "55": [100, 102], "56": [102, 103], "57": [101, 102, 103], "58": [100, 101, 102], "59": [100, 101, 102, 103], "60": [101, 103], "61": [100, 102, 103], "62": [100, 101, 102, 103], "63": [101, 102], "64": [100, 101, 102], "65": [], "66": [], "67": [100], "68": [100, 101], "69": [100, 101, 103], "70": [100], "71": [101, 102, 103], "72": [101, 103], "73": [100], "74": [100, 102, 103], "75": [100, 101, 103], "76": [100, 101, 102, 103], "77": [103], "78": [100], "79": [100], "80": [103], "81": [102, 103], "82": [100, 101], "83": [100, 102], "84": [101, 103], "85": [101, 102], "86": [100, 101, 102, 103], "87": [100, 102, 103], "88": [100, 101, 102], "89": [100, 102], "90": [100, 101, 102], "91": [100, 101], "92": [101, 103], "93": [100, 102, 103], "94": [100, 101], "95": [100, 101, 102, 103], "96": [102, 103], "97": [], "98": [100, 101, 103], "99": [100, 101, 102]}, "pedestrian_list": [{"friend_zone": [10, 19, 4, 80, 75, 50, 68, 55, 45, 86, 14, 6, 0, 90, 72, 99, 28, 42, 53, 23, 71, 79, 29, 9, 73, 67, 85, 39, 31, 65, 7, 89, 44, 59, 27, 37, 36, 74, 88, 81, 3, 84, 15, 87, 58, 38, 22, 76, 97, 24], "group_id": 0, "in_group_r_range": 2.0, "in_group_a_range": 2.8, "target_a_strength": 22000000000, "radius": 0.3, "position": [-55.22261468814111, -17.568367770872456], "target_a_range": 435, "target": [10000.0, 0.0], "out_group_a_range": 2.8, "out_group_r_range": 2.0, "pedestrian_id": 100, "out_group_r_strength": 56.0, "out_group_a_strength": 14.285714285714286, "in_group_a_strength": 20, "in_group_r_strength": 40, "attractor_count": 50}, {"friend_zone": [36, 43, 83, 93, 87, 58, 53, 50, 4, 97, 62, 32, 25, 13, 84, 75, 99, 33, 59, 6, 30, 42, 28, 82, 90, 18, 20, 2, 41, 49, 38, 34, 12, 21, 11, 15, 47, 24, 54, 7, 66, 71, 55, 46, 72, 70, 35, 98, 10, 8], "group_id": 0, "in_group_r_range": 2.0, "in_group_a_range": 2.8, "target_a_strength": 22000000000, "radius": 0.3, "position": [-32.42796266897124, -16.230297090242285], "target_a_range": 435, "target": [10000.0, 0.0], "out_group_a_range": 2.8, "out_group_r_range": 2.0, "pedestrian_id": 101, "out_group_r_strength": 56.0, "out_group_a_strength": 14.285714285714286, "in_group_a_strength": 20, "in_group_r_strength": 40, "attractor_count": 50}, {"friend_zone": [32, 36, 38, 7, 85, 41, 98, 64, 94, 49, 58, 73, 44, 75, 0, 1, 87, 72, 53, 84, 28, 22, 4, 17, 93, 37, 34, 12, 60, 42, 57, 47, 95, 59, 79, 99, 10, 83, 26, 6, 14, 27, 48, 30, 92, 91, 18, 61, 43, 54], "group_id": 1, "in_group_r_range": 2.0, "in_group_a_range": 2.8, "target_a_strength": 22000000000, "radius": 0.3, "position": [-57.13659561372172, 12.337049741335475], "target_a_range": 435, "target": [10000.0, 0.0], "out_group_a_range": 2.8, "out_group_r_range": 2.0, "pedestrian_id": 102, "out_group_r_strength": 56.0, "out_group_a_strength": 14.285714285714286, "in_group_a_strength": 20, "in_group_r_strength": 40, "attractor_count": 50}, {"friend_zone": [49, 99, 52, 20, 59, 65, 92, 95, 72, 77, 87, 53, 76, 35, 33, 0, 51, 2, 41, 78, 37, 8, 1, 71, 55, 23, 16, 63, 46, 10, 11, 93, 66, 96, 29, 82, 39, 70, 50, 36, 79, 28, 54, 56, 94, 19, 21, 73, 91, 24], "group_id": 1, "in_group_r_range": 2.0, "in_group_a_range": 2.8, "target_a_strength": 22000000000, "radius": 0.3, "position": [-54.561626257787076, -12.344155036552186], "target_a_range": 435, "target": [10000.0, 0.0], "out_group_a_range": 2.8, "out_group_r_range": 2.0, "pedestrian_id": 103, "out_group_r_strength": 56.0, "out_group_a_strength": 14.285714285714286, "in_group_a_strength": 20, "in_group_r_strength": 40, "attractor_count": 50}]}