{"frame_second": "1600", "additional_id_existed_ped": {"0": [85, 87], "1": [87], "2": [85, 86], "3": [84, 85], "4": [], "5": [84, 85, 87], "6": [84, 85], "7": [86], "8": [84, 86, 87], "9": [84, 85, 86], "10": [85, 86, 87], "11": [84, 86, 87], "12": [85], "13": [86, 87], "14": [84, 85, 87], "15": [86, 87], "16": [86], "17": [84, 85, 86, 87], "18": [85, 86, 87], "19": [84, 87], "20": [84, 86, 87], "21": [86], "22": [84, 87], "23": [84, 87], "24": [85, 86, 87], "25": [84, 85], "26": [84, 85], "27": [87], "28": [], "29": [84, 85, 87], "30": [84, 85, 87], "31": [84, 87], "32": [86, 87], "33": [84, 86, 87], "34": [85, 86], "35": [85, 87], "36": [84, 86, 87], "37": [], "38": [], "39": [84, 86, 87], "40": [85], "41": [84, 85, 86, 87], "42": [85, 86, 87], "43": [87], "44": [84, 86, 87], "45": [84, 85, 86, 87], "46": [86], "47": [85, 87], "48": [84, 85, 86], "49": [87], "50": [86], "51": [84], "52": [84, 85, 86], "53": [84, 85, 86, 87], "54": [84, 85, 86], "55": [87], "56": [84, 85, 87], "57": [], "58": [85, 86], "59": [85], "60": [84, 85], "61": [86, 87], "62": [87], "63": [85, 86, 87], "64": [84, 86, 87], "65": [84, 85, 86], "66": [86], "67": [85, 87], "68": [84, 85], "69": [84, 85], "70": [85], "71": [84, 85, 86], "72": [84, 86], "73": [84, 86], "74": [84], "75": [], "76": [84, 87], "77": [85], "78": [85, 86], "79": [84, 86], "80": [85, 87], "81": [85, 86], "82": [84], "83": [84, 86]}, "pedestrian_list": [{"friend_zone": [63, 53, 27, 70, 0, 65, 57, 26, 46, 15, 10, 25, 18, 64, 42, 6, 66, 54, 55, 5, 78, 41, 39, 52, 31, 62, 58, 3, 4, 51, 33, 34, 32, 24, 77, 21, 43, 7, 68, 9, 19, 80], "group_id": 0, "in_group_r_range": 2.0, "in_group_a_range": 2.8, "target_a_strength": 22000000000, "radius": 0.3, "position": [-43.51673833744304, -14.30031707967014], "target_a_range": 435, "target": [10000.0, 0.0], "out_group_a_range": 2.8, "out_group_r_range": 2.0, "pedestrian_id": 84, "out_group_r_strength": 56.0, "out_group_a_strength": 14.285714285714286, "in_group_a_strength": 20, "in_group_r_strength": 40, "attractor_count": 42}, {"friend_zone": [30, 15, 26, 32, 67, 55, 20, 78, 46, 66, 8, 60, 6, 49, 11, 58, 19, 16, 17, 9, 83, 64, 52, 70, 42, 3, 24, 27, 69, 23, 76, 43, 29, 63, 39, 62, 56, 41, 33, 53, 73, 1], "group_id": 0, "in_group_r_range": 2.0, "in_group_a_range": 2.8, "target_a_strength": 22000000000, "radius": 0.3, "position": [-39.6225306055858, 3.9237052880240024], "target_a_range": 435, "target": [10000.0, 0.0], "out_group_a_range": 2.8, "out_group_r_range": 2.0, "pedestrian_id": 85, "out_group_r_strength": 56.0, "out_group_a_strength": 14.285714285714286, "in_group_a_strength": 20, "in_group_r_strength": 40, "attractor_count": 42}, {"friend_zone": [21, 18, 77, 83, 41, 46, 28, 7, 25, 10, 73, 23, 36, 51, 24, 78, 69, 61, 52, 72, 42, 30, 5, 22, 19, 63, 81, 57, 59, 13, 12, 37, 50, 48, 20, 8, 45, 82, 58, 15, 2, 35], "group_id": 1, "in_group_r_range": 2.0, "in_group_a_range": 2.8, "target_a_strength": 22000000000, "radius": 0.3, "position": [-57.806140042697656, 9.766780679536716], "target_a_range": 435, "target": [10000.0, 0.0], "out_group_a_range": 2.8, "out_group_r_range": 2.0, "pedestrian_id": 86, "out_group_r_strength": 56.0, "out_group_a_strength": 14.285714285714286, "in_group_a_strength": 20, "in_group_r_strength": 40, "attractor_count": 42}, {"friend_zone": [17, 31, 43, 37, 12, 83, 2, 57, 53, 49, 44, 8, 32, 22, 3, 46, 15, 59, 26, 79, 55, 38, 70, 29, 63, 62, 77, 4, 42, 51, 69, 76, 78, 82, 35, 41, 19, 21, 34, 33, 65, 28], "group_id": 1, "in_group_r_range": 2.0, "in_group_a_range": 2.8, "target_a_strength": 22000000000, "radius": 0.3, "position": [-46.754037576450735, 17.566613528872704], "target_a_range": 435, "target": [10000.0, 0.0], "out_group_a_range": 2.8, "out_group_r_range": 2.0, "pedestrian_id": 87, "out_group_r_strength": 56.0, "out_group_a_strength": 14.285714285714286, "in_group_a_strength": 20, "in_group_r_strength": 40, "attractor_count": 42}]}