{"frame_second": "1200", "additional_id_existed_ped": {"0": [69, 70], "1": [68, 69, 70], "2": [69, 70], "3": [69, 70, 71], "4": [68], "5": [70], "6": [70], "7": [], "8": [68], "9": [68, 69, 70, 71], "10": [68, 69, 71], "11": [68, 71], "12": [68, 69, 70, 71], "13": [68, 69, 71], "14": [71], "15": [69, 71], "16": [68, 69, 70, 71], "17": [], "18": [], "19": [], "20": [69, 70], "21": [68, 69], "22": [68, 69, 70, 71], "23": [68], "24": [71], "25": [68, 69, 70, 71], "26": [], "27": [70], "28": [68, 69], "29": [68, 70], "30": [69, 70, 71], "31": [68, 69, 70, 71], "32": [68, 70, 71], "33": [69, 70], "34": [69, 71], "35": [69, 71], "36": [68, 69], "37": [68], "38": [68, 71], "39": [68, 70, 71], "40": [68, 69, 71], "41": [68, 69, 70, 71], "42": [71], "43": [], "44": [69], "45": [68, 69, 70], "46": [68, 70], "47": [68, 69, 70, 71], "48": [70], "49": [68], "50": [70, 71], "51": [71], "52": [69, 71], "53": [68, 71], "54": [68, 70], "55": [71], "56": [70, 71], "57": [69, 70, 71], "58": [69, 70], "59": [68, 71], "60": [71], "61": [69, 70], "62": [68, 69, 70], "63": [70, 71], "64": [70, 71], "65": [68, 69], "66": [68, 69], "67": [68, 69, 70]}, "pedestrian_list": [{"friend_zone": [58, 55, 27, 39, 45, 23, 14, 67, 11, 20, 30, 6, 37, 29, 34, 48, 51, 44, 41, 7, 61, 16, 31, 40, 8, 36, 15, 66, 12, 26, 2, 32, 59, 65], "group_id": 0, "in_group_r_range": 2.0, "in_group_a_range": 2.8, "target_a_strength": 22000000000, "radius": 0.3, "position": [-39.600395481225156, 3.9179497605765445], "target_a_range": 435, "target": [10000.0, 0.0], "out_group_a_range": 2.8, "out_group_r_range": 2.0, "pedestrian_id": 68, "out_group_r_strength": 56.0, "out_group_a_strength": 14.285714285714286, "in_group_a_strength": 20, "in_group_r_strength": 40, "attractor_count": 34}, {"friend_zone": [36, 49, 54, 22, 25, 29, 64, 0, 43, 14, 39, 42, 26, 8, 60, 55, 44, 21, 45, 20, 32, 46, 16, 65, 30, 58, 33, 66, 5, 40, 7, 41, 11, 50], "group_id": 0, "in_group_r_range": 2.0, "in_group_a_range": 2.8, "target_a_strength": 22000000000, "radius": 0.3, "position": [-43.47601951542139, -12.337590409737393], "target_a_range": 435, "target": [10000.0, 0.0], "out_group_a_range": 2.8, "out_group_r_range": 2.0, "pedestrian_id": 69, "out_group_r_strength": 56.0, "out_group_a_strength": 14.285714285714286, "in_group_a_strength": 20, "in_group_r_strength": 40, "attractor_count": 34}, {"friend_zone": [62, 52, 14, 2, 33, 58, 29, 12, 64, 6, 63, 48, 59, 9, 56, 25, 31, 0, 42, 24, 50, 41, 44, 45, 3, 46, 60, 67, 17, 51, 38, 65, 30, 15], "group_id": 1, "in_group_r_range": 2.0, "in_group_a_range": 2.8, "target_a_strength": 22000000000, "radius": 0.3, "position": [-63.021153102441254, -16.887947374327375], "target_a_range": 435, "target": [10000.0, 0.0], "out_group_a_range": 2.8, "out_group_r_range": 2.0, "pedestrian_id": 70, "out_group_r_strength": 56.0, "out_group_a_strength": 14.285714285714286, "in_group_a_strength": 20, "in_group_r_strength": 40, "attractor_count": 34}, {"friend_zone": [14, 3, 57, 24, 10, 53, 27, 17, 54, 21, 30, 8, 48, 20, 37, 36, 40, 50, 55, 22, 1, 62, 34, 26, 60, 19, 28, 63, 49, 16, 9, 59, 12, 43], "group_id": 1, "in_group_r_range": 2.0, "in_group_a_range": 2.8, "target_a_strength": 22000000000, "radius": 0.3, "position": [-32.43497807239233, -8.470583315501328], "target_a_range": 435, "target": [10000.0, 0.0], "out_group_a_range": 2.8, "out_group_r_range": 2.0, "pedestrian_id": 71, "out_group_r_strength": 56.0, "out_group_a_strength": 14.285714285714286, "in_group_a_strength": 20, "in_group_r_strength": 40, "attractor_count": 34}]}