{"frame_second": "900", "additional_id_existed_ped": {"0": [57, 58, 59], "1": [56, 57, 59], "2": [56], "3": [58], "4": [59], "5": [57, 58], "6": [57, 58, 59], "7": [57, 59], "8": [56], "9": [56, 59], "10": [57, 58], "11": [59], "12": [56, 58, 59], "13": [57, 58, 59], "14": [56, 57, 59], "15": [56, 57, 58], "16": [56, 57, 58], "17": [56, 59], "18": [58, 59], "19": [56, 57], "20": [59], "21": [58], "22": [56, 58], "23": [56, 57], "24": [56, 57, 58], "25": [58, 59], "26": [56, 58], "27": [59], "28": [58, 59], "29": [56, 57, 59], "30": [57], "31": [56], "32": [57], "33": [58], "34": [56, 58], "35": [59], "36": [59], "37": [58, 59], "38": [56], "39": [56, 58, 59], "40": [56, 58], "41": [56, 57, 59], "42": [57, 59], "43": [56, 57, 59], "44": [57, 59], "45": [56, 57, 58], "46": [57], "47": [57, 58], "48": [59], "49": [56], "50": [56, 57, 58], "51": [57, 58], "52": [58, 59], "53": [56, 57, 58], "54": [56, 57, 58], "55": [56, 57, 59]}, "pedestrian_list": [{"friend_zone": [28, 10, 35, 3, 4, 21, 44, 2, 15, 27, 53, 25, 47, 19, 17, 9, 52, 11, 54, 37, 32, 22, 45, 16, 55, 40, 6, 12], "group_id": 0, "in_group_r_range": 2.0, "in_group_a_range": 2.8, "target_a_strength": 22000000000, "radius": 0.3, "position": [-61.68929163502712, -14.948218185512701], "target_a_range": 435, "target": [10000.0, 0.0], "out_group_a_range": 2.8, "out_group_r_range": 2.0, "pedestrian_id": 56, "out_group_r_strength": 56.0, "out_group_a_strength": 14.285714285714286, "in_group_a_strength": 20, "in_group_r_strength": 40, "attractor_count": 28}, {"friend_zone": [2, 32, 1, 40, 17, 39, 48, 50, 43, 52, 34, 21, 54, 20, 46, 44, 15, 12, 26, 6, 4, 13, 5, 51, 29, 42, 30, 37], "group_id": 0, "in_group_r_range": 2.0, "in_group_a_range": 2.8, "target_a_strength": 22000000000, "radius": 0.3, "position": [-37.021906200047916, -15.575593284064325], "target_a_range": 435, "target": [10000.0, 0.0], "out_group_a_range": 2.8, "out_group_r_range": 2.0, "pedestrian_id": 57, "out_group_r_strength": 56.0, "out_group_a_strength": 14.285714285714286, "in_group_a_strength": 20, "in_group_r_strength": 40, "attractor_count": 28}, {"friend_zone": [48, 29, 55, 25, 11, 46, 12, 26, 1, 40, 16, 13, 22, 47, 9, 5, 52, 54, 38, 2, 27, 23, 8, 21, 10, 28, 30, 41], "group_id": 1, "in_group_r_range": 2.0, "in_group_a_range": 2.8, "target_a_strength": 22000000000, "radius": 0.3, "position": [-33.74195310761205, 11.724349233718936], "target_a_range": 435, "target": [10000.0, 0.0], "out_group_a_range": 2.8, "out_group_r_range": 2.0, "pedestrian_id": 58, "out_group_r_strength": 56.0, "out_group_a_strength": 14.285714285714286, "in_group_a_strength": 20, "in_group_r_strength": 40, "attractor_count": 28}, {"friend_zone": [13, 53, 28, 50, 52, 11, 0, 23, 30, 34, 24, 2, 21, 31, 45, 38, 14, 48, 35, 55, 19, 44, 25, 32, 26, 29, 17, 10], "group_id": 1, "in_group_r_range": 2.0, "in_group_a_range": 2.8, "target_a_strength": 22000000000, "radius": 0.3, "position": [-51.95564921705844, -3.268245363637189], "target_a_range": 435, "target": [10000.0, 0.0], "out_group_a_range": 2.8, "out_group_r_range": 2.0, "pedestrian_id": 59, "out_group_r_strength": 56.0, "out_group_a_strength": 14.285714285714286, "in_group_a_strength": 20, "in_group_r_strength": 40, "attractor_count": 28}]}