{"frame_second": "0", "additional_id_existed_ped": {"0": [23], "1": [23], "2": [20, 21, 22, 23], "3": [22], "4": [20, 22], "5": [21, 22], "6": [21, 23], "7": [21, 22, 23], "8": [20, 22], "9": [20, 21, 22], "10": [20, 21, 22], "11": [20, 21, 22], "12": [20, 22], "13": [20], "14": [20, 21], "15": [23], "16": [23], "17": [23], "18": [20, 21, 23], "19": [21, 23]}, "pedestrian_list": [{"target_a_range": 435, "friend_zone": [8, 19, 17, 14, 6, 5, 2, 15, 3, 9], "out_group_r_range": 2.0, "out_group_a_range": 2.8, "group_id": 0, "in_group_r_strength": 40, "radius": 0.3, "target_a_strength": 22000000000, "in_group_a_range": 2.8, "in_group_r_range": 2.0, "out_group_a_strength": 14.285714285714286, "target": [10000.0, 0.0], "attractor_count": 10, "in_group_a_strength": 20, "position": [-44.168190934649765, 8.458124074252988], "out_group_r_strength": 56.0, "pedestrian_id": 20}, {"target_a_range": 435, "friend_zone": [11, 12, 4, 14, 1, 13, 6, 17, 5, 9], "out_group_r_range": 2.0, "out_group_a_range": 2.8, "group_id": 0, "in_group_r_strength": 40, "radius": 0.3, "target_a_strength": 22000000000, "in_group_a_range": 2.8, "in_group_r_range": 2.0, "out_group_a_strength": 14.285714285714286, "target": [10000.0, 0.0], "attractor_count": 10, "in_group_a_strength": 20, "position": [-46.10816269388121, -6.500327972578766], "out_group_r_strength": 56.0, "pedestrian_id": 21}, {"target_a_range": 435, "friend_zone": [3, 19, 2, 12, 15, 14, 11, 17, 0, 8], "out_group_r_range": 2.0, "out_group_a_range": 2.8, "group_id": 1, "in_group_r_strength": 40, "radius": 0.3, "target_a_strength": 22000000000, "in_group_a_range": 2.8, "in_group_r_range": 2.0, "out_group_a_strength": 14.285714285714286, "target": [10000.0, 0.0], "attractor_count": 10, "in_group_a_strength": 20, "position": [-67.53067914773047, 9.121452153237005], "out_group_r_strength": 56.0, "pedestrian_id": 22}, {"target_a_range": 435, "friend_zone": [5, 10, 1, 16, 13, 2, 9, 0, 17, 11], "out_group_r_range": 2.0, "out_group_a_range": 2.8, "group_id": 1, "in_group_r_strength": 40, "radius": 0.3, "target_a_strength": 22000000000, "in_group_a_range": 2.8, "in_group_r_range": 2.0, "out_group_a_strength": 14.285714285714286, "target": [10000.0, 0.0], "attractor_count": 10, "in_group_a_strength": 20, "position": [-60.377747304541856, -9.768667914460947], "out_group_r_strength": 56.0, "pedestrian_id": 23}]}