{"additional_id_existed_ped": {"0": [21, 23], "1": [21, 22, 23], "2": [20, 21, 22], "3": [20, 22], "4": [21, 22, 23], "5": [22, 23], "6": [22, 23], "7": [20], "8": [20, 23], "9": [21], "10": [20, 21, 22, 23], "11": [], "12": [22], "13": [20, 22], "14": [20], "15": [20, 22], "16": [21], "17": [20, 21, 23], "18": [20, 21, 23], "19": [21, 23]}, "frame_second": "0", "pedestrian_list": [{"out_group_a_strength": 17.142857142857142, "pedestrian_id": 20, "target_a_range": 435.0, "in_group_r_range": 2.0, "target": [10000.0, 0.0], "friend_zone": [5, 15, 16, 9, 13, 3, 12, 14, 19, 6], "in_group_a_range": 2.8, "out_group_r_range": 2.0, "out_group_r_strength": 47.599999999999994, "attractor_count": 10, "target_a_strength": 22000000000.0, "out_group_a_range": 2.8, "radius": 0.3, "in_group_r_strength": 34.0, "in_group_a_strength": 24.0, "position": [-35.07177239890849, 11.058373712308756], "group_id": 0}, {"out_group_a_strength": 17.142857142857142, "pedestrian_id": 21, "target_a_range": 435.0, "in_group_r_range": 2.0, "target": [10000.0, 0.0], "friend_zone": [2, 15, 17, 3, 13, 19, 14, 10, 11, 5], "in_group_a_range": 2.8, "out_group_r_range": 2.0, "out_group_r_strength": 47.599999999999994, "attractor_count": 10, "target_a_strength": 22000000000.0, "out_group_a_range": 2.8, "radius": 0.3, "in_group_r_strength": 34.0, "in_group_a_strength": 24.0, "position": [-34.40164121325574, 7.81873289335115], "group_id": 0}, {"out_group_a_strength": 17.142857142857142, "pedestrian_id": 22, "target_a_range": 435.0, "in_group_r_range": 2.0, "target": [10000.0, 0.0], "friend_zone": [16, 5, 11, 4, 18, 1, 14, 7, 0, 15], "in_group_a_range": 2.8, "out_group_r_range": 2.0, "out_group_r_strength": 47.599999999999994, "attractor_count": 10, "target_a_strength": 22000000000.0, "out_group_a_range": 2.8, "radius": 0.3, "in_group_r_strength": 34.0, "in_group_a_strength": 24.0, "position": [-68.22081150717334, -12.330028640467168], "group_id": 1}, {"out_group_a_strength": 17.142857142857142, "pedestrian_id": 23, "target_a_range": 435.0, "in_group_r_range": 2.0, "target": [10000.0, 0.0], "friend_zone": [6, 3, 8, 18, 14, 1, 9, 16, 12, 0], "in_group_a_range": 2.8, "out_group_r_range": 2.0, "out_group_r_strength": 47.599999999999994, "attractor_count": 10, "target_a_strength": 22000000000.0, "out_group_a_range": 2.8, "radius": 0.3, "in_group_r_strength": 34.0, "in_group_a_strength": 24.0, "position": [-38.937630204794864, 5.196078215454986], "group_id": 1}]}