{"additional_id_existed_ped": {"0": [24, 25], "1": [26], "2": [24, 25, 26], "3": [24, 25, 27], "4": [24, 27], "5": [25, 26, 27], "6": [24, 26], "7": [26], "8": [24, 26, 27], "9": [25, 26], "10": [25], "11": [], "12": [], "13": [25, 26, 27], "14": [26, 27], "15": [24, 27], "16": [25, 27], "17": [25, 26], "18": [24, 25], "19": [26, 27], "20": [24, 25, 26], "21": [24, 27], "22": [24, 27], "23": [24, 25, 27]}, "frame_second": "100", "pedestrian_list": [{"out_group_a_strength": 17.142857142857142, "pedestrian_id": 24, "target_a_range": 435.0, "in_group_r_range": 2.0, "target": [10000.0, 0.0], "friend_zone": [15, 2, 9, 14, 23, 4, 11, 8, 20, 5, 12, 6], "in_group_a_range": 2.8, "out_group_r_range": 2.0, "out_group_r_strength": 47.599999999999994, "attractor_count": 12, "target_a_strength": 22000000000.0, "out_group_a_range": 2.8, "radius": 0.3, "in_group_r_strength": 34.0, "in_group_a_strength": 24.0, "position": [-42.842858549502516, -13.005215361535656], "group_id": 0}, {"out_group_a_strength": 17.142857142857142, "pedestrian_id": 25, "target_a_range": 435.0, "in_group_r_range": 2.0, "target": [10000.0, 0.0], "friend_zone": [21, 1, 17, 7, 15, 0, 20, 4, 14, 16, 22, 2], "in_group_a_range": 2.8, "out_group_r_range": 2.0, "out_group_r_strength": 47.599999999999994, "attractor_count": 12, "target_a_strength": 22000000000.0, "out_group_a_range": 2.8, "radius": 0.3, "in_group_r_strength": 34.0, "in_group_a_strength": 24.0, "position": [-61.04321804041755, 11.699076752827908], "group_id": 0}, {"out_group_a_strength": 17.142857142857142, "pedestrian_id": 26, "target_a_range": 435.0, "in_group_r_range": 2.0, "target": [10000.0, 0.0], "friend_zone": [18, 21, 9, 23, 0, 3, 20, 13, 12, 22, 15, 4], "in_group_a_range": 2.8, "out_group_r_range": 2.0, "out_group_r_strength": 47.599999999999994, "attractor_count": 12, "target_a_strength": 22000000000.0, "out_group_a_range": 2.8, "radius": 0.3, "in_group_r_strength": 34.0, "in_group_a_strength": 24.0, "position": [-46.099963403468166, -8.44666213043871], "group_id": 1}, {"out_group_a_strength": 17.142857142857142, "pedestrian_id": 27, "target_a_range": 435.0, "in_group_r_range": 2.0, "target": [10000.0, 0.0], "friend_zone": [3, 12, 11, 16, 19, 2, 7, 0, 1, 4, 5, 18], "in_group_a_range": 2.8, "out_group_r_range": 2.0, "out_group_r_strength": 47.599999999999994, "attractor_count": 12, "target_a_strength": 22000000000.0, "out_group_a_range": 2.8, "radius": 0.3, "in_group_r_strength": 34.0, "in_group_a_strength": 24.0, "position": [-64.94381105811861, -15.58614203366119], "group_id": 1}]}