{"additional_id_existed_ped": {"0": [92, 93, 94], "1": [93], "2": [92, 93], "3": [], "4": [92, 93, 94, 95], "5": [92, 94, 95], "6": [92, 94], "7": [92, 94], "8": [92, 94, 95], "9": [93, 95], "10": [92, 93, 94, 95], "11": [92, 93], "12": [93, 94, 95], "13": [92, 95], "14": [92, 93, 94, 95], "15": [94, 95], "16": [92], "17": [92], "18": [92, 95], "19": [93], "20": [93], "21": [93, 94, 95], "22": [92, 93, 94, 95], "23": [92, 95], "24": [95], "25": [92], "26": [], "27": [93], "28": [93, 94, 95], "29": [92], "30": [93, 94], "31": [95], "32": [92, 94, 95], "33": [94, 95], "34": [94], "35": [93, 94], "36": [92, 93, 94, 95], "37": [93], "38": [94, 95], "39": [94, 95], "40": [94], "41": [93], "42": [92, 93], "43": [93, 95], "44": [92], "45": [92, 93, 95], "46": [94, 95], "47": [94, 95], "48": [94, 95], "49": [92, 95], "50": [92, 93], "51": [93], "52": [92, 95], "53": [94], "54": [94], "55": [92, 93], "56": [95], "57": [92, 93, 94, 95], "58": [93], "59": [92, 94, 95], "60": [92, 93, 94, 95], "61": [92, 93], "62": [93, 94], "63": [93, 94], "64": [92, 93], "65": [93], "66": [93, 94], "67": [93, 94, 95], "68": [92], "69": [92, 94], "70": [92, 93, 94], "71": [95], "72": [92, 94], "73": [], "74": [92, 93, 95], "75": [92, 93, 94, 95], "76": [], "77": [95], "78": [92, 93, 94], "79": [95], "80": [92, 93], "81": [94], "82": [92, 95], "83": [92, 93, 94], "84": [92, 95], "85": [93, 94], "86": [92, 94, 95], "87": [93, 95], "88": [92, 93, 94, 95], "89": [92, 95], "90": [93, 94, 95], "91": [94, 95]}, "frame_second": "1800", "pedestrian_list": [{"out_group_a_strength": 17.142857142857142, "pedestrian_id": 92, "target_a_range": 435.0, "in_group_r_range": 2.0, "target": [10000.0, 0.0], "friend_zone": [15, 73, 26, 40, 85, 6, 4, 50, 8, 59, 11, 56, 39, 38, 28, 87, 84, 37, 72, 80, 51, 24, 79, 60, 3, 70, 69, 53, 88, 77, 31, 33, 27, 61, 83, 25, 52, 30, 21, 0, 42, 46, 91, 68, 47, 45], "in_group_a_range": 2.8, "out_group_r_range": 2.0, "out_group_r_strength": 47.599999999999994, "attractor_count": 46, "target_a_strength": 22000000000.0, "out_group_a_range": 2.8, "radius": 0.3, "in_group_r_strength": 34.0, "in_group_a_strength": 24.0, "position": [-57.14597887258926, -9.769797960979538], "group_id": 0}, {"out_group_a_strength": 17.142857142857142, "pedestrian_id": 93, "target_a_range": 435.0, "in_group_r_range": 2.0, "target": [10000.0, 0.0], "friend_zone": [90, 38, 8, 29, 34, 49, 78, 87, 70, 33, 1, 21, 88, 68, 13, 61, 58, 16, 2, 3, 4, 71, 89, 76, 35, 65, 14, 27, 26, 43, 41, 12, 0, 82, 18, 19, 74, 63, 10, 24, 86, 9, 66, 57, 52, 17], "in_group_a_range": 2.8, "out_group_r_range": 2.0, "out_group_r_strength": 47.599999999999994, "attractor_count": 46, "target_a_strength": 22000000000.0, "out_group_a_range": 2.8, "radius": 0.3, "in_group_r_strength": 34.0, "in_group_a_strength": 24.0, "position": [-66.23845212492743, 7.1694622734642195], "group_id": 0}, {"out_group_a_strength": 17.142857142857142, "pedestrian_id": 94, "target_a_range": 435.0, "in_group_r_range": 2.0, "target": [10000.0, 0.0], "friend_zone": [8, 81, 53, 27, 78, 25, 30, 64, 82, 73, 2, 76, 29, 86, 39, 84, 68, 60, 14, 56, 15, 91, 85, 55, 3, 83, 80, 52, 51, 88, 23, 77, 4, 40, 63, 79, 69, 50, 66, 71, 43, 57, 18, 48, 42, 7], "in_group_a_range": 2.8, "out_group_r_range": 2.0, "out_group_r_strength": 47.599999999999994, "attractor_count": 46, "target_a_strength": 22000000000.0, "out_group_a_range": 2.8, "radius": 0.3, "in_group_r_strength": 34.0, "in_group_a_strength": 24.0, "position": [-35.05460963465791, -15.588300005684104], "group_id": 1}, {"out_group_a_strength": 17.142857142857142, "pedestrian_id": 95, "target_a_range": 435.0, "in_group_r_range": 2.0, "target": [10000.0, 0.0], "friend_zone": [35, 19, 53, 27, 83, 48, 85, 56, 64, 13, 10, 36, 9, 17, 1, 61, 80, 40, 0, 88, 47, 7, 41, 51, 31, 8, 23, 91, 39, 18, 82, 14, 21, 20, 76, 62, 30, 69, 43, 66, 4, 81, 52, 86, 70, 46], "in_group_a_range": 2.8, "out_group_r_range": 2.0, "out_group_r_strength": 47.599999999999994, "attractor_count": 46, "target_a_strength": 22000000000.0, "out_group_a_range": 2.8, "radius": 0.3, "in_group_r_strength": 34.0, "in_group_a_strength": 24.0, "position": [-42.87266468126797, 12.35488720443813], "group_id": 1}]}