{"additional_id_existed_ped": {"0": [84, 85, 86, 87], "1": [86], "2": [84, 85, 87], "3": [], "4": [84, 85], "5": [84, 85, 86], "6": [84, 85, 87], "7": [86], "8": [84, 86, 87], "9": [84, 85, 86], "10": [85, 86], "11": [84, 85], "12": [84], "13": [85, 86, 87], "14": [], "15": [84, 86], "16": [], "17": [85, 87], "18": [], "19": [86, 87], "20": [84, 85, 86], "21": [84, 85, 86], "22": [86], "23": [84, 86, 87], "24": [84, 85, 86, 87], "25": [84, 85, 86], "26": [85, 86], "27": [86, 87], "28": [84, 86, 87], "29": [84, 85, 86], "30": [86, 87], "31": [85], "32": [85, 86], "33": [84, 85, 86, 87], "34": [84, 85, 86, 87], "35": [84, 85, 86, 87], "36": [87], "37": [84], "38": [87], "39": [85, 86, 87], "40": [87], "41": [86, 87], "42": [84, 85, 86], "43": [85, 87], "44": [84], "45": [84, 85], "46": [86], "47": [84, 85, 87], "48": [84, 85, 86, 87], "49": [85, 87], "50": [84, 85, 86, 87], "51": [86, 87], "52": [84, 85, 87], "53": [], "54": [86, 87], "55": [84, 85, 87], "56": [87], "57": [84, 85, 87], "58": [85], "59": [], "60": [85, 86, 87], "61": [84], "62": [84, 86, 87], "63": [84, 86], "64": [87], "65": [85, 86], "66": [85, 87], "67": [84], "68": [85], "69": [85, 86, 87], "70": [84], "71": [84, 85, 87], "72": [84, 85], "73": [85, 86], "74": [87], "75": [84, 87], "76": [84, 86, 87], "77": [84], "78": [87], "79": [86], "80": [84], "81": [85, 86], "82": [87], "83": [84]}, "frame_second": "1600", "pedestrian_list": [{"out_group_a_strength": 17.142857142857142, "pedestrian_id": 84, "target_a_range": 435.0, "in_group_r_range": 2.0, "target": [10000.0, 0.0], "friend_zone": [14, 39, 75, 45, 28, 69, 79, 23, 16, 5, 19, 27, 32, 6, 12, 41, 51, 68, 38, 17, 66, 50, 33, 61, 3, 76, 42, 13, 54, 56, 53, 36, 70, 11, 20, 60, 46, 31, 37, 48, 81, 43], "in_group_a_range": 2.8, "out_group_r_range": 2.0, "out_group_r_strength": 47.599999999999994, "attractor_count": 42, "target_a_strength": 22000000000.0, "out_group_a_range": 2.8, "radius": 0.3, "in_group_r_strength": 34.0, "in_group_a_strength": 24.0, "position": [-63.63175275041156, 0.6448041718271239], "group_id": 0}, {"out_group_a_strength": 17.142857142857142, "pedestrian_id": 85, "target_a_range": 435.0, "in_group_r_range": 2.0, "target": [10000.0, 0.0], "friend_zone": [53, 83, 77, 19, 26, 16, 59, 55, 25, 76, 9, 75, 10, 13, 32, 20, 23, 8, 12, 49, 65, 11, 40, 33, 31, 62, 2, 36, 37, 79, 56, 72, 52, 22, 71, 78, 69, 51, 43, 48, 24, 57], "in_group_a_range": 2.8, "out_group_r_range": 2.0, "out_group_r_strength": 47.599999999999994, "attractor_count": 42, "target_a_strength": 22000000000.0, "out_group_a_range": 2.8, "radius": 0.3, "in_group_r_strength": 34.0, "in_group_a_strength": 24.0, "position": [-46.1228412703379, -8.44000022468656], "group_id": 0}, {"out_group_a_strength": 17.142857142857142, "pedestrian_id": 86, "target_a_range": 435.0, "in_group_r_range": 2.0, "target": [10000.0, 0.0], "friend_zone": [40, 46, 54, 63, 53, 30, 66, 18, 3, 48, 78, 19, 55, 8, 25, 10, 1, 7, 80, 73, 42, 45, 2, 22, 69, 83, 72, 56, 4, 41, 49, 79, 38, 29, 20, 65, 60, 44, 5, 6, 47, 24], "in_group_a_range": 2.8, "out_group_r_range": 2.0, "out_group_r_strength": 47.599999999999994, "attractor_count": 42, "target_a_strength": 22000000000.0, "out_group_a_range": 2.8, "radius": 0.3, "in_group_r_strength": 34.0, "in_group_a_strength": 24.0, "position": [-64.28140880775881, -13.004430874708795], "group_id": 1}, {"out_group_a_strength": 17.142857142857142, "pedestrian_id": 87, "target_a_range": 435.0, "in_group_r_range": 2.0, "target": [10000.0, 0.0], "friend_zone": [35, 4, 58, 80, 61, 54, 31, 5, 47, 83, 0, 15, 24, 40, 44, 56, 48, 69, 34, 78, 50, 72, 68, 57, 64, 45, 37, 1, 73, 8, 59, 32, 71, 39, 41, 27, 26, 17, 28, 76, 29, 36], "in_group_a_range": 2.8, "out_group_r_range": 2.0, "out_group_r_strength": 47.599999999999994, "attractor_count": 42, "target_a_strength": 22000000000.0, "out_group_a_range": 2.8, "radius": 0.3, "in_group_r_strength": 34.0, "in_group_a_strength": 24.0, "position": [-44.148830472032955, -7.82005661698162], "group_id": 1}]}