{"additional_id_existed_ped": {"0": [97], "1": [96], "2": [96, 99], "3": [98, 99], "4": [96, 98, 99], "5": [96], "6": [97, 99], "7": [96, 99], "8": [97, 98, 99], "9": [96, 97, 99], "10": [96, 97, 98, 99], "11": [96, 97, 99], "12": [96], "13": [96, 97, 98], "14": [96, 97], "15": [96, 97, 98, 99], "16": [97], "17": [96, 97], "18": [97], "19": [97, 98], "20": [96, 97], "21": [98], "22": [96, 98], "23": [97, 98, 99], "24": [97], "25": [96, 99], "26": [96, 97, 98], "27": [96, 98, 99], "28": [98], "29": [98, 99], "30": [96, 99], "31": [96], "32": [96, 98], "33": [97, 98, 99], "34": [96, 97, 99], "35": [96, 98], "36": [96, 99], "37": [96, 99], "38": [98], "39": [], "40": [97, 98], "41": [97], "42": [], "43": [97], "44": [96, 97, 98], "45": [96, 97, 98], "46": [97, 98, 99], "47": [96, 97, 98], "48": [97, 98], "49": [97, 98, 99], "50": [99], "51": [97, 98], "52": [96, 99], "53": [98], "54": [96, 99], "55": [96, 98], "56": [97], "57": [96, 97], "58": [96, 97, 98, 99], "59": [98, 99], "60": [96, 98], "61": [96, 97], "62": [96, 98], "63": [98, 99], "64": [96, 97, 98, 99], "65": [98, 99], "66": [98], "67": [96, 99], "68": [99], "69": [96, 98, 99], "70": [96], "71": [96, 99], "72": [97, 99], "73": [97, 99], "74": [96, 97, 98], "75": [96, 97, 98], "76": [98, 99], "77": [99], "78": [96, 97, 99], "79": [97], "80": [97], "81": [98], "82": [98], "83": [96, 97, 99], "84": [98, 99], "85": [99], "86": [97, 98, 99], "87": [96, 97, 99], "88": [96, 97, 99], "89": [96, 97], "90": [97, 98], "91": [98, 99], "92": [98, 99], "93": [], "94": [97, 99], "95": [98, 99]}, "frame_second": "1900", "pedestrian_list": [{"out_group_a_strength": 17.142857142857142, "pedestrian_id": 96, "target_a_range": 435.0, "in_group_r_range": 2.0, "target": [10000.0, 0.0], "friend_zone": [23, 72, 0, 44, 50, 60, 59, 16, 37, 51, 42, 31, 83, 32, 56, 14, 5, 19, 4, 71, 70, 3, 62, 91, 75, 11, 65, 77, 6, 8, 81, 87, 84, 80, 68, 85, 13, 89, 7, 22, 53, 48, 86, 33, 34, 74, 88, 17], "in_group_a_range": 2.8, "out_group_r_range": 2.0, "out_group_r_strength": 47.599999999999994, "attractor_count": 48, "target_a_strength": 22000000000.0, "out_group_a_range": 2.8, "radius": 0.3, "in_group_r_strength": 34.0, "in_group_a_strength": 24.0, "position": [-40.915908379298045, -5.874583674555974], "group_id": 0}, {"out_group_a_strength": 17.142857142857142, "pedestrian_id": 97, "target_a_range": 435.0, "in_group_r_range": 2.0, "target": [10000.0, 0.0], "friend_zone": [25, 49, 11, 57, 79, 15, 81, 91, 72, 66, 71, 80, 86, 59, 33, 34, 62, 46, 90, 54, 73, 27, 51, 32, 83, 50, 56, 4, 42, 38, 17, 70, 36, 35, 95, 63, 93, 9, 37, 64, 75, 61, 53, 60, 47, 76, 48, 12], "in_group_a_range": 2.8, "out_group_r_range": 2.0, "out_group_r_strength": 47.599999999999994, "attractor_count": 48, "target_a_strength": 22000000000.0, "out_group_a_range": 2.8, "radius": 0.3, "in_group_r_strength": 34.0, "in_group_a_strength": 24.0, "position": [-37.00316737928114, -13.003111452215663], "group_id": 0}, {"out_group_a_strength": 17.142857142857142, "pedestrian_id": 98, "target_a_range": 435.0, "in_group_r_range": 2.0, "target": [10000.0, 0.0], "friend_zone": [30, 17, 5, 48, 8, 85, 42, 63, 20, 80, 31, 24, 89, 92, 22, 2, 90, 21, 44, 54, 51, 64, 50, 16, 76, 34, 6, 38, 11, 28, 56, 87, 58, 67, 45, 37, 10, 78, 19, 47, 41, 75, 32, 29, 26, 74, 59, 46], "in_group_a_range": 2.8, "out_group_r_range": 2.0, "out_group_r_strength": 47.599999999999994, "attractor_count": 48, "target_a_strength": 22000000000.0, "out_group_a_range": 2.8, "radius": 0.3, "in_group_r_strength": 34.0, "in_group_a_strength": 24.0, "position": [-66.92073919900879, -13.64677537038499], "group_id": 1}, {"out_group_a_strength": 17.142857142857142, "pedestrian_id": 99, "target_a_range": 435.0, "in_group_r_range": 2.0, "target": [10000.0, 0.0], "friend_zone": [23, 44, 57, 80, 58, 45, 59, 1, 32, 66, 74, 84, 48, 85, 33, 30, 91, 8, 55, 38, 67, 37, 35, 39, 93, 77, 20, 26, 13, 62, 17, 27, 60, 34, 21, 46, 95, 72, 5, 41, 56, 92, 49, 28, 47, 2, 31, 43], "in_group_a_range": 2.8, "out_group_r_range": 2.0, "out_group_r_strength": 47.599999999999994, "attractor_count": 48, "target_a_strength": 22000000000.0, "out_group_a_range": 2.8, "radius": 0.3, "in_group_r_strength": 34.0, "in_group_a_strength": 24.0, "position": [-66.26704275673359, 7.156534052224835], "group_id": 1}]}