{"additional_id_existed_ped": {"0": [80, 81, 83], "1": [81, 83], "2": [80, 83], "3": [80, 82, 83], "4": [], "5": [82, 83], "6": [], "7": [], "8": [80, 83], "9": [83], "10": [80], "11": [82], "12": [82], "13": [82], "14": [], "15": [81], "16": [81, 83], "17": [80, 82], "18": [80, 82, 83], "19": [80, 81, 82], "20": [80, 81, 83], "21": [81, 82, 83], "22": [80, 81, 82, 83], "23": [81, 82, 83], "24": [80, 81], "25": [80, 81, 82], "26": [80, 82, 83], "27": [81, 82, 83], "28": [80], "29": [80, 81], "30": [80, 81, 82], "31": [81, 82, 83], "32": [82, 83], "33": [83], "34": [80, 81, 82], "35": [80, 81], "36": [80, 83], "37": [80, 81, 82], "38": [81, 82, 83], "39": [81], "40": [80, 81, 82, 83], "41": [80], "42": [81, 82, 83], "43": [82, 83], "44": [82, 83], "45": [80, 82], "46": [80, 83], "47": [80, 82, 83], "48": [81], "49": [80, 81], "50": [81, 82], "51": [81, 82], "52": [80, 81], "53": [80], "54": [83], "55": [80], "56": [80, 82, 83], "57": [82], "58": [80, 81, 82], "59": [80, 83], "60": [80, 81, 83], "61": [80, 81], "62": [80, 81], "63": [], "64": [81, 82, 83], "65": [80, 81, 82, 83], "66": [80, 83], "67": [83], "68": [80], "69": [80, 81, 82], "70": [80, 81], "71": [], "72": [82], "73": [81, 83], "74": [81, 82, 83], "75": [82, 83], "76": [82, 83], "77": [81, 82, 83], "78": [81, 83], "79": [81, 82]}, "frame_second": "1500", "pedestrian_list": [{"out_group_a_strength": 17.142857142857142, "pedestrian_id": 80, "target_a_range": 435.0, "in_group_r_range": 2.0, "target": [10000.0, 0.0], "friend_zone": [60, 61, 49, 56, 6, 78, 64, 17, 74, 37, 75, 9, 69, 30, 67, 45, 22, 12, 33, 13, 26, 0, 8, 58, 42, 29, 10, 18, 52, 23, 46, 36, 31, 68, 28, 47, 27, 21, 59, 24], "in_group_a_range": 2.8, "out_group_r_range": 2.0, "out_group_r_strength": 47.599999999999994, "attractor_count": 40, "target_a_strength": 22000000000.0, "out_group_a_range": 2.8, "radius": 0.3, "in_group_r_strength": 34.0, "in_group_a_strength": 24.0, "position": [-38.31198742540988, 11.686622023637664], "group_id": 0}, {"out_group_a_strength": 17.142857142857142, "pedestrian_id": 81, "target_a_range": 435.0, "in_group_r_range": 2.0, "target": [10000.0, 0.0], "friend_zone": [69, 20, 52, 27, 41, 48, 76, 44, 73, 46, 16, 72, 59, 64, 62, 31, 39, 33, 58, 55, 29, 2, 51, 77, 45, 34, 7, 0, 17, 6, 12, 38, 30, 43, 26, 11, 49, 10, 5, 68], "in_group_a_range": 2.8, "out_group_r_range": 2.0, "out_group_r_strength": 47.599999999999994, "attractor_count": 40, "target_a_strength": 22000000000.0, "out_group_a_range": 2.8, "radius": 0.3, "in_group_r_strength": 34.0, "in_group_a_strength": 24.0, "position": [-42.17959840514278, -3.2454658447295213], "group_id": 0}, {"out_group_a_strength": 17.142857142857142, "pedestrian_id": 82, "target_a_range": 435.0, "in_group_r_range": 2.0, "target": [10000.0, 0.0], "friend_zone": [79, 78, 59, 37, 61, 43, 55, 54, 42, 17, 27, 18, 15, 28, 63, 24, 41, 16, 23, 0, 32, 74, 52, 40, 65, 19, 68, 13, 31, 11, 34, 76, 20, 62, 8, 70, 75, 38, 26, 67], "in_group_a_range": 2.8, "out_group_r_range": 2.0, "out_group_r_strength": 47.599999999999994, "attractor_count": 40, "target_a_strength": 22000000000.0, "out_group_a_range": 2.8, "radius": 0.3, "in_group_r_strength": 34.0, "in_group_a_strength": 24.0, "position": [-47.417829127741456, 8.466418715527743], "group_id": 1}, {"out_group_a_strength": 17.142857142857142, "pedestrian_id": 83, "target_a_range": 435.0, "in_group_r_range": 2.0, "target": [10000.0, 0.0], "friend_zone": [25, 42, 73, 40, 78, 21, 11, 19, 26, 47, 5, 36, 79, 56, 67, 65, 7, 39, 45, 69, 75, 50, 23, 6, 57, 76, 58, 70, 16, 24, 34, 35, 53, 32, 44, 66, 18, 33, 9, 27], "in_group_a_range": 2.8, "out_group_r_range": 2.0, "out_group_r_strength": 47.599999999999994, "attractor_count": 40, "target_a_strength": 22000000000.0, "out_group_a_range": 2.8, "radius": 0.3, "in_group_r_strength": 34.0, "in_group_a_strength": 24.0, "position": [-64.30866506938345, 3.254071332595993], "group_id": 1}]}