{"additional_id_existed_ped": {"0": [73], "1": [73, 75], "2": [72, 73, 75], "3": [74], "4": [73, 74], "5": [73, 75], "6": [74, 75], "7": [73, 74], "8": [72, 73, 74, 75], "9": [72, 74, 75], "10": [72, 73, 74], "11": [72, 73, 74, 75], "12": [72, 74, 75], "13": [75], "14": [72, 73], "15": [], "16": [72], "17": [72, 74, 75], "18": [73], "19": [72, 73], "20": [72, 73, 74, 75], "21": [73], "22": [72, 75], "23": [72, 74, 75], "24": [75], "25": [73, 74, 75], "26": [72, 73, 75], "27": [72, 74, 75], "28": [72], "29": [75], "30": [73, 74], "31": [74], "32": [72, 74], "33": [72, 73], "34": [], "35": [72, 74, 75], "36": [73, 74], "37": [72, 74], "38": [75], "39": [72, 73], "40": [72, 75], "41": [72, 73, 75], "42": [73, 74], "43": [72, 73, 74], "44": [74, 75], "45": [73, 74], "46": [72, 74], "47": [73, 75], "48": [72, 73], "49": [72, 74, 75], "50": [72, 73], "51": [74, 75], "52": [], "53": [73, 74], "54": [75], "55": [74], "56": [72, 75], "57": [73], "58": [], "59": [72, 73, 75], "60": [72, 73, 75], "61": [73, 75], "62": [72, 74], "63": [], "64": [72, 74], "65": [75], "66": [72, 73, 74], "67": [72, 73, 74, 75], "68": [72, 74, 75], "69": [75], "70": [73, 74], "71": [73, 74, 75]}, "frame_second": "1300", "pedestrian_list": [{"out_group_a_strength": 17.142857142857142, "pedestrian_id": 72, "target_a_range": 435.0, "in_group_r_range": 2.0, "target": [10000.0, 0.0], "friend_zone": [2, 56, 67, 33, 28, 6, 35, 23, 36, 13, 61, 46, 60, 31, 52, 62, 53, 39, 7, 49, 14, 45, 3, 40, 69, 8, 21, 12, 22, 48, 68, 29, 20, 5, 42, 44], "in_group_a_range": 2.8, "out_group_r_range": 2.0, "out_group_r_strength": 47.599999999999994, "attractor_count": 36, "target_a_strength": 22000000000.0, "out_group_a_range": 2.8, "radius": 0.3, "in_group_r_strength": 34.0, "in_group_a_strength": 24.0, "position": [-67.55633356118605, 15.61887583892486], "group_id": 0}, {"out_group_a_strength": 17.142857142857142, "pedestrian_id": 73, "target_a_range": 435.0, "in_group_r_range": 2.0, "target": [10000.0, 0.0], "friend_zone": [18, 57, 2, 29, 34, 70, 60, 28, 58, 48, 43, 37, 50, 23, 59, 31, 66, 45, 44, 64, 7, 63, 14, 62, 27, 61, 21, 47, 20, 52, 15, 65, 1, 26, 42, 69], "in_group_a_range": 2.8, "out_group_r_range": 2.0, "out_group_r_strength": 47.599999999999994, "attractor_count": 36, "target_a_strength": 22000000000.0, "out_group_a_range": 2.8, "radius": 0.3, "in_group_r_strength": 34.0, "in_group_a_strength": 24.0, "position": [-68.17655376893558, -9.745358368472095], "group_id": 0}, {"out_group_a_strength": 17.142857142857142, "pedestrian_id": 74, "target_a_range": 435.0, "in_group_r_range": 2.0, "target": [10000.0, 0.0], "friend_zone": [9, 68, 22, 60, 20, 2, 57, 24, 46, 13, 56, 23, 10, 42, 14, 16, 52, 69, 41, 30, 71, 49, 28, 38, 31, 15, 53, 17, 36, 7, 21, 34, 45, 6, 50, 51], "in_group_a_range": 2.8, "out_group_r_range": 2.0, "out_group_r_strength": 47.599999999999994, "attractor_count": 36, "target_a_strength": 22000000000.0, "out_group_a_range": 2.8, "radius": 0.3, "in_group_r_strength": 34.0, "in_group_a_strength": 24.0, "position": [-35.68103009540198, -16.895565070793317], "group_id": 1}, {"out_group_a_strength": 17.142857142857142, "pedestrian_id": 75, "target_a_range": 435.0, "in_group_r_range": 2.0, "target": [10000.0, 0.0], "friend_zone": [19, 48, 47, 27, 63, 18, 46, 31, 66, 41, 68, 51, 3, 1, 45, 69, 8, 70, 24, 4, 21, 29, 32, 10, 17, 9, 55, 15, 40, 52, 64, 71, 62, 5, 36, 16], "in_group_a_range": 2.8, "out_group_r_range": 2.0, "out_group_r_strength": 47.599999999999994, "attractor_count": 36, "target_a_strength": 22000000000.0, "out_group_a_range": 2.8, "radius": 0.3, "in_group_r_strength": 34.0, "in_group_a_strength": 24.0, "position": [-61.69285571897921, -7.151562005430513], "group_id": 1}]}