{"additional_id_existed_ped": {"0": [62, 63], "1": [], "2": [], "3": [], "4": [60, 61, 63], "5": [60, 61, 62], "6": [], "7": [60, 61, 63], "8": [60, 61, 62, 63], "9": [62, 63], "10": [60, 63], "11": [60, 61, 63], "12": [61, 62, 63], "13": [61, 63], "14": [61], "15": [63], "16": [], "17": [60, 61, 62], "18": [60, 61], "19": [60, 62], "20": [60, 61, 62], "21": [63], "22": [60, 62, 63], "23": [60, 62], "24": [60, 63], "25": [60, 62, 63], "26": [61, 62], "27": [63], "28": [61, 62, 63], "29": [60, 62, 63], "30": [62], "31": [60, 61], "32": [60, 62, 63], "33": [62], "34": [61, 62], "35": [60, 61, 63], "36": [60, 61, 62], "37": [62], "38": [60, 61, 63], "39": [61, 62, 63], "40": [61, 62], "41": [60, 61, 63], "42": [60, 61, 63], "43": [60, 62, 63], "44": [60, 61, 62], "45": [60, 61, 63], "46": [60, 61, 62], "47": [63], "48": [62], "49": [61, 62, 63], "50": [], "51": [62], "52": [63], "53": [60, 61], "54": [], "55": [60, 61], "56": [], "57": [62, 63], "58": [60, 61, 63], "59": [60, 61, 62]}, "frame_second": "1000", "pedestrian_list": [{"out_group_a_strength": 17.142857142857142, "pedestrian_id": 60, "target_a_range": 435.0, "in_group_r_range": 2.0, "target": [10000.0, 0.0], "friend_zone": [22, 48, 5, 17, 55, 36, 31, 25, 23, 39, 41, 59, 32, 34, 58, 29, 45, 49, 18, 11, 20, 13, 2, 50, 53, 0, 37, 4, 24, 35], "in_group_a_range": 2.8, "out_group_r_range": 2.0, "out_group_r_strength": 47.599999999999994, "attractor_count": 30, "target_a_strength": 22000000000.0, "out_group_a_range": 2.8, "radius": 0.3, "in_group_r_strength": 34.0, "in_group_a_strength": 24.0, "position": [-48.705293626358696, -12.367824652362545], "group_id": 0}, {"out_group_a_strength": 17.142857142857142, "pedestrian_id": 61, "target_a_range": 435.0, "in_group_r_range": 2.0, "target": [10000.0, 0.0], "friend_zone": [3, 44, 35, 45, 36, 27, 43, 18, 21, 12, 37, 30, 41, 51, 28, 2, 29, 10, 13, 59, 33, 42, 38, 58, 6, 39, 32, 50, 4, 7], "in_group_a_range": 2.8, "out_group_r_range": 2.0, "out_group_r_strength": 47.599999999999994, "attractor_count": 30, "target_a_strength": 22000000000.0, "out_group_a_range": 2.8, "radius": 0.3, "in_group_r_strength": 34.0, "in_group_a_strength": 24.0, "position": [-54.542482011472636, 12.987404679497379], "group_id": 0}, {"out_group_a_strength": 17.142857142857142, "pedestrian_id": 62, "target_a_range": 435.0, "in_group_r_range": 2.0, "target": [10000.0, 0.0], "friend_zone": [46, 23, 0, 25, 2, 33, 5, 1, 10, 36, 6, 40, 48, 12, 37, 9, 22, 24, 54, 51, 34, 4, 29, 42, 31, 55, 59, 19, 52, 32], "in_group_a_range": 2.8, "out_group_r_range": 2.0, "out_group_r_strength": 47.599999999999994, "attractor_count": 30, "target_a_strength": 22000000000.0, "out_group_a_range": 2.8, "radius": 0.3, "in_group_r_strength": 34.0, "in_group_a_strength": 24.0, "position": [-47.3992668219333, -13.66752242999781], "group_id": 1}, {"out_group_a_strength": 17.142857142857142, "pedestrian_id": 63, "target_a_range": 435.0, "in_group_r_range": 2.0, "target": [10000.0, 0.0], "friend_zone": [39, 52, 26, 42, 5, 24, 46, 41, 25, 38, 35, 15, 9, 8, 1, 20, 49, 40, 48, 28, 21, 12, 0, 51, 7, 16, 34, 36, 4, 44], "in_group_a_range": 2.8, "out_group_r_range": 2.0, "out_group_r_strength": 47.599999999999994, "attractor_count": 30, "target_a_strength": 22000000000.0, "out_group_a_range": 2.8, "radius": 0.3, "in_group_r_strength": 34.0, "in_group_a_strength": 24.0, "position": [-39.618473297260664, 4.554779414933695], "group_id": 1}]}