{"additional_id_existed_ped": {"0": [76, 79], "1": [76, 77, 79], "2": [76, 77, 79], "3": [], "4": [77, 79], "5": [76, 78, 79], "6": [76, 78], "7": [78, 79], "8": [77], "9": [78], "10": [76, 77, 79], "11": [76, 77, 79], "12": [77, 79], "13": [77, 78], "14": [76, 77, 78, 79], "15": [76, 78, 79], "16": [76, 77, 79], "17": [76, 77, 79], "18": [76, 78, 79], "19": [79], "20": [77, 78, 79], "21": [77], "22": [], "23": [77, 78], "24": [76, 77, 78], "25": [78, 79], "26": [76, 77], "27": [], "28": [79], "29": [77, 78], "30": [], "31": [77, 78], "32": [76, 77, 79], "33": [77, 78, 79], "34": [78], "35": [76], "36": [77], "37": [76, 78, 79], "38": [76, 77, 78], "39": [76, 79], "40": [76], "41": [76, 77, 79], "42": [79], "43": [78, 79], "44": [77], "45": [76, 78], "46": [79], "47": [76, 78, 79], "48": [76, 78], "49": [76, 77, 78], "50": [76, 77, 79], "51": [78], "52": [76, 77], "53": [76, 77, 78], "54": [76, 77, 78, 79], "55": [79], "56": [78, 79], "57": [76, 77, 78, 79], "58": [76, 79], "59": [76, 77, 78], "60": [77], "61": [76, 77], "62": [77, 78], "63": [78], "64": [76, 78], "65": [77, 78, 79], "66": [], "67": [79], "68": [78, 79], "69": [78], "70": [76, 79], "71": [76, 77, 78], "72": [76], "73": [77, 78], "74": [77], "75": [76, 78, 79]}, "frame_second": "1400", "pedestrian_list": [{"out_group_a_strength": 17.142857142857142, "pedestrian_id": 76, "target_a_range": 435.0, "in_group_r_range": 2.0, "target": [10000.0, 0.0], "friend_zone": [49, 5, 44, 62, 35, 28, 3, 69, 13, 20, 75, 18, 56, 54, 42, 38, 11, 67, 55, 65, 43, 15, 25, 47, 51, 41, 74, 66, 7, 33, 19, 48, 32, 30, 53, 70, 4, 36], "in_group_a_range": 2.8, "out_group_r_range": 2.0, "out_group_r_strength": 47.599999999999994, "attractor_count": 38, "target_a_strength": 22000000000.0, "out_group_a_range": 2.8, "radius": 0.3, "in_group_r_strength": 34.0, "in_group_a_strength": 24.0, "position": [-68.19423644068134, -16.243147614776408], "group_id": 0}, {"out_group_a_strength": 17.142857142857142, "pedestrian_id": 77, "target_a_range": 435.0, "in_group_r_range": 2.0, "target": [10000.0, 0.0], "friend_zone": [57, 66, 27, 59, 16, 13, 37, 15, 46, 25, 20, 8, 14, 73, 0, 61, 30, 29, 40, 51, 28, 62, 60, 68, 22, 34, 9, 49, 17, 41, 12, 31, 38, 56, 71, 67, 7, 2], "in_group_a_range": 2.8, "out_group_r_range": 2.0, "out_group_r_strength": 47.599999999999994, "attractor_count": 38, "target_a_strength": 22000000000.0, "out_group_a_range": 2.8, "radius": 0.3, "in_group_r_strength": 34.0, "in_group_a_strength": 24.0, "position": [-62.34434175275656, 16.920320917434783], "group_id": 0}, {"out_group_a_strength": 17.142857142857142, "pedestrian_id": 78, "target_a_range": 435.0, "in_group_r_range": 2.0, "target": [10000.0, 0.0], "friend_zone": [37, 68, 24, 49, 74, 21, 11, 42, 63, 10, 69, 9, 56, 27, 61, 36, 75, 8, 2, 66, 44, 31, 30, 55, 48, 52, 39, 19, 51, 50, 54, 7, 67, 25, 4, 60, 32, 33], "in_group_a_range": 2.8, "out_group_r_range": 2.0, "out_group_r_strength": 47.599999999999994, "attractor_count": 38, "target_a_strength": 22000000000.0, "out_group_a_range": 2.8, "radius": 0.3, "in_group_r_strength": 34.0, "in_group_a_strength": 24.0, "position": [-46.74349280245989, 10.376327727272706], "group_id": 1}, {"out_group_a_strength": 17.142857142857142, "pedestrian_id": 79, "target_a_range": 435.0, "in_group_r_range": 2.0, "target": [10000.0, 0.0], "friend_zone": [31, 7, 52, 17, 73, 59, 68, 57, 72, 47, 46, 74, 0, 20, 38, 40, 1, 25, 67, 6, 4, 3, 61, 60, 9, 8, 29, 48, 34, 2, 69, 49, 30, 64, 62, 54, 5, 18], "in_group_a_range": 2.8, "out_group_r_range": 2.0, "out_group_r_strength": 47.599999999999994, "attractor_count": 38, "target_a_strength": 22000000000.0, "out_group_a_range": 2.8, "radius": 0.3, "in_group_r_strength": 34.0, "in_group_a_strength": 24.0, "position": [-50.64465132086659, 7.170622380168339], "group_id": 1}]}