{"additional_id_existed_ped": {"0": [65, 66, 67], "1": [65, 67], "2": [67], "3": [65], "4": [67], "5": [64, 66, 67], "6": [64, 66], "7": [64, 66], "8": [64, 66], "9": [64, 66], "10": [64], "11": [66], "12": [64, 66, 67], "13": [64, 65, 66, 67], "14": [64, 65], "15": [66, 67], "16": [65, 66, 67], "17": [64, 65], "18": [64, 66, 67], "19": [64, 67], "20": [65, 67], "21": [64, 65, 66], "22": [64, 65, 67], "23": [64, 67], "24": [65, 66], "25": [64, 66, 67], "26": [64, 67], "27": [64, 67], "28": [65], "29": [64, 65], "30": [66, 67], "31": [65, 66, 67], "32": [64, 65], "33": [65, 66, 67], "34": [64, 66], "35": [65, 66], "36": [64, 65], "37": [65, 67], "38": [67], "39": [64, 66, 67], "40": [65, 66], "41": [64, 66, 67], "42": [66, 67], "43": [67], "44": [65], "45": [64, 65, 67], "46": [65], "47": [64, 65, 67], "48": [65], "49": [65, 66], "50": [65], "51": [64, 65, 67], "52": [64, 65], "53": [65, 67], "54": [], "55": [65, 66, 67], "56": [64, 66, 67], "57": [66], "58": [64, 65, 66], "59": [], "60": [], "61": [64, 66], "62": [64, 66], "63": [66]}, "frame_second": "1100", "pedestrian_list": [{"out_group_a_strength": 17.142857142857142, "pedestrian_id": 64, "target_a_range": 435.0, "in_group_r_range": 2.0, "target": [10000.0, 0.0], "friend_zone": [54, 26, 31, 56, 45, 58, 38, 60, 1, 48, 28, 7, 52, 13, 24, 49, 27, 5, 18, 21, 25, 30, 42, 22, 34, 33, 11, 20, 37, 40, 57, 63], "in_group_a_range": 2.8, "out_group_r_range": 2.0, "out_group_r_strength": 47.599999999999994, "attractor_count": 32, "target_a_strength": 22000000000.0, "out_group_a_range": 2.8, "radius": 0.3, "in_group_r_strength": 34.0, "in_group_a_strength": 24.0, "position": [-31.804767880791953, 11.682509157090358], "group_id": 0}, {"out_group_a_strength": 17.142857142857142, "pedestrian_id": 65, "target_a_range": 435.0, "in_group_r_range": 2.0, "target": [10000.0, 0.0], "friend_zone": [30, 19, 8, 5, 26, 12, 29, 46, 28, 25, 63, 57, 62, 36, 60, 22, 41, 23, 55, 13, 53, 0, 20, 17, 42, 52, 18, 58, 45, 50, 54, 4], "in_group_a_range": 2.8, "out_group_r_range": 2.0, "out_group_r_strength": 47.599999999999994, "attractor_count": 32, "target_a_strength": 22000000000.0, "out_group_a_range": 2.8, "radius": 0.3, "in_group_r_strength": 34.0, "in_group_a_strength": 24.0, "position": [-66.23001438018642, -14.955772760447536], "group_id": 0}, {"out_group_a_strength": 17.142857142857142, "pedestrian_id": 66, "target_a_range": 435.0, "in_group_r_range": 2.0, "target": [10000.0, 0.0], "friend_zone": [38, 52, 18, 61, 16, 30, 57, 3, 28, 32, 1, 13, 45, 11, 33, 44, 9, 55, 47, 22, 8, 26, 0, 46, 49, 15, 50, 59, 31, 58, 21, 4], "in_group_a_range": 2.8, "out_group_r_range": 2.0, "out_group_r_strength": 47.599999999999994, "attractor_count": 32, "target_a_strength": 22000000000.0, "out_group_a_range": 2.8, "radius": 0.3, "in_group_r_strength": 34.0, "in_group_a_strength": 24.0, "position": [-59.123641869779384, -7.789586231215824], "group_id": 1}, {"out_group_a_strength": 17.142857142857142, "pedestrian_id": 67, "target_a_range": 435.0, "in_group_r_range": 2.0, "target": [10000.0, 0.0], "friend_zone": [1, 31, 34, 28, 53, 11, 63, 50, 43, 18, 5, 45, 39, 19, 25, 40, 20, 48, 46, 21, 38, 22, 4, 16, 42, 35, 41, 9, 62, 32, 24, 7], "in_group_a_range": 2.8, "out_group_r_range": 2.0, "out_group_r_strength": 47.599999999999994, "attractor_count": 32, "target_a_strength": 22000000000.0, "out_group_a_range": 2.8, "radius": 0.3, "in_group_r_strength": 34.0, "in_group_a_strength": 24.0, "position": [-40.239812092608645, -10.415504977317555], "group_id": 1}]}