{"additional_id_existed_ped": {"0": [102], "1": [101, 103], "2": [102, 103], "3": [101, 102], "4": [103], "5": [101, 103], "6": [100, 101, 103], "7": [100, 101, 102], "8": [100, 101, 103], "9": [100, 103], "10": [100, 102, 103], "11": [100, 102, 103], "12": [102], "13": [102, 103], "14": [100, 101, 103], "15": [103], "16": [101, 103], "17": [100, 101, 102, 103], "18": [], "19": [101], "20": [101, 102], "21": [100, 102, 103], "22": [100, 103], "23": [100], "24": [102, 103], "25": [], "26": [100, 101, 102], "27": [101, 103], "28": [102, 103], "29": [100], "30": [], "31": [101, 103], "32": [102], "33": [100], "34": [100, 101, 102], "35": [101], "36": [100, 101, 102, 103], "37": [101], "38": [100, 102], "39": [100, 101, 102], "40": [100, 102], "41": [100, 102, 103], "42": [100, 103], "43": [100, 101, 102], "44": [100, 101, 102, 103], "45": [101, 103], "46": [102], "47": [100, 102], "48": [100, 101], "49": [], "50": [100, 101, 102, 103], "51": [101, 102], "52": [100, 102], "53": [103], "54": [100, 102], "55": [100, 101, 102], "56": [102], "57": [100, 102, 103], "58": [103], "59": [100, 103], "60": [100, 101, 102, 103], "61": [100, 101], "62": [100, 101], "63": [102, 103], "64": [100, 101, 102, 103], "65": [100, 101], "66": [101], "67": [100, 101, 103], "68": [103], "69": [100, 102], "70": [101, 103], "71": [100, 101, 102, 103], "72": [100, 103], "73": [100, 101], "74": [101, 102], "75": [101, 103], "76": [100, 101, 102], "77": [100, 101], "78": [101, 103], "79": [100, 102, 103], "80": [100], "81": [102], "82": [100, 102], "83": [103], "84": [100, 102, 103], "85": [102], "86": [101, 103], "87": [101, 102, 103], "88": [101], "89": [100, 101], "90": [101, 102], "91": [101, 102, 103], "92": [], "93": [101, 102], "94": [102, 103], "95": [100, 102], "96": [101, 103], "97": [103], "98": [101, 103], "99": [100]}, "frame_second": "2000", "pedestrian_list": [{"out_group_a_strength": 17.142857142857142, "pedestrian_id": 100, "target_a_range": 435.0, "in_group_r_range": 2.0, "target": [10000.0, 0.0], "friend_zone": [8, 36, 5, 75, 67, 65, 11, 79, 32, 57, 99, 9, 2, 96, 61, 30, 20, 81, 16, 76, 13, 10, 66, 71, 68, 38, 55, 72, 34, 41, 21, 12, 51, 31, 64, 91, 58, 42, 19, 97, 7, 89, 14, 80, 78, 6, 48, 82, 94, 69], "in_group_a_range": 2.8, "out_group_r_range": 2.0, "out_group_r_strength": 47.599999999999994, "attractor_count": 50, "target_a_strength": 22000000000.0, "out_group_a_range": 2.8, "radius": 0.3, "in_group_r_strength": 34.0, "in_group_a_strength": 24.0, "position": [-48.05737959100074, 15.591342411953677], "group_id": 0}, {"out_group_a_strength": 17.142857142857142, "pedestrian_id": 101, "target_a_range": 435.0, "in_group_r_range": 2.0, "target": [10000.0, 0.0], "friend_zone": [38, 70, 36, 79, 29, 35, 75, 11, 58, 15, 25, 76, 89, 63, 96, 57, 85, 82, 59, 40, 64, 47, 72, 37, 18, 67, 17, 95, 14, 28, 24, 20, 27, 81, 71, 74, 44, 23, 12, 80, 30, 77, 43, 69, 60, 45, 62, 16, 68, 22], "in_group_a_range": 2.8, "out_group_r_range": 2.0, "out_group_r_strength": 47.599999999999994, "attractor_count": 50, "target_a_strength": 22000000000.0, "out_group_a_range": 2.8, "radius": 0.3, "in_group_r_strength": 34.0, "in_group_a_strength": 24.0, "position": [-62.334178029541, 15.594773977157663], "group_id": 0}, {"out_group_a_strength": 17.142857142857142, "pedestrian_id": 102, "target_a_range": 435.0, "in_group_r_range": 2.0, "target": [10000.0, 0.0], "friend_zone": [86, 87, 48, 99, 28, 52, 37, 17, 55, 62, 8, 85, 74, 42, 75, 21, 18, 26, 47, 89, 68, 70, 59, 34, 73, 79, 44, 60, 10, 2, 4, 32, 98, 1, 50, 90, 13, 14, 54, 35, 33, 29, 77, 23, 71, 78, 30, 31, 11, 56], "in_group_a_range": 2.8, "out_group_r_range": 2.0, "out_group_r_strength": 47.599999999999994, "attractor_count": 50, "target_a_strength": 22000000000.0, "out_group_a_range": 2.8, "radius": 0.3, "in_group_r_strength": 34.0, "in_group_a_strength": 24.0, "position": [-64.30053952973012, -2.623377013950709], "group_id": 1}, {"out_group_a_strength": 17.142857142857142, "pedestrian_id": 103, "target_a_range": 435.0, "in_group_r_range": 2.0, "target": [10000.0, 0.0], "friend_zone": [92, 14, 25, 77, 30, 17, 66, 9, 45, 95, 16, 69, 65, 0, 68, 56, 13, 37, 42, 3, 18, 44, 63, 5, 79, 8, 89, 32, 48, 64, 51, 21, 2, 33, 22, 35, 87, 27, 99, 34, 76, 23, 20, 91, 10, 82, 85, 43, 96, 50], "in_group_a_range": 2.8, "out_group_r_range": 2.0, "out_group_r_strength": 47.599999999999994, "attractor_count": 50, "target_a_strength": 22000000000.0, "out_group_a_range": 2.8, "radius": 0.3, "in_group_r_strength": 34.0, "in_group_a_strength": 24.0, "position": [-66.91059895481293, -8.425403306144775], "group_id": 1}]}