{"additional_id_existed_ped": {"0": [32, 33, 34], "1": [32, 33, 35], "2": [32, 34, 35], "3": [33, 35], "4": [32, 33], "5": [34, 35], "6": [34, 35], "7": [34], "8": [32, 35], "9": [32, 33, 34, 35], "10": [32, 34], "11": [32, 33, 34, 35], "12": [32], "13": [34, 35], "14": [32, 33, 34], "15": [33, 34, 35], "16": [33, 34], "17": [32, 33, 35], "18": [32, 34], "19": [33], "20": [34], "21": [32, 33], "22": [32, 33, 35], "23": [33, 35], "24": [35], "25": [32], "26": [], "27": [33, 34], "28": [], "29": [], "30": [35], "31": [32, 33, 34, 35]}, "frame_second": "300", "pedestrian_list": [{"out_group_a_strength": 17.142857142857142, "pedestrian_id": 32, "target_a_range": 435.0, "in_group_r_range": 2.0, "target": [10000.0, 0.0], "friend_zone": [18, 9, 11, 31, 27, 16, 17, 10, 3, 12, 2, 8, 23, 29, 15, 0], "in_group_a_range": 2.8, "out_group_r_range": 2.0, "out_group_r_strength": 47.599999999999994, "attractor_count": 16, "target_a_strength": 22000000000.0, "out_group_a_range": 2.8, "radius": 0.3, "in_group_r_strength": 34.0, "in_group_a_strength": 24.0, "position": [-48.07237022442632, 16.230564371209283], "group_id": 0}, {"out_group_a_strength": 17.142857142857142, "pedestrian_id": 33, "target_a_range": 435.0, "in_group_r_range": 2.0, "target": [10000.0, 0.0], "friend_zone": [24, 26, 15, 2, 3, 12, 19, 1, 6, 8, 9, 27, 22, 25, 14, 5], "in_group_a_range": 2.8, "out_group_r_range": 2.0, "out_group_r_strength": 47.599999999999994, "attractor_count": 16, "target_a_strength": 22000000000.0, "out_group_a_range": 2.8, "radius": 0.3, "in_group_r_strength": 34.0, "in_group_a_strength": 24.0, "position": [-50.663275063671016, 14.293847296963518], "group_id": 0}, {"out_group_a_strength": 17.142857142857142, "pedestrian_id": 34, "target_a_range": 435.0, "in_group_r_range": 2.0, "target": [10000.0, 0.0], "friend_zone": [1, 4, 20, 3, 15, 9, 27, 26, 30, 10, 22, 17, 8, 11, 0, 31], "in_group_a_range": 2.8, "out_group_r_range": 2.0, "out_group_r_strength": 47.599999999999994, "attractor_count": 16, "target_a_strength": 22000000000.0, "out_group_a_range": 2.8, "radius": 0.3, "in_group_r_strength": 34.0, "in_group_a_strength": 24.0, "position": [-56.49229971950128, -17.53671092634148], "group_id": 1}, {"out_group_a_strength": 17.142857142857142, "pedestrian_id": 35, "target_a_range": 435.0, "in_group_r_range": 2.0, "target": [10000.0, 0.0], "friend_zone": [16, 8, 3, 10, 21, 12, 27, 25, 31, 11, 28, 4, 29, 1, 18, 6], "in_group_a_range": 2.8, "out_group_r_range": 2.0, "out_group_r_strength": 47.599999999999994, "attractor_count": 16, "target_a_strength": 22000000000.0, "out_group_a_range": 2.8, "radius": 0.3, "in_group_r_strength": 34.0, "in_group_a_strength": 24.0, "position": [-68.19038690514638, -17.557201292617194], "group_id": 1}]}