{"additional_id_existed_ped": {"0": [36, 38, 39], "1": [39], "2": [36], "3": [38], "4": [36, 37, 38], "5": [37, 38, 39], "6": [36, 38], "7": [], "8": [36, 37, 38, 39], "9": [36, 37, 39], "10": [37, 39], "11": [37, 38], "12": [], "13": [36, 38, 39], "14": [37, 38], "15": [39], "16": [36, 37, 38, 39], "17": [36, 38], "18": [36, 37, 39], "19": [], "20": [36, 37], "21": [37, 39], "22": [39], "23": [36, 37, 39], "24": [38], "25": [37], "26": [], "27": [36, 38], "28": [36, 38], "29": [36, 38], "30": [36, 37, 38, 39], "31": [37, 38], "32": [37, 39], "33": [37, 39], "34": [36, 38, 39], "35": [36, 37, 39]}, "frame_second": "400", "pedestrian_list": [{"out_group_a_strength": 17.142857142857142, "pedestrian_id": 36, "target_a_range": 435.0, "in_group_r_range": 2.0, "target": [10000.0, 0.0], "friend_zone": [4, 7, 27, 33, 30, 31, 22, 19, 25, 35, 26, 3, 28, 20, 0, 12, 21, 17], "in_group_a_range": 2.8, "out_group_r_range": 2.0, "out_group_r_strength": 47.599999999999994, "attractor_count": 18, "target_a_strength": 22000000000.0, "out_group_a_range": 2.8, "radius": 0.3, "in_group_r_strength": 34.0, "in_group_a_strength": 24.0, "position": [-43.49403638876378, -14.323957859150774], "group_id": 0}, {"out_group_a_strength": 17.142857142857142, "pedestrian_id": 37, "target_a_range": 435.0, "in_group_r_range": 2.0, "target": [10000.0, 0.0], "friend_zone": [10, 5, 18, 12, 1, 24, 21, 27, 7, 4, 25, 29, 31, 23, 32, 13, 19, 30], "in_group_a_range": 2.8, "out_group_r_range": 2.0, "out_group_r_strength": 47.599999999999994, "attractor_count": 18, "target_a_strength": 22000000000.0, "out_group_a_range": 2.8, "radius": 0.3, "in_group_r_strength": 34.0, "in_group_a_strength": 24.0, "position": [-33.09101266090402, -0.6426864172807916], "group_id": 0}, {"out_group_a_strength": 17.142857142857142, "pedestrian_id": 38, "target_a_range": 435.0, "in_group_r_range": 2.0, "target": [10000.0, 0.0], "friend_zone": [13, 10, 15, 21, 9, 3, 19, 0, 20, 33, 27, 34, 23, 8, 7, 25, 35, 22], "in_group_a_range": 2.8, "out_group_r_range": 2.0, "out_group_r_strength": 47.599999999999994, "attractor_count": 18, "target_a_strength": 22000000000.0, "out_group_a_range": 2.8, "radius": 0.3, "in_group_r_strength": 34.0, "in_group_a_strength": 24.0, "position": [-48.69347218507685, 5.869145000548535], "group_id": 1}, {"out_group_a_strength": 17.142857142857142, "pedestrian_id": 39, "target_a_range": 435.0, "in_group_r_range": 2.0, "target": [10000.0, 0.0], "friend_zone": [15, 26, 7, 14, 21, 23, 25, 33, 16, 11, 31, 12, 19, 0, 34, 32, 22, 27], "in_group_a_range": 2.8, "out_group_r_range": 2.0, "out_group_r_strength": 47.599999999999994, "attractor_count": 18, "target_a_strength": 22000000000.0, "out_group_a_range": 2.8, "radius": 0.3, "in_group_r_strength": 34.0, "in_group_a_strength": 24.0, "position": [-54.54469695459397, 0.020096883790220788], "group_id": 1}]}