{"additional_id_existed_ped": {"0": [41], "1": [40, 41, 43], "2": [40, 41], "3": [40, 42], "4": [41, 42, 43], "5": [41, 42], "6": [42], "7": [40, 42], "8": [42, 43], "9": [43], "10": [40, 43], "11": [42], "12": [41, 42, 43], "13": [40, 42, 43], "14": [40, 41, 42, 43], "15": [40, 42, 43], "16": [40, 41, 43], "17": [41, 42], "18": [42], "19": [], "20": [40, 41], "21": [41, 43], "22": [40, 41], "23": [43], "24": [41], "25": [41, 42], "26": [43], "27": [40, 42], "28": [41, 43], "29": [40], "30": [40, 42, 43], "31": [41], "32": [40, 43], "33": [40, 41, 42, 43], "34": [40, 42, 43], "35": [40, 42], "36": [41], "37": [41, 43], "38": [40, 41], "39": [40, 42, 43]}, "frame_second": "500", "pedestrian_list": [{"out_group_a_strength": 17.142857142857142, "pedestrian_id": 40, "target_a_range": 435.0, "in_group_r_range": 2.0, "target": [10000.0, 0.0], "friend_zone": [9, 34, 31, 5, 10, 1, 25, 20, 18, 7, 12, 23, 13, 17, 24, 39, 36, 27, 30, 32], "in_group_a_range": 2.8, "out_group_r_range": 2.0, "out_group_r_strength": 47.599999999999994, "attractor_count": 20, "target_a_strength": 22000000000.0, "out_group_a_range": 2.8, "radius": 0.3, "in_group_r_strength": 34.0, "in_group_a_strength": 24.0, "position": [-61.06795485497664, 5.851554092598899], "group_id": 0}, {"out_group_a_strength": 17.142857142857142, "pedestrian_id": 41, "target_a_range": 435.0, "in_group_r_range": 2.0, "target": [10000.0, 0.0], "friend_zone": [9, 18, 35, 12, 34, 10, 11, 27, 17, 4, 16, 3, 8, 22, 7, 38, 26, 29, 25, 5], "in_group_a_range": 2.8, "out_group_r_range": 2.0, "out_group_r_strength": 47.599999999999994, "attractor_count": 20, "target_a_strength": 22000000000.0, "out_group_a_range": 2.8, "radius": 0.3, "in_group_r_strength": 34.0, "in_group_a_strength": 24.0, "position": [-41.56749695750101, -16.226191786890237], "group_id": 0}, {"out_group_a_strength": 17.142857142857142, "pedestrian_id": 42, "target_a_range": 435.0, "in_group_r_range": 2.0, "target": [10000.0, 0.0], "friend_zone": [29, 20, 7, 37, 8, 24, 34, 16, 15, 21, 27, 38, 23, 36, 11, 9, 12, 17, 10, 30], "in_group_a_range": 2.8, "out_group_r_range": 2.0, "out_group_r_strength": 47.599999999999994, "attractor_count": 20, "target_a_strength": 22000000000.0, "out_group_a_range": 2.8, "radius": 0.3, "in_group_r_strength": 34.0, "in_group_a_strength": 24.0, "position": [-38.95876213085001, 5.836785382767889], "group_id": 1}, {"out_group_a_strength": 17.142857142857142, "pedestrian_id": 43, "target_a_range": 435.0, "in_group_r_range": 2.0, "target": [10000.0, 0.0], "friend_zone": [18, 24, 31, 23, 6, 26, 25, 39, 22, 32, 30, 29, 15, 10, 38, 9, 36, 28, 14, 37], "in_group_a_range": 2.8, "out_group_r_range": 2.0, "out_group_r_strength": 47.599999999999994, "attractor_count": 20, "target_a_strength": 22000000000.0, "out_group_a_range": 2.8, "radius": 0.3, "in_group_r_strength": 34.0, "in_group_a_strength": 24.0, "position": [-47.39001887573932, 1.9745066994202394], "group_id": 1}]}