{"additional_id_existed_ped": {"0": [45, 46, 47], "1": [46, 47], "2": [44, 45, 47], "3": [45], "4": [44, 45], "5": [45, 46, 47], "6": [44, 46], "7": [44, 45, 46, 47], "8": [44, 46, 47], "9": [45, 47], "10": [44, 45, 46, 47], "11": [44, 46], "12": [45, 47], "13": [44, 45, 46], "14": [47], "15": [44, 47], "16": [45, 46], "17": [46], "18": [45, 47], "19": [46, 47], "20": [44, 45, 46, 47], "21": [44, 45, 47], "22": [44, 47], "23": [44, 46], "24": [44, 45], "25": [44, 45, 46, 47], "26": [45], "27": [44, 46, 47], "28": [44, 45], "29": [46], "30": [], "31": [], "32": [44, 46], "33": [44, 45, 46], "34": [47], "35": [44], "36": [45], "37": [44, 46, 47], "38": [44, 46, 47], "39": [45], "40": [46, 47], "41": [], "42": [], "43": [45]}, "frame_second": "600", "pedestrian_list": [{"out_group_a_strength": 17.142857142857142, "pedestrian_id": 44, "target_a_range": 435.0, "in_group_r_range": 2.0, "target": [10000.0, 0.0], "friend_zone": [0, 7, 26, 35, 41, 25, 38, 2, 8, 12, 15, 24, 1, 5, 19, 36, 30, 27, 34, 3, 40, 17], "in_group_a_range": 2.8, "out_group_r_range": 2.0, "out_group_r_strength": 47.599999999999994, "attractor_count": 22, "target_a_strength": 22000000000.0, "out_group_a_range": 2.8, "radius": 0.3, "in_group_r_strength": 34.0, "in_group_a_strength": 24.0, "position": [-55.84479712101474, -0.6251884657998621], "group_id": 0}, {"out_group_a_strength": 17.142857142857142, "pedestrian_id": 45, "target_a_range": 435.0, "in_group_r_range": 2.0, "target": [10000.0, 0.0], "friend_zone": [6, 28, 32, 14, 2, 1, 21, 27, 39, 9, 19, 7, 26, 30, 5, 35, 42, 34, 43, 16, 18, 3], "in_group_a_range": 2.8, "out_group_r_range": 2.0, "out_group_r_strength": 47.599999999999994, "attractor_count": 22, "target_a_strength": 22000000000.0, "out_group_a_range": 2.8, "radius": 0.3, "in_group_r_strength": 34.0, "in_group_a_strength": 24.0, "position": [-44.143876678347986, 17.541622186338177], "group_id": 0}, {"out_group_a_strength": 17.142857142857142, "pedestrian_id": 46, "target_a_range": 435.0, "in_group_r_range": 2.0, "target": [10000.0, 0.0], "friend_zone": [36, 27, 22, 14, 35, 33, 11, 15, 31, 5, 32, 43, 12, 1, 3, 18, 19, 25, 41, 28, 23, 17], "in_group_a_range": 2.8, "out_group_r_range": 2.0, "out_group_r_strength": 47.599999999999994, "attractor_count": 22, "target_a_strength": 22000000000.0, "out_group_a_range": 2.8, "radius": 0.3, "in_group_r_strength": 34.0, "in_group_a_strength": 24.0, "position": [-54.57452959240424, -1.2899315468406387], "group_id": 1}, {"out_group_a_strength": 17.142857142857142, "pedestrian_id": 47, "target_a_range": 435.0, "in_group_r_range": 2.0, "target": [10000.0, 0.0], "friend_zone": [20, 19, 0, 26, 8, 5, 13, 21, 43, 31, 32, 33, 22, 7, 29, 30, 16, 17, 41, 18, 6, 24], "in_group_a_range": 2.8, "out_group_r_range": 2.0, "out_group_r_strength": 47.599999999999994, "attractor_count": 22, "target_a_strength": 22000000000.0, "out_group_a_range": 2.8, "radius": 0.3, "in_group_r_strength": 34.0, "in_group_a_strength": 24.0, "position": [-43.495384316986886, 4.537776873231332], "group_id": 1}]}