{"additional_id_existed_ped": {"0": [53, 54, 55], "1": [52], "2": [54], "3": [52, 53], "4": [], "5": [52, 53, 54], "6": [54], "7": [52, 53, 54, 55], "8": [55], "9": [52, 54, 55], "10": [53], "11": [52, 54, 55], "12": [52, 54], "13": [52, 54], "14": [53, 54, 55], "15": [54], "16": [52, 55], "17": [52, 53], "18": [55], "19": [52, 53, 54, 55], "20": [52, 53, 54], "21": [53, 55], "22": [52, 55], "23": [52, 53], "24": [53, 54, 55], "25": [55], "26": [52, 53, 55], "27": [], "28": [], "29": [53, 54, 55], "30": [52, 54, 55], "31": [52, 53], "32": [53, 55], "33": [], "34": [55], "35": [], "36": [], "37": [52, 54, 55], "38": [53, 54, 55], "39": [52, 53, 54], "40": [52, 53, 54, 55], "41": [], "42": [52, 53, 54, 55], "43": [52, 53, 54], "44": [53, 54, 55], "45": [52], "46": [52, 53, 54, 55], "47": [53, 54, 55], "48": [52, 53], "49": [52], "50": [53, 54, 55], "51": []}, "frame_second": "800", "pedestrian_list": [{"out_group_a_strength": 17.142857142857142, "pedestrian_id": 52, "target_a_range": 435.0, "in_group_r_range": 2.0, "target": [10000.0, 0.0], "friend_zone": [15, 24, 21, 4, 35, 29, 16, 7, 23, 41, 13, 8, 5, 34, 40, 28, 48, 10, 3, 50, 49, 51, 33, 39, 27, 17], "in_group_a_range": 2.8, "out_group_r_range": 2.0, "out_group_r_strength": 47.599999999999994, "attractor_count": 26, "target_a_strength": 22000000000.0, "out_group_a_range": 2.8, "radius": 0.3, "in_group_r_strength": 34.0, "in_group_a_strength": 24.0, "position": [-54.53258319609871, 11.695608215729724], "group_id": 0}, {"out_group_a_strength": 17.142857142857142, "pedestrian_id": 53, "target_a_range": 435.0, "in_group_r_range": 2.0, "target": [10000.0, 0.0], "friend_zone": [42, 44, 20, 37, 39, 2, 18, 0, 46, 33, 34, 41, 26, 30, 10, 24, 40, 45, 35, 23, 22, 31, 19, 17, 27, 7], "in_group_a_range": 2.8, "out_group_r_range": 2.0, "out_group_r_strength": 47.599999999999994, "attractor_count": 26, "target_a_strength": 22000000000.0, "out_group_a_range": 2.8, "radius": 0.3, "in_group_r_strength": 34.0, "in_group_a_strength": 24.0, "position": [-36.3529471702292, -13.002965726062529], "group_id": 0}, {"out_group_a_strength": 17.142857142857142, "pedestrian_id": 54, "target_a_range": 435.0, "in_group_r_range": 2.0, "target": [10000.0, 0.0], "friend_zone": [19, 27, 38, 43, 47, 44, 42, 11, 34, 2, 20, 13, 22, 28, 41, 50, 18, 3, 21, 5, 45, 40, 31, 12, 8, 0], "in_group_a_range": 2.8, "out_group_r_range": 2.0, "out_group_r_strength": 47.599999999999994, "attractor_count": 26, "target_a_strength": 22000000000.0, "out_group_a_range": 2.8, "radius": 0.3, "in_group_r_strength": 34.0, "in_group_a_strength": 24.0, "position": [-56.48387282368969, -13.658485337328303], "group_id": 1}, {"out_group_a_strength": 17.142857142857142, "pedestrian_id": 55, "target_a_range": 435.0, "in_group_r_range": 2.0, "target": [10000.0, 0.0], "friend_zone": [38, 42, 6, 17, 47, 31, 13, 49, 35, 10, 26, 40, 51, 4, 29, 3, 30, 22, 41, 43, 33, 7, 39, 12, 21, 36], "in_group_a_range": 2.8, "out_group_r_range": 2.0, "out_group_r_strength": 47.599999999999994, "attractor_count": 26, "target_a_strength": 22000000000.0, "out_group_a_range": 2.8, "radius": 0.3, "in_group_r_strength": 34.0, "in_group_a_strength": 24.0, "position": [-36.33207239085812, -10.376286686453042], "group_id": 1}]}