{"additional_id_existed_ped": {"0": [56, 57], "1": [56, 57, 59], "2": [57], "3": [57, 58], "4": [], "5": [56, 57, 58], "6": [], "7": [56, 57, 58, 59], "8": [56, 57, 58, 59], "9": [56, 57, 58], "10": [56, 59], "11": [56, 57, 59], "12": [56, 58], "13": [], "14": [57, 58], "15": [57, 58], "16": [58, 59], "17": [56, 58, 59], "18": [59], "19": [56], "20": [58], "21": [57, 58, 59], "22": [], "23": [58], "24": [59], "25": [56, 58, 59], "26": [56, 57, 58], "27": [56, 57, 58, 59], "28": [58, 59], "29": [56, 58], "30": [57, 58, 59], "31": [56, 57, 58, 59], "32": [59], "33": [58], "34": [56, 57], "35": [57, 59], "36": [59], "37": [56, 57, 59], "38": [56], "39": [56], "40": [56], "41": [56, 57], "42": [58], "43": [56], "44": [56, 58, 59], "45": [57, 58], "46": [56, 59], "47": [57, 59], "48": [57, 58, 59], "49": [], "50": [57, 58, 59], "51": [57, 58, 59], "52": [56, 57, 58, 59], "53": [57, 59], "54": [56, 57, 59], "55": [56]}, "frame_second": "900", "pedestrian_list": [{"out_group_a_strength": 17.142857142857142, "pedestrian_id": 56, "target_a_range": 435.0, "in_group_r_range": 2.0, "target": [10000.0, 0.0], "friend_zone": [50, 36, 47, 11, 39, 42, 34, 21, 20, 29, 55, 2, 0, 25, 9, 7, 33, 54, 3, 19, 32, 27, 18, 10, 52, 5, 28, 43], "in_group_a_range": 2.8, "out_group_r_range": 2.0, "out_group_r_strength": 47.599999999999994, "attractor_count": 28, "target_a_strength": 22000000000.0, "out_group_a_range": 2.8, "radius": 0.3, "in_group_r_strength": 34.0, "in_group_a_strength": 24.0, "position": [-62.986376288248586, 4.5682612062119645], "group_id": 0}, {"out_group_a_strength": 17.142857142857142, "pedestrian_id": 57, "target_a_range": 435.0, "in_group_r_range": 2.0, "target": [10000.0, 0.0], "friend_zone": [34, 32, 15, 26, 49, 42, 55, 37, 23, 25, 30, 48, 51, 38, 29, 28, 45, 19, 46, 9, 33, 36, 50, 12, 31, 44, 18, 52], "in_group_a_range": 2.8, "out_group_r_range": 2.0, "out_group_r_strength": 47.599999999999994, "attractor_count": 28, "target_a_strength": 22000000000.0, "out_group_a_range": 2.8, "radius": 0.3, "in_group_r_strength": 34.0, "in_group_a_strength": 24.0, "position": [-68.21951090257149, -3.876551063450294], "group_id": 0}, {"out_group_a_strength": 17.142857142857142, "pedestrian_id": 58, "target_a_range": 435.0, "in_group_r_range": 2.0, "target": [10000.0, 0.0], "friend_zone": [27, 51, 44, 21, 40, 41, 49, 4, 42, 6, 53, 5, 54, 10, 19, 47, 46, 31, 29, 18, 22, 34, 45, 2, 50, 25, 13, 35], "in_group_a_range": 2.8, "out_group_r_range": 2.0, "out_group_r_strength": 47.599999999999994, "attractor_count": 28, "target_a_strength": 22000000000.0, "out_group_a_range": 2.8, "radius": 0.3, "in_group_r_strength": 34.0, "in_group_a_strength": 24.0, "position": [-54.57185809833586, 2.610667168625542], "group_id": 1}, {"out_group_a_strength": 17.142857142857142, "pedestrian_id": 59, "target_a_range": 435.0, "in_group_r_range": 2.0, "target": [10000.0, 0.0], "friend_zone": [51, 29, 19, 7, 23, 24, 22, 49, 34, 33, 48, 36, 2, 45, 44, 47, 50, 54, 28, 8, 43, 10, 9, 37, 32, 12, 1, 18], "in_group_a_range": 2.8, "out_group_r_range": 2.0, "out_group_r_strength": 47.599999999999994, "attractor_count": 28, "target_a_strength": 22000000000.0, "out_group_a_range": 2.8, "radius": 0.3, "in_group_r_strength": 34.0, "in_group_a_strength": 24.0, "position": [-64.94883887199327, 17.532236233950805], "group_id": 1}]}