{"frame_second": "400", "additional_id_existed_ped": {"0": [37, 39], "1": [36], "2": [38, 39], "3": [36, 37, 38], "4": [36, 39], "5": [36, 39], "6": [38], "7": [36, 37], "8": [37], "9": [36, 37, 38, 39], "10": [38], "11": [36, 38, 39], "12": [36, 37], "13": [38], "14": [36, 37, 38, 39], "15": [36, 39], "16": [36, 39], "17": [38, 39], "18": [], "19": [], "20": [36, 37, 38, 39], "21": [], "22": [38, 39], "23": [36, 37, 38, 39], "24": [37, 38], "25": [37, 38, 39], "26": [37], "27": [37, 39], "28": [], "29": [37, 38], "30": [36, 38], "31": [36, 39], "32": [37, 39], "33": [36, 37], "34": [36, 37, 38, 39], "35": [36, 37, 38]}, "pedestrian_list": [{"in_group_a_range": 2.8, "out_group_r_range": 2.0, "position": [-50.652334076969105, 3.9105242068660284], "friend_zone": [7, 18, 1, 33, 24, 25, 30, 15, 32, 26, 22, 4, 6, 11, 20, 23, 8, 13], "in_group_r_strength": 40, "attractor_count": 18, "target": [10000.0, 0.0], "out_group_a_range": 2.8, "group_id": 0, "in_group_r_range": 2.0, "target_a_strength": 22000000000, "pedestrian_id": 36, "target_a_range": 435, "out_group_r_strength": 120.0, "radius": 0.3, "in_group_a_strength": 20, "out_group_a_strength": 6.666666666666666}, {"in_group_a_range": 2.8, "out_group_r_range": 2.0, "position": [-55.18139158272822, 5.17673277908097], "friend_zone": [22, 33, 16, 20, 31, 34, 28, 11, 5, 25, 13, 10, 30, 32, 27, 6, 7, 15], "in_group_r_strength": 40, "attractor_count": 18, "target": [10000.0, 0.0], "out_group_a_range": 2.8, "group_id": 0, "in_group_r_range": 2.0, "target_a_strength": 22000000000, "pedestrian_id": 37, "target_a_range": 435, "out_group_r_strength": 120.0, "radius": 0.3, "in_group_a_strength": 20, "out_group_a_strength": 6.666666666666666}, {"in_group_a_range": 2.8, "out_group_r_range": 2.0, "position": [-30.513995283729052, -9.102653450116717], "friend_zone": [19, 1, 26, 31, 18, 23, 25, 14, 12, 6, 17, 11, 9, 3, 32, 13, 30, 21], "in_group_r_strength": 40, "attractor_count": 18, "target": [10000.0, 0.0], "out_group_a_range": 2.8, "group_id": 1, "in_group_r_range": 2.0, "target_a_strength": 22000000000, "pedestrian_id": 38, "target_a_range": 435, "out_group_r_strength": 120.0, "radius": 0.3, "in_group_a_strength": 20, "out_group_a_strength": 6.666666666666666}, {"in_group_a_range": 2.8, "out_group_r_range": 2.0, "position": [-63.01789645367663, -2.591967376380833], "friend_zone": [10, 21, 7, 13, 29, 33, 22, 3, 17, 25, 19, 1, 24, 0, 26, 16, 15, 34], "in_group_r_strength": 40, "attractor_count": 18, "target": [10000.0, 0.0], "out_group_a_range": 2.8, "group_id": 1, "in_group_r_range": 2.0, "target_a_strength": 22000000000, "pedestrian_id": 39, "target_a_range": 435, "out_group_r_strength": 120.0, "radius": 0.3, "in_group_a_strength": 20, "out_group_a_strength": 6.666666666666666}]}