{"frame_second": "300", "additional_id_existed_ped": {"0": [35], "1": [34, 35], "2": [34, 35], "3": [32, 33, 34], "4": [33], "5": [35], "6": [32, 33], "7": [34], "8": [32, 34], "9": [32, 33, 35], "10": [32, 34], "11": [32, 35], "12": [34], "13": [32, 33, 34], "14": [32, 33, 35], "15": [32, 35], "16": [32, 33, 34, 35], "17": [32, 33, 34], "18": [32, 34, 35], "19": [32, 35], "20": [33], "21": [32, 33, 34], "22": [32, 33], "23": [33, 35], "24": [], "25": [34], "26": [33, 35], "27": [33, 35], "28": [33, 34], "29": [33, 34, 35], "30": [32, 34, 35], "31": []}, "pedestrian_list": [{"in_group_a_range": 2.8, "out_group_r_range": 2.0, "position": [-52.5773691807964, 9.12136102247903], "friend_zone": [10, 22, 23, 0, 4, 16, 17, 9, 7, 29, 5, 21, 2, 26, 13, 31], "in_group_r_strength": 40, "attractor_count": 16, "target": [10000.0, 0.0], "out_group_a_range": 2.8, "group_id": 0, "in_group_r_range": 2.0, "target_a_strength": 22000000000, "pedestrian_id": 32, "target_a_range": 435, "out_group_r_strength": 120.0, "radius": 0.3, "in_group_a_strength": 20, "out_group_a_strength": 6.666666666666666}, {"in_group_a_range": 2.8, "out_group_r_range": 2.0, "position": [-35.07419878630042, 1.298686586666816], "friend_zone": [13, 16, 27, 30, 19, 7, 17, 15, 31, 25, 18, 14, 24, 2, 0, 10], "in_group_r_strength": 40, "attractor_count": 16, "target": [10000.0, 0.0], "out_group_a_range": 2.8, "group_id": 0, "in_group_r_range": 2.0, "target_a_strength": 22000000000, "pedestrian_id": 33, "target_a_range": 435, "out_group_r_strength": 120.0, "radius": 0.3, "in_group_a_strength": 20, "out_group_a_strength": 6.666666666666666}, {"in_group_a_range": 2.8, "out_group_r_range": 2.0, "position": [-54.53576184514604, -8.45159333516402], "friend_zone": [29, 0, 19, 18, 13, 25, 23, 4, 7, 24, 9, 31, 17, 30, 26, 20], "in_group_r_strength": 40, "attractor_count": 16, "target": [10000.0, 0.0], "out_group_a_range": 2.8, "group_id": 1, "in_group_r_range": 2.0, "target_a_strength": 22000000000, "pedestrian_id": 34, "target_a_range": 435, "out_group_r_strength": 120.0, "radius": 0.3, "in_group_a_strength": 20, "out_group_a_strength": 6.666666666666666}, {"in_group_a_range": 2.8, "out_group_r_range": 2.0, "position": [-38.94751270799039, -7.791456205941546], "friend_zone": [23, 31, 17, 20, 4, 13, 6, 18, 15, 14, 12, 3, 0, 22, 29, 5], "in_group_r_strength": 40, "attractor_count": 16, "target": [10000.0, 0.0], "out_group_a_range": 2.8, "group_id": 1, "in_group_r_range": 2.0, "target_a_strength": 22000000000, "pedestrian_id": 35, "target_a_range": 435, "out_group_r_strength": 120.0, "radius": 0.3, "in_group_a_strength": 20, "out_group_a_strength": 6.666666666666666}]}