{"frame_second": "1200", "additional_id_existed_ped": {"0": [68, 69, 70, 71], "1": [68, 69, 70], "2": [68], "3": [69, 71], "4": [68, 69, 70], "5": [68, 69, 70, 71], "6": [68], "7": [], "8": [68, 69], "9": [], "10": [68], "11": [68, 70], "12": [71], "13": [68, 70], "14": [68, 69, 71], "15": [68], "16": [], "17": [68, 69, 70, 71], "18": [69], "19": [], "20": [69], "21": [68, 69, 70], "22": [69, 71], "23": [68, 69, 70], "24": [69, 71], "25": [71], "26": [70, 71], "27": [70, 71], "28": [68, 70, 71], "29": [70], "30": [68, 71], "31": [71], "32": [71], "33": [68, 69, 70, 71], "34": [71], "35": [68, 69, 70], "36": [68, 70], "37": [70], "38": [68], "39": [70, 71], "40": [68, 69, 70, 71], "41": [68, 69, 70], "42": [70], "43": [70, 71], "44": [68, 69, 70], "45": [69, 70], "46": [69, 70], "47": [68, 69, 70], "48": [69, 71], "49": [68, 71], "50": [70, 71], "51": [69], "52": [68, 69, 71], "53": [69, 71], "54": [70], "55": [68, 70, 71], "56": [68, 69, 70], "57": [68, 71], "58": [70], "59": [69, 71], "60": [69, 70, 71], "61": [68, 69, 71], "62": [68, 71], "63": [69, 71], "64": [69, 71], "65": [68, 70], "66": [68, 69, 70, 71], "67": [69]}, "pedestrian_list": [{"in_group_a_range": 2.8, "out_group_r_range": 2.0, "position": [-49.35334997164758, 7.779968802713077], "friend_zone": [11, 26, 49, 63, 37, 57, 54, 59, 55, 17, 43, 8, 42, 66, 9, 56, 20, 15, 31, 16, 18, 58, 2, 21, 62, 32, 51, 38, 1, 46, 12, 3, 13, 29], "in_group_r_strength": 40, "attractor_count": 34, "target": [10000.0, 0.0], "out_group_a_range": 2.8, "group_id": 0, "in_group_r_range": 2.0, "target_a_strength": 22000000000, "pedestrian_id": 68, "target_a_range": 435, "out_group_r_strength": 120.0, "radius": 0.3, "in_group_a_strength": 20, "out_group_a_strength": 6.666666666666666}, {"in_group_a_range": 2.8, "out_group_r_range": 2.0, "position": [-65.5837102896124, -14.317396073133672], "friend_zone": [3, 35, 43, 38, 51, 10, 49, 60, 1, 19, 64, 29, 67, 15, 66, 57, 59, 47, 8, 44, 7, 34, 54, 39, 37, 23, 62, 4, 5, 42, 61, 14, 40, 13], "in_group_r_strength": 40, "attractor_count": 34, "target": [10000.0, 0.0], "out_group_a_range": 2.8, "group_id": 0, "in_group_r_range": 2.0, "target_a_strength": 22000000000, "pedestrian_id": 69, "target_a_range": 435, "out_group_r_strength": 120.0, "radius": 0.3, "in_group_a_strength": 20, "out_group_a_strength": 6.666666666666666}, {"in_group_a_range": 2.8, "out_group_r_range": 2.0, "position": [-31.128699553462948, 16.883396994736295], "friend_zone": [3, 21, 25, 11, 28, 44, 55, 24, 37, 8, 26, 30, 64, 17, 39, 67, 61, 6, 62, 0, 18, 27, 49, 51, 58, 54, 1, 35, 65, 66, 23, 12, 32, 47], "in_group_r_strength": 40, "attractor_count": 34, "target": [10000.0, 0.0], "out_group_a_range": 2.8, "group_id": 1, "in_group_r_range": 2.0, "target_a_strength": 22000000000, "pedestrian_id": 70, "target_a_range": 435, "out_group_r_strength": 120.0, "radius": 0.3, "in_group_a_strength": 20, "out_group_a_strength": 6.666666666666666}, {"in_group_a_range": 2.8, "out_group_r_range": 2.0, "position": [-58.454692561359415, 13.02071494998159], "friend_zone": [67, 4, 13, 55, 39, 8, 64, 30, 32, 12, 20, 5, 27, 31, 0, 17, 24, 28, 47, 23, 52, 46, 63, 18, 44, 56, 57, 14, 2, 49, 66, 41, 45, 53], "in_group_r_strength": 40, "attractor_count": 34, "target": [10000.0, 0.0], "out_group_a_range": 2.8, "group_id": 1, "in_group_r_range": 2.0, "target_a_strength": 22000000000, "pedestrian_id": 71, "target_a_range": 435, "out_group_r_strength": 120.0, "radius": 0.3, "in_group_a_strength": 20, "out_group_a_strength": 6.666666666666666}]}