{"frame_second": "1600", "additional_id_existed_ped": {"0": [84, 86], "1": [84, 86, 87], "2": [85, 87], "3": [84, 85, 87], "4": [84, 86], "5": [84, 85, 86], "6": [85, 87], "7": [84], "8": [85, 86], "9": [85, 86, 87], "10": [84, 86, 87], "11": [84], "12": [86, 87], "13": [85, 87], "14": [], "15": [], "16": [86, 87], "17": [84, 85, 87], "18": [85, 86, 87], "19": [84, 85, 86, 87], "20": [84, 86, 87], "21": [86, 87], "22": [85, 86], "23": [86, 87], "24": [84, 85], "25": [84, 85], "26": [], "27": [85, 86], "28": [84, 86, 87], "29": [84, 87], "30": [], "31": [86, 87], "32": [87], "33": [84, 86, 87], "34": [85, 86, 87], "35": [85, 86], "36": [84, 86], "37": [84, 85, 86], "38": [84, 85, 86, 87], "39": [86], "40": [84, 85], "41": [84, 85, 86], "42": [84, 85, 86, 87], "43": [84, 85], "44": [84, 85, 87], "45": [85, 86], "46": [86, 87], "47": [], "48": [84, 85, 87], "49": [84], "50": [85, 86, 87], "51": [85, 87], "52": [86], "53": [84], "54": [84, 87], "55": [86, 87], "56": [86], "57": [85, 87], "58": [86], "59": [84, 85, 87], "60": [84, 85], "61": [85, 87], "62": [84, 85, 86], "63": [84, 85, 87], "64": [], "65": [], "66": [84, 85, 86], "67": [84, 85, 87], "68": [84, 87], "69": [], "70": [85, 86], "71": [84, 86], "72": [84, 86, 87], "73": [84, 87], "74": [84, 85, 86, 87], "75": [], "76": [84, 85, 86, 87], "77": [85], "78": [85, 87], "79": [84, 86, 87], "80": [85], "81": [84], "82": [], "83": [85]}, "pedestrian_list": [{"in_group_a_range": 2.8, "out_group_r_range": 2.0, "position": [-33.09724200377581, 14.949523865917346], "friend_zone": [52, 2, 10, 8, 6, 31, 40, 39, 60, 76, 54, 42, 59, 61, 1, 20, 17, 24, 80, 46, 81, 45, 69, 33, 78, 14, 72, 48, 67, 23, 83, 15, 44, 47, 74, 13, 32, 34, 3, 65, 56, 22], "in_group_r_strength": 40, "attractor_count": 42, "target": [10000.0, 0.0], "out_group_a_range": 2.8, "group_id": 0, "in_group_r_range": 2.0, "target_a_strength": 22000000000, "pedestrian_id": 84, "target_a_range": 435, "out_group_r_strength": 120.0, "radius": 0.3, "in_group_a_strength": 20, "out_group_a_strength": 6.666666666666666}, {"in_group_a_range": 2.8, "out_group_r_range": 2.0, "position": [-31.790463697070475, -0.6631257986218018], "friend_zone": [13, 5, 68, 37, 10, 41, 34, 24, 70, 57, 44, 18, 47, 3, 61, 27, 76, 35, 8, 28, 23, 73, 9, 50, 22, 64, 56, 81, 55, 12, 19, 72, 51, 11, 83, 21, 59, 39, 20, 4, 45, 77], "in_group_r_strength": 40, "attractor_count": 42, "target": [10000.0, 0.0], "out_group_a_range": 2.8, "group_id": 0, "in_group_r_range": 2.0, "target_a_strength": 22000000000, "pedestrian_id": 85, "target_a_range": 435, "out_group_r_strength": 120.0, "radius": 0.3, "in_group_a_strength": 20, "out_group_a_strength": 6.666666666666666}, {"in_group_a_range": 2.8, "out_group_r_range": 2.0, "position": [-48.713608727055984, -13.013517282929], "friend_zone": [65, 83, 24, 45, 20, 29, 26, 14, 75, 73, 27, 50, 5, 74, 11, 31, 38, 71, 63, 70, 46, 51, 52, 67, 55, 23, 48, 36, 0, 37, 19, 25, 33, 1, 13, 61, 12, 80, 60, 43, 8, 56], "in_group_r_strength": 40, "attractor_count": 42, "target": [10000.0, 0.0], "out_group_a_range": 2.8, "group_id": 1, "in_group_r_range": 2.0, "target_a_strength": 22000000000, "pedestrian_id": 86, "target_a_range": 435, "out_group_r_strength": 120.0, "radius": 0.3, "in_group_a_strength": 20, "out_group_a_strength": 6.666666666666666}, {"in_group_a_range": 2.8, "out_group_r_range": 2.0, "position": [-42.21689151012404, -0.6392222925300908], "friend_zone": [1, 78, 74, 57, 68, 65, 56, 48, 80, 33, 54, 38, 47, 26, 0, 3, 11, 12, 9, 42, 67, 17, 6, 49, 64, 25, 31, 66, 28, 83, 51, 10, 77, 39, 8, 58, 55, 44, 70, 62, 5, 59], "in_group_r_strength": 40, "attractor_count": 42, "target": [10000.0, 0.0], "out_group_a_range": 2.8, "group_id": 1, "in_group_r_range": 2.0, "target_a_strength": 22000000000, "pedestrian_id": 87, "target_a_range": 435, "out_group_r_strength": 120.0, "radius": 0.3, "in_group_a_strength": 20, "out_group_a_strength": 6.666666666666666}]}