{"frame_second": "1100", "additional_id_existed_ped": {"0": [65], "1": [66, 67], "2": [65, 67], "3": [64, 67], "4": [64, 66, 67], "5": [64, 65], "6": [66], "7": [64, 65, 67], "8": [64, 65, 67], "9": [64, 66], "10": [65], "11": [64, 66], "12": [65, 67], "13": [], "14": [], "15": [64, 65], "16": [64, 66, 67], "17": [65], "18": [64, 65], "19": [64, 67], "20": [66], "21": [64, 66, 67], "22": [65, 66], "23": [], "24": [64, 65], "25": [65, 66, 67], "26": [67], "27": [64, 65, 66, 67], "28": [64, 67], "29": [65, 67], "30": [64, 66, 67], "31": [64, 65, 66, 67], "32": [65, 66, 67], "33": [65, 66, 67], "34": [66], "35": [65], "36": [64, 67], "37": [65, 67], "38": [64, 65, 66, 67], "39": [66], "40": [64, 66, 67], "41": [66], "42": [64, 66, 67], "43": [64, 65], "44": [64, 66, 67], "45": [65, 66], "46": [66], "47": [], "48": [], "49": [65, 67], "50": [64, 65], "51": [64, 66], "52": [64, 65, 67], "53": [65, 66], "54": [64, 66], "55": [64, 66], "56": [], "57": [64, 65, 66], "58": [66, 67], "59": [65], "60": [64, 66, 67], "61": [64, 65, 66, 67], "62": [64, 65, 67], "63": [65, 67]}, "pedestrian_list": [{"in_group_a_range": 2.8, "out_group_r_range": 2.0, "position": [-46.77384657865156, 4.5357323232617555], "friend_zone": [30, 34, 23, 11, 56, 14, 54, 26, 63, 13, 24, 48, 4, 28, 50, 42, 35, 33, 1, 44, 6, 15, 7, 57, 31, 39, 59, 58, 3, 62, 12, 37], "in_group_r_strength": 40, "attractor_count": 32, "target": [10000.0, 0.0], "out_group_a_range": 2.8, "group_id": 0, "in_group_r_range": 2.0, "target_a_strength": 22000000000, "pedestrian_id": 64, "target_a_range": 435, "out_group_r_strength": 120.0, "radius": 0.3, "in_group_a_strength": 20, "out_group_a_strength": 6.666666666666666}, {"in_group_a_range": 2.8, "out_group_r_range": 2.0, "position": [-69.5247866699709, 0.6466935380635834], "friend_zone": [6, 21, 59, 47, 32, 20, 55, 61, 13, 48, 28, 24, 27, 37, 54, 57, 53, 58, 34, 5, 14, 10, 56, 1, 0, 19, 44, 63, 26, 25, 51, 17], "in_group_r_strength": 40, "attractor_count": 32, "target": [10000.0, 0.0], "out_group_a_range": 2.8, "group_id": 0, "in_group_r_range": 2.0, "target_a_strength": 22000000000, "pedestrian_id": 65, "target_a_range": 435, "out_group_r_strength": 120.0, "radius": 0.3, "in_group_a_strength": 20, "out_group_a_strength": 6.666666666666666}, {"in_group_a_range": 2.8, "out_group_r_range": 2.0, "position": [-68.87046044026533, -14.963641021901283], "friend_zone": [58, 52, 45, 30, 41, 28, 40, 16, 59, 7, 23, 8, 19, 9, 54, 50, 14, 53, 51, 47, 62, 49, 63, 6, 60, 57, 48, 25, 12, 55, 26, 10], "in_group_r_strength": 40, "attractor_count": 32, "target": [10000.0, 0.0], "out_group_a_range": 2.8, "group_id": 1, "in_group_r_range": 2.0, "target_a_strength": 22000000000, "pedestrian_id": 66, "target_a_range": 435, "out_group_r_strength": 120.0, "radius": 0.3, "in_group_a_strength": 20, "out_group_a_strength": 6.666666666666666}, {"in_group_a_range": 2.8, "out_group_r_range": 2.0, "position": [-59.09308176991178, 11.056623058457594], "friend_zone": [55, 29, 18, 5, 63, 10, 35, 51, 56, 0, 48, 16, 25, 54, 52, 14, 24, 34, 46, 33, 38, 23, 1, 3, 44, 15, 7, 21, 43, 60, 42, 41], "in_group_r_strength": 40, "attractor_count": 32, "target": [10000.0, 0.0], "out_group_a_range": 2.8, "group_id": 1, "in_group_r_range": 2.0, "target_a_strength": 22000000000, "pedestrian_id": 67, "target_a_range": 435, "out_group_r_strength": 120.0, "radius": 0.3, "in_group_a_strength": 20, "out_group_a_strength": 6.666666666666666}]}