{"frame_second": "1000", "additional_id_existed_ped": {"0": [60, 62, 63], "1": [62, 63], "2": [60, 61, 62, 63], "3": [], "4": [61], "5": [60, 63], "6": [63], "7": [60, 61, 62, 63], "8": [63], "9": [62], "10": [60, 61, 62], "11": [61, 62], "12": [60, 62, 63], "13": [60, 62, 63], "14": [61, 63], "15": [60, 61], "16": [60], "17": [], "18": [60, 61, 62, 63], "19": [62], "20": [61, 62], "21": [62], "22": [60, 61, 62, 63], "23": [60, 61, 63], "24": [61, 63], "25": [60, 61, 62], "26": [62], "27": [63], "28": [60, 61], "29": [60, 62, 63], "30": [60, 63], "31": [60, 61, 62], "32": [60, 61, 63], "33": [60, 61, 63], "34": [], "35": [], "36": [61, 62, 63], "37": [61, 62, 63], "38": [60], "39": [61], "40": [62], "41": [61, 63], "42": [60, 61, 62], "43": [60, 61, 62, 63], "44": [], "45": [62, 63], "46": [], "47": [], "48": [60, 62, 63], "49": [60, 62], "50": [63], "51": [60, 61, 63], "52": [61, 62], "53": [61, 62, 63], "54": [60], "55": [60, 61, 63], "56": [60], "57": [61], "58": [60, 61, 62, 63], "59": [60, 61, 62]}, "pedestrian_list": [{"in_group_a_range": 2.8, "out_group_r_range": 2.0, "position": [-60.377663345693705, 1.2824565305807571], "friend_zone": [8, 49, 32, 16, 4, 55, 44, 1, 2, 5, 52, 43, 24, 13, 40, 21, 36, 37, 57, 50, 53, 27, 28, 30, 42, 58, 39, 6, 33, 45], "in_group_r_strength": 40, "attractor_count": 30, "target": [10000.0, 0.0], "out_group_a_range": 2.8, "group_id": 0, "in_group_r_range": 2.0, "target_a_strength": 22000000000, "pedestrian_id": 60, "target_a_range": 435, "out_group_r_strength": 120.0, "radius": 0.3, "in_group_a_strength": 20, "out_group_a_strength": 6.666666666666666}, {"in_group_a_range": 2.8, "out_group_r_range": 2.0, "position": [-39.57567293468555, 9.092820490909633], "friend_zone": [29, 32, 3, 14, 50, 6, 55, 9, 12, 36, 41, 13, 56, 49, 20, 30, 22, 16, 21, 38, 8, 43, 53, 10, 34, 58, 2, 47, 46, 40], "in_group_r_strength": 40, "attractor_count": 30, "target": [10000.0, 0.0], "out_group_a_range": 2.8, "group_id": 0, "in_group_r_range": 2.0, "target_a_strength": 22000000000, "pedestrian_id": 61, "target_a_range": 435, "out_group_r_strength": 120.0, "radius": 0.3, "in_group_a_strength": 20, "out_group_a_strength": 6.666666666666666}, {"in_group_a_range": 2.8, "out_group_r_range": 2.0, "position": [-56.50256088908916, -13.650621169815729], "friend_zone": [31, 45, 47, 50, 35, 27, 44, 5, 46, 1, 41, 39, 56, 2, 49, 13, 17, 48, 54, 16, 42, 26, 0, 52, 4, 21, 7, 36, 38, 55], "in_group_r_strength": 40, "attractor_count": 30, "target": [10000.0, 0.0], "out_group_a_range": 2.8, "group_id": 1, "in_group_r_range": 2.0, "target_a_strength": 22000000000, "pedestrian_id": 62, "target_a_range": 435, "out_group_r_strength": 120.0, "radius": 0.3, "in_group_a_strength": 20, "out_group_a_strength": 6.666666666666666}, {"in_group_a_range": 2.8, "out_group_r_range": 2.0, "position": [-48.67835784008072, 11.713747083550436], "friend_zone": [22, 8, 48, 35, 27, 11, 24, 55, 34, 53, 6, 59, 29, 33, 2, 1, 54, 14, 17, 23, 36, 28, 5, 16, 49, 37, 51, 30, 57, 52], "in_group_r_strength": 40, "attractor_count": 30, "target": [10000.0, 0.0], "out_group_a_range": 2.8, "group_id": 1, "in_group_r_range": 2.0, "target_a_strength": 22000000000, "pedestrian_id": 63, "target_a_range": 435, "out_group_r_strength": 120.0, "radius": 0.3, "in_group_a_strength": 20, "out_group_a_strength": 6.666666666666666}]}