{"frame_second": "1300", "additional_id_existed_ped": {"0": [73, 75], "1": [72, 75], "2": [72, 74, 75], "3": [73, 74], "4": [72, 73, 75], "5": [73, 74], "6": [72, 74], "7": [72], "8": [73], "9": [72, 73, 74], "10": [72, 73, 75], "11": [], "12": [], "13": [72], "14": [73, 75], "15": [72, 75], "16": [72, 74, 75], "17": [73, 74], "18": [72, 73, 74, 75], "19": [73, 74, 75], "20": [73, 75], "21": [73, 74], "22": [72, 74, 75], "23": [72, 73, 74, 75], "24": [72, 74], "25": [74], "26": [72, 73, 75], "27": [72, 75], "28": [72, 75], "29": [74, 75], "30": [72, 73], "31": [74], "32": [73, 74, 75], "33": [72, 73, 75], "34": [72, 73, 74, 75], "35": [72, 73, 74], "36": [72, 74, 75], "37": [72, 73, 74], "38": [75], "39": [73, 74, 75], "40": [73], "41": [73, 74], "42": [72], "43": [74], "44": [72, 73, 75], "45": [72, 73, 74], "46": [], "47": [73, 74], "48": [72], "49": [74], "50": [72, 74], "51": [73, 75], "52": [74], "53": [74], "54": [72, 75], "55": [], "56": [72, 73, 74], "57": [72], "58": [72, 75], "59": [72, 73, 75], "60": [74, 75], "61": [73, 74, 75], "62": [72, 74, 75], "63": [72, 74], "64": [72, 73, 75], "65": [74], "66": [73, 75], "67": [73, 75], "68": [73, 75], "69": [], "70": [], "71": [73, 75]}, "pedestrian_list": [{"in_group_a_range": 2.8, "out_group_r_range": 2.0, "position": [-41.53233246744557, 3.876960558900135], "friend_zone": [56, 62, 52, 11, 29, 36, 48, 1, 70, 59, 13, 58, 14, 22, 25, 26, 44, 4, 55, 7, 39, 8, 61, 30, 5, 32, 2, 67, 51, 6, 38, 10, 57, 47, 28, 40], "in_group_r_strength": 40, "attractor_count": 36, "target": [10000.0, 0.0], "out_group_a_range": 2.8, "group_id": 0, "in_group_r_range": 2.0, "target_a_strength": 22000000000, "pedestrian_id": 72, "target_a_range": 435, "out_group_r_strength": 120.0, "radius": 0.3, "in_group_a_strength": 20, "out_group_a_strength": 6.666666666666666}, {"in_group_a_range": 2.8, "out_group_r_range": 2.0, "position": [-59.74590490536966, -13.667411749168691], "friend_zone": [26, 12, 11, 9, 3, 55, 71, 0, 68, 49, 37, 52, 27, 46, 65, 67, 14, 66, 41, 50, 23, 70, 6, 24, 45, 53, 44, 38, 69, 4, 33, 61, 56, 10, 59, 36], "in_group_r_strength": 40, "attractor_count": 36, "target": [10000.0, 0.0], "out_group_a_range": 2.8, "group_id": 0, "in_group_r_range": 2.0, "target_a_strength": 22000000000, "pedestrian_id": 73, "target_a_range": 435, "out_group_r_strength": 120.0, "radius": 0.3, "in_group_a_strength": 20, "out_group_a_strength": 6.666666666666666}, {"in_group_a_range": 2.8, "out_group_r_range": 2.0, "position": [-53.24670044537934, -13.015921442995115], "friend_zone": [46, 40, 47, 22, 65, 45, 69, 31, 20, 51, 55, 24, 59, 43, 50, 19, 66, 2, 5, 57, 68, 35, 32, 12, 58, 21, 13, 4, 60, 6, 18, 41, 1, 54, 30, 7], "in_group_r_strength": 40, "attractor_count": 36, "target": [10000.0, 0.0], "out_group_a_range": 2.8, "group_id": 1, "in_group_r_range": 2.0, "target_a_strength": 22000000000, "pedestrian_id": 74, "target_a_range": 435, "out_group_r_strength": 120.0, "radius": 0.3, "in_group_a_strength": 20, "out_group_a_strength": 6.666666666666666}, {"in_group_a_range": 2.8, "out_group_r_range": 2.0, "position": [-46.106000949789575, -16.91942671608785], "friend_zone": [15, 30, 33, 44, 4, 17, 41, 57, 36, 65, 32, 67, 25, 26, 61, 51, 21, 20, 49, 8, 9, 40, 7, 27, 62, 13, 28, 64, 54, 12, 59, 1, 47, 35, 2, 71], "in_group_r_strength": 40, "attractor_count": 36, "target": [10000.0, 0.0], "out_group_a_range": 2.8, "group_id": 1, "in_group_r_range": 2.0, "target_a_strength": 22000000000, "pedestrian_id": 75, "target_a_range": 435, "out_group_r_strength": 120.0, "radius": 0.3, "in_group_a_strength": 20, "out_group_a_strength": 6.666666666666666}]}