{"frame_second": "200", "additional_id_existed_ped": {"0": [28, 29, 30], "1": [29], "2": [28, 30], "3": [], "4": [28, 30, 31], "5": [28, 30], "6": [], "7": [28, 30, 31], "8": [28], "9": [28, 29, 30], "10": [29], "11": [28, 29], "12": [31], "13": [31], "14": [30, 31], "15": [31], "16": [28], "17": [29, 30, 31], "18": [28, 30], "19": [29, 31], "20": [29, 30, 31], "21": [28, 29, 31], "22": [30], "23": [28, 29, 30, 31], "24": [28, 29, 31], "25": [28, 29], "26": [29, 30, 31], "27": [29, 30, 31]}, "pedestrian_list": [{"in_group_a_range": 2.8, "out_group_r_range": 2.0, "position": [-63.0228493957433, -1.303290637234289], "friend_zone": [4, 18, 9, 19, 24, 14, 5, 17, 0, 22, 10, 11, 12, 7], "in_group_r_strength": 40, "attractor_count": 14, "target": [10000.0, 0.0], "out_group_a_range": 2.8, "group_id": 0, "in_group_r_range": 2.0, "target_a_strength": 22000000000, "pedestrian_id": 28, "target_a_range": 435, "out_group_r_strength": 120.0, "radius": 0.3, "in_group_a_strength": 20, "out_group_a_strength": 6.666666666666666}, {"in_group_a_range": 2.8, "out_group_r_range": 2.0, "position": [-69.49842872062784, 1.3092565341294944], "friend_zone": [25, 10, 5, 27, 16, 9, 18, 15, 26, 19, 6, 4, 20, 7], "in_group_r_strength": 40, "attractor_count": 14, "target": [10000.0, 0.0], "out_group_a_range": 2.8, "group_id": 0, "in_group_r_range": 2.0, "target_a_strength": 22000000000, "pedestrian_id": 29, "target_a_range": 435, "out_group_r_strength": 120.0, "radius": 0.3, "in_group_a_strength": 20, "out_group_a_strength": 6.666666666666666}, {"in_group_a_range": 2.8, "out_group_r_range": 2.0, "position": [-44.78869498758948, -14.276850982824826], "friend_zone": [20, 15, 12, 27, 3, 2, 4, 19, 17, 1, 14, 13, 9, 22], "in_group_r_strength": 40, "attractor_count": 14, "target": [10000.0, 0.0], "out_group_a_range": 2.8, "group_id": 1, "in_group_r_range": 2.0, "target_a_strength": 22000000000, "pedestrian_id": 30, "target_a_range": 435, "out_group_r_strength": 120.0, "radius": 0.3, "in_group_a_strength": 20, "out_group_a_strength": 6.666666666666666}, {"in_group_a_range": 2.8, "out_group_r_range": 2.0, "position": [-63.644269689468636, -6.507971989019803], "friend_zone": [2, 24, 21, 25, 5, 10, 19, 14, 16, 17, 20, 22, 8, 18], "in_group_r_strength": 40, "attractor_count": 14, "target": [10000.0, 0.0], "out_group_a_range": 2.8, "group_id": 1, "in_group_r_range": 2.0, "target_a_strength": 22000000000, "pedestrian_id": 31, "target_a_range": 435, "out_group_r_strength": 120.0, "radius": 0.3, "in_group_a_strength": 20, "out_group_a_strength": 6.666666666666666}]}