{"frame_second": "600", "additional_id_existed_ped": {"0": [44, 46], "1": [45], "2": [44, 47], "3": [44, 45, 47], "4": [46], "5": [44, 45, 46], "6": [45, 46, 47], "7": [46], "8": [45, 46], "9": [44, 47], "10": [45, 46, 47], "11": [47], "12": [44, 45, 46], "13": [44, 47], "14": [44, 45], "15": [44, 46], "16": [45, 46], "17": [46, 47], "18": [44, 46], "19": [44, 47], "20": [46], "21": [45, 46, 47], "22": [45], "23": [44, 45, 46, 47], "24": [46], "25": [45, 47], "26": [46, 47], "27": [45, 47], "28": [44], "29": [44, 45, 47], "30": [44, 45], "31": [44, 45, 47], "32": [44, 47], "33": [44, 45, 46, 47], "34": [45], "35": [45, 47], "36": [44, 47], "37": [], "38": [44, 46], "39": [44, 45, 46, 47], "40": [47], "41": [46], "42": [44, 45, 46], "43": []}, "pedestrian_list": [{"in_group_a_range": 2.8, "out_group_r_range": 2.0, "position": [-33.11406743268754, -17.553763254750432], "friend_zone": [11, 29, 39, 37, 20, 7, 19, 25, 28, 13, 6, 34, 15, 17, 9, 0, 4, 14, 36, 41, 5, 32], "in_group_r_strength": 40, "attractor_count": 22, "target": [10000.0, 0.0], "out_group_a_range": 2.8, "group_id": 0, "in_group_r_range": 2.0, "target_a_strength": 22000000000, "pedestrian_id": 44, "target_a_range": 435, "out_group_r_strength": 120.0, "radius": 0.3, "in_group_a_strength": 20, "out_group_a_strength": 6.666666666666666}, {"in_group_a_range": 2.8, "out_group_r_range": 2.0, "position": [-35.06742881538475, -5.869650326420944], "friend_zone": [41, 12, 30, 43, 0, 17, 16, 13, 6, 28, 34, 26, 27, 35, 3, 19, 9, 5, 7, 10, 25, 21], "in_group_r_strength": 40, "attractor_count": 22, "target": [10000.0, 0.0], "out_group_a_range": 2.8, "group_id": 0, "in_group_r_range": 2.0, "target_a_strength": 22000000000, "pedestrian_id": 45, "target_a_range": 435, "out_group_r_strength": 120.0, "radius": 0.3, "in_group_a_strength": 20, "out_group_a_strength": 6.666666666666666}, {"in_group_a_range": 2.8, "out_group_r_range": 2.0, "position": [-55.8611016111436, -4.5579381928153655], "friend_zone": [26, 33, 41, 22, 42, 19, 23, 5, 25, 8, 14, 18, 28, 36, 20, 24, 3, 32, 1, 40, 15, 38], "in_group_r_strength": 40, "attractor_count": 22, "target": [10000.0, 0.0], "out_group_a_range": 2.8, "group_id": 1, "in_group_r_range": 2.0, "target_a_strength": 22000000000, "pedestrian_id": 46, "target_a_range": 435, "out_group_r_strength": 120.0, "radius": 0.3, "in_group_a_strength": 20, "out_group_a_strength": 6.666666666666666}, {"in_group_a_range": 2.8, "out_group_r_range": 2.0, "position": [-63.66310043945523, -14.93317411143467], "friend_zone": [43, 32, 12, 35, 21, 22, 4, 38, 42, 33, 9, 28, 41, 40, 31, 30, 16, 17, 19, 29, 3, 14], "in_group_r_strength": 40, "attractor_count": 22, "target": [10000.0, 0.0], "out_group_a_range": 2.8, "group_id": 1, "in_group_r_range": 2.0, "target_a_strength": 22000000000, "pedestrian_id": 47, "target_a_range": 435, "out_group_r_strength": 120.0, "radius": 0.3, "in_group_a_strength": 20, "out_group_a_strength": 6.666666666666666}]}