{"frame_second": "1500", "additional_id_existed_ped": {"0": [80, 82], "1": [80, 81, 83], "2": [80, 83], "3": [80, 81, 83], "4": [], "5": [80, 82, 83], "6": [80, 82, 83], "7": [80, 82, 83], "8": [80, 81], "9": [81, 82], "10": [80, 81, 82], "11": [], "12": [80, 82], "13": [80, 81, 82, 83], "14": [80, 82, 83], "15": [80], "16": [80, 81, 83], "17": [81, 83], "18": [], "19": [83], "20": [80, 82], "21": [], "22": [81, 82, 83], "23": [80, 83], "24": [81, 83], "25": [82], "26": [80], "27": [83], "28": [80, 81], "29": [81, 83], "30": [80, 82], "31": [83], "32": [80, 82], "33": [82, 83], "34": [81, 82], "35": [81, 82], "36": [81, 82, 83], "37": [81, 83], "38": [81, 82], "39": [81, 82], "40": [], "41": [80, 81, 82, 83], "42": [80, 81, 83], "43": [], "44": [80, 81, 82, 83], "45": [80, 81, 82], "46": [80, 81], "47": [80], "48": [81, 83], "49": [80, 81, 82, 83], "50": [81], "51": [82, 83], "52": [82, 83], "53": [82, 83], "54": [], "55": [81], "56": [82, 83], "57": [83], "58": [80], "59": [80, 82], "60": [80, 83], "61": [80, 83], "62": [81], "63": [80, 82, 83], "64": [82], "65": [80, 81, 82], "66": [82], "67": [80, 81, 82], "68": [81, 83], "69": [81, 82], "70": [81, 83], "71": [80, 81], "72": [80, 81, 82], "73": [80, 83], "74": [81, 82], "75": [81, 82, 83], "76": [83], "77": [80, 81, 82], "78": [80, 81, 82, 83], "79": [80, 81, 83]}, "pedestrian_list": [{"in_group_a_range": 2.8, "out_group_r_range": 2.0, "position": [-37.643462570467165, 6.511924131146338], "friend_zone": [2, 79, 32, 3, 23, 46, 76, 56, 60, 57, 16, 45, 11, 74, 64, 73, 49, 65, 51, 14, 62, 41, 20, 33, 27, 5, 40, 44, 70, 19, 61, 43, 17, 18, 15, 63, 68, 10, 75, 6], "in_group_r_strength": 40, "attractor_count": 40, "target": [10000.0, 0.0], "out_group_a_range": 2.8, "group_id": 0, "in_group_r_range": 2.0, "target_a_strength": 22000000000, "pedestrian_id": 80, "target_a_range": 435, "out_group_r_strength": 120.0, "radius": 0.3, "in_group_a_strength": 20, "out_group_a_strength": 6.666666666666666}, {"in_group_a_range": 2.8, "out_group_r_range": 2.0, "position": [-46.118661127852626, -16.24528842727401], "friend_zone": [5, 13, 14, 28, 10, 65, 3, 66, 25, 31, 6, 69, 47, 49, 36, 29, 76, 23, 20, 63, 55, 18, 62, 22, 50, 43, 74, 40, 32, 1, 56, 34, 19, 16, 75, 38, 64, 48, 52, 77], "in_group_r_strength": 40, "attractor_count": 40, "target": [10000.0, 0.0], "out_group_a_range": 2.8, "group_id": 0, "in_group_r_range": 2.0, "target_a_strength": 22000000000, "pedestrian_id": 81, "target_a_range": 435, "out_group_r_strength": 120.0, "radius": 0.3, "in_group_a_strength": 20, "out_group_a_strength": 6.666666666666666}, {"in_group_a_range": 2.8, "out_group_r_range": 2.0, "position": [-68.21107254044199, -5.18769691246047], "friend_zone": [67, 22, 12, 65, 28, 60, 19, 76, 0, 35, 31, 37, 4, 21, 61, 59, 23, 73, 33, 46, 58, 70, 63, 62, 55, 2, 69, 16, 25, 6, 24, 40, 32, 13, 41, 75, 57, 29, 68, 5], "in_group_r_strength": 40, "attractor_count": 40, "target": [10000.0, 0.0], "out_group_a_range": 2.8, "group_id": 1, "in_group_r_range": 2.0, "target_a_strength": 22000000000, "pedestrian_id": 82, "target_a_range": 435, "out_group_r_strength": 120.0, "radius": 0.3, "in_group_a_strength": 20, "out_group_a_strength": 6.666666666666666}, {"in_group_a_range": 2.8, "out_group_r_range": 2.0, "position": [-39.614335360277366, -0.008285455563171285], "friend_zone": [28, 45, 59, 26, 11, 33, 19, 14, 24, 52, 50, 72, 22, 48, 61, 41, 23, 69, 32, 34, 39, 74, 73, 46, 42, 8, 70, 13, 76, 55, 47, 27, 40, 7, 25, 17, 68, 4, 6, 30], "in_group_r_strength": 40, "attractor_count": 40, "target": [10000.0, 0.0], "out_group_a_range": 2.8, "group_id": 1, "in_group_r_range": 2.0, "target_a_strength": 22000000000, "pedestrian_id": 83, "target_a_range": 435, "out_group_r_strength": 120.0, "radius": 0.3, "in_group_a_strength": 20, "out_group_a_strength": 6.666666666666666}]}