{"frame_second": "1900", "additional_id_existed_ped": {"0": [96, 97, 99], "1": [97], "2": [97, 98, 99], "3": [97, 98, 99], "4": [97, 98, 99], "5": [96], "6": [98], "7": [96], "8": [], "9": [], "10": [96, 97, 98, 99], "11": [], "12": [96, 97, 99], "13": [97], "14": [98, 99], "15": [96, 97, 99], "16": [99], "17": [99], "18": [96, 97], "19": [96, 97, 98, 99], "20": [98], "21": [97, 99], "22": [96, 98, 99], "23": [96, 97], "24": [98, 99], "25": [96, 98, 99], "26": [96, 97, 99], "27": [97, 98], "28": [97, 98, 99], "29": [97], "30": [96, 99], "31": [96, 98], "32": [96], "33": [], "34": [96, 97, 98, 99], "35": [], "36": [98], "37": [96, 97], "38": [96, 99], "39": [96, 97, 98], "40": [96, 98], "41": [96, 98, 99], "42": [96, 97, 98], "43": [98, 99], "44": [96], "45": [], "46": [97], "47": [96, 97, 98, 99], "48": [96, 98, 99], "49": [96, 97, 99], "50": [96, 99], "51": [], "52": [97], "53": [97], "54": [96, 97, 99], "55": [99], "56": [97], "57": [98, 99], "58": [97, 99], "59": [97, 98], "60": [96, 98, 99], "61": [96], "62": [96, 97], "63": [98, 99], "64": [97, 98], "65": [96, 98, 99], "66": [98], "67": [96, 97], "68": [96, 97, 98], "69": [97, 98, 99], "70": [98, 99], "71": [96, 97], "72": [], "73": [98], "74": [96, 99], "75": [97, 99], "76": [96, 98], "77": [96, 98, 99], "78": [97, 98, 99], "79": [96, 97], "80": [96, 97, 98, 99], "81": [99], "82": [96, 98, 99], "83": [98], "84": [96, 97, 98], "85": [97, 98], "86": [96], "87": [96, 97], "88": [96], "89": [97, 98], "90": [96, 97, 98, 99], "91": [96, 97, 98, 99], "92": [97, 98, 99], "93": [99], "94": [98, 99], "95": [96, 97, 98, 99]}, "pedestrian_list": [{"in_group_a_range": 2.8, "out_group_r_range": 2.0, "position": [-61.700232618269126, 3.23366583991307], "friend_zone": [45, 14, 66, 64, 72, 22, 2, 60, 87, 33, 4, 84, 59, 9, 35, 25, 63, 5, 43, 89, 58, 26, 79, 7, 68, 83, 85, 18, 3, 94, 0, 70, 44, 53, 41, 55, 17, 92, 39, 62, 42, 74, 61, 49, 93, 15, 47, 38], "in_group_r_strength": 40, "attractor_count": 48, "target": [10000.0, 0.0], "out_group_a_range": 2.8, "group_id": 0, "in_group_r_range": 2.0, "target_a_strength": 22000000000, "pedestrian_id": 96, "target_a_range": 435, "out_group_r_strength": 120.0, "radius": 0.3, "in_group_a_strength": 20, "out_group_a_strength": 6.666666666666666}, {"in_group_a_range": 2.8, "out_group_r_range": 2.0, "position": [-59.07591572084828, -5.825673037876556], "friend_zone": [5, 65, 18, 54, 0, 63, 88, 84, 16, 26, 8, 27, 14, 75, 91, 35, 44, 89, 19, 52, 83, 12, 90, 46, 38, 41, 20, 37, 21, 4, 34, 42, 62, 50, 11, 87, 39, 57, 93, 6, 7, 94, 72, 78, 48, 1, 86, 81], "in_group_r_strength": 40, "attractor_count": 48, "target": [10000.0, 0.0], "out_group_a_range": 2.8, "group_id": 0, "in_group_r_range": 2.0, "target_a_strength": 22000000000, "pedestrian_id": 97, "target_a_range": 435, "out_group_r_strength": 120.0, "radius": 0.3, "in_group_a_strength": 20, "out_group_a_strength": 6.666666666666666}, {"in_group_a_range": 2.8, "out_group_r_range": 2.0, "position": [-55.17538465748011, 5.21260892654809], "friend_zone": [31, 9, 12, 25, 84, 13, 10, 30, 72, 67, 83, 11, 79, 65, 24, 52, 74, 62, 44, 66, 36, 93, 53, 88, 57, 33, 37, 3, 29, 32, 69, 22, 42, 7, 23, 39, 60, 90, 19, 45, 2, 94, 0, 86, 17, 54, 55, 63], "in_group_r_strength": 40, "attractor_count": 48, "target": [10000.0, 0.0], "out_group_a_range": 2.8, "group_id": 1, "in_group_r_range": 2.0, "target_a_strength": 22000000000, "pedestrian_id": 98, "target_a_range": 435, "out_group_r_strength": 120.0, "radius": 0.3, "in_group_a_strength": 20, "out_group_a_strength": 6.666666666666666}, {"in_group_a_range": 2.8, "out_group_r_range": 2.0, "position": [-63.629963685512514, 12.348072314690643], "friend_zone": [39, 54, 81, 92, 34, 33, 32, 94, 51, 35, 79, 53, 46, 17, 29, 73, 4, 58, 56, 82, 57, 26, 91, 50, 28, 47, 15, 8, 42, 88, 78, 95, 6, 75, 68, 16, 62, 31, 48, 72, 49, 63, 40, 11, 14, 21, 20, 69], "in_group_r_strength": 40, "attractor_count": 48, "target": [10000.0, 0.0], "out_group_a_range": 2.8, "group_id": 1, "in_group_r_range": 2.0, "target_a_strength": 22000000000, "pedestrian_id": 99, "target_a_range": 435, "out_group_r_strength": 120.0, "radius": 0.3, "in_group_a_strength": 20, "out_group_a_strength": 6.666666666666666}]}