{"frame_second": "1800", "additional_id_existed_ped": {"0": [92, 95], "1": [92, 93], "2": [92, 95], "3": [93, 94], "4": [92, 93, 94, 95], "5": [92, 95], "6": [92, 93, 94, 95], "7": [92, 93, 95], "8": [], "9": [93, 95], "10": [94], "11": [95], "12": [92, 94], "13": [92, 95], "14": [92, 94], "15": [93], "16": [93, 95], "17": [94], "18": [92, 93, 95], "19": [93], "20": [92, 94, 95], "21": [], "22": [92, 94], "23": [93, 94, 95], "24": [93], "25": [92, 93, 94, 95], "26": [93], "27": [93, 94, 95], "28": [92, 93, 95], "29": [92], "30": [93, 95], "31": [93], "32": [92, 94, 95], "33": [94, 95], "34": [93], "35": [94, 95], "36": [94, 95], "37": [92, 95], "38": [93, 94, 95], "39": [92, 94], "40": [93, 95], "41": [92, 94], "42": [94], "43": [92, 94], "44": [93], "45": [92], "46": [92, 93, 95], "47": [], "48": [92], "49": [92, 95], "50": [92, 93, 94], "51": [], "52": [92, 93, 94, 95], "53": [93, 95], "54": [94], "55": [92, 93, 94], "56": [92, 94, 95], "57": [93], "58": [93], "59": [92, 93, 94], "60": [93, 95], "61": [92], "62": [92, 94, 95], "63": [92, 94], "64": [92, 93], "65": [93, 95], "66": [92, 95], "67": [92, 93, 95], "68": [93], "69": [92, 93, 94], "70": [93, 94, 95], "71": [93], "72": [93, 94, 95], "73": [94, 95], "74": [92], "75": [95], "76": [94, 95], "77": [92, 94, 95], "78": [92, 94, 95], "79": [95], "80": [92, 93, 94], "81": [93], "82": [92, 93, 94], "83": [92, 94], "84": [94, 95], "85": [93, 94, 95], "86": [93, 94], "87": [94], "88": [93, 94, 95], "89": [92, 93], "90": [92, 94], "91": [92, 94, 95]}, "pedestrian_list": [{"in_group_a_range": 2.8, "out_group_r_range": 2.0, "position": [-38.2816431911246, 2.5776747468116534], "friend_zone": [55, 78, 90, 5, 62, 65, 59, 23, 6, 79, 30, 32, 13, 24, 67, 71, 81, 54, 18, 80, 31, 63, 66, 50, 51, 39, 17, 86, 28, 15, 84, 38, 35, 48, 76, 10, 40, 4, 36, 34, 42, 25, 75, 21, 73, 11], "in_group_r_strength": 40, "attractor_count": 46, "target": [10000.0, 0.0], "out_group_a_range": 2.8, "group_id": 0, "in_group_r_range": 2.0, "target_a_strength": 22000000000, "pedestrian_id": 92, "target_a_range": 435, "out_group_r_strength": 120.0, "radius": 0.3, "in_group_a_strength": 20, "out_group_a_strength": 6.666666666666666}, {"in_group_a_range": 2.8, "out_group_r_range": 2.0, "position": [-48.696894015670786, 1.2821791332769672], "friend_zone": [19, 63, 64, 38, 83, 1, 87, 72, 84, 20, 3, 27, 5, 56, 66, 2, 8, 24, 33, 40, 86, 9, 0, 28, 85, 62, 36, 41, 37, 18, 74, 45, 60, 78, 13, 21, 30, 23, 12, 10, 54, 26, 6, 42, 75, 59], "in_group_r_strength": 40, "attractor_count": 46, "target": [10000.0, 0.0], "out_group_a_range": 2.8, "group_id": 0, "in_group_r_range": 2.0, "target_a_strength": 22000000000, "pedestrian_id": 93, "target_a_range": 435, "out_group_r_strength": 120.0, "radius": 0.3, "in_group_a_strength": 20, "out_group_a_strength": 6.666666666666666}, {"in_group_a_range": 2.8, "out_group_r_range": 2.0, "position": [-40.25539540045229, 9.085466911237827], "friend_zone": [90, 42, 23, 2, 14, 29, 56, 28, 6, 74, 32, 33, 51, 70, 60, 91, 83, 81, 5, 78, 54, 10, 53, 26, 72, 55, 1, 61, 82, 85, 65, 11, 77, 0, 20, 84, 58, 9, 50, 48, 79, 44, 13, 24, 36, 31], "in_group_r_strength": 40, "attractor_count": 46, "target": [10000.0, 0.0], "out_group_a_range": 2.8, "group_id": 1, "in_group_r_range": 2.0, "target_a_strength": 22000000000, "pedestrian_id": 94, "target_a_range": 435, "out_group_r_strength": 120.0, "radius": 0.3, "in_group_a_strength": 20, "out_group_a_strength": 6.666666666666666}, {"in_group_a_range": 2.8, "out_group_r_range": 2.0, "position": [-55.8412410570711, 9.104617114837735], "friend_zone": [61, 13, 0, 26, 21, 83, 29, 82, 69, 71, 16, 18, 37, 81, 34, 36, 73, 50, 46, 68, 87, 35, 91, 39, 66, 67, 2, 15, 79, 74, 58, 30, 45, 1, 22, 54, 24, 77, 42, 89, 48, 64, 10, 8, 4, 52], "in_group_r_strength": 40, "attractor_count": 46, "target": [10000.0, 0.0], "out_group_a_range": 2.8, "group_id": 1, "in_group_r_range": 2.0, "target_a_strength": 22000000000, "pedestrian_id": 95, "target_a_range": 435, "out_group_r_strength": 120.0, "radius": 0.3, "in_group_a_strength": 20, "out_group_a_strength": 6.666666666666666}]}