{"additional_id_existed_ped": {"0": [28, 29, 30], "1": [28, 29, 30], "2": [29], "3": [28, 29, 31], "4": [28, 29, 31], "5": [31], "6": [28, 31], "7": [31], "8": [29], "9": [29, 30], "10": [29, 31], "11": [30, 31], "12": [28, 29], "13": [28, 31], "14": [], "15": [30], "16": [30], "17": [29, 30, 31], "18": [28, 29, 31], "19": [28, 30, 31], "20": [30, 31], "21": [28, 30], "22": [28, 30, 31], "23": [28], "24": [29, 30, 31], "25": [28, 29, 30], "26": [30], "27": [28, 29]}, "pedestrian_list": [{"in_group_a_range": 2.8, "position": [-38.92545161452942, -5.851983853147256], "out_group_r_strength": 240.0, "out_group_a_range": 2.8, "pedestrian_id": 28, "in_group_r_strength": 40, "in_group_a_strength": 20, "radius": 0.3, "out_group_r_range": 2.0, "attractor_count": 14, "in_group_r_range": 2.0, "target": [10000.0, 0.0], "target_a_strength": 22000000000, "friend_zone": [6, 14, 22, 2, 18, 8, 7, 19, 17, 15, 16, 23, 26, 21], "group_id": 0, "target_a_range": 435, "out_group_a_strength": 3.333333333333333}, {"in_group_a_range": 2.8, "position": [-33.1172893998682, 14.303448540811512], "out_group_r_strength": 240.0, "out_group_a_range": 2.8, "pedestrian_id": 29, "in_group_r_strength": 40, "in_group_a_strength": 20, "radius": 0.3, "out_group_r_range": 2.0, "attractor_count": 14, "in_group_r_range": 2.0, "target": [10000.0, 0.0], "target_a_strength": 22000000000, "friend_zone": [23, 14, 3, 21, 9, 12, 27, 24, 16, 19, 8, 0, 25, 5], "group_id": 0, "target_a_range": 435, "out_group_a_strength": 3.333333333333333}, {"in_group_a_range": 2.8, "position": [-52.6136562572875, -13.661679230510844], "out_group_r_strength": 240.0, "out_group_a_range": 2.8, "pedestrian_id": 30, "in_group_r_strength": 40, "in_group_a_strength": 20, "radius": 0.3, "out_group_r_range": 2.0, "attractor_count": 14, "in_group_r_range": 2.0, "target": [10000.0, 0.0], "target_a_strength": 22000000000, "friend_zone": [21, 25, 24, 17, 27, 3, 19, 5, 8, 15, 23, 20, 12, 2], "group_id": 1, "target_a_range": 435, "out_group_a_strength": 3.333333333333333}, {"in_group_a_range": 2.8, "position": [-45.44557476484309, 1.932450943708652], "out_group_r_strength": 240.0, "out_group_a_range": 2.8, "pedestrian_id": 31, "in_group_r_strength": 40, "in_group_a_strength": 20, "radius": 0.3, "out_group_r_range": 2.0, "attractor_count": 14, "in_group_r_range": 2.0, "target": [10000.0, 0.0], "target_a_strength": 22000000000, "friend_zone": [11, 5, 18, 26, 9, 15, 16, 3, 8, 25, 21, 7, 24, 0], "group_id": 1, "target_a_range": 435, "out_group_a_strength": 3.333333333333333}], "frame_second": "200"}