{"additional_id_existed_ped": {"0": [43], "1": [40, 41, 42], "2": [41, 42, 43], "3": [40, 41], "4": [42, 43], "5": [42], "6": [40, 41], "7": [41], "8": [40, 41, 43], "9": [40, 41], "10": [40, 41], "11": [40, 41, 42, 43], "12": [41, 43], "13": [42], "14": [41, 42, 43], "15": [40, 42, 43], "16": [40, 41, 43], "17": [41, 43], "18": [], "19": [40, 41, 42, 43], "20": [40, 43], "21": [41], "22": [42], "23": [43], "24": [41], "25": [40, 41, 42, 43], "26": [42], "27": [40, 42], "28": [42], "29": [40, 43], "30": [40, 41, 42, 43], "31": [43], "32": [40, 42], "33": [40, 41, 42], "34": [43], "35": [40, 42], "36": [40, 42], "37": [43], "38": [40, 41, 42, 43], "39": []}, "pedestrian_list": [{"in_group_a_range": 2.8, "position": [-52.584495301809305, 16.89712549210284], "out_group_r_strength": 240.0, "out_group_a_range": 2.8, "pedestrian_id": 40, "in_group_r_strength": 40, "in_group_a_strength": 20, "radius": 0.3, "out_group_r_range": 2.0, "attractor_count": 20, "in_group_r_range": 2.0, "target": [10000.0, 0.0], "target_a_strength": 22000000000, "friend_zone": [16, 7, 19, 29, 38, 9, 21, 3, 32, 8, 39, 25, 15, 1, 28, 11, 13, 10, 22, 35], "group_id": 0, "target_a_range": 435, "out_group_a_strength": 3.333333333333333}, {"in_group_a_range": 2.8, "position": [-45.44788481560208, 2.585469689080064], "out_group_r_strength": 240.0, "out_group_a_range": 2.8, "pedestrian_id": 41, "in_group_r_strength": 40, "in_group_a_strength": 20, "radius": 0.3, "out_group_r_range": 2.0, "attractor_count": 20, "in_group_r_range": 2.0, "target": [10000.0, 0.0], "target_a_strength": 22000000000, "friend_zone": [4, 13, 12, 34, 25, 28, 0, 11, 3, 8, 32, 16, 38, 19, 29, 33, 7, 2, 31, 14], "group_id": 0, "target_a_range": 435, "out_group_a_strength": 3.333333333333333}, {"in_group_a_range": 2.8, "position": [-53.891922774610684, -12.356951437504543], "out_group_r_strength": 240.0, "out_group_a_range": 2.8, "pedestrian_id": 42, "in_group_r_strength": 40, "in_group_a_strength": 20, "radius": 0.3, "out_group_r_range": 2.0, "attractor_count": 20, "in_group_r_range": 2.0, "target": [10000.0, 0.0], "target_a_strength": 22000000000, "friend_zone": [32, 19, 37, 16, 5, 7, 17, 26, 4, 15, 36, 31, 30, 22, 1, 28, 0, 3, 12, 13], "group_id": 1, "target_a_range": 435, "out_group_a_strength": 3.333333333333333}, {"in_group_a_range": 2.8, "position": [-36.34778736083837, -2.6204506103645837], "out_group_r_strength": 240.0, "out_group_a_range": 2.8, "pedestrian_id": 43, "in_group_r_strength": 40, "in_group_a_strength": 20, "radius": 0.3, "out_group_r_range": 2.0, "attractor_count": 20, "in_group_r_range": 2.0, "target": [10000.0, 0.0], "target_a_strength": 22000000000, "friend_zone": [18, 2, 39, 14, 4, 34, 0, 37, 21, 8, 7, 27, 12, 20, 15, 13, 6, 29, 17, 31], "group_id": 1, "target_a_range": 435, "out_group_a_strength": 3.333333333333333}], "frame_second": "500"}