{"additional_id_existed_ped": {"0": [], "1": [36, 37, 38], "2": [37, 38, 39], "3": [38, 39], "4": [39], "5": [37], "6": [36, 38], "7": [], "8": [37], "9": [36, 38, 39], "10": [36, 37, 38, 39], "11": [36, 39], "12": [36, 37, 39], "13": [36, 37], "14": [38], "15": [36, 38], "16": [36, 39], "17": [37], "18": [36, 37], "19": [36, 37, 38], "20": [37, 39], "21": [38], "22": [38, 39], "23": [36, 37, 38, 39], "24": [36, 38], "25": [39], "26": [], "27": [38, 39], "28": [36], "29": [], "30": [36, 37, 38, 39], "31": [37, 38, 39], "32": [37, 38], "33": [36, 37, 39], "34": [36, 37, 39], "35": [36, 37, 38, 39]}, "pedestrian_list": [{"in_group_a_range": 2.8, "position": [-54.551328766723984, -10.390300879254832], "out_group_r_strength": 240.0, "out_group_a_range": 2.8, "pedestrian_id": 36, "in_group_r_strength": 40, "in_group_a_strength": 20, "radius": 0.3, "out_group_r_range": 2.0, "attractor_count": 18, "in_group_r_range": 2.0, "target": [10000.0, 0.0], "target_a_strength": 22000000000, "friend_zone": [18, 29, 17, 23, 13, 24, 33, 35, 19, 8, 34, 25, 7, 31, 27, 30, 1, 11], "group_id": 0, "target_a_range": 435, "out_group_a_strength": 3.333333333333333}, {"in_group_a_range": 2.8, "position": [-30.524800531047, 7.157592991973704], "out_group_r_strength": 240.0, "out_group_a_range": 2.8, "pedestrian_id": 37, "in_group_r_strength": 40, "in_group_a_strength": 20, "radius": 0.3, "out_group_r_range": 2.0, "attractor_count": 18, "in_group_r_range": 2.0, "target": [10000.0, 0.0], "target_a_strength": 22000000000, "friend_zone": [8, 2, 34, 28, 32, 23, 21, 4, 14, 18, 27, 16, 30, 1, 25, 33, 0, 35], "group_id": 0, "target_a_range": 435, "out_group_a_strength": 3.333333333333333}, {"in_group_a_range": 2.8, "position": [-68.20991863457678, -14.973608193352081], "out_group_r_strength": 240.0, "out_group_a_range": 2.8, "pedestrian_id": 38, "in_group_r_strength": 40, "in_group_a_strength": 20, "radius": 0.3, "out_group_r_range": 2.0, "attractor_count": 18, "in_group_r_range": 2.0, "target": [10000.0, 0.0], "target_a_strength": 22000000000, "friend_zone": [33, 3, 7, 16, 12, 15, 24, 17, 2, 14, 23, 21, 10, 34, 13, 1, 26, 8], "group_id": 1, "target_a_range": 435, "out_group_a_strength": 3.333333333333333}, {"in_group_a_range": 2.8, "position": [-40.238099401506076, -12.332020344007427], "out_group_r_strength": 240.0, "out_group_a_range": 2.8, "pedestrian_id": 39, "in_group_r_strength": 40, "in_group_a_strength": 20, "radius": 0.3, "out_group_r_range": 2.0, "attractor_count": 18, "in_group_r_range": 2.0, "target": [10000.0, 0.0], "target_a_strength": 22000000000, "friend_zone": [19, 10, 20, 25, 26, 21, 35, 16, 13, 11, 12, 18, 1, 28, 3, 15, 17, 31], "group_id": 1, "target_a_range": 435, "out_group_a_strength": 3.333333333333333}], "frame_second": "400"}