{"additional_id_existed_ped": {"0": [46], "1": [47], "2": [46], "3": [45, 47], "4": [44, 45, 46], "5": [], "6": [45, 47], "7": [46, 47], "8": [44, 45, 46, 47], "9": [44, 45, 47], "10": [44, 46, 47], "11": [45], "12": [44, 45, 46, 47], "13": [47], "14": [44, 45], "15": [44, 46], "16": [44, 45, 46], "17": [], "18": [45, 46, 47], "19": [44, 45, 46, 47], "20": [45], "21": [45], "22": [45, 47], "23": [46, 47], "24": [44, 45, 46], "25": [44], "26": [44, 45], "27": [44, 47], "28": [44, 45, 47], "29": [44, 46], "30": [44, 45], "31": [44, 46], "32": [44, 45, 46, 47], "33": [45, 47], "34": [44, 47], "35": [46], "36": [44, 47], "37": [45, 46], "38": [44, 46], "39": [44, 47], "40": [46], "41": [45, 47], "42": [46, 47], "43": [46]}, "pedestrian_list": [{"in_group_a_range": 2.8, "position": [-50.64295640890118, 11.067964900486299], "out_group_r_strength": 240.0, "out_group_a_range": 2.8, "pedestrian_id": 44, "in_group_r_strength": 40, "in_group_a_strength": 20, "radius": 0.3, "out_group_r_range": 2.0, "attractor_count": 22, "in_group_r_range": 2.0, "target": [10000.0, 0.0], "target_a_strength": 22000000000, "friend_zone": [39, 0, 29, 28, 17, 5, 32, 8, 43, 3, 42, 25, 33, 36, 10, 15, 37, 19, 35, 4, 16, 41], "group_id": 0, "target_a_range": 435, "out_group_a_strength": 3.333333333333333}, {"in_group_a_range": 2.8, "position": [-47.39735786156434, -16.914288911875893], "out_group_r_strength": 240.0, "out_group_a_range": 2.8, "pedestrian_id": 45, "in_group_r_strength": 40, "in_group_a_strength": 20, "radius": 0.3, "out_group_r_range": 2.0, "attractor_count": 22, "in_group_r_range": 2.0, "target": [10000.0, 0.0], "target_a_strength": 22000000000, "friend_zone": [34, 27, 10, 5, 31, 35, 19, 36, 42, 40, 43, 41, 15, 14, 11, 24, 2, 1, 33, 38, 25, 18], "group_id": 0, "target_a_range": 435, "out_group_a_strength": 3.333333333333333}, {"in_group_a_range": 2.8, "position": [-68.84057629005225, -3.2725112209436413], "out_group_r_strength": 240.0, "out_group_a_range": 2.8, "pedestrian_id": 46, "in_group_r_strength": 40, "in_group_a_strength": 20, "radius": 0.3, "out_group_r_range": 2.0, "attractor_count": 22, "in_group_r_range": 2.0, "target": [10000.0, 0.0], "target_a_strength": 22000000000, "friend_zone": [43, 28, 39, 41, 18, 38, 0, 29, 32, 36, 25, 16, 15, 2, 4, 31, 24, 9, 14, 13, 22, 37], "group_id": 1, "target_a_range": 435, "out_group_a_strength": 3.333333333333333}, {"in_group_a_range": 2.8, "position": [-53.25102314686595, 4.547466378818247], "out_group_r_strength": 240.0, "out_group_a_range": 2.8, "pedestrian_id": 47, "in_group_r_strength": 40, "in_group_a_strength": 20, "radius": 0.3, "out_group_r_range": 2.0, "attractor_count": 22, "in_group_r_range": 2.0, "target": [10000.0, 0.0], "target_a_strength": 22000000000, "friend_zone": [24, 23, 13, 19, 41, 39, 42, 26, 32, 35, 29, 30, 17, 9, 4, 14, 15, 36, 40, 22, 6, 2], "group_id": 1, "target_a_range": 435, "out_group_a_strength": 3.333333333333333}], "frame_second": "600"}