{"additional_id_existed_ped": {"0": [20], "1": [22, 23], "2": [20, 23], "3": [20], "4": [20, 21], "5": [21, 23], "6": [20, 21], "7": [21, 22, 23], "8": [21, 22, 23], "9": [20, 21, 22, 23], "10": [21, 22, 23], "11": [21, 22, 23], "12": [22], "13": [20, 21], "14": [21], "15": [23], "16": [20, 22, 23], "17": [20, 22], "18": [20], "19": [22]}, "pedestrian_list": [{"in_group_a_range": 2.8, "position": [-69.52355463947899, -14.945218838531572], "out_group_r_strength": 240.0, "out_group_a_range": 2.8, "pedestrian_id": 20, "in_group_r_strength": 40, "in_group_a_strength": 20, "radius": 0.3, "out_group_r_range": 2.0, "attractor_count": 10, "in_group_r_range": 2.0, "target": [10000.0, 0.0], "target_a_strength": 22000000000, "friend_zone": [9, 3, 1, 10, 16, 19, 4, 0, 8, 12], "group_id": 0, "target_a_range": 435, "out_group_a_strength": 3.333333333333333}, {"in_group_a_range": 2.8, "position": [-44.156971723090095, -3.271225640653044], "out_group_r_strength": 240.0, "out_group_a_range": 2.8, "pedestrian_id": 21, "in_group_r_strength": 40, "in_group_a_strength": 20, "radius": 0.3, "out_group_r_range": 2.0, "attractor_count": 10, "in_group_r_range": 2.0, "target": [10000.0, 0.0], "target_a_strength": 22000000000, "friend_zone": [13, 4, 0, 15, 16, 7, 3, 12, 14, 18], "group_id": 0, "target_a_range": 435, "out_group_a_strength": 3.333333333333333}, {"in_group_a_range": 2.8, "position": [-53.89362298345855, 5.855492961529235], "out_group_r_strength": 240.0, "out_group_a_range": 2.8, "pedestrian_id": 22, "in_group_r_strength": 40, "in_group_a_strength": 20, "radius": 0.3, "out_group_r_range": 2.0, "attractor_count": 10, "in_group_r_range": 2.0, "target": [10000.0, 0.0], "target_a_strength": 22000000000, "friend_zone": [7, 9, 12, 0, 19, 10, 16, 6, 18, 4], "group_id": 1, "target_a_range": 435, "out_group_a_strength": 3.333333333333333}, {"in_group_a_range": 2.8, "position": [-51.29203123202865, -14.973170115566885], "out_group_r_strength": 240.0, "out_group_a_range": 2.8, "pedestrian_id": 23, "in_group_r_strength": 40, "in_group_a_strength": 20, "radius": 0.3, "out_group_r_range": 2.0, "attractor_count": 10, "in_group_r_range": 2.0, "target": [10000.0, 0.0], "target_a_strength": 22000000000, "friend_zone": [10, 19, 2, 14, 1, 12, 9, 4, 0, 11], "group_id": 1, "target_a_range": 435, "out_group_a_strength": 3.333333333333333}], "frame_second": "0"}