{"additional_id_existed_ped": {"0": [50], "1": [48, 49, 50], "2": [50], "3": [49, 51], "4": [49, 50, 51], "5": [49, 50, 51], "6": [49, 50], "7": [49, 50], "8": [48, 50, 51], "9": [49, 50], "10": [48], "11": [50], "12": [48, 49], "13": [49, 50], "14": [48, 49, 50], "15": [51], "16": [49], "17": [48, 50, 51], "18": [], "19": [48, 49, 51], "20": [51], "21": [48, 49], "22": [51], "23": [48, 49, 50], "24": [49, 50, 51], "25": [48], "26": [48], "27": [49, 50], "28": [48, 50], "29": [48, 49, 51], "30": [51], "31": [48, 50, 51], "32": [50, 51], "33": [48, 49, 51], "34": [48, 51], "35": [51], "36": [48, 50, 51], "37": [51], "38": [50, 51], "39": [48, 49], "40": [48, 49], "41": [48, 51], "42": [48, 49], "43": [50, 51], "44": [48, 49], "45": [49, 50], "46": [48, 49, 50, 51], "47": [48, 51]}, "pedestrian_list": [{"in_group_a_range": 2.8, "position": [-60.389133856656294, -0.652254837372517], "out_group_r_strength": 240.0, "out_group_a_range": 2.8, "pedestrian_id": 48, "in_group_r_strength": 40, "in_group_a_strength": 20, "radius": 0.3, "out_group_r_range": 2.0, "attractor_count": 24, "in_group_r_range": 2.0, "target": [10000.0, 0.0], "target_a_strength": 22000000000, "friend_zone": [33, 25, 26, 1, 46, 42, 27, 16, 38, 30, 4, 9, 19, 20, 45, 7, 31, 44, 15, 36, 10, 28, 17, 39], "group_id": 0, "target_a_range": 435, "out_group_a_strength": 3.333333333333333}, {"in_group_a_range": 2.8, "position": [-44.12651734349496, -3.9126516219608094], "out_group_r_strength": 240.0, "out_group_a_range": 2.8, "pedestrian_id": 49, "in_group_r_strength": 40, "in_group_a_strength": 20, "radius": 0.3, "out_group_r_range": 2.0, "attractor_count": 24, "in_group_r_range": 2.0, "target": [10000.0, 0.0], "target_a_strength": 22000000000, "friend_zone": [18, 26, 40, 34, 44, 9, 31, 42, 1, 47, 32, 37, 36, 5, 41, 46, 19, 29, 43, 24, 16, 7, 35, 33], "group_id": 0, "target_a_range": 435, "out_group_a_strength": 3.333333333333333}, {"in_group_a_range": 2.8, "position": [-50.67221043515689, 7.77635410289121], "out_group_r_strength": 240.0, "out_group_a_range": 2.8, "pedestrian_id": 50, "in_group_r_strength": 40, "in_group_a_strength": 20, "radius": 0.3, "out_group_r_range": 2.0, "attractor_count": 24, "in_group_r_range": 2.0, "target": [10000.0, 0.0], "target_a_strength": 22000000000, "friend_zone": [31, 39, 43, 11, 35, 14, 12, 0, 26, 28, 19, 42, 33, 38, 24, 22, 3, 21, 7, 37, 41, 10, 1, 47], "group_id": 1, "target_a_range": 435, "out_group_a_strength": 3.333333333333333}, {"in_group_a_range": 2.8, "position": [-46.08667931384962, 12.351818065764398], "out_group_r_strength": 240.0, "out_group_a_range": 2.8, "pedestrian_id": 51, "in_group_r_strength": 40, "in_group_a_strength": 20, "radius": 0.3, "out_group_r_range": 2.0, "attractor_count": 24, "in_group_r_range": 2.0, "target": [10000.0, 0.0], "target_a_strength": 22000000000, "friend_zone": [40, 10, 33, 39, 26, 31, 5, 43, 18, 21, 3, 46, 44, 13, 15, 27, 11, 16, 32, 41, 34, 9, 14, 23], "group_id": 1, "target_a_range": 435, "out_group_a_strength": 3.333333333333333}], "frame_second": "700"}