{"additional_id_existed_ped": {"0": [88, 90, 91], "1": [89], "2": [], "3": [88, 91], "4": [89], "5": [89, 91], "6": [88, 89, 90], "7": [88, 89, 91], "8": [88, 90, 91], "9": [88], "10": [88], "11": [88, 90], "12": [89, 90], "13": [91], "14": [88, 89, 90], "15": [88, 91], "16": [88, 90], "17": [88, 89, 90], "18": [88, 90], "19": [89], "20": [89, 90, 91], "21": [89, 90, 91], "22": [], "23": [90], "24": [88, 89, 90], "25": [89, 91], "26": [88, 90, 91], "27": [89, 90, 91], "28": [89, 90, 91], "29": [88, 91], "30": [90], "31": [89, 90], "32": [89, 90, 91], "33": [89, 90, 91], "34": [88, 89, 91], "35": [88], "36": [90, 91], "37": [], "38": [89], "39": [88, 89, 90, 91], "40": [88, 89, 90, 91], "41": [89, 90], "42": [89, 90, 91], "43": [88, 89, 90, 91], "44": [88, 91], "45": [90], "46": [90, 91], "47": [88, 91], "48": [88, 89], "49": [88, 89, 90, 91], "50": [88, 90], "51": [88, 89, 90, 91], "52": [91], "53": [], "54": [88, 89, 91], "55": [88, 91], "56": [90], "57": [88, 90], "58": [88, 89, 91], "59": [88, 90], "60": [91], "61": [88, 89, 91], "62": [89, 91], "63": [89], "64": [91], "65": [88, 90], "66": [91], "67": [89], "68": [88, 90], "69": [89, 91], "70": [89, 90], "71": [88, 89, 91], "72": [], "73": [88, 89, 90, 91], "74": [], "75": [88, 89, 91], "76": [88, 91], "77": [90], "78": [91], "79": [88], "80": [89, 90], "81": [88, 89, 90], "82": [90, 91], "83": [88, 89, 90], "84": [88, 91], "85": [88], "86": [89], "87": [89, 90]}, "frame_second": "1700", "pedestrian_list": [{"out_group_a_strength": 14.285714285714286, "pedestrian_id": 88, "target_a_range": 435.0, "in_group_r_range": 2.0, "target": [10000.0, 0.0], "friend_zone": [85, 74, 42, 71, 51, 15, 17, 0, 22, 49, 66, 80, 41, 43, 55, 30, 72, 81, 61, 18, 13, 54, 9, 25, 82, 16, 39, 5, 8, 27, 10, 53, 40, 6, 19, 59, 68, 21, 83, 86, 33, 45, 14, 58], "in_group_a_range": 2.8, "out_group_r_range": 2.0, "out_group_r_strength": 56.0, "attractor_count": 44, "target_a_strength": 22000000000.0, "out_group_a_range": 2.8, "radius": 0.3, "in_group_r_strength": 40.0, "in_group_a_strength": 20.0, "position": [-57.15377090033852, -12.350107199285167], "group_id": 0}, {"out_group_a_strength": 14.285714285714286, "pedestrian_id": 89, "target_a_range": 435.0, "in_group_r_range": 2.0, "target": [10000.0, 0.0], "friend_zone": [59, 81, 77, 6, 31, 44, 23, 87, 61, 70, 20, 72, 47, 5, 71, 33, 19, 27, 3, 52, 82, 11, 56, 1, 43, 39, 26, 42, 48, 67, 24, 53, 0, 62, 79, 14, 49, 40, 46, 64, 54, 75, 74, 57], "in_group_a_range": 2.8, "out_group_r_range": 2.0, "out_group_r_strength": 56.0, "attractor_count": 44, "target_a_strength": 22000000000.0, "out_group_a_range": 2.8, "radius": 0.3, "in_group_r_strength": 40.0, "in_group_a_strength": 20.0, "position": [-67.57136349570786, 14.969981852262341], "group_id": 0}, {"out_group_a_strength": 14.285714285714286, "pedestrian_id": 90, "target_a_range": 435.0, "in_group_r_range": 2.0, "target": [10000.0, 0.0], "friend_zone": [6, 8, 76, 80, 50, 30, 38, 22, 28, 78, 0, 83, 85, 53, 40, 75, 45, 86, 19, 9, 20, 64, 71, 67, 37, 84, 43, 25, 79, 32, 87, 63, 3, 16, 18, 31, 36, 42, 49, 5, 82, 41, 69, 61], "in_group_a_range": 2.8, "out_group_r_range": 2.0, "out_group_r_strength": 56.0, "attractor_count": 44, "target_a_strength": 22000000000.0, "out_group_a_range": 2.8, "radius": 0.3, "in_group_r_strength": 40.0, "in_group_a_strength": 20.0, "position": [-64.94277246681139, 11.71300508876448], "group_id": 1}, {"out_group_a_strength": 14.285714285714286, "pedestrian_id": 91, "target_a_range": 435.0, "in_group_r_range": 2.0, "target": [10000.0, 0.0], "friend_zone": [20, 6, 32, 57, 0, 49, 33, 81, 72, 42, 9, 15, 67, 14, 73, 79, 52, 28, 37, 3, 39, 80, 64, 35, 41, 40, 45, 25, 87, 59, 29, 62, 61, 44, 8, 68, 36, 74, 21, 27, 46, 17, 69, 1], "in_group_a_range": 2.8, "out_group_r_range": 2.0, "out_group_r_strength": 56.0, "attractor_count": 44, "target_a_strength": 22000000000.0, "out_group_a_range": 2.8, "radius": 0.3, "in_group_r_strength": 40.0, "in_group_a_strength": 20.0, "position": [-36.99776630796741, -7.138199288203136], "group_id": 1}]}