{"additional_id_existed_ped": {"0": [], "1": [28, 29], "2": [29, 30], "3": [28, 30, 31], "4": [30, 31], "5": [29, 31], "6": [30], "7": [28, 30, 31], "8": [31], "9": [29], "10": [28, 29, 30], "11": [28, 29, 31], "12": [28, 29], "13": [29, 30, 31], "14": [28, 31], "15": [28, 30, 31], "16": [29, 31], "17": [30], "18": [29, 30], "19": [28], "20": [28, 29, 30], "21": [28, 29, 31], "22": [28], "23": [], "24": [29, 30], "25": [30, 31], "26": [28, 29, 31], "27": [28, 30, 31]}, "frame_second": "200", "pedestrian_list": [{"out_group_a_strength": 14.285714285714286, "pedestrian_id": 28, "target_a_range": 435.0, "in_group_r_range": 2.0, "target": [10000.0, 0.0], "friend_zone": [22, 13, 4, 11, 7, 1, 23, 12, 26, 2, 16, 8, 25, 9], "in_group_a_range": 2.8, "out_group_r_range": 2.0, "out_group_r_strength": 56.0, "attractor_count": 14, "target_a_strength": 22000000000.0, "out_group_a_range": 2.8, "radius": 0.3, "in_group_r_strength": 40.0, "in_group_a_strength": 20.0, "position": [-49.999687776617556, 11.051925792281786], "group_id": 0}, {"out_group_a_strength": 14.285714285714286, "pedestrian_id": 29, "target_a_range": 435.0, "in_group_r_range": 2.0, "target": [10000.0, 0.0], "friend_zone": [23, 2, 17, 18, 21, 19, 26, 1, 3, 22, 16, 4, 11, 7], "in_group_a_range": 2.8, "out_group_r_range": 2.0, "out_group_r_strength": 56.0, "attractor_count": 14, "target_a_strength": 22000000000.0, "out_group_a_range": 2.8, "radius": 0.3, "in_group_r_strength": 40.0, "in_group_a_strength": 20.0, "position": [-63.66342740781529, -13.014017623440171], "group_id": 0}, {"out_group_a_strength": 14.285714285714286, "pedestrian_id": 30, "target_a_range": 435.0, "in_group_r_range": 2.0, "target": [10000.0, 0.0], "friend_zone": [5, 1, 16, 9, 20, 27, 10, 6, 23, 19, 0, 13, 21, 3], "in_group_a_range": 2.8, "out_group_r_range": 2.0, "out_group_r_strength": 56.0, "attractor_count": 14, "target_a_strength": 22000000000.0, "out_group_a_range": 2.8, "radius": 0.3, "in_group_r_strength": 40.0, "in_group_a_strength": 20.0, "position": [-60.388167298630385, -13.001701566723497], "group_id": 1}, {"out_group_a_strength": 14.285714285714286, "pedestrian_id": 31, "target_a_range": 435.0, "in_group_r_range": 2.0, "target": [10000.0, 0.0], "friend_zone": [0, 5, 14, 15, 22, 8, 25, 1, 26, 23, 17, 9, 11, 24], "in_group_a_range": 2.8, "out_group_r_range": 2.0, "out_group_r_strength": 56.0, "attractor_count": 14, "target_a_strength": 22000000000.0, "out_group_a_range": 2.8, "radius": 0.3, "in_group_r_strength": 40.0, "in_group_a_strength": 20.0, "position": [-31.809810480741806, 9.748876494580218], "group_id": 1}]}