{"additional_id_existed_ped": {"0": [], "1": [48, 50, 51], "2": [48, 50, 51], "3": [51], "4": [48, 51], "5": [49], "6": [48, 49], "7": [], "8": [48, 49], "9": [48, 50, 51], "10": [48, 51], "11": [48, 50, 51], "12": [49, 50], "13": [49, 50, 51], "14": [50], "15": [], "16": [48, 49, 50], "17": [48, 49, 50, 51], "18": [48, 50], "19": [51], "20": [48, 49], "21": [48, 51], "22": [49, 50, 51], "23": [48, 50], "24": [50], "25": [48, 51], "26": [48, 49], "27": [48], "28": [49], "29": [48, 49, 50, 51], "30": [49, 51], "31": [48, 49], "32": [49, 50], "33": [49, 50], "34": [48, 51], "35": [49, 50], "36": [48, 50, 51], "37": [49, 51], "38": [49], "39": [49, 50, 51], "40": [48, 50], "41": [], "42": [49, 50, 51], "43": [48, 50], "44": [49, 51], "45": [48, 51], "46": [49, 50, 51], "47": [49, 50, 51]}, "frame_second": "700", "pedestrian_list": [{"out_group_a_strength": 14.285714285714286, "pedestrian_id": 48, "target_a_range": 435.0, "in_group_r_range": 2.0, "target": [10000.0, 0.0], "friend_zone": [6, 2, 17, 11, 20, 32, 35, 41, 28, 44, 36, 29, 24, 1, 19, 25, 13, 38, 7, 42, 26, 23, 18, 15], "in_group_a_range": 2.8, "out_group_r_range": 2.0, "out_group_r_strength": 56.0, "attractor_count": 24, "target_a_strength": 22000000000.0, "out_group_a_range": 2.8, "radius": 0.3, "in_group_r_strength": 40.0, "in_group_a_strength": 20.0, "position": [-33.08835477904182, 4.528000346088227], "group_id": 0}, {"out_group_a_strength": 14.285714285714286, "pedestrian_id": 49, "target_a_range": 435.0, "in_group_r_range": 2.0, "target": [10000.0, 0.0], "friend_zone": [8, 12, 33, 7, 34, 2, 31, 30, 9, 16, 41, 46, 28, 17, 35, 21, 3, 27, 1, 42, 32, 18, 39, 37], "in_group_a_range": 2.8, "out_group_r_range": 2.0, "out_group_r_strength": 56.0, "attractor_count": 24, "target_a_strength": 22000000000.0, "out_group_a_range": 2.8, "radius": 0.3, "in_group_r_strength": 40.0, "in_group_a_strength": 20.0, "position": [-43.508579302697086, -5.8678995560619125], "group_id": 0}, {"out_group_a_strength": 14.285714285714286, "pedestrian_id": 50, "target_a_range": 435.0, "in_group_r_range": 2.0, "target": [10000.0, 0.0], "friend_zone": [19, 33, 47, 27, 29, 17, 15, 12, 44, 38, 9, 25, 26, 31, 45, 30, 5, 18, 3, 13, 39, 11, 7, 34], "in_group_a_range": 2.8, "out_group_r_range": 2.0, "out_group_r_strength": 56.0, "attractor_count": 24, "target_a_strength": 22000000000.0, "out_group_a_range": 2.8, "radius": 0.3, "in_group_r_strength": 40.0, "in_group_a_strength": 20.0, "position": [-32.43201885654082, 14.286644778283945], "group_id": 1}, {"out_group_a_strength": 14.285714285714286, "pedestrian_id": 51, "target_a_range": 435.0, "in_group_r_range": 2.0, "target": [10000.0, 0.0], "friend_zone": [28, 26, 2, 45, 8, 46, 13, 33, 6, 3, 37, 9, 21, 5, 24, 47, 18, 17, 14, 10, 41, 22, 38, 31], "in_group_a_range": 2.8, "out_group_r_range": 2.0, "out_group_r_strength": 56.0, "attractor_count": 24, "target_a_strength": 22000000000.0, "out_group_a_range": 2.8, "radius": 0.3, "in_group_r_strength": 40.0, "in_group_a_strength": 20.0, "position": [-53.25579450390954, 16.878565155360317], "group_id": 1}]}