{"additional_id_existed_ped": {"0": [61], "1": [60, 63], "2": [60, 61, 63], "3": [60, 63], "4": [60, 63], "5": [63], "6": [61, 62, 63], "7": [60, 62], "8": [61], "9": [60, 61, 63], "10": [62], "11": [63], "12": [60, 63], "13": [61, 62, 63], "14": [61, 62], "15": [60, 61], "16": [60, 62], "17": [62], "18": [61, 63], "19": [60, 61, 62], "20": [62], "21": [62, 63], "22": [61, 62, 63], "23": [60, 61, 62], "24": [], "25": [60, 61, 62, 63], "26": [61, 63], "27": [62], "28": [60, 61, 62], "29": [60, 61], "30": [60, 61, 62, 63], "31": [60, 61, 63], "32": [61], "33": [61], "34": [60, 62, 63], "35": [60], "36": [], "37": [61, 63], "38": [61, 62], "39": [60, 62], "40": [60, 61], "41": [60, 61], "42": [62], "43": [60, 62, 63], "44": [60, 63], "45": [62, 63], "46": [63], "47": [60, 61, 63], "48": [60, 61, 63], "49": [60, 63], "50": [60, 62], "51": [60, 61, 62, 63], "52": [61, 62], "53": [62], "54": [60], "55": [61, 62], "56": [], "57": [60, 62, 63], "58": [61, 62, 63], "59": [62, 63]}, "frame_second": "1000", "pedestrian_list": [{"out_group_a_strength": 14.285714285714286, "pedestrian_id": 60, "target_a_range": 435.0, "in_group_r_range": 2.0, "target": [10000.0, 0.0], "friend_zone": [26, 45, 31, 35, 8, 49, 27, 11, 56, 42, 40, 0, 15, 14, 44, 19, 33, 34, 29, 55, 28, 13, 21, 3, 5, 25, 39, 4, 59, 51], "in_group_a_range": 2.8, "out_group_r_range": 2.0, "out_group_r_strength": 56.0, "attractor_count": 30, "target_a_strength": 22000000000.0, "out_group_a_range": 2.8, "radius": 0.3, "in_group_r_strength": 40.0, "in_group_a_strength": 20.0, "position": [-31.14762457394221, 11.030128755636689], "group_id": 0}, {"out_group_a_strength": 14.285714285714286, "pedestrian_id": 61, "target_a_range": 435.0, "in_group_r_range": 2.0, "target": [10000.0, 0.0], "friend_zone": [41, 45, 12, 52, 55, 23, 34, 59, 32, 28, 56, 57, 36, 35, 25, 26, 54, 31, 4, 20, 21, 51, 19, 43, 13, 16, 5, 53, 29, 15], "in_group_a_range": 2.8, "out_group_r_range": 2.0, "out_group_r_strength": 56.0, "attractor_count": 30, "target_a_strength": 22000000000.0, "out_group_a_range": 2.8, "radius": 0.3, "in_group_r_strength": 40.0, "in_group_a_strength": 20.0, "position": [-35.69065688830939, 5.838517361865433], "group_id": 0}, {"out_group_a_strength": 14.285714285714286, "pedestrian_id": 62, "target_a_range": 435.0, "in_group_r_range": 2.0, "target": [10000.0, 0.0], "friend_zone": [4, 38, 54, 25, 20, 15, 58, 30, 32, 11, 57, 7, 9, 46, 1, 59, 47, 48, 10, 21, 29, 39, 41, 28, 26, 13, 50, 22, 31, 53], "in_group_a_range": 2.8, "out_group_r_range": 2.0, "out_group_r_strength": 56.0, "attractor_count": 30, "target_a_strength": 22000000000.0, "out_group_a_range": 2.8, "radius": 0.3, "in_group_r_strength": 40.0, "in_group_a_strength": 20.0, "position": [-54.54046107083693, -11.695575424513859], "group_id": 1}, {"out_group_a_strength": 14.285714285714286, "pedestrian_id": 63, "target_a_range": 435.0, "in_group_r_range": 2.0, "target": [10000.0, 0.0], "friend_zone": [30, 27, 58, 37, 29, 44, 28, 45, 2, 19, 41, 34, 33, 49, 48, 15, 18, 47, 23, 26, 53, 16, 43, 1, 52, 24, 13, 6, 56, 8], "in_group_a_range": 2.8, "out_group_r_range": 2.0, "out_group_r_strength": 56.0, "attractor_count": 30, "target_a_strength": 22000000000.0, "out_group_a_range": 2.8, "radius": 0.3, "in_group_r_strength": 40.0, "in_group_a_strength": 20.0, "position": [-36.32777940361102, 17.53626601520105], "group_id": 1}]}