{"additional_id_existed_ped": {"0": [36, 37, 39], "1": [37], "2": [37, 38, 39], "3": [36, 38], "4": [36], "5": [37, 38], "6": [37], "7": [37, 38], "8": [36, 37, 38, 39], "9": [36, 37, 38, 39], "10": [36, 37], "11": [36, 37, 39], "12": [36, 39], "13": [37, 38], "14": [36, 37, 38, 39], "15": [], "16": [36, 37, 38], "17": [36, 37], "18": [], "19": [36, 38, 39], "20": [], "21": [36, 37, 38, 39], "22": [38, 39], "23": [36, 38, 39], "24": [38, 39], "25": [37, 38, 39], "26": [39], "27": [], "28": [37], "29": [36, 37, 38, 39], "30": [38], "31": [38, 39], "32": [], "33": [36, 39], "34": [36, 39], "35": [36]}, "frame_second": "400", "pedestrian_list": [{"out_group_a_strength": 14.285714285714286, "pedestrian_id": 36, "target_a_range": 435.0, "in_group_r_range": 2.0, "target": [10000.0, 0.0], "friend_zone": [32, 8, 13, 15, 0, 33, 27, 26, 9, 14, 35, 23, 3, 5, 10, 22, 12, 19], "in_group_a_range": 2.8, "out_group_r_range": 2.0, "out_group_r_strength": 56.0, "attractor_count": 18, "target_a_strength": 22000000000.0, "out_group_a_range": 2.8, "radius": 0.3, "in_group_r_strength": 40.0, "in_group_a_strength": 20.0, "position": [-51.28955774008154, -4.5298985715392615], "group_id": 0}, {"out_group_a_strength": 14.285714285714286, "pedestrian_id": 37, "target_a_range": 435.0, "in_group_r_range": 2.0, "target": [10000.0, 0.0], "friend_zone": [27, 19, 4, 6, 16, 35, 29, 30, 1, 2, 8, 0, 26, 10, 22, 3, 23, 34], "in_group_a_range": 2.8, "out_group_r_range": 2.0, "out_group_r_strength": 56.0, "attractor_count": 18, "target_a_strength": 22000000000.0, "out_group_a_range": 2.8, "radius": 0.3, "in_group_r_strength": 40.0, "in_group_a_strength": 20.0, "position": [-43.51787574756333, -6.513989927817777], "group_id": 0}, {"out_group_a_strength": 14.285714285714286, "pedestrian_id": 38, "target_a_range": 435.0, "in_group_r_range": 2.0, "target": [10000.0, 0.0], "friend_zone": [4, 6, 26, 33, 30, 14, 3, 18, 12, 9, 29, 10, 34, 23, 24, 31, 20, 32], "in_group_a_range": 2.8, "out_group_r_range": 2.0, "out_group_r_strength": 56.0, "attractor_count": 18, "target_a_strength": 22000000000.0, "out_group_a_range": 2.8, "radius": 0.3, "in_group_r_strength": 40.0, "in_group_a_strength": 20.0, "position": [-34.40671091904643, -10.406071248364954], "group_id": 1}, {"out_group_a_strength": 14.285714285714286, "pedestrian_id": 39, "target_a_range": 435.0, "in_group_r_range": 2.0, "target": [10000.0, 0.0], "friend_zone": [12, 18, 4, 20, 29, 24, 7, 17, 21, 34, 15, 1, 14, 13, 33, 9, 27, 28], "in_group_a_range": 2.8, "out_group_r_range": 2.0, "out_group_r_strength": 56.0, "attractor_count": 18, "target_a_strength": 22000000000.0, "out_group_a_range": 2.8, "radius": 0.3, "in_group_r_strength": 40.0, "in_group_a_strength": 20.0, "position": [-68.20625122763624, 3.9232156320382465], "group_id": 1}]}