{"additional_id_existed_ped": {"0": [100, 101], "1": [103], "2": [102, 103], "3": [101, 102], "4": [102], "5": [100, 101], "6": [], "7": [101, 103], "8": [100, 101, 102], "9": [100, 101, 103], "10": [101, 102, 103], "11": [100, 102], "12": [100, 101, 102], "13": [103], "14": [102], "15": [100, 101, 102], "16": [100, 102], "17": [100, 101, 103], "18": [100, 102], "19": [101, 102, 103], "20": [100, 103], "21": [100, 101], "22": [100, 101], "23": [100, 102, 103], "24": [100, 101, 102, 103], "25": [], "26": [101, 102, 103], "27": [100, 101, 102], "28": [100], "29": [100, 103], "30": [100, 102], "31": [], "32": [100, 102, 103], "33": [100, 102, 103], "34": [100, 101, 102, 103], "35": [100, 103], "36": [101, 102, 103], "37": [100, 103], "38": [100], "39": [101], "40": [100, 101, 103], "41": [100, 101, 102], "42": [102], "43": [103], "44": [100, 102], "45": [101, 103], "46": [100, 101], "47": [102, 103], "48": [101], "49": [101], "50": [100, 103], "51": [102, 103], "52": [101, 102], "53": [100, 101, 102], "54": [101, 103], "55": [101, 103], "56": [100, 102, 103], "57": [100, 102, 103], "58": [101, 103], "59": [], "60": [], "61": [101, 102], "62": [100], "63": [102, 103], "64": [101, 103], "65": [100, 101], "66": [100, 101, 102], "67": [], "68": [100, 101, 102, 103], "69": [101, 102, 103], "70": [102, 103], "71": [102], "72": [102, 103], "73": [103], "74": [101], "75": [101, 102], "76": [100, 101], "77": [100, 103], "78": [101, 102], "79": [], "80": [], "81": [100, 101], "82": [101], "83": [100, 103], "84": [100, 102], "85": [101, 102, 103], "86": [102], "87": [100, 102, 103], "88": [101, 102, 103], "89": [100, 101, 102, 103], "90": [100], "91": [102, 103], "92": [102], "93": [100, 101], "94": [100, 103], "95": [100, 102, 103], "96": [100, 101, 103], "97": [101, 103], "98": [100, 101, 102, 103], "99": [101, 103]}, "frame_second": "2000", "pedestrian_list": [{"out_group_a_strength": 14.285714285714286, "pedestrian_id": 100, "target_a_range": 435.0, "in_group_r_range": 2.0, "target": [10000.0, 0.0], "friend_zone": [7, 76, 8, 31, 34, 58, 74, 99, 53, 49, 4, 46, 66, 94, 23, 55, 73, 35, 69, 18, 32, 95, 29, 86, 16, 62, 72, 42, 79, 63, 93, 25, 21, 57, 52, 96, 30, 56, 45, 81, 78, 10, 15, 12, 50, 24, 84, 17, 20, 67], "in_group_a_range": 2.8, "out_group_r_range": 2.0, "out_group_r_strength": 56.0, "attractor_count": 50, "target_a_strength": 22000000000.0, "out_group_a_range": 2.8, "radius": 0.3, "in_group_r_strength": 40.0, "in_group_a_strength": 20.0, "position": [-38.958527622967765, 16.25575073555998], "group_id": 0}, {"out_group_a_strength": 14.285714285714286, "pedestrian_id": 101, "target_a_range": 435.0, "in_group_r_range": 2.0, "target": [10000.0, 0.0], "friend_zone": [2, 88, 57, 80, 84, 17, 55, 97, 39, 6, 85, 9, 26, 77, 54, 98, 20, 66, 31, 29, 92, 99, 62, 27, 59, 11, 10, 69, 43, 70, 53, 12, 25, 13, 71, 87, 35, 63, 37, 79, 95, 58, 68, 18, 3, 96, 8, 47, 46, 64], "in_group_a_range": 2.8, "out_group_r_range": 2.0, "out_group_r_strength": 56.0, "attractor_count": 50, "target_a_strength": 22000000000.0, "out_group_a_range": 2.8, "radius": 0.3, "in_group_r_strength": 40.0, "in_group_a_strength": 20.0, "position": [-61.7049429524947, 5.847382493126873], "group_id": 0}, {"out_group_a_strength": 14.285714285714286, "pedestrian_id": 102, "target_a_range": 435.0, "in_group_r_range": 2.0, "target": [10000.0, 0.0], "friend_zone": [36, 61, 60, 17, 86, 46, 98, 24, 97, 11, 78, 33, 13, 73, 80, 66, 0, 90, 34, 23, 87, 44, 5, 55, 1, 89, 81, 69, 15, 63, 65, 21, 47, 53, 29, 49, 45, 96, 56, 82, 31, 70, 12, 41, 50, 30, 26, 84, 88, 52], "in_group_a_range": 2.8, "out_group_r_range": 2.0, "out_group_r_strength": 56.0, "attractor_count": 50, "target_a_strength": 22000000000.0, "out_group_a_range": 2.8, "radius": 0.3, "in_group_r_strength": 40.0, "in_group_a_strength": 20.0, "position": [-46.09611732159618, -0.6598059352895123], "group_id": 1}, {"out_group_a_strength": 14.285714285714286, "pedestrian_id": 103, "target_a_range": 435.0, "in_group_r_range": 2.0, "target": [10000.0, 0.0], "friend_zone": [1, 34, 78, 0, 62, 48, 75, 46, 5, 2, 22, 99, 82, 29, 54, 25, 69, 97, 11, 49, 24, 70, 60, 42, 68, 77, 36, 91, 27, 30, 13, 44, 28, 20, 84, 50, 83, 38, 90, 66, 43, 86, 56, 6, 81, 52, 37, 80, 8, 41], "in_group_a_range": 2.8, "out_group_r_range": 2.0, "out_group_r_strength": 56.0, "attractor_count": 50, "target_a_strength": 22000000000.0, "out_group_a_range": 2.8, "radius": 0.3, "in_group_r_strength": 40.0, "in_group_a_strength": 20.0, "position": [-34.398295383913606, 12.368017196834607], "group_id": 1}]}