{"additional_id_existed_ped": {"0": [34], "1": [33], "2": [35], "3": [32, 34], "4": [34], "5": [32, 33, 34, 35], "6": [32, 33, 34, 35], "7": [32, 33, 35], "8": [32], "9": [34, 35], "10": [32, 33, 34, 35], "11": [33, 35], "12": [33], "13": [34, 35], "14": [33, 34, 35], "15": [33], "16": [32, 33], "17": [32, 35], "18": [33, 34, 35], "19": [32], "20": [32, 34], "21": [32, 34], "22": [32, 33], "23": [34], "24": [34], "25": [32], "26": [32, 33, 34], "27": [33, 35], "28": [34, 35], "29": [32, 33, 35], "30": [33, 35], "31": [32, 35]}, "frame_second": "300", "pedestrian_list": [{"out_group_a_strength": 14.285714285714286, "pedestrian_id": 32, "target_a_range": 435.0, "in_group_r_range": 2.0, "target": [10000.0, 0.0], "friend_zone": [16, 18, 17, 14, 28, 3, 27, 20, 22, 6, 26, 24, 21, 15, 1, 12], "in_group_a_range": 2.8, "out_group_r_range": 2.0, "out_group_r_strength": 56.0, "attractor_count": 16, "target_a_strength": 22000000000.0, "out_group_a_range": 2.8, "radius": 0.3, "in_group_r_strength": 40.0, "in_group_a_strength": 20.0, "position": [-62.99282944960621, -0.6564841196252453], "group_id": 0}, {"out_group_a_strength": 14.285714285714286, "pedestrian_id": 33, "target_a_range": 435.0, "in_group_r_range": 2.0, "target": [10000.0, 0.0], "friend_zone": [21, 27, 3, 4, 8, 7, 18, 25, 13, 14, 19, 31, 0, 30, 28, 10], "in_group_a_range": 2.8, "out_group_r_range": 2.0, "out_group_r_strength": 56.0, "attractor_count": 16, "target_a_strength": 22000000000.0, "out_group_a_range": 2.8, "radius": 0.3, "in_group_r_strength": 40.0, "in_group_a_strength": 20.0, "position": [-45.44262658587497, -7.158190433286617], "group_id": 0}, {"out_group_a_strength": 14.285714285714286, "pedestrian_id": 34, "target_a_range": 435.0, "in_group_r_range": 2.0, "target": [10000.0, 0.0], "friend_zone": [31, 1, 0, 29, 19, 4, 2, 5, 16, 26, 17, 21, 3, 8, 25, 28], "in_group_a_range": 2.8, "out_group_r_range": 2.0, "out_group_r_strength": 56.0, "attractor_count": 16, "target_a_strength": 22000000000.0, "out_group_a_range": 2.8, "radius": 0.3, "in_group_r_strength": 40.0, "in_group_a_strength": 20.0, "position": [-69.50398767661565, 16.229490617643492], "group_id": 1}, {"out_group_a_strength": 14.285714285714286, "pedestrian_id": 35, "target_a_range": 435.0, "in_group_r_range": 2.0, "target": [10000.0, 0.0], "friend_zone": [15, 29, 21, 4, 11, 6, 30, 28, 27, 25, 12, 0, 23, 31, 3, 24], "in_group_a_range": 2.8, "out_group_r_range": 2.0, "out_group_r_strength": 56.0, "attractor_count": 16, "target_a_strength": 22000000000.0, "out_group_a_range": 2.8, "radius": 0.3, "in_group_r_strength": 40.0, "in_group_a_strength": 20.0, "position": [-52.57821740085711, -7.8036103872808615], "group_id": 1}]}