{"additional_id_existed_ped": {"0": [52, 53, 55], "1": [], "2": [55], "3": [52], "4": [], "5": [52], "6": [53, 54, 55], "7": [53, 54], "8": [53, 54], "9": [52, 53, 54], "10": [53], "11": [55], "12": [53], "13": [52, 55], "14": [53, 55], "15": [52, 53, 54, 55], "16": [52, 53, 54], "17": [], "18": [55], "19": [52, 53, 55], "20": [], "21": [53, 54, 55], "22": [52, 53, 54, 55], "23": [53], "24": [53, 54], "25": [52, 53, 55], "26": [52, 53, 54, 55], "27": [54], "28": [52], "29": [53, 54, 55], "30": [52, 53, 54], "31": [54], "32": [55], "33": [52, 53], "34": [52, 55], "35": [52, 54], "36": [52], "37": [52, 54], "38": [52, 54, 55], "39": [53, 55], "40": [53, 54, 55], "41": [52, 54, 55], "42": [54, 55], "43": [52, 54, 55], "44": [54], "45": [52, 53, 54], "46": [52, 54], "47": [52, 53, 54, 55], "48": [53, 54, 55], "49": [55], "50": [52, 53], "51": [52, 55]}, "frame_second": "800", "pedestrian_list": [{"out_group_a_strength": 14.285714285714286, "pedestrian_id": 52, "target_a_range": 435.0, "in_group_r_range": 2.0, "target": [10000.0, 0.0], "friend_zone": [50, 3, 21, 29, 24, 19, 49, 22, 37, 30, 27, 33, 20, 28, 8, 14, 32, 18, 36, 6, 43, 16, 26, 11, 38, 46], "in_group_a_range": 2.8, "out_group_r_range": 2.0, "out_group_r_strength": 56.0, "attractor_count": 26, "target_a_strength": 22000000000.0, "out_group_a_range": 2.8, "radius": 0.3, "in_group_r_strength": 40.0, "in_group_a_strength": 20.0, "position": [-42.17668929619696, -7.797442929997527], "group_id": 0}, {"out_group_a_strength": 14.285714285714286, "pedestrian_id": 53, "target_a_range": 435.0, "in_group_r_range": 2.0, "target": [10000.0, 0.0], "friend_zone": [37, 7, 49, 23, 12, 10, 19, 51, 3, 41, 13, 27, 47, 14, 42, 26, 6, 46, 30, 45, 16, 0, 17, 24, 32, 34], "in_group_a_range": 2.8, "out_group_r_range": 2.0, "out_group_r_strength": 56.0, "attractor_count": 26, "target_a_strength": 22000000000.0, "out_group_a_range": 2.8, "radius": 0.3, "in_group_r_strength": 40.0, "in_group_a_strength": 20.0, "position": [-68.19078878758853, -8.461061506724691], "group_id": 0}, {"out_group_a_strength": 14.285714285714286, "pedestrian_id": 54, "target_a_range": 435.0, "in_group_r_range": 2.0, "target": [10000.0, 0.0], "friend_zone": [45, 17, 47, 16, 27, 22, 6, 48, 40, 20, 33, 14, 7, 31, 12, 50, 8, 5, 25, 13, 44, 19, 15, 18, 29, 39], "in_group_a_range": 2.8, "out_group_r_range": 2.0, "out_group_r_strength": 56.0, "attractor_count": 26, "target_a_strength": 22000000000.0, "out_group_a_range": 2.8, "radius": 0.3, "in_group_r_strength": 40.0, "in_group_a_strength": 20.0, "position": [-37.63989769902994, 11.036555212358232], "group_id": 1}, {"out_group_a_strength": 14.285714285714286, "pedestrian_id": 55, "target_a_range": 435.0, "in_group_r_range": 2.0, "target": [10000.0, 0.0], "friend_zone": [8, 43, 9, 39, 14, 19, 25, 46, 28, 22, 7, 42, 41, 32, 35, 4, 51, 2, 45, 5, 27, 13, 30, 16, 34, 31], "in_group_a_range": 2.8, "out_group_r_range": 2.0, "out_group_r_strength": 56.0, "attractor_count": 26, "target_a_strength": 22000000000.0, "out_group_a_range": 2.8, "radius": 0.3, "in_group_r_strength": 40.0, "in_group_a_strength": 20.0, "position": [-66.90378083723466, -12.368008371360096], "group_id": 1}]}