{"additional_id_existed_ped": {"0": [40, 42], "1": [40, 42], "2": [40], "3": [43], "4": [42, 43], "5": [40, 41, 42, 43], "6": [43], "7": [40, 43], "8": [40], "9": [43], "10": [40, 41, 43], "11": [40, 43], "12": [41, 42], "13": [41], "14": [40, 42], "15": [42, 43], "16": [40, 41, 42], "17": [40, 41, 42], "18": [40, 43], "19": [40, 41, 42, 43], "20": [41, 43], "21": [40, 41, 43], "22": [41], "23": [41, 42, 43], "24": [42], "25": [40, 41, 42, 43], "26": [41, 42], "27": [41, 42], "28": [40, 42], "29": [42], "30": [41, 43], "31": [41], "32": [41, 42], "33": [], "34": [40, 41], "35": [40, 43], "36": [40, 41, 42], "37": [40, 43], "38": [42, 43], "39": [41, 43]}, "frame_second": "500", "pedestrian_list": [{"out_group_a_strength": 14.285714285714286, "pedestrian_id": 40, "target_a_range": 435.0, "in_group_r_range": 2.0, "target": [10000.0, 0.0], "friend_zone": [14, 28, 6, 27, 21, 8, 10, 30, 9, 5, 3, 32, 22, 36, 18, 33, 39, 23, 37, 1], "in_group_a_range": 2.8, "out_group_r_range": 2.0, "out_group_r_strength": 56.0, "attractor_count": 20, "target_a_strength": 22000000000.0, "out_group_a_range": 2.8, "radius": 0.3, "in_group_r_strength": 40.0, "in_group_a_strength": 20.0, "position": [-34.40012915357726, 9.749363914828146], "group_id": 0}, {"out_group_a_strength": 14.285714285714286, "pedestrian_id": 41, "target_a_range": 435.0, "in_group_r_range": 2.0, "target": [10000.0, 0.0], "friend_zone": [11, 19, 2, 32, 25, 33, 5, 36, 18, 24, 6, 22, 14, 7, 34, 21, 15, 23, 3, 29], "in_group_a_range": 2.8, "out_group_r_range": 2.0, "out_group_r_strength": 56.0, "attractor_count": 20, "target_a_strength": 22000000000.0, "out_group_a_range": 2.8, "radius": 0.3, "in_group_r_strength": 40.0, "in_group_a_strength": 20.0, "position": [-57.79270616818454, 2.5775512306684645], "group_id": 0}, {"out_group_a_strength": 14.285714285714286, "pedestrian_id": 42, "target_a_range": 435.0, "in_group_r_range": 2.0, "target": [10000.0, 0.0], "friend_zone": [24, 39, 33, 19, 17, 8, 20, 2, 14, 1, 3, 16, 37, 23, 36, 29, 18, 34, 28, 15], "in_group_a_range": 2.8, "out_group_r_range": 2.0, "out_group_r_strength": 56.0, "attractor_count": 20, "target_a_strength": 22000000000.0, "out_group_a_range": 2.8, "radius": 0.3, "in_group_r_strength": 40.0, "in_group_a_strength": 20.0, "position": [-35.03563789086617, 7.142179543041654], "group_id": 1}, {"out_group_a_strength": 14.285714285714286, "pedestrian_id": 43, "target_a_range": 435.0, "in_group_r_range": 2.0, "target": [10000.0, 0.0], "friend_zone": [38, 5, 8, 6, 15, 10, 20, 33, 28, 22, 0, 32, 23, 36, 7, 27, 4, 25, 21, 34], "in_group_a_range": 2.8, "out_group_r_range": 2.0, "out_group_r_strength": 56.0, "attractor_count": 20, "target_a_strength": 22000000000.0, "out_group_a_range": 2.8, "radius": 0.3, "in_group_r_strength": 40.0, "in_group_a_strength": 20.0, "position": [-50.00663998354647, -7.817208756721681], "group_id": 1}]}