{"additional_id_existed_ped": {"0": [65, 66], "1": [65, 67], "2": [64, 65], "3": [65, 67], "4": [64, 65, 66, 67], "5": [65, 67], "6": [65, 66, 67], "7": [], "8": [64], "9": [67], "10": [64, 65], "11": [66], "12": [], "13": [64, 65, 66, 67], "14": [67], "15": [67], "16": [64, 65, 67], "17": [66], "18": [65], "19": [64, 66], "20": [65], "21": [64, 65, 66, 67], "22": [64, 66], "23": [66], "24": [64, 65, 66, 67], "25": [64, 65, 66, 67], "26": [64, 66], "27": [65], "28": [64, 66, 67], "29": [67], "30": [64, 65, 66, 67], "31": [65], "32": [64, 66], "33": [64, 66], "34": [65, 66, 67], "35": [65, 66], "36": [64, 66], "37": [64, 65, 67], "38": [65, 67], "39": [64, 65, 66], "40": [64, 65], "41": [67], "42": [64, 65], "43": [64], "44": [67], "45": [64, 66, 67], "46": [67], "47": [64, 66], "48": [65, 66, 67], "49": [64], "50": [64, 65, 66], "51": [64, 67], "52": [64, 65, 67], "53": [64, 65, 67], "54": [67], "55": [64, 65, 66], "56": [65, 66], "57": [67], "58": [65, 66, 67], "59": [66], "60": [64], "61": [66], "62": [66, 67], "63": [64, 66, 67]}, "frame_second": "1100", "pedestrian_list": [{"out_group_a_strength": 14.285714285714286, "pedestrian_id": 64, "target_a_range": 435.0, "in_group_r_range": 2.0, "target": [10000.0, 0.0], "friend_zone": [25, 53, 35, 51, 22, 28, 50, 24, 39, 43, 21, 55, 7, 16, 58, 27, 59, 41, 23, 63, 11, 30, 56, 20, 8, 49, 54, 6, 29, 34, 57, 17], "in_group_a_range": 2.8, "out_group_r_range": 2.0, "out_group_r_strength": 56.0, "attractor_count": 32, "target_a_strength": 22000000000.0, "out_group_a_range": 2.8, "radius": 0.3, "in_group_r_strength": 40.0, "in_group_a_strength": 20.0, "position": [-38.95858145932674, 15.582350098732311], "group_id": 0}, {"out_group_a_strength": 14.285714285714286, "pedestrian_id": 65, "target_a_range": 435.0, "in_group_r_range": 2.0, "target": [10000.0, 0.0], "friend_zone": [43, 42, 61, 37, 9, 32, 53, 58, 49, 15, 44, 47, 55, 60, 11, 24, 2, 52, 26, 33, 39, 31, 23, 16, 50, 25, 38, 5, 8, 62, 27, 46], "in_group_a_range": 2.8, "out_group_r_range": 2.0, "out_group_r_strength": 56.0, "attractor_count": 32, "target_a_strength": 22000000000.0, "out_group_a_range": 2.8, "radius": 0.3, "in_group_r_strength": 40.0, "in_group_a_strength": 20.0, "position": [-51.314233530585675, 9.755337107455297], "group_id": 0}, {"out_group_a_strength": 14.285714285714286, "pedestrian_id": 66, "target_a_range": 435.0, "in_group_r_range": 2.0, "target": [10000.0, 0.0], "friend_zone": [32, 53, 31, 43, 18, 17, 38, 30, 16, 50, 45, 2, 58, 9, 48, 8, 10, 11, 14, 49, 26, 29, 54, 27, 22, 36, 37, 24, 39, 20, 19, 25], "in_group_a_range": 2.8, "out_group_r_range": 2.0, "out_group_r_strength": 56.0, "attractor_count": 32, "target_a_strength": 22000000000.0, "out_group_a_range": 2.8, "radius": 0.3, "in_group_r_strength": 40.0, "in_group_a_strength": 20.0, "position": [-43.491829454997536, 3.924539594091725], "group_id": 1}, {"out_group_a_strength": 14.285714285714286, "pedestrian_id": 67, "target_a_range": 435.0, "in_group_r_range": 2.0, "target": [10000.0, 0.0], "friend_zone": [32, 63, 61, 37, 3, 8, 0, 42, 29, 23, 31, 24, 48, 7, 50, 27, 52, 9, 20, 11, 21, 38, 62, 10, 55, 18, 54, 58, 39, 36, 35, 40], "in_group_a_range": 2.8, "out_group_r_range": 2.0, "out_group_r_strength": 56.0, "attractor_count": 32, "target_a_strength": 22000000000.0, "out_group_a_range": 2.8, "radius": 0.3, "in_group_r_strength": 40.0, "in_group_a_strength": 20.0, "position": [-35.0361405936732, 8.42644230698694], "group_id": 1}]}