{"additional_id_existed_ped": {"0": [57, 59], "1": [58], "2": [58], "3": [56, 57], "4": [56, 58], "5": [], "6": [56, 57], "7": [57], "8": [56], "9": [57, 59], "10": [57, 59], "11": [58], "12": [59], "13": [56, 58, 59], "14": [58], "15": [58, 59], "16": [56], "17": [56, 58], "18": [56, 57, 58, 59], "19": [56, 58, 59], "20": [56], "21": [59], "22": [], "23": [56, 58, 59], "24": [57, 58, 59], "25": [56, 57, 58, 59], "26": [57, 59], "27": [56], "28": [56, 58, 59], "29": [], "30": [57, 58, 59], "31": [56, 57, 59], "32": [58], "33": [56, 57, 59], "34": [57, 59], "35": [56], "36": [56, 57, 58], "37": [56, 58], "38": [56, 57, 58], "39": [56, 59], "40": [57, 58], "41": [56, 57, 59], "42": [57], "43": [56, 57, 58, 59], "44": [57, 58, 59], "45": [57], "46": [59], "47": [56, 57, 58, 59], "48": [57, 58, 59], "49": [58], "50": [56, 58], "51": [56, 58, 59], "52": [56, 57, 58, 59], "53": [57], "54": [57, 59], "55": [56, 57]}, "frame_second": "900", "pedestrian_list": [{"out_group_a_strength": 14.285714285714286, "pedestrian_id": 56, "target_a_range": 435.0, "in_group_r_range": 2.0, "target": [10000.0, 0.0], "friend_zone": [26, 53, 52, 48, 30, 50, 2, 31, 32, 16, 38, 49, 33, 19, 40, 29, 4, 5, 43, 13, 55, 18, 20, 12, 28, 37, 7, 42], "in_group_a_range": 2.8, "out_group_r_range": 2.0, "out_group_r_strength": 56.0, "attractor_count": 28, "target_a_strength": 22000000000.0, "out_group_a_range": 2.8, "radius": 0.3, "in_group_r_strength": 40.0, "in_group_a_strength": 20.0, "position": [-54.53611798957145, 12.99375086216299], "group_id": 0}, {"out_group_a_strength": 14.285714285714286, "pedestrian_id": 57, "target_a_range": 435.0, "in_group_r_range": 2.0, "target": [10000.0, 0.0], "friend_zone": [32, 8, 17, 47, 4, 6, 46, 54, 31, 14, 52, 36, 12, 20, 35, 55, 21, 37, 43, 39, 9, 40, 45, 38, 10, 18, 25, 15], "in_group_a_range": 2.8, "out_group_r_range": 2.0, "out_group_r_strength": 56.0, "attractor_count": 28, "target_a_strength": 22000000000.0, "out_group_a_range": 2.8, "radius": 0.3, "in_group_r_strength": 40.0, "in_group_a_strength": 20.0, "position": [-38.31153433746887, -11.691007135093885], "group_id": 0}, {"out_group_a_strength": 14.285714285714286, "pedestrian_id": 58, "target_a_range": 435.0, "in_group_r_range": 2.0, "target": [10000.0, 0.0], "friend_zone": [5, 12, 4, 19, 52, 45, 44, 50, 18, 53, 8, 39, 31, 23, 30, 55, 48, 26, 36, 0, 1, 15, 41, 6, 10, 25, 11, 14], "in_group_a_range": 2.8, "out_group_r_range": 2.0, "out_group_r_strength": 56.0, "attractor_count": 28, "target_a_strength": 22000000000.0, "out_group_a_range": 2.8, "radius": 0.3, "in_group_r_strength": 40.0, "in_group_a_strength": 20.0, "position": [-60.40301834112357, -17.53710766544374], "group_id": 1}, {"out_group_a_strength": 14.285714285714286, "pedestrian_id": 59, "target_a_range": 435.0, "in_group_r_range": 2.0, "target": [10000.0, 0.0], "friend_zone": [47, 15, 50, 25, 38, 46, 26, 28, 31, 35, 33, 27, 4, 8, 13, 54, 55, 32, 1, 49, 6, 14, 41, 19, 43, 12, 11, 45], "in_group_a_range": 2.8, "out_group_r_range": 2.0, "out_group_r_strength": 56.0, "attractor_count": 28, "target_a_strength": 22000000000.0, "out_group_a_range": 2.8, "radius": 0.3, "in_group_r_strength": 40.0, "in_group_a_strength": 20.0, "position": [-54.54354520115789, 4.562212437234504], "group_id": 1}]}