{"additional_id_existed_ped": {"0": [85, 86], "1": [85, 86], "2": [84, 85, 87], "3": [], "4": [85, 87], "5": [87], "6": [85, 87], "7": [86], "8": [86], "9": [87], "10": [84, 85], "11": [84, 85, 86], "12": [84, 86], "13": [84, 86], "14": [84, 86], "15": [84, 86, 87], "16": [84, 85, 86, 87], "17": [84, 85], "18": [], "19": [84, 85], "20": [85], "21": [86], "22": [86, 87], "23": [], "24": [84, 85], "25": [87], "26": [86, 87], "27": [84, 85], "28": [85, 86], "29": [85, 86, 87], "30": [85], "31": [84], "32": [85, 86], "33": [84, 85, 86], "34": [85], "35": [84, 85, 87], "36": [84, 87], "37": [84, 85, 87], "38": [86, 87], "39": [86], "40": [84, 85], "41": [85, 86], "42": [84, 85, 87], "43": [85, 86, 87], "44": [], "45": [84, 86, 87], "46": [85, 86, 87], "47": [85], "48": [86], "49": [84, 85], "50": [86], "51": [84, 87], "52": [85], "53": [84, 85, 86, 87], "54": [84, 87], "55": [87], "56": [84, 86, 87], "57": [86, 87], "58": [], "59": [84, 85, 86, 87], "60": [84], "61": [87], "62": [84], "63": [84, 85, 86, 87], "64": [84, 85, 87], "65": [], "66": [84, 87], "67": [84, 85, 86], "68": [84, 85, 86, 87], "69": [84, 85, 86], "70": [84, 86], "71": [84, 86], "72": [84, 85, 86, 87], "73": [86, 87], "74": [85, 87], "75": [87], "76": [85, 86, 87], "77": [84, 87], "78": [84, 85, 86, 87], "79": [84, 86, 87], "80": [84, 87], "81": [84, 85, 87], "82": [85, 86, 87], "83": [86]}, "frame_second": "1600", "pedestrian_list": [{"out_group_a_strength": 14.285714285714286, "pedestrian_id": 84, "target_a_range": 435.0, "in_group_r_range": 2.0, "target": [10000.0, 0.0], "friend_zone": [62, 33, 56, 4, 15, 53, 42, 32, 61, 40, 80, 39, 16, 45, 58, 13, 77, 75, 34, 6, 74, 3, 2, 81, 38, 49, 9, 67, 70, 73, 83, 12, 29, 11, 43, 78, 7, 44, 22, 18, 64, 10], "in_group_a_range": 2.8, "out_group_r_range": 2.0, "out_group_r_strength": 56.0, "attractor_count": 42, "target_a_strength": 22000000000.0, "out_group_a_range": 2.8, "radius": 0.3, "in_group_r_strength": 40.0, "in_group_a_strength": 20.0, "position": [-42.18511294676898, 9.116837404665157], "group_id": 0}, {"out_group_a_strength": 14.285714285714286, "pedestrian_id": 85, "target_a_range": 435.0, "in_group_r_range": 2.0, "target": [10000.0, 0.0], "friend_zone": [24, 61, 43, 16, 52, 27, 57, 63, 56, 81, 10, 76, 53, 11, 77, 65, 12, 62, 1, 18, 21, 34, 55, 7, 28, 67, 29, 79, 20, 75, 54, 8, 31, 49, 33, 70, 78, 5, 44, 72, 41, 32], "in_group_a_range": 2.8, "out_group_r_range": 2.0, "out_group_r_strength": 56.0, "attractor_count": 42, "target_a_strength": 22000000000.0, "out_group_a_range": 2.8, "radius": 0.3, "in_group_r_strength": 40.0, "in_group_a_strength": 20.0, "position": [-64.2799109893377, 3.232180697793763], "group_id": 0}, {"out_group_a_strength": 14.285714285714286, "pedestrian_id": 86, "target_a_range": 435.0, "in_group_r_range": 2.0, "target": [10000.0, 0.0], "friend_zone": [66, 76, 20, 51, 57, 59, 47, 54, 36, 45, 33, 83, 18, 11, 32, 4, 10, 70, 42, 61, 8, 14, 29, 79, 68, 80, 22, 77, 44, 12, 31, 38, 43, 82, 60, 13, 62, 7, 9, 52, 50, 72], "in_group_a_range": 2.8, "out_group_r_range": 2.0, "out_group_r_strength": 56.0, "attractor_count": 42, "target_a_strength": 22000000000.0, "out_group_a_range": 2.8, "radius": 0.3, "in_group_r_strength": 40.0, "in_group_a_strength": 20.0, "position": [-43.49313689102011, 0.6615572756573789], "group_id": 1}, {"out_group_a_strength": 14.285714285714286, "pedestrian_id": 87, "target_a_range": 435.0, "in_group_r_range": 2.0, "target": [10000.0, 0.0], "friend_zone": [7, 72, 20, 1, 70, 32, 73, 76, 31, 40, 82, 65, 0, 38, 27, 4, 22, 23, 66, 46, 26, 28, 25, 9, 78, 61, 53, 24, 39, 68, 37, 19, 55, 6, 13, 52, 34, 33, 64, 18, 50, 77], "in_group_a_range": 2.8, "out_group_r_range": 2.0, "out_group_r_strength": 56.0, "attractor_count": 42, "target_a_strength": 22000000000.0, "out_group_a_range": 2.8, "radius": 0.3, "in_group_r_strength": 40.0, "in_group_a_strength": 20.0, "position": [-47.41158503218938, -7.126055925543556], "group_id": 1}]}