{"additional_id_existed_ped": {"0": [73, 75], "1": [72, 73, 74, 75], "2": [73, 74, 75], "3": [72, 73, 74, 75], "4": [74, 75], "5": [73, 75], "6": [74, 75], "7": [], "8": [72, 73, 74, 75], "9": [72, 73], "10": [73, 75], "11": [72], "12": [72, 73], "13": [72], "14": [], "15": [72, 73], "16": [73, 74], "17": [72, 73, 74, 75], "18": [], "19": [72], "20": [72, 73, 74, 75], "21": [72, 74, 75], "22": [73], "23": [73, 74], "24": [73, 75], "25": [72, 73, 74, 75], "26": [74, 75], "27": [72, 75], "28": [], "29": [72, 74], "30": [72, 75], "31": [73, 74, 75], "32": [73, 74], "33": [72, 74, 75], "34": [72, 75], "35": [72, 74, 75], "36": [], "37": [72, 73, 75], "38": [72, 73, 74], "39": [73], "40": [72], "41": [74, 75], "42": [], "43": [74], "44": [72, 74, 75], "45": [72, 73, 74], "46": [72, 73, 74], "47": [74, 75], "48": [75], "49": [72, 73, 74, 75], "50": [75], "51": [74, 75], "52": [73, 74], "53": [72, 74], "54": [73, 74], "55": [72], "56": [72], "57": [72, 73], "58": [72, 73, 74], "59": [75], "60": [73, 74], "61": [72, 73, 75], "62": [72, 73, 75], "63": [72, 73], "64": [73, 74, 75], "65": [74], "66": [75], "67": [74, 75], "68": [72, 74], "69": [72, 75], "70": [73], "71": [73]}, "frame_second": "1300", "pedestrian_list": [{"out_group_a_strength": 14.285714285714286, "pedestrian_id": 72, "target_a_range": 435.0, "in_group_r_range": 2.0, "target": [10000.0, 0.0], "friend_zone": [18, 65, 52, 2, 68, 23, 24, 51, 12, 56, 28, 13, 15, 25, 0, 4, 27, 67, 34, 70, 21, 39, 9, 16, 26, 29, 69, 58, 1, 33, 38, 35, 19, 71, 49, 53], "in_group_a_range": 2.8, "out_group_r_range": 2.0, "out_group_r_strength": 56.0, "attractor_count": 36, "target_a_strength": 22000000000.0, "out_group_a_range": 2.8, "radius": 0.3, "in_group_r_strength": 40.0, "in_group_a_strength": 20.0, "position": [-46.1206458573533, -12.340902267967774], "group_id": 0}, {"out_group_a_strength": 14.285714285714286, "pedestrian_id": 73, "target_a_range": 435.0, "in_group_r_range": 2.0, "target": [10000.0, 0.0], "friend_zone": [12, 35, 41, 43, 70, 10, 3, 49, 34, 58, 14, 0, 7, 48, 42, 2, 39, 33, 6, 68, 22, 47, 8, 11, 4, 23, 63, 51, 27, 66, 5, 13, 20, 46, 9, 38], "in_group_a_range": 2.8, "out_group_r_range": 2.0, "out_group_r_strength": 56.0, "attractor_count": 36, "target_a_strength": 22000000000.0, "out_group_a_range": 2.8, "radius": 0.3, "in_group_r_strength": 40.0, "in_group_a_strength": 20.0, "position": [-42.835849486298656, -14.294138012895417], "group_id": 0}, {"out_group_a_strength": 14.285714285714286, "pedestrian_id": 74, "target_a_range": 435.0, "in_group_r_range": 2.0, "target": [10000.0, 0.0], "friend_zone": [69, 38, 39, 63, 64, 44, 20, 54, 33, 42, 41, 62, 47, 45, 3, 28, 13, 16, 43, 27, 18, 22, 7, 15, 37, 6, 51, 31, 65, 53, 10, 24, 23, 25, 17, 35], "in_group_a_range": 2.8, "out_group_r_range": 2.0, "out_group_r_strength": 56.0, "attractor_count": 36, "target_a_strength": 22000000000.0, "out_group_a_range": 2.8, "radius": 0.3, "in_group_r_strength": 40.0, "in_group_a_strength": 20.0, "position": [-38.2977775796873, -16.880146390649465], "group_id": 1}, {"out_group_a_strength": 14.285714285714286, "pedestrian_id": 75, "target_a_range": 435.0, "in_group_r_range": 2.0, "target": [10000.0, 0.0], "friend_zone": [49, 27, 31, 9, 23, 63, 40, 43, 30, 24, 37, 45, 48, 25, 17, 13, 39, 59, 71, 41, 1, 51, 67, 50, 16, 11, 35, 33, 65, 55, 46, 56, 20, 66, 47, 60], "in_group_a_range": 2.8, "out_group_r_range": 2.0, "out_group_r_strength": 56.0, "attractor_count": 36, "target_a_strength": 22000000000.0, "out_group_a_range": 2.8, "radius": 0.3, "in_group_r_strength": 40.0, "in_group_a_strength": 20.0, "position": [-53.245938528201144, 4.560340899214196], "group_id": 1}]}