{"additional_id_existed_ped": {"0": [92, 94, 95], "1": [94], "2": [92, 93, 94], "3": [92, 93], "4": [94, 95], "5": [92, 93, 94, 95], "6": [92, 94], "7": [93], "8": [92, 94, 95], "9": [92], "10": [92, 95], "11": [92], "12": [94], "13": [94], "14": [95], "15": [95], "16": [93, 95], "17": [93], "18": [95], "19": [92, 93], "20": [], "21": [94, 95], "22": [94, 95], "23": [92, 93, 94, 95], "24": [92, 95], "25": [94], "26": [94], "27": [92, 93, 94, 95], "28": [93, 94], "29": [92, 93, 94], "30": [93, 94, 95], "31": [92, 93], "32": [94, 95], "33": [94], "34": [93, 95], "35": [93, 94, 95], "36": [92, 95], "37": [], "38": [92, 95], "39": [92, 93], "40": [92, 95], "41": [92, 93, 94], "42": [92, 93, 94], "43": [93, 94, 95], "44": [93, 94], "45": [93, 95], "46": [92, 94, 95], "47": [92], "48": [93, 94], "49": [92, 95], "50": [92], "51": [93, 94], "52": [92], "53": [92, 93, 94], "54": [94], "55": [93, 94], "56": [92, 94], "57": [92, 93, 95], "58": [92, 93, 94, 95], "59": [93, 95], "60": [92], "61": [93], "62": [94, 95], "63": [92, 94], "64": [93, 94, 95], "65": [93], "66": [92, 93], "67": [92, 93], "68": [92, 94], "69": [92, 93], "70": [93, 94], "71": [94, 95], "72": [92, 95], "73": [], "74": [92, 93, 95], "75": [93, 94, 95], "76": [94], "77": [95], "78": [92, 93, 95], "79": [93, 95], "80": [92, 93, 94, 95], "81": [92, 95], "82": [92, 93], "83": [92, 93, 94, 95], "84": [95], "85": [92, 93, 95], "86": [92, 93, 94, 95], "87": [92, 93], "88": [94, 95], "89": [], "90": [94, 95], "91": [93, 95]}, "frame_second": "1800", "pedestrian_list": [{"out_group_a_strength": 14.285714285714286, "pedestrian_id": 92, "target_a_range": 435.0, "in_group_r_range": 2.0, "target": [10000.0, 0.0], "friend_zone": [2, 3, 23, 61, 52, 16, 32, 38, 39, 13, 85, 58, 8, 89, 65, 59, 68, 76, 9, 33, 71, 64, 19, 25, 12, 70, 40, 78, 42, 22, 57, 63, 37, 26, 80, 5, 43, 7, 6, 41, 48, 86, 73, 47, 53, 91], "in_group_a_range": 2.8, "out_group_r_range": 2.0, "out_group_r_strength": 56.0, "attractor_count": 46, "target_a_strength": 22000000000.0, "out_group_a_range": 2.8, "radius": 0.3, "in_group_r_strength": 40.0, "in_group_a_strength": 20.0, "position": [-40.240252993370476, 9.101798788975138], "group_id": 0}, {"out_group_a_strength": 14.285714285714286, "pedestrian_id": 93, "target_a_range": 435.0, "in_group_r_range": 2.0, "target": [10000.0, 0.0], "friend_zone": [81, 53, 60, 12, 32, 36, 89, 5, 88, 7, 57, 0, 70, 51, 6, 79, 58, 63, 65, 55, 42, 62, 11, 18, 52, 45, 26, 10, 71, 80, 20, 46, 69, 3, 33, 8, 1, 44, 29, 91, 75, 59, 2, 35, 61, 22], "in_group_a_range": 2.8, "out_group_r_range": 2.0, "out_group_r_strength": 56.0, "attractor_count": 46, "target_a_strength": 22000000000.0, "out_group_a_range": 2.8, "radius": 0.3, "in_group_r_strength": 40.0, "in_group_a_strength": 20.0, "position": [-47.37632516493791, -2.624726360009495], "group_id": 0}, {"out_group_a_strength": 14.285714285714286, "pedestrian_id": 94, "target_a_range": 435.0, "in_group_r_range": 2.0, "target": [10000.0, 0.0], "friend_zone": [25, 73, 55, 46, 78, 9, 26, 90, 82, 34, 69, 7, 64, 18, 84, 17, 14, 70, 51, 89, 33, 38, 3, 39, 35, 67, 16, 1, 11, 2, 53, 31, 76, 19, 68, 0, 52, 62, 87, 91, 58, 66, 71, 22, 49, 23], "in_group_a_range": 2.8, "out_group_r_range": 2.0, "out_group_r_strength": 56.0, "attractor_count": 46, "target_a_strength": 22000000000.0, "out_group_a_range": 2.8, "radius": 0.3, "in_group_r_strength": 40.0, "in_group_a_strength": 20.0, "position": [-54.54815116805171, -3.897179798051414], "group_id": 1}, {"out_group_a_strength": 14.285714285714286, "pedestrian_id": 95, "target_a_range": 435.0, "in_group_r_range": 2.0, "target": [10000.0, 0.0], "friend_zone": [76, 72, 52, 24, 9, 58, 39, 82, 45, 20, 85, 73, 62, 37, 28, 33, 84, 79, 63, 86, 66, 27, 71, 46, 14, 81, 43, 6, 55, 87, 88, 90, 16, 19, 36, 1, 44, 26, 17, 49, 78, 68, 47, 5, 11, 77], "in_group_a_range": 2.8, "out_group_r_range": 2.0, "out_group_r_strength": 56.0, "attractor_count": 46, "target_a_strength": 22000000000.0, "out_group_a_range": 2.8, "radius": 0.3, "in_group_r_strength": 40.0, "in_group_a_strength": 20.0, "position": [-42.83803200008188, 12.348408766847001], "group_id": 1}]}