{"additional_id_existed_ped": {"0": [96, 97, 99], "1": [], "2": [96, 97], "3": [96, 98, 99], "4": [97, 98, 99], "5": [], "6": [97], "7": [96, 99], "8": [98], "9": [97, 99], "10": [96, 98, 99], "11": [96, 97, 98, 99], "12": [96], "13": [97, 99], "14": [97, 99], "15": [97, 98, 99], "16": [97, 98, 99], "17": [], "18": [98, 99], "19": [96, 97, 98, 99], "20": [98, 99], "21": [97], "22": [96, 98], "23": [96, 98], "24": [99], "25": [], "26": [96, 97, 98], "27": [96, 98, 99], "28": [96, 97], "29": [97, 98, 99], "30": [97, 99], "31": [98], "32": [97, 98, 99], "33": [97, 98, 99], "34": [96, 98], "35": [], "36": [96, 97], "37": [96, 98], "38": [96], "39": [96, 97, 98], "40": [96, 97, 98], "41": [96, 97, 98, 99], "42": [96, 97, 99], "43": [99], "44": [96, 98], "45": [], "46": [], "47": [98], "48": [96, 97], "49": [97], "50": [96, 99], "51": [97, 98], "52": [96, 97], "53": [96, 99], "54": [99], "55": [96, 97], "56": [96, 99], "57": [97, 98, 99], "58": [98, 99], "59": [97], "60": [], "61": [96, 98, 99], "62": [98, 99], "63": [96, 97, 98, 99], "64": [96, 98], "65": [], "66": [96, 97, 98], "67": [96, 97, 99], "68": [96, 97, 98, 99], "69": [96, 97], "70": [97, 98, 99], "71": [96, 98, 99], "72": [96, 97], "73": [97, 98], "74": [96, 97], "75": [96, 97], "76": [96, 98], "77": [96], "78": [99], "79": [96], "80": [96, 97, 98, 99], "81": [96, 97, 98], "82": [99], "83": [96, 97, 98, 99], "84": [96], "85": [98, 99], "86": [96, 97, 98], "87": [97, 98, 99], "88": [97, 98, 99], "89": [], "90": [99], "91": [96, 97, 99], "92": [98], "93": [99], "94": [98, 99], "95": [97, 98, 99]}, "frame_second": "1900", "pedestrian_list": [{"out_group_a_strength": 14.285714285714286, "pedestrian_id": 96, "target_a_range": 435.0, "in_group_r_range": 2.0, "target": [10000.0, 0.0], "friend_zone": [31, 95, 83, 94, 5, 63, 37, 84, 46, 29, 48, 47, 23, 21, 4, 24, 7, 2, 27, 35, 41, 74, 19, 18, 90, 69, 57, 80, 32, 64, 30, 86, 93, 88, 55, 56, 76, 28, 8, 73, 52, 26, 67, 36, 89, 92, 81, 6], "in_group_a_range": 2.8, "out_group_r_range": 2.0, "out_group_r_strength": 56.0, "attractor_count": 48, "target_a_strength": 22000000000.0, "out_group_a_range": 2.8, "radius": 0.3, "in_group_r_strength": 40.0, "in_group_a_strength": 20.0, "position": [-38.299861396545445, 15.609813162045484], "group_id": 0}, {"out_group_a_strength": 14.285714285714286, "pedestrian_id": 97, "target_a_range": 435.0, "in_group_r_range": 2.0, "target": [10000.0, 0.0], "friend_zone": [24, 69, 8, 5, 95, 26, 27, 70, 74, 82, 44, 65, 37, 9, 92, 32, 46, 21, 18, 49, 23, 10, 36, 58, 39, 84, 61, 15, 76, 77, 78, 13, 45, 50, 35, 33, 17, 25, 7, 59, 87, 43, 64, 48, 94, 41, 62, 53], "in_group_a_range": 2.8, "out_group_r_range": 2.0, "out_group_r_strength": 56.0, "attractor_count": 48, "target_a_strength": 22000000000.0, "out_group_a_range": 2.8, "radius": 0.3, "in_group_r_strength": 40.0, "in_group_a_strength": 20.0, "position": [-49.98903939390953, -3.903018202727], "group_id": 0}, {"out_group_a_strength": 14.285714285714286, "pedestrian_id": 98, "target_a_range": 435.0, "in_group_r_range": 2.0, "target": [10000.0, 0.0], "friend_zone": [60, 51, 84, 7, 53, 59, 14, 21, 71, 8, 57, 31, 76, 65, 41, 46, 50, 95, 89, 24, 6, 56, 93, 86, 9, 79, 4, 73, 88, 91, 16, 30, 2, 11, 38, 43, 54, 26, 13, 80, 25, 22, 74, 78, 33, 42, 3, 94], "in_group_a_range": 2.8, "out_group_r_range": 2.0, "out_group_r_strength": 56.0, "attractor_count": 48, "target_a_strength": 22000000000.0, "out_group_a_range": 2.8, "radius": 0.3, "in_group_r_strength": 40.0, "in_group_a_strength": 20.0, "position": [-50.657062990639965, -1.9721836882739205], "group_id": 1}, {"out_group_a_strength": 14.285714285714286, "pedestrian_id": 99, "target_a_range": 435.0, "in_group_r_range": 2.0, "target": [10000.0, 0.0], "friend_zone": [61, 10, 76, 69, 36, 78, 12, 47, 17, 38, 26, 40, 58, 45, 72, 84, 15, 82, 41, 6, 14, 54, 63, 74, 79, 9, 64, 95, 67, 27, 37, 4, 94, 44, 34, 48, 2, 53, 7, 55, 35, 20, 88, 81, 3, 75, 62, 92], "in_group_a_range": 2.8, "out_group_r_range": 2.0, "out_group_r_strength": 56.0, "attractor_count": 48, "target_a_strength": 22000000000.0, "out_group_a_range": 2.8, "radius": 0.3, "in_group_r_strength": 40.0, "in_group_a_strength": 20.0, "position": [-39.58452700300135, 7.803389134162523], "group_id": 1}]}