{"additional_id_existed_ped": {"0": [81, 82], "1": [80, 81, 83], "2": [83], "3": [80, 82, 83], "4": [83], "5": [82, 83], "6": [80, 81, 82, 83], "7": [80], "8": [80], "9": [82, 83], "10": [80], "11": [80, 81, 82, 83], "12": [81, 82], "13": [80, 82, 83], "14": [80, 83], "15": [], "16": [81], "17": [80, 83], "18": [80, 81, 83], "19": [82], "20": [80, 82], "21": [80, 82], "22": [80, 81, 83], "23": [80, 81, 82], "24": [82], "25": [81], "26": [81, 82], "27": [81, 83], "28": [81, 82, 83], "29": [80, 82, 83], "30": [82], "31": [82, 83], "32": [81, 83], "33": [80, 82], "34": [82], "35": [83], "36": [80, 82, 83], "37": [], "38": [82], "39": [80, 82, 83], "40": [80, 81, 83], "41": [80, 81], "42": [80, 82, 83], "43": [80, 81], "44": [82, 83], "45": [82, 83], "46": [80, 81, 82], "47": [80, 82], "48": [80, 81, 83], "49": [80, 81], "50": [80, 82], "51": [82, 83], "52": [80, 81, 82, 83], "53": [80, 81, 83], "54": [80, 83], "55": [81, 83], "56": [81], "57": [80, 81, 82], "58": [80, 82], "59": [81, 82, 83], "60": [83], "61": [81, 83], "62": [80, 81, 82, 83], "63": [81], "64": [82], "65": [81, 83], "66": [], "67": [81, 83], "68": [81, 82], "69": [81, 83], "70": [81], "71": [81, 82], "72": [80, 81], "73": [82], "74": [80, 81, 83], "75": [80, 81], "76": [80, 81], "77": [81, 82, 83], "78": [80], "79": [80]}, "frame_second": "1500", "pedestrian_list": [{"out_group_a_strength": 14.285714285714286, "pedestrian_id": 80, "target_a_range": 435.0, "in_group_r_range": 2.0, "target": [10000.0, 0.0], "friend_zone": [24, 49, 53, 36, 62, 1, 6, 13, 31, 11, 74, 40, 23, 19, 3, 43, 32, 20, 66, 58, 39, 12, 5, 14, 69, 25, 30, 64, 44, 4, 16, 2, 37, 46, 7, 67, 8, 29, 18, 50], "in_group_a_range": 2.8, "out_group_r_range": 2.0, "out_group_r_strength": 56.0, "attractor_count": 40, "target_a_strength": 22000000000.0, "out_group_a_range": 2.8, "radius": 0.3, "in_group_r_strength": 40.0, "in_group_a_strength": 20.0, "position": [-39.590885854056694, 15.586148714261913], "group_id": 0}, {"out_group_a_strength": 14.285714285714286, "pedestrian_id": 81, "target_a_range": 435.0, "in_group_r_range": 2.0, "target": [10000.0, 0.0], "friend_zone": [44, 51, 46, 49, 42, 20, 5, 67, 59, 28, 3, 77, 25, 27, 37, 12, 18, 75, 38, 8, 32, 21, 78, 43, 64, 22, 53, 10, 0, 11, 52, 26, 23, 31, 58, 48, 15, 74, 76, 56], "in_group_a_range": 2.8, "out_group_r_range": 2.0, "out_group_r_strength": 56.0, "attractor_count": 40, "target_a_strength": 22000000000.0, "out_group_a_range": 2.8, "radius": 0.3, "in_group_r_strength": 40.0, "in_group_a_strength": 20.0, "position": [-61.029499791979326, -14.929233627894998], "group_id": 0}, {"out_group_a_strength": 14.285714285714286, "pedestrian_id": 82, "target_a_range": 435.0, "in_group_r_range": 2.0, "target": [10000.0, 0.0], "friend_zone": [72, 8, 31, 20, 49, 65, 61, 78, 14, 2, 74, 9, 57, 4, 62, 27, 60, 13, 69, 35, 30, 37, 21, 59, 77, 32, 7, 43, 12, 63, 25, 23, 29, 76, 11, 15, 47, 17, 34, 58], "in_group_a_range": 2.8, "out_group_r_range": 2.0, "out_group_r_strength": 56.0, "attractor_count": 40, "target_a_strength": 22000000000.0, "out_group_a_range": 2.8, "radius": 0.3, "in_group_r_strength": 40.0, "in_group_a_strength": 20.0, "position": [-64.96147843762114, 0.6706005139762636], "group_id": 1}, {"out_group_a_strength": 14.285714285714286, "pedestrian_id": 83, "target_a_range": 435.0, "in_group_r_range": 2.0, "target": [10000.0, 0.0], "friend_zone": [44, 65, 15, 6, 18, 55, 5, 11, 22, 63, 9, 71, 46, 0, 19, 3, 31, 13, 1, 39, 25, 42, 2, 32, 34, 14, 23, 16, 67, 62, 27, 57, 29, 54, 38, 52, 30, 24, 26, 49], "in_group_a_range": 2.8, "out_group_r_range": 2.0, "out_group_r_strength": 56.0, "attractor_count": 40, "target_a_strength": 22000000000.0, "out_group_a_range": 2.8, "radius": 0.3, "in_group_r_strength": 40.0, "in_group_a_strength": 20.0, "position": [-55.86799739447126, 1.9251754312488056], "group_id": 1}]}