{"additional_id_existed_ped": {"0": [44, 45, 47], "1": [45, 47], "2": [44, 46, 47], "3": [45, 46, 47], "4": [47], "5": [45, 47], "6": [45, 46, 47], "7": [44, 45], "8": [45, 46], "9": [46], "10": [45, 46, 47], "11": [44, 45, 47], "12": [44, 45], "13": [44, 45, 47], "14": [44], "15": [44, 46, 47], "16": [44, 47], "17": [44, 45, 47], "18": [46], "19": [46], "20": [44, 45, 46], "21": [45, 46], "22": [45, 47], "23": [], "24": [46], "25": [44], "26": [44, 45, 46, 47], "27": [44, 46, 47], "28": [44, 46], "29": [46, 47], "30": [46], "31": [45, 46], "32": [46], "33": [47], "34": [44, 46], "35": [44, 45], "36": [44], "37": [44, 47], "38": [44, 45, 47], "39": [44, 45], "40": [], "41": [45, 46, 47], "42": [45, 46], "43": [44, 47]}, "frame_second": "600", "pedestrian_list": [{"out_group_a_strength": 14.285714285714286, "pedestrian_id": 44, "target_a_range": 435.0, "in_group_r_range": 2.0, "target": [10000.0, 0.0], "friend_zone": [40, 8, 34, 3, 36, 32, 11, 22, 42, 41, 31, 13, 39, 27, 30, 16, 26, 14, 18, 19, 20, 35], "in_group_a_range": 2.8, "out_group_r_range": 2.0, "out_group_r_strength": 56.0, "attractor_count": 22, "target_a_strength": 22000000000.0, "out_group_a_range": 2.8, "radius": 0.3, "in_group_r_strength": 40.0, "in_group_a_strength": 20.0, "position": [-56.52159439936648, -14.951285949534045], "group_id": 0}, {"out_group_a_strength": 14.285714285714286, "pedestrian_id": 45, "target_a_range": 435.0, "in_group_r_range": 2.0, "target": [10000.0, 0.0], "friend_zone": [12, 42, 32, 2, 31, 43, 24, 30, 14, 29, 9, 11, 10, 19, 22, 13, 34, 0, 21, 40, 6, 35], "in_group_a_range": 2.8, "out_group_r_range": 2.0, "out_group_r_strength": 56.0, "attractor_count": 22, "target_a_strength": 22000000000.0, "out_group_a_range": 2.8, "radius": 0.3, "in_group_r_strength": 40.0, "in_group_a_strength": 20.0, "position": [-66.26606032673486, -17.5543567760016], "group_id": 0}, {"out_group_a_strength": 14.285714285714286, "pedestrian_id": 46, "target_a_range": 435.0, "in_group_r_range": 2.0, "target": [10000.0, 0.0], "friend_zone": [37, 2, 24, 6, 28, 18, 15, 13, 39, 27, 41, 16, 26, 29, 0, 38, 32, 30, 12, 25, 21, 36], "in_group_a_range": 2.8, "out_group_r_range": 2.0, "out_group_r_strength": 56.0, "attractor_count": 22, "target_a_strength": 22000000000.0, "out_group_a_range": 2.8, "radius": 0.3, "in_group_r_strength": 40.0, "in_group_a_strength": 20.0, "position": [-49.3604922414823, -10.378365571677461], "group_id": 1}, {"out_group_a_strength": 14.285714285714286, "pedestrian_id": 47, "target_a_range": 435.0, "in_group_r_range": 2.0, "target": [10000.0, 0.0], "friend_zone": [14, 19, 15, 30, 34, 43, 7, 8, 39, 31, 41, 21, 36, 11, 12, 0, 28, 25, 35, 5, 42, 22], "in_group_a_range": 2.8, "out_group_r_range": 2.0, "out_group_r_strength": 56.0, "attractor_count": 22, "target_a_strength": 22000000000.0, "out_group_a_range": 2.8, "radius": 0.3, "in_group_r_strength": 40.0, "in_group_a_strength": 20.0, "position": [-43.48475800157749, -10.382973962811407], "group_id": 1}]}