{"additional_id_existed_ped": {"0": [22], "1": [20, 21, 22, 23], "2": [20, 21, 22], "3": [21, 23], "4": [20, 21, 22], "5": [22, 23], "6": [20, 21, 23], "7": [22, 23], "8": [], "9": [20, 21, 23], "10": [21, 23], "11": [], "12": [], "13": [20, 21, 23], "14": [20, 22], "15": [20, 23], "16": [21, 23], "17": [22], "18": [20, 21, 22], "19": [20, 22]}, "frame_second": "0", "pedestrian_list": [{"out_group_a_strength": 14.285714285714286, "pedestrian_id": 20, "target_a_range": 435.0, "in_group_r_range": 2.0, "target": [10000.0, 0.0], "friend_zone": [13, 15, 8, 16, 12, 0, 3, 11, 4, 19], "in_group_a_range": 2.8, "out_group_r_range": 2.0, "out_group_r_strength": 56.0, "attractor_count": 10, "target_a_strength": 22000000000.0, "out_group_a_range": 2.8, "radius": 0.3, "in_group_r_strength": 40.0, "in_group_a_strength": 20.0, "position": [-67.56004856882076, -3.9074639691024204], "group_id": 0}, {"out_group_a_strength": 14.285714285714286, "pedestrian_id": 21, "target_a_range": 435.0, "in_group_r_range": 2.0, "target": [10000.0, 0.0], "friend_zone": [1, 15, 13, 12, 3, 16, 17, 19, 8, 10], "in_group_a_range": 2.8, "out_group_r_range": 2.0, "out_group_r_strength": 56.0, "attractor_count": 10, "target_a_strength": 22000000000.0, "out_group_a_range": 2.8, "radius": 0.3, "in_group_r_strength": 40.0, "in_group_a_strength": 20.0, "position": [-35.04796218074798, -11.041706367563837], "group_id": 0}, {"out_group_a_strength": 14.285714285714286, "pedestrian_id": 22, "target_a_range": 435.0, "in_group_r_range": 2.0, "target": [10000.0, 0.0], "friend_zone": [14, 1, 5, 3, 13, 0, 9, 15, 2, 11], "in_group_a_range": 2.8, "out_group_r_range": 2.0, "out_group_r_strength": 56.0, "attractor_count": 10, "target_a_strength": 22000000000.0, "out_group_a_range": 2.8, "radius": 0.3, "in_group_r_strength": 40.0, "in_group_a_strength": 20.0, "position": [-55.188475527994285, -14.937448677941664], "group_id": 1}, {"out_group_a_strength": 14.285714285714286, "pedestrian_id": 23, "target_a_range": 435.0, "in_group_r_range": 2.0, "target": [10000.0, 0.0], "friend_zone": [5, 12, 9, 11, 4, 19, 17, 14, 8, 7], "in_group_a_range": 2.8, "out_group_r_range": 2.0, "out_group_r_strength": 56.0, "attractor_count": 10, "target_a_strength": 22000000000.0, "out_group_a_range": 2.8, "radius": 0.3, "in_group_r_strength": 40.0, "in_group_a_strength": 20.0, "position": [-33.07761538811893, -11.02902382672518], "group_id": 1}]}