{"additional_id_existed_ped": {"0": [79], "1": [76, 78], "2": [78, 79], "3": [78, 79], "4": [78, 79], "5": [77, 78], "6": [77, 79], "7": [76, 77, 78, 79], "8": [78, 79], "9": [76], "10": [79], "11": [76, 77, 79], "12": [76, 77, 78, 79], "13": [77, 78], "14": [], "15": [76, 77, 78, 79], "16": [78], "17": [76, 77], "18": [77, 79], "19": [76, 77, 79], "20": [77, 79], "21": [], "22": [77], "23": [77, 79], "24": [76, 77], "25": [78, 79], "26": [76, 78, 79], "27": [79], "28": [76, 77], "29": [76, 77], "30": [76, 78, 79], "31": [76, 77], "32": [76, 79], "33": [76, 77, 79], "34": [78, 79], "35": [76, 78, 79], "36": [78], "37": [76, 79], "38": [76, 77, 78, 79], "39": [76, 77, 78], "40": [76], "41": [77], "42": [76, 78], "43": [77, 78], "44": [78], "45": [78, 79], "46": [76, 77, 78, 79], "47": [77], "48": [76, 77, 78], "49": [76, 79], "50": [77, 78], "51": [76, 78, 79], "52": [76, 77], "53": [77, 79], "54": [76], "55": [79], "56": [76], "57": [76, 78], "58": [76, 77, 78, 79], "59": [76, 77], "60": [77, 78, 79], "61": [76, 79], "62": [76], "63": [78], "64": [77, 78], "65": [76, 77, 78, 79], "66": [78], "67": [76, 77, 78], "68": [77, 78, 79], "69": [77, 78], "70": [77], "71": [76], "72": [76, 79], "73": [], "74": [78], "75": [77, 79]}, "frame_second": "1400", "pedestrian_list": [{"out_group_a_strength": 14.285714285714286, "pedestrian_id": 76, "target_a_range": 435.0, "in_group_r_range": 2.0, "target": [10000.0, 0.0], "friend_zone": [9, 50, 29, 72, 57, 23, 20, 43, 0, 28, 14, 67, 62, 70, 27, 22, 51, 69, 71, 41, 60, 36, 26, 19, 59, 15, 16, 65, 39, 54, 45, 42, 30, 37, 11, 3, 13, 32], "in_group_a_range": 2.8, "out_group_r_range": 2.0, "out_group_r_strength": 56.0, "attractor_count": 38, "target_a_strength": 22000000000.0, "out_group_a_range": 2.8, "radius": 0.3, "in_group_r_strength": 40.0, "in_group_a_strength": 20.0, "position": [-60.40807365345089, -9.72842863572315], "group_id": 0}, {"out_group_a_strength": 14.285714285714286, "pedestrian_id": 77, "target_a_range": 435.0, "in_group_r_range": 2.0, "target": [10000.0, 0.0], "friend_zone": [67, 68, 63, 16, 57, 45, 2, 1, 73, 52, 18, 28, 42, 65, 4, 32, 25, 9, 19, 56, 40, 5, 30, 69, 66, 51, 29, 37, 11, 34, 17, 46, 7, 26, 75, 10, 70, 27], "in_group_a_range": 2.8, "out_group_r_range": 2.0, "out_group_r_strength": 56.0, "attractor_count": 38, "target_a_strength": 22000000000.0, "out_group_a_range": 2.8, "radius": 0.3, "in_group_r_strength": 40.0, "in_group_a_strength": 20.0, "position": [-41.55955208418603, 13.651481699560645], "group_id": 0}, {"out_group_a_strength": 14.285714285714286, "pedestrian_id": 78, "target_a_range": 435.0, "in_group_r_range": 2.0, "target": [10000.0, 0.0], "friend_zone": [70, 61, 36, 42, 37, 44, 22, 45, 64, 69, 75, 67, 74, 12, 30, 46, 5, 57, 21, 4, 35, 55, 20, 10, 11, 68, 47, 8, 58, 32, 27, 7, 26, 38, 39, 66, 13, 24], "in_group_a_range": 2.8, "out_group_r_range": 2.0, "out_group_r_strength": 56.0, "attractor_count": 38, "target_a_strength": 22000000000.0, "out_group_a_range": 2.8, "radius": 0.3, "in_group_r_strength": 40.0, "in_group_a_strength": 20.0, "position": [-51.278871312568306, 1.9540659242194092], "group_id": 1}, {"out_group_a_strength": 14.285714285714286, "pedestrian_id": 79, "target_a_range": 435.0, "in_group_r_range": 2.0, "target": [10000.0, 0.0], "friend_zone": [8, 35, 57, 62, 45, 52, 9, 51, 4, 5, 33, 72, 20, 0, 24, 49, 36, 12, 46, 73, 14, 31, 27, 1, 18, 48, 56, 17, 64, 58, 75, 40, 53, 54, 69, 7, 43, 11], "in_group_a_range": 2.8, "out_group_r_range": 2.0, "out_group_r_strength": 56.0, "attractor_count": 38, "target_a_strength": 22000000000.0, "out_group_a_range": 2.8, "radius": 0.3, "in_group_r_strength": 40.0, "in_group_a_strength": 20.0, "position": [-40.90556729598056, -0.644223323105531], "group_id": 1}]}