{"additional_id_existed_ped": {"0": [88, 90], "1": [91], "2": [88], "3": [88, 90], "4": [89, 91], "5": [89, 90], "6": [89, 91], "7": [90], "8": [89, 90], "9": [88, 89], "10": [88, 90, 91], "11": [90], "12": [91], "13": [88, 89, 91], "14": [88, 91], "15": [90, 91], "16": [90], "17": [89, 90, 91], "18": [88], "19": [88, 89, 90], "20": [89, 90, 91], "21": [88, 89, 91], "22": [], "23": [88, 89, 90], "24": [90], "25": [88, 89, 91], "26": [90, 91], "27": [91], "28": [90], "29": [88, 89], "30": [], "31": [90, 91], "32": [89, 90, 91], "33": [88], "34": [], "35": [91], "36": [89, 90], "37": [90], "38": [88, 89, 90, 91], "39": [89, 90, 91], "40": [89, 90, 91], "41": [89, 91], "42": [88, 89, 90, 91], "43": [90, 91], "44": [88, 90], "45": [], "46": [90], "47": [88, 91], "48": [89], "49": [88, 89, 90], "50": [89], "51": [88, 89, 90, 91], "52": [88, 91], "53": [], "54": [88, 89], "55": [88, 91], "56": [89, 90], "57": [89, 90, 91], "58": [90], "59": [88, 90, 91], "60": [91], "61": [88, 89, 90, 91], "62": [], "63": [88, 89], "64": [88, 91], "65": [88, 89], "66": [88, 89, 90, 91], "67": [88, 89, 91], "68": [88, 89, 91], "69": [89, 91], "70": [88, 89, 91], "71": [90], "72": [89, 90, 91], "73": [88], "74": [90, 91], "75": [88], "76": [88, 91], "77": [89, 90], "78": [88], "79": [88, 89, 91], "80": [88, 90], "81": [88, 89, 91], "82": [89, 91], "83": [88, 90], "84": [88, 89, 90], "85": [88, 89], "86": [88, 89, 90], "87": [88, 89, 90, 91]}, "frame_second": "1700", "pedestrian_list": [{"out_group_a_strength": 11.764705882352942, "pedestrian_id": 88, "target_a_range": 435.0, "in_group_r_range": 2.0, "target": [10000.0, 0.0], "friend_zone": [36, 54, 39, 82, 10, 79, 62, 34, 50, 51, 70, 45, 83, 66, 59, 11, 72, 18, 9, 57, 0, 3, 74, 65, 14, 35, 47, 80, 46, 13, 60, 22, 29, 42, 23, 48, 87, 38, 40, 32, 76, 16, 4, 33], "in_group_a_range": 2.8, "out_group_r_range": 2.0, "out_group_r_strength": 68.0, "attractor_count": 44, "target_a_strength": 22000000000.0, "out_group_a_range": 2.8, "radius": 0.3, "in_group_r_strength": 40.0, "in_group_a_strength": 20.0, "position": [-59.75840571863232, 16.26587583518448], "group_id": 0}, {"out_group_a_strength": 11.764705882352942, "pedestrian_id": 89, "target_a_range": 435.0, "in_group_r_range": 2.0, "target": [10000.0, 0.0], "friend_zone": [80, 28, 32, 66, 8, 42, 51, 22, 3, 1, 57, 7, 83, 25, 34, 35, 23, 48, 18, 19, 59, 85, 40, 36, 63, 69, 50, 21, 86, 65, 72, 58, 17, 47, 87, 30, 68, 56, 13, 49, 4, 71, 64, 45], "in_group_a_range": 2.8, "out_group_r_range": 2.0, "out_group_r_strength": 68.0, "attractor_count": 44, "target_a_strength": 22000000000.0, "out_group_a_range": 2.8, "radius": 0.3, "in_group_r_strength": 40.0, "in_group_a_strength": 20.0, "position": [-67.54701321251054, 0.017828478377727275], "group_id": 0}, {"out_group_a_strength": 11.764705882352942, "pedestrian_id": 90, "target_a_range": 435.0, "in_group_r_range": 2.0, "target": [10000.0, 0.0], "friend_zone": [40, 73, 63, 5, 11, 38, 44, 15, 45, 71, 9, 12, 4, 53, 0, 55, 41, 58, 50, 87, 59, 62, 1, 3, 10, 86, 19, 75, 51, 28, 74, 39, 60, 78, 82, 32, 24, 46, 64, 6, 68, 54, 66, 8], "in_group_a_range": 2.8, "out_group_r_range": 2.0, "out_group_r_strength": 68.0, "attractor_count": 44, "target_a_strength": 22000000000.0, "out_group_a_range": 2.8, "radius": 0.3, "in_group_r_strength": 40.0, "in_group_a_strength": 20.0, "position": [-51.3176100089599, 3.2649929592182754], "group_id": 1}, {"out_group_a_strength": 11.764705882352942, "pedestrian_id": 91, "target_a_range": 435.0, "in_group_r_range": 2.0, "target": [10000.0, 0.0], "friend_zone": [4, 35, 42, 2, 43, 70, 38, 71, 62, 75, 39, 25, 9, 45, 85, 65, 60, 80, 83, 81, 54, 19, 1, 53, 64, 24, 16, 23, 15, 78, 68, 22, 61, 34, 21, 55, 11, 33, 76, 44, 49, 14, 56, 32], "in_group_a_range": 2.8, "out_group_r_range": 2.0, "out_group_r_strength": 68.0, "attractor_count": 44, "target_a_strength": 22000000000.0, "out_group_a_range": 2.8, "radius": 0.3, "in_group_r_strength": 40.0, "in_group_a_strength": 20.0, "position": [-50.652064479382716, 0.6399351886386264], "group_id": 1}]}