{"additional_id_existed_ped": {"0": [28, 29, 31], "1": [30, 31], "2": [28, 29], "3": [29, 31], "4": [28, 29, 31], "5": [29, 30], "6": [29], "7": [28, 30, 31], "8": [], "9": [28, 30, 31], "10": [28, 29], "11": [29, 30], "12": [30, 31], "13": [], "14": [29], "15": [28, 31], "16": [], "17": [28, 29, 30], "18": [31], "19": [], "20": [28, 29, 30, 31], "21": [28, 29, 30], "22": [28, 30, 31], "23": [31], "24": [28, 30], "25": [29, 30, 31], "26": [28, 29, 30, 31], "27": [28, 30]}, "frame_second": "200", "pedestrian_list": [{"out_group_a_strength": 11.764705882352942, "pedestrian_id": 28, "target_a_range": 435.0, "in_group_r_range": 2.0, "target": [10000.0, 0.0], "friend_zone": [7, 14, 24, 3, 15, 21, 27, 17, 8, 2, 9, 1, 6, 0], "in_group_a_range": 2.8, "out_group_r_range": 2.0, "out_group_r_strength": 68.0, "attractor_count": 14, "target_a_strength": 22000000000.0, "out_group_a_range": 2.8, "radius": 0.3, "in_group_r_strength": 40.0, "in_group_a_strength": 20.0, "position": [-30.505142139007916, -5.837945055107251], "group_id": 0}, {"out_group_a_strength": 11.764705882352942, "pedestrian_id": 29, "target_a_range": 435.0, "in_group_r_range": 2.0, "target": [10000.0, 0.0], "friend_zone": [20, 19, 8, 3, 22, 17, 6, 11, 24, 15, 2, 13, 9, 0], "in_group_a_range": 2.8, "out_group_r_range": 2.0, "out_group_r_strength": 68.0, "attractor_count": 14, "target_a_strength": 22000000000.0, "out_group_a_range": 2.8, "radius": 0.3, "in_group_r_strength": 40.0, "in_group_a_strength": 20.0, "position": [-46.12318912074393, -0.6718840533423247], "group_id": 0}, {"out_group_a_strength": 11.764705882352942, "pedestrian_id": 30, "target_a_range": 435.0, "in_group_r_range": 2.0, "target": [10000.0, 0.0], "friend_zone": [0, 15, 17, 14, 4, 10, 23, 21, 19, 12, 25, 2, 18, 6], "in_group_a_range": 2.8, "out_group_r_range": 2.0, "out_group_r_strength": 68.0, "attractor_count": 14, "target_a_strength": 22000000000.0, "out_group_a_range": 2.8, "radius": 0.3, "in_group_r_strength": 40.0, "in_group_a_strength": 20.0, "position": [-56.51587305836573, -0.6393655730809855], "group_id": 1}, {"out_group_a_strength": 11.764705882352942, "pedestrian_id": 31, "target_a_range": 435.0, "in_group_r_range": 2.0, "target": [10000.0, 0.0], "friend_zone": [8, 19, 22, 9, 12, 24, 11, 15, 1, 16, 27, 23, 10, 17], "in_group_a_range": 2.8, "out_group_r_range": 2.0, "out_group_r_strength": 68.0, "attractor_count": 14, "target_a_strength": 22000000000.0, "out_group_a_range": 2.8, "radius": 0.3, "in_group_r_strength": 40.0, "in_group_a_strength": 20.0, "position": [-42.17616321081831, 16.90852539075665], "group_id": 1}]}