{"additional_id_existed_ped": {"0": [56], "1": [56, 57, 59], "2": [56, 57, 59], "3": [], "4": [58, 59], "5": [57, 59], "6": [59], "7": [57, 59], "8": [56, 57, 58], "9": [56, 57], "10": [56, 58], "11": [], "12": [57, 58], "13": [58, 59], "14": [56, 57, 58], "15": [57, 58, 59], "16": [56, 58], "17": [56, 57, 58], "18": [57, 58, 59], "19": [56, 57, 59], "20": [57, 59], "21": [57, 58, 59], "22": [56, 58], "23": [58], "24": [56, 57], "25": [57, 58, 59], "26": [56, 58, 59], "27": [56, 59], "28": [56, 58], "29": [59], "30": [56], "31": [59], "32": [59], "33": [57], "34": [57, 58, 59], "35": [59], "36": [56], "37": [56, 57, 58, 59], "38": [56], "39": [57, 58], "40": [56, 59], "41": [57], "42": [56, 57, 58], "43": [56, 57, 58], "44": [56, 57, 58], "45": [57, 58], "46": [56, 57, 58, 59], "47": [], "48": [59], "49": [58, 59], "50": [56], "51": [56, 58, 59], "52": [56, 57, 58, 59], "53": [], "54": [56, 57, 58, 59], "55": []}, "frame_second": "900", "pedestrian_list": [{"out_group_a_strength": 11.764705882352942, "pedestrian_id": 56, "target_a_range": 435.0, "in_group_r_range": 2.0, "target": [10000.0, 0.0], "friend_zone": [3, 47, 5, 28, 33, 53, 0, 24, 14, 46, 34, 21, 36, 40, 4, 38, 26, 37, 50, 32, 29, 7, 16, 30, 6, 48, 8, 10], "in_group_a_range": 2.8, "out_group_r_range": 2.0, "out_group_r_strength": 68.0, "attractor_count": 28, "target_a_strength": 22000000000.0, "out_group_a_range": 2.8, "radius": 0.3, "in_group_r_strength": 40.0, "in_group_a_strength": 20.0, "position": [-42.86415769808943, 12.35895304346234], "group_id": 0}, {"out_group_a_strength": 11.764705882352942, "pedestrian_id": 57, "target_a_range": 435.0, "in_group_r_range": 2.0, "target": [10000.0, 0.0], "friend_zone": [13, 10, 23, 53, 21, 44, 1, 40, 17, 43, 27, 3, 30, 15, 52, 46, 18, 29, 25, 49, 55, 9, 31, 38, 48, 33, 28, 24], "in_group_a_range": 2.8, "out_group_r_range": 2.0, "out_group_r_strength": 68.0, "attractor_count": 28, "target_a_strength": 22000000000.0, "out_group_a_range": 2.8, "radius": 0.3, "in_group_r_strength": 40.0, "in_group_a_strength": 20.0, "position": [-36.342382669276944, 9.740806427939974], "group_id": 0}, {"out_group_a_strength": 11.764705882352942, "pedestrian_id": 58, "target_a_range": 435.0, "in_group_r_range": 2.0, "target": [10000.0, 0.0], "friend_zone": [29, 10, 0, 50, 28, 19, 6, 16, 46, 32, 33, 20, 42, 54, 47, 15, 52, 26, 9, 37, 23, 39, 27, 43, 45, 48, 31, 4], "in_group_a_range": 2.8, "out_group_r_range": 2.0, "out_group_r_strength": 68.0, "attractor_count": 28, "target_a_strength": 22000000000.0, "out_group_a_range": 2.8, "radius": 0.3, "in_group_r_strength": 40.0, "in_group_a_strength": 20.0, "position": [-35.706320354415, -1.951289659733298], "group_id": 1}, {"out_group_a_strength": 11.764705882352942, "pedestrian_id": 59, "target_a_range": 435.0, "in_group_r_range": 2.0, "target": [10000.0, 0.0], "friend_zone": [16, 7, 8, 36, 44, 34, 41, 30, 53, 12, 35, 0, 21, 1, 13, 47, 28, 38, 40, 37, 52, 32, 6, 22, 15, 10, 25, 11], "in_group_a_range": 2.8, "out_group_r_range": 2.0, "out_group_r_strength": 68.0, "attractor_count": 28, "target_a_strength": 22000000000.0, "out_group_a_range": 2.8, "radius": 0.3, "in_group_r_strength": 40.0, "in_group_a_strength": 20.0, "position": [-66.2646623963716, 11.708863591167121], "group_id": 1}]}