{"additional_id_existed_ped": {"0": [77, 78], "1": [76], "2": [76, 77, 79], "3": [76, 77], "4": [79], "5": [77], "6": [77], "7": [76, 78, 79], "8": [76, 77], "9": [79], "10": [76, 77], "11": [77, 78], "12": [76, 77, 78], "13": [76, 77, 79], "14": [77, 78], "15": [76, 77, 78], "16": [77, 79], "17": [76, 77, 78, 79], "18": [76, 77, 79], "19": [78, 79], "20": [76, 79], "21": [76], "22": [76, 78], "23": [76, 77, 78, 79], "24": [78, 79], "25": [76], "26": [76, 79], "27": [77, 78, 79], "28": [76, 77, 78], "29": [76, 77, 79], "30": [77], "31": [76, 77, 79], "32": [], "33": [78], "34": [], "35": [77, 79], "36": [78], "37": [76, 79], "38": [76, 77, 78], "39": [79], "40": [76, 77, 78, 79], "41": [79], "42": [78, 79], "43": [76, 78, 79], "44": [78], "45": [77, 78, 79], "46": [78, 79], "47": [78, 79], "48": [76], "49": [78, 79], "50": [77, 78], "51": [76, 77, 78, 79], "52": [76], "53": [], "54": [76, 77, 78, 79], "55": [78, 79], "56": [78], "57": [79], "58": [76, 77, 78], "59": [78, 79], "60": [77], "61": [77, 79], "62": [77, 79], "63": [76, 77, 78], "64": [76, 77], "65": [78], "66": [76, 77, 78], "67": [76, 77, 78], "68": [76], "69": [77, 78, 79], "70": [76, 78], "71": [76, 78, 79], "72": [76], "73": [79], "74": [77, 79], "75": [76]}, "frame_second": "1400", "pedestrian_list": [{"out_group_a_strength": 11.764705882352942, "pedestrian_id": 76, "target_a_range": 435.0, "in_group_r_range": 2.0, "target": [10000.0, 0.0], "friend_zone": [28, 40, 52, 49, 53, 65, 51, 37, 7, 17, 21, 67, 10, 39, 31, 9, 44, 32, 18, 27, 12, 29, 58, 15, 26, 6, 56, 46, 41, 1, 73, 74, 34, 42, 59, 13, 50, 20], "in_group_a_range": 2.8, "out_group_r_range": 2.0, "out_group_r_strength": 68.0, "attractor_count": 38, "target_a_strength": 22000000000.0, "out_group_a_range": 2.8, "radius": 0.3, "in_group_r_strength": 40.0, "in_group_a_strength": 20.0, "position": [-68.21956425076493, 1.3042133051121707], "group_id": 0}, {"out_group_a_strength": 11.764705882352942, "pedestrian_id": 77, "target_a_range": 435.0, "in_group_r_range": 2.0, "target": [10000.0, 0.0], "friend_zone": [11, 72, 12, 59, 60, 27, 51, 58, 42, 49, 20, 8, 37, 48, 25, 0, 5, 16, 43, 46, 65, 35, 32, 36, 2, 45, 61, 66, 41, 56, 1, 9, 19, 74, 47, 67, 62, 31], "in_group_a_range": 2.8, "out_group_r_range": 2.0, "out_group_r_strength": 68.0, "attractor_count": 38, "target_a_strength": 22000000000.0, "out_group_a_range": 2.8, "radius": 0.3, "in_group_r_strength": 40.0, "in_group_a_strength": 20.0, "position": [-60.40009755571103, 11.039421174649638], "group_id": 0}, {"out_group_a_strength": 11.764705882352942, "pedestrian_id": 78, "target_a_range": 435.0, "in_group_r_range": 2.0, "target": [10000.0, 0.0], "friend_zone": [24, 49, 23, 22, 7, 13, 65, 42, 16, 4, 75, 21, 35, 62, 70, 32, 17, 60, 53, 6, 33, 48, 15, 2, 59, 40, 41, 0, 67, 74, 10, 18, 66, 36, 25, 26, 57, 45], "in_group_a_range": 2.8, "out_group_r_range": 2.0, "out_group_r_strength": 68.0, "attractor_count": 38, "target_a_strength": 22000000000.0, "out_group_a_range": 2.8, "radius": 0.3, "in_group_r_strength": 40.0, "in_group_a_strength": 20.0, "position": [-56.495155806338076, 0.6281599711706392], "group_id": 1}, {"out_group_a_strength": 11.764705882352942, "pedestrian_id": 79, "target_a_range": 435.0, "in_group_r_range": 2.0, "target": [10000.0, 0.0], "friend_zone": [11, 8, 57, 44, 35, 52, 53, 23, 15, 69, 6, 75, 10, 38, 17, 30, 49, 0, 26, 64, 50, 22, 19, 31, 43, 39, 14, 13, 62, 66, 61, 7, 47, 73, 71, 72, 40, 29], "in_group_a_range": 2.8, "out_group_r_range": 2.0, "out_group_r_strength": 68.0, "attractor_count": 38, "target_a_strength": 22000000000.0, "out_group_a_range": 2.8, "radius": 0.3, "in_group_r_strength": 40.0, "in_group_a_strength": 20.0, "position": [-40.880234935028355, 1.2778206952831768], "group_id": 1}]}