{"additional_id_existed_ped": {"0": [93, 94], "1": [92, 94, 95], "2": [95], "3": [92, 95], "4": [94, 95], "5": [93], "6": [93, 94], "7": [92, 93, 94], "8": [94], "9": [93, 95], "10": [93, 95], "11": [92, 93], "12": [93, 94, 95], "13": [92, 93, 94], "14": [93, 95], "15": [94, 95], "16": [92, 94], "17": [92, 93, 95], "18": [95], "19": [92], "20": [94], "21": [94, 95], "22": [], "23": [92, 93, 94, 95], "24": [], "25": [92, 95], "26": [92, 94, 95], "27": [95], "28": [92, 93], "29": [93, 95], "30": [94, 95], "31": [92, 93], "32": [93, 95], "33": [92, 94, 95], "34": [94, 95], "35": [92, 94], "36": [92, 93], "37": [92, 94, 95], "38": [92, 93, 94, 95], "39": [93, 95], "40": [], "41": [94, 95], "42": [92], "43": [92], "44": [92, 93, 94, 95], "45": [93, 94, 95], "46": [93], "47": [92, 94], "48": [92, 93], "49": [92, 93], "50": [95], "51": [92, 93, 94], "52": [92, 93, 94, 95], "53": [92, 95], "54": [95], "55": [93, 94, 95], "56": [94, 95], "57": [92, 95], "58": [93, 94], "59": [92, 94, 95], "60": [92, 94], "61": [92, 94], "62": [92, 93, 94], "63": [94], "64": [94], "65": [], "66": [93, 95], "67": [92, 93, 95], "68": [92, 95], "69": [92, 93, 95], "70": [93], "71": [93], "72": [93, 94], "73": [93], "74": [92, 94], "75": [92, 93], "76": [93, 95], "77": [93, 94], "78": [92, 94], "79": [92, 94, 95], "80": [93, 94, 95], "81": [92, 93], "82": [92, 93], "83": [92, 93, 94, 95], "84": [92, 94, 95], "85": [93, 94], "86": [92], "87": [], "88": [94, 95], "89": [93], "90": [92, 94, 95], "91": [92, 93]}, "frame_second": "1800", "pedestrian_list": [{"out_group_a_strength": 11.764705882352942, "pedestrian_id": 92, "target_a_range": 435.0, "in_group_r_range": 2.0, "target": [10000.0, 0.0], "friend_zone": [91, 3, 55, 84, 54, 56, 28, 75, 22, 76, 19, 33, 78, 4, 10, 43, 46, 85, 52, 70, 37, 9, 88, 86, 35, 90, 42, 34, 11, 44, 72, 24, 53, 61, 82, 27, 8, 77, 83, 1, 16, 20, 49, 50, 0, 71], "in_group_a_range": 2.8, "out_group_r_range": 2.0, "out_group_r_strength": 68.0, "attractor_count": 46, "target_a_strength": 22000000000.0, "out_group_a_range": 2.8, "radius": 0.3, "in_group_r_strength": 40.0, "in_group_a_strength": 20.0, "position": [-61.71519768617238, 9.114840694198804], "group_id": 0}, {"out_group_a_strength": 11.764705882352942, "pedestrian_id": 93, "target_a_range": 435.0, "in_group_r_range": 2.0, "target": [10000.0, 0.0], "friend_zone": [81, 61, 14, 3, 41, 7, 35, 26, 69, 32, 15, 60, 87, 42, 79, 89, 33, 31, 49, 48, 19, 47, 13, 0, 67, 28, 46, 76, 50, 53, 40, 75, 22, 85, 9, 36, 16, 63, 30, 73, 37, 11, 55, 38, 68, 39], "in_group_a_range": 2.8, "out_group_r_range": 2.0, "out_group_r_strength": 68.0, "attractor_count": 46, "target_a_strength": 22000000000.0, "out_group_a_range": 2.8, "radius": 0.3, "in_group_r_strength": 40.0, "in_group_a_strength": 20.0, "position": [-47.400704555724495, 1.9506441237327115], "group_id": 0}, {"out_group_a_strength": 11.764705882352942, "pedestrian_id": 94, "target_a_range": 435.0, "in_group_r_range": 2.0, "target": [10000.0, 0.0], "friend_zone": [37, 69, 12, 78, 20, 1, 68, 79, 39, 88, 23, 41, 0, 90, 86, 31, 16, 85, 30, 7, 72, 27, 48, 40, 25, 65, 83, 50, 58, 66, 91, 73, 3, 29, 63, 46, 81, 24, 84, 18, 71, 28, 17, 80, 67, 6], "in_group_a_range": 2.8, "out_group_r_range": 2.0, "out_group_r_strength": 68.0, "attractor_count": 46, "target_a_strength": 22000000000.0, "out_group_a_range": 2.8, "radius": 0.3, "in_group_r_strength": 40.0, "in_group_a_strength": 20.0, "position": [-56.48265590806774, 1.3244176789930555], "group_id": 1}, {"out_group_a_strength": 11.764705882352942, "pedestrian_id": 95, "target_a_range": 435.0, "in_group_r_range": 2.0, "target": [10000.0, 0.0], "friend_zone": [5, 26, 27, 6, 79, 51, 3, 16, 44, 43, 62, 15, 14, 87, 68, 64, 55, 21, 70, 59, 67, 65, 76, 48, 35, 33, 60, 85, 47, 71, 38, 24, 82, 22, 34, 45, 63, 73, 37, 74, 28, 25, 41, 20, 90, 2], "in_group_a_range": 2.8, "out_group_r_range": 2.0, "out_group_r_strength": 68.0, "attractor_count": 46, "target_a_strength": 22000000000.0, "out_group_a_range": 2.8, "radius": 0.3, "in_group_r_strength": 40.0, "in_group_a_strength": 20.0, "position": [-33.10323412081154, 1.3168669383420724], "group_id": 1}]}