{"additional_id_existed_ped": {"0": [66], "1": [64, 67], "2": [64, 65, 66], "3": [64, 65, 67], "4": [64, 67], "5": [64, 66], "6": [], "7": [66], "8": [64, 65, 66, 67], "9": [], "10": [65, 66, 67], "11": [64, 65, 67], "12": [64, 65, 66, 67], "13": [64, 66], "14": [65], "15": [64, 65, 67], "16": [65], "17": [64, 65, 67], "18": [64], "19": [64, 65, 66], "20": [65, 66], "21": [64, 65, 67], "22": [66, 67], "23": [64, 65, 67], "24": [65, 66], "25": [], "26": [65, 66, 67], "27": [64, 65, 66, 67], "28": [64, 66], "29": [65, 66, 67], "30": [66], "31": [64, 67], "32": [65, 66, 67], "33": [66, 67], "34": [66], "35": [64, 66, 67], "36": [65, 66], "37": [64, 66, 67], "38": [64, 65], "39": [], "40": [64, 66], "41": [65, 66], "42": [65], "43": [64, 65, 67], "44": [64, 66], "45": [67], "46": [66, 67], "47": [64, 65], "48": [64], "49": [67], "50": [65], "51": [64, 65], "52": [65, 67], "53": [64, 65, 66, 67], "54": [64, 67], "55": [66], "56": [66], "57": [64], "58": [64, 65, 67], "59": [64, 65], "60": [67], "61": [65, 66, 67], "62": [67], "63": [66, 67]}, "frame_second": "1100", "pedestrian_list": [{"out_group_a_strength": 11.764705882352942, "pedestrian_id": 64, "target_a_range": 435.0, "in_group_r_range": 2.0, "target": [10000.0, 0.0], "friend_zone": [5, 17, 8, 33, 18, 59, 45, 61, 26, 12, 54, 0, 38, 13, 23, 19, 10, 52, 63, 57, 14, 37, 42, 35, 27, 25, 40, 28, 4, 15, 62, 6], "in_group_a_range": 2.8, "out_group_r_range": 2.0, "out_group_r_strength": 68.0, "attractor_count": 32, "target_a_strength": 22000000000.0, "out_group_a_range": 2.8, "radius": 0.3, "in_group_r_strength": 40.0, "in_group_a_strength": 20.0, "position": [-64.94911175526907, -16.263538395891526], "group_id": 0}, {"out_group_a_strength": 11.764705882352942, "pedestrian_id": 65, "target_a_range": 435.0, "in_group_r_range": 2.0, "target": [10000.0, 0.0], "friend_zone": [52, 28, 0, 43, 25, 40, 29, 6, 30, 56, 18, 1, 35, 26, 17, 34, 63, 10, 32, 48, 11, 39, 42, 44, 60, 15, 49, 51, 62, 24, 38, 8], "in_group_a_range": 2.8, "out_group_r_range": 2.0, "out_group_r_strength": 68.0, "attractor_count": 32, "target_a_strength": 22000000000.0, "out_group_a_range": 2.8, "radius": 0.3, "in_group_r_strength": 40.0, "in_group_a_strength": 20.0, "position": [-53.919009509077135, -13.646891978008377], "group_id": 0}, {"out_group_a_strength": 11.764705882352942, "pedestrian_id": 66, "target_a_range": 435.0, "in_group_r_range": 2.0, "target": [10000.0, 0.0], "friend_zone": [41, 8, 42, 9, 48, 40, 4, 31, 16, 22, 47, 15, 1, 58, 10, 14, 44, 55, 61, 12, 29, 59, 5, 18, 63, 11, 51, 35, 52, 38, 0, 46], "in_group_a_range": 2.8, "out_group_r_range": 2.0, "out_group_r_strength": 68.0, "attractor_count": 32, "target_a_strength": 22000000000.0, "out_group_a_range": 2.8, "radius": 0.3, "in_group_r_strength": 40.0, "in_group_a_strength": 20.0, "position": [-53.90712494637377, 2.582844353801768], "group_id": 1}, {"out_group_a_strength": 11.764705882352942, "pedestrian_id": 67, "target_a_range": 435.0, "in_group_r_range": 2.0, "target": [10000.0, 0.0], "friend_zone": [4, 58, 27, 12, 25, 59, 2, 18, 20, 23, 29, 40, 51, 16, 26, 6, 15, 32, 11, 60, 62, 55, 44, 17, 48, 24, 14, 50, 56, 43, 8, 61], "in_group_a_range": 2.8, "out_group_r_range": 2.0, "out_group_r_strength": 68.0, "attractor_count": 32, "target_a_strength": 22000000000.0, "out_group_a_range": 2.8, "radius": 0.3, "in_group_r_strength": 40.0, "in_group_a_strength": 20.0, "position": [-30.515191764658496, 0.6451313198198416], "group_id": 1}]}