{"additional_id_existed_ped": {"0": [48, 49, 51], "1": [48, 49], "2": [49, 50, 51], "3": [50], "4": [48, 49, 50, 51], "5": [51], "6": [48, 50, 51], "7": [48, 50, 51], "8": [49, 50], "9": [48, 51], "10": [51], "11": [48, 49, 50], "12": [49, 50], "13": [50], "14": [48, 50, 51], "15": [50, 51], "16": [48, 49, 50, 51], "17": [48, 51], "18": [49, 50], "19": [48, 49, 50, 51], "20": [48], "21": [48, 50], "22": [49], "23": [50], "24": [51], "25": [48, 49, 51], "26": [48, 49], "27": [49, 50], "28": [], "29": [48, 49, 50, 51], "30": [49, 50, 51], "31": [48, 51], "32": [48], "33": [51], "34": [48, 49, 50, 51], "35": [51], "36": [48, 50, 51], "37": [48, 49], "38": [49, 50], "39": [49], "40": [], "41": [48], "42": [48], "43": [48, 49, 51], "44": [49, 51], "45": [], "46": [49, 50], "47": [49, 50]}, "frame_second": "700", "pedestrian_list": [{"out_group_a_strength": 11.764705882352942, "pedestrian_id": 48, "target_a_range": 435.0, "in_group_r_range": 2.0, "target": [10000.0, 0.0], "friend_zone": [25, 37, 28, 40, 35, 4, 19, 33, 42, 30, 18, 34, 8, 27, 23, 36, 15, 39, 41, 7, 5, 0, 10, 32], "in_group_a_range": 2.8, "out_group_r_range": 2.0, "out_group_r_strength": 68.0, "attractor_count": 24, "target_a_strength": 22000000000.0, "out_group_a_range": 2.8, "radius": 0.3, "in_group_r_strength": 40.0, "in_group_a_strength": 20.0, "position": [-38.94652250740075, 8.463412646634994], "group_id": 0}, {"out_group_a_strength": 11.764705882352942, "pedestrian_id": 49, "target_a_range": 435.0, "in_group_r_range": 2.0, "target": [10000.0, 0.0], "friend_zone": [13, 8, 32, 22, 36, 47, 18, 19, 39, 12, 26, 6, 34, 20, 23, 27, 2, 45, 28, 43, 30, 29, 35, 17], "in_group_a_range": 2.8, "out_group_r_range": 2.0, "out_group_r_strength": 68.0, "attractor_count": 24, "target_a_strength": 22000000000.0, "out_group_a_range": 2.8, "radius": 0.3, "in_group_r_strength": 40.0, "in_group_a_strength": 20.0, "position": [-55.18876721394413, -10.37814578070747], "group_id": 0}, {"out_group_a_strength": 11.764705882352942, "pedestrian_id": 50, "target_a_range": 435.0, "in_group_r_range": 2.0, "target": [10000.0, 0.0], "friend_zone": [6, 35, 16, 29, 23, 36, 22, 20, 19, 24, 32, 27, 5, 21, 3, 28, 47, 44, 34, 12, 10, 9, 46, 2], "in_group_a_range": 2.8, "out_group_r_range": 2.0, "out_group_r_strength": 68.0, "attractor_count": 24, "target_a_strength": 22000000000.0, "out_group_a_range": 2.8, "radius": 0.3, "in_group_r_strength": 40.0, "in_group_a_strength": 20.0, "position": [-52.601490361879094, -9.117849194012049], "group_id": 1}, {"out_group_a_strength": 11.764705882352942, "pedestrian_id": 51, "target_a_range": 435.0, "in_group_r_range": 2.0, "target": [10000.0, 0.0], "friend_zone": [40, 29, 41, 18, 21, 42, 23, 14, 34, 28, 27, 30, 47, 39, 32, 3, 44, 38, 24, 6, 35, 25, 19, 12], "in_group_a_range": 2.8, "out_group_r_range": 2.0, "out_group_r_strength": 68.0, "attractor_count": 24, "target_a_strength": 22000000000.0, "out_group_a_range": 2.8, "radius": 0.3, "in_group_r_strength": 40.0, "in_group_a_strength": 20.0, "position": [-66.91473909957965, 14.937211567556488], "group_id": 1}]}