{"additional_id_existed_ped": {"0": [20, 22], "1": [20], "2": [23], "3": [22], "4": [21], "5": [20, 22, 23], "6": [21, 23], "7": [21], "8": [21], "9": [20, 22, 23], "10": [21, 22, 23], "11": [20, 21, 22], "12": [22, 23], "13": [], "14": [20, 21, 22], "15": [20], "16": [20, 21, 23], "17": [21, 22, 23], "18": [20, 22, 23], "19": [20, 21, 23]}, "frame_second": "0", "pedestrian_list": [{"out_group_a_strength": 11.764705882352942, "pedestrian_id": 20, "target_a_range": 435.0, "in_group_r_range": 2.0, "target": [10000.0, 0.0], "friend_zone": [19, 2, 7, 18, 3, 5, 10, 13, 9, 16], "in_group_a_range": 2.8, "out_group_r_range": 2.0, "out_group_r_strength": 68.0, "attractor_count": 10, "target_a_strength": 22000000000.0, "out_group_a_range": 2.8, "radius": 0.3, "in_group_r_strength": 40.0, "in_group_a_strength": 20.0, "position": [-55.865775640271885, 9.085395050880104], "group_id": 0}, {"out_group_a_strength": 11.764705882352942, "pedestrian_id": 21, "target_a_range": 435.0, "in_group_r_range": 2.0, "target": [10000.0, 0.0], "friend_zone": [19, 17, 8, 4, 3, 12, 5, 1, 2, 9], "in_group_a_range": 2.8, "out_group_r_range": 2.0, "out_group_r_strength": 68.0, "attractor_count": 10, "target_a_strength": 22000000000.0, "out_group_a_range": 2.8, "radius": 0.3, "in_group_r_strength": 40.0, "in_group_a_strength": 20.0, "position": [-56.494539606154326, -10.403208634606333], "group_id": 0}, {"out_group_a_strength": 11.764705882352942, "pedestrian_id": 22, "target_a_range": 435.0, "in_group_r_range": 2.0, "target": [10000.0, 0.0], "friend_zone": [9, 16, 10, 7, 18, 6, 8, 4, 15, 19], "in_group_a_range": 2.8, "out_group_r_range": 2.0, "out_group_r_strength": 68.0, "attractor_count": 10, "target_a_strength": 22000000000.0, "out_group_a_range": 2.8, "radius": 0.3, "in_group_r_strength": 40.0, "in_group_a_strength": 20.0, "position": [-61.681990248766326, 3.9104940609827903], "group_id": 1}, {"out_group_a_strength": 11.764705882352942, "pedestrian_id": 23, "target_a_range": 435.0, "in_group_r_range": 2.0, "target": [10000.0, 0.0], "friend_zone": [16, 9, 6, 0, 1, 14, 10, 18, 13, 12], "in_group_a_range": 2.8, "out_group_r_range": 2.0, "out_group_r_strength": 68.0, "attractor_count": 10, "target_a_strength": 22000000000.0, "out_group_a_range": 2.8, "radius": 0.3, "in_group_r_strength": 40.0, "in_group_a_strength": 20.0, "position": [-48.71431942134594, 16.22891978623067], "group_id": 1}]}