{"additional_id_existed_ped": {"0": [70, 71], "1": [68, 69, 70], "2": [68, 70], "3": [69, 70], "4": [69, 70, 71], "5": [68, 71], "6": [69, 70], "7": [68, 71], "8": [68, 70, 71], "9": [69, 70], "10": [71], "11": [68, 70, 71], "12": [70], "13": [68, 69, 70], "14": [69], "15": [68, 71], "16": [69, 70], "17": [], "18": [69, 70, 71], "19": [68, 71], "20": [71], "21": [68], "22": [68, 71], "23": [69, 70, 71], "24": [68, 69, 70, 71], "25": [71], "26": [68, 69, 71], "27": [68, 71], "28": [68, 69], "29": [70], "30": [], "31": [69, 70], "32": [69, 70, 71], "33": [], "34": [68, 69], "35": [68, 69, 70, 71], "36": [68, 69], "37": [68, 70], "38": [], "39": [69, 70], "40": [68], "41": [69], "42": [68], "43": [68, 69], "44": [69, 70], "45": [68], "46": [68, 69, 70, 71], "47": [68, 70, 71], "48": [68, 69], "49": [68, 70, 71], "50": [69, 70, 71], "51": [68, 71], "52": [69, 71], "53": [69, 70, 71], "54": [68, 69], "55": [68, 69, 70, 71], "56": [68, 69, 71], "57": [68, 70, 71], "58": [], "59": [69, 70, 71], "60": [68], "61": [70, 71], "62": [71], "63": [69, 71], "64": [], "65": [70], "66": [68, 69, 70], "67": [69, 70, 71]}, "frame_second": "1200", "pedestrian_list": [{"out_group_a_strength": 11.764705882352942, "pedestrian_id": 68, "target_a_range": 435.0, "in_group_r_range": 2.0, "target": [10000.0, 0.0], "friend_zone": [46, 51, 15, 27, 8, 30, 19, 62, 67, 23, 56, 42, 33, 18, 59, 13, 40, 54, 21, 53, 64, 50, 14, 47, 12, 26, 36, 57, 16, 1, 45, 39, 55, 63], "in_group_a_range": 2.8, "out_group_r_range": 2.0, "out_group_r_strength": 68.0, "attractor_count": 34, "target_a_strength": 22000000000.0, "out_group_a_range": 2.8, "radius": 0.3, "in_group_r_strength": 40.0, "in_group_a_strength": 20.0, "position": [-50.648308560603645, 1.3190343936493374], "group_id": 0}, {"out_group_a_strength": 11.764705882352942, "pedestrian_id": 69, "target_a_range": 435.0, "in_group_r_range": 2.0, "target": [10000.0, 0.0], "friend_zone": [61, 50, 6, 48, 60, 53, 36, 40, 3, 22, 8, 47, 39, 18, 27, 11, 49, 66, 16, 29, 59, 33, 7, 1, 32, 56, 54, 30, 35, 21, 0, 2, 17, 67], "in_group_a_range": 2.8, "out_group_r_range": 2.0, "out_group_r_strength": 68.0, "attractor_count": 34, "target_a_strength": 22000000000.0, "out_group_a_range": 2.8, "radius": 0.3, "in_group_r_strength": 40.0, "in_group_a_strength": 20.0, "position": [-34.39021184387859, -7.1383104100257055], "group_id": 0}, {"out_group_a_strength": 11.764705882352942, "pedestrian_id": 70, "target_a_range": 435.0, "in_group_r_range": 2.0, "target": [10000.0, 0.0], "friend_zone": [31, 0, 24, 1, 8, 32, 36, 26, 7, 3, 45, 4, 23, 14, 49, 63, 59, 57, 34, 11, 56, 20, 30, 50, 66, 38, 21, 19, 41, 47, 12, 18, 37, 52], "in_group_a_range": 2.8, "out_group_r_range": 2.0, "out_group_r_strength": 68.0, "attractor_count": 34, "target_a_strength": 22000000000.0, "out_group_a_range": 2.8, "radius": 0.3, "in_group_r_strength": 40.0, "in_group_a_strength": 20.0, "position": [-48.04809760987782, -9.103857652306578], "group_id": 1}, {"out_group_a_strength": 11.764705882352942, "pedestrian_id": 71, "target_a_range": 435.0, "in_group_r_range": 2.0, "target": [10000.0, 0.0], "friend_zone": [45, 64, 48, 66, 7, 34, 38, 55, 26, 0, 62, 3, 65, 5, 33, 8, 21, 54, 35, 4, 31, 24, 10, 59, 29, 11, 14, 50, 18, 44, 47, 67, 13, 12], "in_group_a_range": 2.8, "out_group_r_range": 2.0, "out_group_r_strength": 68.0, "attractor_count": 34, "target_a_strength": 22000000000.0, "out_group_a_range": 2.8, "radius": 0.3, "in_group_r_strength": 40.0, "in_group_a_strength": 20.0, "position": [-48.6873368817161, -6.498194967871194], "group_id": 1}]}