{"additional_id_existed_ped": {"0": [], "1": [37, 38], "2": [], "3": [36, 37, 38, 39], "4": [36, 37], "5": [38, 39], "6": [37, 38, 39], "7": [37, 38, 39], "8": [37, 38], "9": [36], "10": [36], "11": [36, 37, 38, 39], "12": [36], "13": [36, 38, 39], "14": [37], "15": [36, 37], "16": [36, 38, 39], "17": [36, 38, 39], "18": [36, 37, 38, 39], "19": [38], "20": [36, 38, 39], "21": [36, 37, 38], "22": [37, 38, 39], "23": [39], "24": [38], "25": [37], "26": [36], "27": [37], "28": [], "29": [37, 38, 39], "30": [36], "31": [39], "32": [36, 37, 39], "33": [36, 37, 38, 39], "34": [36, 37, 39], "35": [39]}, "frame_second": "400", "pedestrian_list": [{"out_group_a_strength": 11.764705882352942, "pedestrian_id": 36, "target_a_range": 435.0, "in_group_r_range": 2.0, "target": [10000.0, 0.0], "friend_zone": [19, 29, 4, 10, 16, 34, 5, 32, 24, 18, 26, 2, 14, 35, 3, 27, 11, 13], "in_group_a_range": 2.8, "out_group_r_range": 2.0, "out_group_r_strength": 68.0, "attractor_count": 18, "target_a_strength": 22000000000.0, "out_group_a_range": 2.8, "radius": 0.3, "in_group_r_strength": 40.0, "in_group_a_strength": 20.0, "position": [-39.59444839817578, -12.984093015569938], "group_id": 0}, {"out_group_a_strength": 11.764705882352942, "pedestrian_id": 37, "target_a_range": 435.0, "in_group_r_range": 2.0, "target": [10000.0, 0.0], "friend_zone": [34, 3, 4, 19, 0, 5, 11, 27, 24, 21, 29, 20, 16, 25, 22, 28, 33, 15], "in_group_a_range": 2.8, "out_group_r_range": 2.0, "out_group_r_strength": 68.0, "attractor_count": 18, "target_a_strength": 22000000000.0, "out_group_a_range": 2.8, "radius": 0.3, "in_group_r_strength": 40.0, "in_group_a_strength": 20.0, "position": [-69.52461958025049, 17.557035101802665], "group_id": 0}, {"out_group_a_strength": 11.764705882352942, "pedestrian_id": 38, "target_a_range": 435.0, "in_group_r_range": 2.0, "target": [10000.0, 0.0], "friend_zone": [7, 35, 29, 33, 10, 9, 11, 2, 34, 25, 30, 23, 17, 20, 13, 22, 0, 6], "in_group_a_range": 2.8, "out_group_r_range": 2.0, "out_group_r_strength": 68.0, "attractor_count": 18, "target_a_strength": 22000000000.0, "out_group_a_range": 2.8, "radius": 0.3, "in_group_r_strength": 40.0, "in_group_a_strength": 20.0, "position": [-52.59207336858845, 12.350668396737907], "group_id": 1}, {"out_group_a_strength": 11.764705882352942, "pedestrian_id": 39, "target_a_range": 435.0, "in_group_r_range": 2.0, "target": [10000.0, 0.0], "friend_zone": [15, 2, 18, 22, 29, 8, 20, 5, 14, 30, 4, 28, 3, 19, 26, 12, 16, 32], "in_group_a_range": 2.8, "out_group_r_range": 2.0, "out_group_r_strength": 68.0, "attractor_count": 18, "target_a_strength": 22000000000.0, "out_group_a_range": 2.8, "radius": 0.3, "in_group_r_strength": 40.0, "in_group_a_strength": 20.0, "position": [-65.58813476902708, 17.56086135601699], "group_id": 1}]}