{"additional_id_existed_ped": {"0": [96, 97], "1": [96, 98], "2": [96, 97, 99], "3": [96, 97], "4": [96, 98, 99], "5": [96, 97], "6": [], "7": [96, 97, 98], "8": [98, 99], "9": [96, 98, 99], "10": [96, 97], "11": [96, 97, 99], "12": [96], "13": [96, 97, 99], "14": [97, 98], "15": [97, 99], "16": [97], "17": [96, 97], "18": [96, 98], "19": [98], "20": [], "21": [97, 98, 99], "22": [97, 99], "23": [97, 98, 99], "24": [96, 97], "25": [], "26": [98], "27": [96, 98, 99], "28": [96, 98], "29": [96, 97], "30": [96, 99], "31": [97], "32": [97, 98, 99], "33": [97], "34": [96, 98, 99], "35": [98], "36": [], "37": [97], "38": [98, 99], "39": [97, 99], "40": [], "41": [97, 98, 99], "42": [98], "43": [96, 98], "44": [97, 98], "45": [96, 98, 99], "46": [], "47": [97, 98, 99], "48": [96, 98], "49": [97, 98], "50": [99], "51": [99], "52": [96, 99], "53": [96, 97, 98, 99], "54": [96, 98], "55": [98, 99], "56": [96, 97], "57": [98, 99], "58": [98, 99], "59": [96, 99], "60": [96, 98, 99], "61": [98], "62": [97, 98, 99], "63": [99], "64": [96, 97], "65": [96, 97, 98, 99], "66": [96, 97, 99], "67": [96], "68": [96, 97], "69": [96, 97, 98], "70": [97, 98], "71": [96, 97, 98], "72": [96, 97, 98], "73": [96], "74": [96, 97], "75": [96, 99], "76": [96, 97], "77": [97, 98, 99], "78": [96, 99], "79": [97, 98, 99], "80": [97, 98, 99], "81": [97, 98], "82": [96, 97, 98, 99], "83": [98, 99], "84": [99], "85": [96, 99], "86": [96, 97], "87": [98, 99], "88": [96, 98, 99], "89": [96, 99], "90": [99], "91": [97], "92": [98], "93": [98, 99], "94": [96, 97, 99], "95": [97, 99]}, "frame_second": "1900", "pedestrian_list": [{"out_group_a_strength": 11.764705882352942, "pedestrian_id": 96, "target_a_range": 435.0, "in_group_r_range": 2.0, "target": [10000.0, 0.0], "friend_zone": [39, 58, 89, 6, 16, 19, 30, 14, 13, 50, 59, 91, 71, 65, 0, 68, 43, 4, 54, 67, 55, 47, 51, 61, 94, 18, 90, 95, 79, 22, 3, 2, 74, 85, 29, 69, 56, 70, 76, 82, 84, 63, 73, 17, 26, 33, 45, 38], "in_group_a_range": 2.8, "out_group_r_range": 2.0, "out_group_r_strength": 68.0, "attractor_count": 48, "target_a_strength": 22000000000.0, "out_group_a_range": 2.8, "radius": 0.3, "in_group_r_strength": 40.0, "in_group_a_strength": 20.0, "position": [-57.78488510862818, -15.587542511655279], "group_id": 0}, {"out_group_a_strength": 11.764705882352942, "pedestrian_id": 97, "target_a_range": 435.0, "in_group_r_range": 2.0, "target": [10000.0, 0.0], "friend_zone": [16, 8, 24, 49, 94, 60, 22, 4, 44, 23, 15, 72, 63, 7, 25, 20, 73, 86, 21, 74, 67, 40, 81, 93, 65, 61, 89, 83, 30, 95, 27, 46, 76, 51, 50, 92, 68, 80, 0, 79, 69, 10, 35, 39, 33, 71, 77, 70], "in_group_a_range": 2.8, "out_group_r_range": 2.0, "out_group_r_strength": 68.0, "attractor_count": 48, "target_a_strength": 22000000000.0, "out_group_a_range": 2.8, "radius": 0.3, "in_group_r_strength": 40.0, "in_group_a_strength": 20.0, "position": [-57.16845514326931, 10.403694498556735], "group_id": 0}, {"out_group_a_strength": 11.764705882352942, "pedestrian_id": 98, "target_a_range": 435.0, "in_group_r_range": 2.0, "target": [10000.0, 0.0], "friend_zone": [33, 25, 64, 0, 86, 75, 93, 79, 53, 56, 62, 10, 59, 31, 1, 2, 80, 27, 95, 42, 47, 41, 16, 58, 87, 66, 81, 85, 69, 84, 49, 37, 18, 34, 8, 89, 67, 35, 20, 12, 88, 38, 94, 17, 82, 13, 44, 52], "in_group_a_range": 2.8, "out_group_r_range": 2.0, "out_group_r_strength": 68.0, "attractor_count": 48, "target_a_strength": 22000000000.0, "out_group_a_range": 2.8, "radius": 0.3, "in_group_r_strength": 40.0, "in_group_a_strength": 20.0, "position": [-51.94351507553722, -16.911469072048828], "group_id": 1}, {"out_group_a_strength": 11.764705882352942, "pedestrian_id": 99, "target_a_range": 435.0, "in_group_r_range": 2.0, "target": [10000.0, 0.0], "friend_zone": [86, 25, 0, 10, 52, 44, 6, 76, 69, 38, 70, 37, 93, 22, 83, 30, 77, 34, 62, 89, 58, 23, 92, 80, 66, 56, 2, 18, 11, 42, 51, 73, 84, 72, 36, 5, 63, 33, 24, 74, 7, 28, 26, 59, 13, 57, 85, 81], "in_group_a_range": 2.8, "out_group_r_range": 2.0, "out_group_r_strength": 68.0, "attractor_count": 48, "target_a_strength": 22000000000.0, "out_group_a_range": 2.8, "radius": 0.3, "in_group_r_strength": 40.0, "in_group_a_strength": 20.0, "position": [-49.34297932245562, 14.932342155487689], "group_id": 1}]}