{"additional_id_existed_ped": {"0": [24, 26, 27], "1": [27], "2": [27], "3": [26, 27], "4": [24, 25, 26, 27], "5": [25, 26], "6": [24, 27], "7": [24, 25], "8": [24], "9": [26, 27], "10": [25, 26, 27], "11": [25], "12": [27], "13": [26], "14": [25, 26], "15": [25], "16": [24, 25], "17": [24, 26, 27], "18": [24, 25], "19": [24, 25, 26], "20": [24], "21": [24, 26], "22": [25, 26, 27], "23": [24, 25, 27]}, "frame_second": "100", "pedestrian_list": [{"out_group_a_strength": 11.764705882352942, "pedestrian_id": 24, "target_a_range": 435.0, "in_group_r_range": 2.0, "target": [10000.0, 0.0], "friend_zone": [7, 22, 18, 23, 3, 14, 21, 8, 2, 20, 4, 15], "in_group_a_range": 2.8, "out_group_r_range": 2.0, "out_group_r_strength": 68.0, "attractor_count": 12, "target_a_strength": 22000000000.0, "out_group_a_range": 2.8, "radius": 0.3, "in_group_r_strength": 40.0, "in_group_a_strength": 20.0, "position": [-30.47703065956776, 14.950228058625962], "group_id": 0}, {"out_group_a_strength": 11.764705882352942, "pedestrian_id": 25, "target_a_range": 435.0, "in_group_r_range": 2.0, "target": [10000.0, 0.0], "friend_zone": [1, 12, 2, 22, 20, 13, 6, 4, 15, 5, 21, 17], "in_group_a_range": 2.8, "out_group_r_range": 2.0, "out_group_r_strength": 68.0, "attractor_count": 12, "target_a_strength": 22000000000.0, "out_group_a_range": 2.8, "radius": 0.3, "in_group_r_strength": 40.0, "in_group_a_strength": 20.0, "position": [-50.00633815472925, 5.204197770595721], "group_id": 0}, {"out_group_a_strength": 11.764705882352942, "pedestrian_id": 26, "target_a_range": 435.0, "in_group_r_range": 2.0, "target": [10000.0, 0.0], "friend_zone": [21, 16, 15, 18, 7, 6, 0, 22, 8, 12, 13, 4], "in_group_a_range": 2.8, "out_group_r_range": 2.0, "out_group_r_strength": 68.0, "attractor_count": 12, "target_a_strength": 22000000000.0, "out_group_a_range": 2.8, "radius": 0.3, "in_group_r_strength": 40.0, "in_group_a_strength": 20.0, "position": [-64.27853784732956, -13.63435593464883], "group_id": 1}, {"out_group_a_strength": 11.764705882352942, "pedestrian_id": 27, "target_a_range": 435.0, "in_group_r_range": 2.0, "target": [10000.0, 0.0], "friend_zone": [19, 8, 2, 3, 6, 7, 10, 17, 11, 18, 16, 13], "in_group_a_range": 2.8, "out_group_r_range": 2.0, "out_group_r_strength": 68.0, "attractor_count": 12, "target_a_strength": 22000000000.0, "out_group_a_range": 2.8, "radius": 0.3, "in_group_r_strength": 40.0, "in_group_a_strength": 20.0, "position": [-59.72827927416944, 11.68996443444365], "group_id": 1}]}