{"additional_id_existed_ped": {"0": [82, 83], "1": [80, 83], "2": [83], "3": [80, 82], "4": [80, 81, 82, 83], "5": [80, 82, 83], "6": [80, 81, 82, 83], "7": [80], "8": [81, 82], "9": [80], "10": [82, 83], "11": [80, 81], "12": [], "13": [81, 83], "14": [80, 81, 82], "15": [81, 83], "16": [80, 81, 83], "17": [80, 82, 83], "18": [80, 82, 83], "19": [80, 83], "20": [80], "21": [81, 83], "22": [80, 82], "23": [80, 82, 83], "24": [81, 82], "25": [82, 83], "26": [81], "27": [80, 81, 83], "28": [81, 82], "29": [80, 81, 82], "30": [81], "31": [82], "32": [80, 82], "33": [82, 83], "34": [80, 83], "35": [80, 81], "36": [80, 81, 82, 83], "37": [81], "38": [], "39": [81], "40": [81], "41": [81, 83], "42": [81, 82, 83], "43": [81, 82, 83], "44": [80, 81, 83], "45": [80], "46": [81, 82], "47": [80, 81, 82], "48": [82], "49": [], "50": [81, 82, 83], "51": [80, 82, 83], "52": [81, 82, 83], "53": [83], "54": [80, 81, 82, 83], "55": [81, 83], "56": [80, 82, 83], "57": [81, 82], "58": [80, 83], "59": [], "60": [83], "61": [83], "62": [80], "63": [81], "64": [80, 81, 82, 83], "65": [81, 82, 83], "66": [80, 81, 82], "67": [81], "68": [80, 82], "69": [82], "70": [80, 81], "71": [80, 82, 83], "72": [80, 81, 82], "73": [80, 81, 82], "74": [81], "75": [83], "76": [82, 83], "77": [80, 83], "78": [80], "79": [80]}, "frame_second": "1500", "pedestrian_list": [{"out_group_a_strength": 11.764705882352942, "pedestrian_id": 80, "target_a_range": 435.0, "in_group_r_range": 2.0, "target": [10000.0, 0.0], "friend_zone": [29, 11, 64, 68, 51, 45, 40, 71, 62, 31, 43, 50, 26, 0, 79, 59, 49, 58, 35, 63, 3, 18, 46, 1, 74, 22, 13, 65, 77, 10, 16, 55, 28, 32, 24, 57, 21, 2, 34, 30], "in_group_a_range": 2.8, "out_group_r_range": 2.0, "out_group_r_strength": 68.0, "attractor_count": 40, "target_a_strength": 22000000000.0, "out_group_a_range": 2.8, "radius": 0.3, "in_group_r_strength": 40.0, "in_group_a_strength": 20.0, "position": [-47.42411970599538, -14.926079796293445], "group_id": 0}, {"out_group_a_strength": 11.764705882352942, "pedestrian_id": 81, "target_a_range": 435.0, "in_group_r_range": 2.0, "target": [10000.0, 0.0], "friend_zone": [73, 33, 41, 54, 25, 59, 71, 65, 11, 57, 10, 26, 29, 3, 13, 23, 20, 61, 77, 79, 69, 14, 42, 27, 0, 60, 53, 22, 49, 4, 7, 17, 36, 64, 63, 47, 16, 39, 19, 21], "in_group_a_range": 2.8, "out_group_r_range": 2.0, "out_group_r_strength": 68.0, "attractor_count": 40, "target_a_strength": 22000000000.0, "out_group_a_range": 2.8, "radius": 0.3, "in_group_r_strength": 40.0, "in_group_a_strength": 20.0, "position": [-37.644973539027696, -9.094907501232859], "group_id": 0}, {"out_group_a_strength": 11.764705882352942, "pedestrian_id": 82, "target_a_range": 435.0, "in_group_r_range": 2.0, "target": [10000.0, 0.0], "friend_zone": [57, 44, 19, 48, 67, 61, 39, 9, 51, 3, 5, 2, 66, 47, 21, 35, 34, 68, 38, 28, 26, 70, 8, 29, 65, 33, 42, 31, 7, 77, 69, 27, 46, 63, 49, 37, 50, 30, 76, 62], "in_group_a_range": 2.8, "out_group_r_range": 2.0, "out_group_r_strength": 68.0, "attractor_count": 40, "target_a_strength": 22000000000.0, "out_group_a_range": 2.8, "radius": 0.3, "in_group_r_strength": 40.0, "in_group_a_strength": 20.0, "position": [-57.14739115006587, -6.4930237593115665], "group_id": 1}, {"out_group_a_strength": 11.764705882352942, "pedestrian_id": 83, "target_a_range": 435.0, "in_group_r_range": 2.0, "target": [10000.0, 0.0], "friend_zone": [9, 28, 48, 39, 66, 53, 59, 22, 78, 74, 21, 7, 49, 38, 65, 20, 58, 6, 3, 63, 69, 25, 15, 55, 33, 32, 35, 43, 62, 0, 72, 51, 24, 79, 46, 1, 70, 68, 71, 40], "in_group_a_range": 2.8, "out_group_r_range": 2.0, "out_group_r_strength": 68.0, "attractor_count": 40, "target_a_strength": 22000000000.0, "out_group_a_range": 2.8, "radius": 0.3, "in_group_r_strength": 40.0, "in_group_a_strength": 20.0, "position": [-34.377518011076255, -9.748814789632421], "group_id": 1}]}