{"additional_id_existed_ped": {"0": [60, 61, 63], "1": [60, 62], "2": [60, 62, 63], "3": [61, 62], "4": [62], "5": [61], "6": [], "7": [62], "8": [60, 62, 63], "9": [60, 63], "10": [60, 61, 62, 63], "11": [61, 62, 63], "12": [60, 61, 63], "13": [61, 63], "14": [60, 63], "15": [63], "16": [60, 61, 63], "17": [62, 63], "18": [63], "19": [], "20": [60, 61, 62, 63], "21": [60, 62, 63], "22": [60, 61, 62], "23": [60, 61, 62], "24": [60, 61, 63], "25": [61, 62, 63], "26": [60, 61, 62], "27": [62], "28": [60, 62, 63], "29": [60, 61], "30": [61, 63], "31": [60, 62], "32": [60, 61, 62], "33": [62], "34": [60, 61, 62], "35": [], "36": [62], "37": [61, 62], "38": [60], "39": [63], "40": [], "41": [60, 62], "42": [60, 61, 63], "43": [61, 62], "44": [60, 61, 63], "45": [60, 61, 63], "46": [61, 62], "47": [61], "48": [63], "49": [60, 61, 62], "50": [60, 61, 62, 63], "51": [62, 63], "52": [63], "53": [61], "54": [60, 63], "55": [60, 63], "56": [61, 62], "57": [61], "58": [60], "59": [63]}, "frame_second": "1000", "pedestrian_list": [{"out_group_a_strength": 11.764705882352942, "pedestrian_id": 60, "target_a_range": 435.0, "in_group_r_range": 2.0, "target": [10000.0, 0.0], "friend_zone": [25, 56, 54, 45, 50, 20, 6, 27, 35, 7, 48, 42, 4, 57, 38, 18, 14, 29, 28, 46, 43, 52, 37, 44, 40, 9, 19, 8, 0, 39], "in_group_a_range": 2.8, "out_group_r_range": 2.0, "out_group_r_strength": 68.0, "attractor_count": 30, "target_a_strength": 22000000000.0, "out_group_a_range": 2.8, "radius": 0.3, "in_group_r_strength": 40.0, "in_group_a_strength": 20.0, "position": [-66.90093632949394, 1.3146854040895506], "group_id": 0}, {"out_group_a_strength": 11.764705882352942, "pedestrian_id": 61, "target_a_range": 435.0, "in_group_r_range": 2.0, "target": [10000.0, 0.0], "friend_zone": [36, 34, 53, 19, 25, 37, 24, 18, 12, 46, 28, 49, 45, 41, 5, 22, 44, 10, 26, 1, 48, 58, 50, 31, 47, 4, 40, 52, 35, 6], "in_group_a_range": 2.8, "out_group_r_range": 2.0, "out_group_r_strength": 68.0, "attractor_count": 30, "target_a_strength": 22000000000.0, "out_group_a_range": 2.8, "radius": 0.3, "in_group_r_strength": 40.0, "in_group_a_strength": 20.0, "position": [-51.93566567696247, 3.2269709954301646], "group_id": 0}, {"out_group_a_strength": 11.764705882352942, "pedestrian_id": 62, "target_a_range": 435.0, "in_group_r_range": 2.0, "target": [10000.0, 0.0], "friend_zone": [18, 34, 6, 40, 14, 44, 8, 55, 49, 41, 59, 22, 5, 29, 24, 35, 20, 54, 15, 7, 38, 52, 19, 26, 23, 27, 45, 36, 25, 21], "in_group_a_range": 2.8, "out_group_r_range": 2.0, "out_group_r_strength": 68.0, "attractor_count": 30, "target_a_strength": 22000000000.0, "out_group_a_range": 2.8, "radius": 0.3, "in_group_r_strength": 40.0, "in_group_a_strength": 20.0, "position": [-31.147903004413685, -7.1367058126724405], "group_id": 1}, {"out_group_a_strength": 11.764705882352942, "pedestrian_id": 63, "target_a_range": 435.0, "in_group_r_range": 2.0, "target": [10000.0, 0.0], "friend_zone": [9, 53, 24, 14, 27, 25, 51, 52, 4, 6, 47, 35, 31, 37, 55, 15, 23, 44, 29, 8, 33, 30, 54, 45, 21, 43, 36, 20, 16, 1], "in_group_a_range": 2.8, "out_group_r_range": 2.0, "out_group_r_strength": 68.0, "attractor_count": 30, "target_a_strength": 22000000000.0, "out_group_a_range": 2.8, "radius": 0.3, "in_group_r_strength": 40.0, "in_group_a_strength": 20.0, "position": [-68.2227550949653, 7.131208603034743], "group_id": 1}]}