{"additional_id_existed_ped": {"0": [40, 41, 42], "1": [40, 41, 42, 43], "2": [41, 43], "3": [41, 42, 43], "4": [41], "5": [40, 43], "6": [42], "7": [], "8": [40, 41, 42, 43], "9": [40], "10": [40, 41, 42], "11": [40, 41, 43], "12": [41], "13": [41], "14": [40, 42, 43], "15": [42, 43], "16": [43], "17": [40, 41, 43], "18": [40, 43], "19": [41], "20": [40, 42, 43], "21": [], "22": [42, 43], "23": [41, 42, 43], "24": [41, 42], "25": [40, 43], "26": [40, 42], "27": [41, 42], "28": [42, 43], "29": [40], "30": [40, 43], "31": [40, 41, 42, 43], "32": [40, 41, 42], "33": [42], "34": [40, 41], "35": [40, 42], "36": [40, 41, 43], "37": [42, 43], "38": [], "39": [41]}, "frame_second": "500", "pedestrian_list": [{"out_group_a_strength": 11.764705882352942, "pedestrian_id": 40, "target_a_range": 435.0, "in_group_r_range": 2.0, "target": [10000.0, 0.0], "friend_zone": [6, 5, 4, 24, 30, 7, 13, 2, 32, 3, 36, 9, 19, 0, 21, 10, 39, 34, 31, 35], "in_group_a_range": 2.8, "out_group_r_range": 2.0, "out_group_r_strength": 68.0, "attractor_count": 20, "target_a_strength": 22000000000.0, "out_group_a_range": 2.8, "radius": 0.3, "in_group_r_strength": 40.0, "in_group_a_strength": 20.0, "position": [-59.7688681747785, 8.43291943075866], "group_id": 0}, {"out_group_a_strength": 11.764705882352942, "pedestrian_id": 41, "target_a_range": 435.0, "in_group_r_range": 2.0, "target": [10000.0, 0.0], "friend_zone": [11, 12, 14, 17, 36, 10, 27, 34, 15, 7, 31, 33, 6, 26, 38, 39, 25, 21, 2, 35], "in_group_a_range": 2.8, "out_group_r_range": 2.0, "out_group_r_strength": 68.0, "attractor_count": 20, "target_a_strength": 22000000000.0, "out_group_a_range": 2.8, "radius": 0.3, "in_group_r_strength": 40.0, "in_group_a_strength": 20.0, "position": [-36.33073686066773, -14.292317815150813], "group_id": 0}, {"out_group_a_strength": 11.764705882352942, "pedestrian_id": 42, "target_a_range": 435.0, "in_group_r_range": 2.0, "target": [10000.0, 0.0], "friend_zone": [2, 22, 29, 24, 17, 35, 36, 12, 31, 15, 32, 16, 11, 37, 13, 4, 6, 21, 27, 1], "in_group_a_range": 2.8, "out_group_r_range": 2.0, "out_group_r_strength": 68.0, "attractor_count": 20, "target_a_strength": 22000000000.0, "out_group_a_range": 2.8, "radius": 0.3, "in_group_r_strength": 40.0, "in_group_a_strength": 20.0, "position": [-37.62762076648758, 9.774227716837126], "group_id": 1}, {"out_group_a_strength": 11.764705882352942, "pedestrian_id": 43, "target_a_range": 435.0, "in_group_r_range": 2.0, "target": [10000.0, 0.0], "friend_zone": [29, 39, 21, 5, 0, 25, 6, 26, 31, 22, 3, 11, 9, 7, 19, 4, 2, 12, 32, 28], "in_group_a_range": 2.8, "out_group_r_range": 2.0, "out_group_r_strength": 68.0, "attractor_count": 20, "target_a_strength": 22000000000.0, "out_group_a_range": 2.8, "radius": 0.3, "in_group_r_strength": 40.0, "in_group_a_strength": 20.0, "position": [-44.804593369259045, -0.0013534797193709425], "group_id": 1}]}