{"additional_id_existed_ped": {"0": [103], "1": [101, 102], "2": [], "3": [102], "4": [100, 103], "5": [101, 103], "6": [100, 103], "7": [102], "8": [100, 101, 102, 103], "9": [100, 102, 103], "10": [100, 101, 102, 103], "11": [100], "12": [100, 102], "13": [100, 101, 102, 103], "14": [100, 101, 102, 103], "15": [], "16": [101, 103], "17": [102], "18": [], "19": [102], "20": [100, 103], "21": [], "22": [100, 103], "23": [102, 103], "24": [], "25": [100, 101, 103], "26": [100, 101, 102, 103], "27": [100, 103], "28": [100, 101, 102], "29": [101, 102], "30": [100, 101, 103], "31": [100, 103], "32": [100, 102], "33": [100, 101, 102], "34": [101, 102, 103], "35": [101, 102, 103], "36": [102], "37": [101, 103], "38": [100, 102, 103], "39": [102], "40": [101, 102, 103], "41": [101, 103], "42": [100, 101, 103], "43": [], "44": [101, 102, 103], "45": [100, 101], "46": [], "47": [101, 102], "48": [100], "49": [101, 102], "50": [100, 103], "51": [100, 101, 102, 103], "52": [100, 101, 102], "53": [101, 102, 103], "54": [101], "55": [100, 101, 103], "56": [], "57": [101, 102, 103], "58": [102, 103], "59": [100], "60": [101], "61": [100, 103], "62": [100, 101, 102], "63": [100, 103], "64": [101], "65": [100, 102], "66": [100, 102], "67": [100, 102, 103], "68": [100], "69": [100, 103], "70": [101, 103], "71": [100], "72": [101, 103], "73": [100, 101], "74": [101, 103], "75": [101, 103], "76": [100], "77": [100, 103], "78": [102, 103], "79": [100, 101, 102], "80": [101], "81": [100, 102], "82": [], "83": [101, 102, 103], "84": [100, 101, 102], "85": [100], "86": [100, 101, 102, 103], "87": [], "88": [100, 102, 103], "89": [101, 103], "90": [101, 102], "91": [101, 102, 103], "92": [101, 102], "93": [102, 103], "94": [100, 102], "95": [100, 101, 102], "96": [100, 102, 103], "97": [101], "98": [100, 101, 103], "99": [101, 102]}, "frame_second": "2000", "pedestrian_list": [{"out_group_a_strength": 11.764705882352942, "pedestrian_id": 100, "target_a_range": 435.0, "in_group_r_range": 2.0, "target": [10000.0, 0.0], "friend_zone": [41, 53, 8, 55, 13, 1, 18, 57, 15, 42, 64, 5, 2, 29, 51, 59, 22, 20, 11, 97, 71, 82, 74, 21, 52, 86, 38, 54, 40, 67, 61, 90, 79, 4, 49, 92, 0, 6, 37, 81, 9, 24, 77, 26, 14, 10, 30, 76, 46, 94], "in_group_a_range": 2.8, "out_group_r_range": 2.0, "out_group_r_strength": 68.0, "attractor_count": 50, "target_a_strength": 22000000000.0, "out_group_a_range": 2.8, "radius": 0.3, "in_group_r_strength": 40.0, "in_group_a_strength": 20.0, "position": [-54.54027627472373, -1.298104327663315], "group_id": 0}, {"out_group_a_strength": 11.764705882352942, "pedestrian_id": 101, "target_a_range": 435.0, "in_group_r_range": 2.0, "target": [10000.0, 0.0], "friend_zone": [51, 33, 89, 80, 17, 52, 99, 21, 87, 79, 29, 82, 11, 36, 61, 43, 47, 59, 76, 27, 57, 83, 16, 98, 92, 8, 18, 64, 81, 77, 3, 19, 5, 41, 49, 85, 54, 31, 95, 42, 68, 66, 90, 28, 70, 84, 55, 63, 12, 69], "in_group_a_range": 2.8, "out_group_r_range": 2.0, "out_group_r_strength": 68.0, "attractor_count": 50, "target_a_strength": 22000000000.0, "out_group_a_range": 2.8, "radius": 0.3, "in_group_r_strength": 40.0, "in_group_a_strength": 20.0, "position": [-62.332671774608826, -1.3043798792558778], "group_id": 0}, {"out_group_a_strength": 11.764705882352942, "pedestrian_id": 102, "target_a_range": 435.0, "in_group_r_range": 2.0, "target": [10000.0, 0.0], "friend_zone": [26, 16, 1, 40, 45, 54, 60, 84, 12, 5, 71, 17, 24, 3, 73, 66, 99, 64, 46, 58, 91, 44, 86, 97, 98, 92, 77, 83, 63, 56, 88, 93, 47, 30, 81, 48, 25, 34, 78, 62, 14, 21, 22, 79, 82, 90, 72, 41, 18, 13], "in_group_a_range": 2.8, "out_group_r_range": 2.0, "out_group_r_strength": 68.0, "attractor_count": 50, "target_a_strength": 22000000000.0, "out_group_a_range": 2.8, "radius": 0.3, "in_group_r_strength": 40.0, "in_group_a_strength": 20.0, "position": [-68.84572763827454, 16.912091902351293], "group_id": 1}, {"out_group_a_strength": 11.764705882352942, "pedestrian_id": 103, "target_a_range": 435.0, "in_group_r_range": 2.0, "target": [10000.0, 0.0], "friend_zone": [2, 82, 17, 58, 64, 9, 30, 76, 26, 34, 7, 44, 72, 49, 29, 87, 10, 80, 61, 89, 52, 62, 4, 86, 23, 32, 60, 6, 97, 71, 79, 53, 33, 25, 57, 83, 81, 98, 0, 70, 20, 18, 11, 35, 69, 31, 67, 56, 51, 36], "in_group_a_range": 2.8, "out_group_r_range": 2.0, "out_group_r_strength": 68.0, "attractor_count": 50, "target_a_strength": 22000000000.0, "out_group_a_range": 2.8, "radius": 0.3, "in_group_r_strength": 40.0, "in_group_a_strength": 20.0, "position": [-45.47269606976584, 0.6538413117373715], "group_id": 1}]}