{"additional_id_existed_ped": {"0": [44, 46, 47], "1": [], "2": [44, 45, 46, 47], "3": [44, 46, 47], "4": [44, 45, 47], "5": [44, 45, 46, 47], "6": [44, 46], "7": [45, 46, 47], "8": [44], "9": [44, 46, 47], "10": [45, 47], "11": [44, 45, 47], "12": [44, 45], "13": [44, 45, 46, 47], "14": [45, 46, 47], "15": [44, 45, 46, 47], "16": [46, 47], "17": [47], "18": [44, 46, 47], "19": [44, 47], "20": [], "21": [44, 45, 47], "22": [46], "23": [46], "24": [44, 45, 46, 47], "25": [], "26": [45, 46], "27": [44, 47], "28": [45], "29": [45], "30": [45, 46], "31": [44, 45], "32": [44], "33": [44, 45, 46, 47], "34": [46], "35": [], "36": [45], "37": [44, 45, 46], "38": [], "39": [], "40": [46, 47], "41": [44, 45, 47], "42": [45], "43": [46]}, "frame_second": "600", "pedestrian_list": [{"out_group_a_strength": 11.764705882352942, "pedestrian_id": 44, "target_a_range": 435.0, "in_group_r_range": 2.0, "target": [10000.0, 0.0], "friend_zone": [34, 4, 8, 39, 43, 19, 23, 5, 36, 40, 35, 17, 25, 24, 2, 16, 9, 14, 12, 41, 30, 1], "in_group_a_range": 2.8, "out_group_r_range": 2.0, "out_group_r_strength": 68.0, "attractor_count": 22, "target_a_strength": 22000000000.0, "out_group_a_range": 2.8, "radius": 0.3, "in_group_r_strength": 40.0, "in_group_a_strength": 20.0, "position": [-44.13506778950294, -8.427063914336916], "group_id": 0}, {"out_group_a_strength": 11.764705882352942, "pedestrian_id": 45, "target_a_range": 435.0, "in_group_r_range": 2.0, "target": [10000.0, 0.0], "friend_zone": [6, 8, 1, 12, 40, 36, 32, 25, 41, 5, 22, 26, 33, 3, 7, 21, 9, 0, 11, 13, 42, 35], "in_group_a_range": 2.8, "out_group_r_range": 2.0, "out_group_r_strength": 68.0, "attractor_count": 22, "target_a_strength": 22000000000.0, "out_group_a_range": 2.8, "radius": 0.3, "in_group_r_strength": 40.0, "in_group_a_strength": 20.0, "position": [-47.38285088280556, -13.640724659737126], "group_id": 0}, {"out_group_a_strength": 11.764705882352942, "pedestrian_id": 46, "target_a_range": 435.0, "in_group_r_range": 2.0, "target": [10000.0, 0.0], "friend_zone": [41, 23, 33, 11, 42, 4, 26, 9, 7, 27, 14, 15, 0, 8, 38, 43, 19, 12, 17, 40, 3, 24], "in_group_a_range": 2.8, "out_group_r_range": 2.0, "out_group_r_strength": 68.0, "attractor_count": 22, "target_a_strength": 22000000000.0, "out_group_a_range": 2.8, "radius": 0.3, "in_group_r_strength": 40.0, "in_group_a_strength": 20.0, "position": [-56.51549123029745, -16.26250662874112], "group_id": 1}, {"out_group_a_strength": 11.764705882352942, "pedestrian_id": 47, "target_a_range": 435.0, "in_group_r_range": 2.0, "target": [10000.0, 0.0], "friend_zone": [9, 4, 2, 3, 17, 21, 32, 42, 28, 19, 13, 36, 37, 14, 31, 5, 16, 40, 41, 6, 18, 29], "in_group_a_range": 2.8, "out_group_r_range": 2.0, "out_group_r_strength": 68.0, "attractor_count": 22, "target_a_strength": 22000000000.0, "out_group_a_range": 2.8, "radius": 0.3, "in_group_r_strength": 40.0, "in_group_a_strength": 20.0, "position": [-55.175102701495376, -5.2039844690274455], "group_id": 1}]}