{"pedestrian_list": [{"pedestrian_id": 92, "position": [-46.76951143204808, -15.61872480375112], "in_group_a_strength": 16, "in_group_a_range": 2.8, "attractor_count": 46, "out_group_r_strength": 50.4, "in_group_r_range": 2.0, "out_group_r_range": 2.0, "friend_zone": [62, 15, 37, 23, 87, 13, 68, 61, 39, 17, 36, 41, 5, 74, 64, 8, 32, 54, 83, 60, 43, 63, 75, 38, 46, 79, 33, 31, 82, 52, 30, 69, 50, 19, 77, 78, 29, 70, 71, 91, 80, 27, 59, 4, 84, 25], "target": [60.0, -15.0], "target_a_strength": 22000000000, "radius": 0.3, "group_id": 0, "out_group_a_range": 2.8, "target_a_range": 435, "in_group_r_strength": 36, "out_group_a_strength": 11.428571428571429}, {"pedestrian_id": 93, "position": [-34.39941864667232, 1.9625710845691118], "in_group_a_strength": 16, "in_group_a_range": 2.8, "attractor_count": 46, "out_group_r_strength": 50.4, "in_group_r_range": 2.0, "out_group_r_range": 2.0, "friend_zone": [10, 9, 12, 0, 81, 44, 20, 5, 62, 4, 89, 85, 91, 77, 35, 56, 61, 6, 38, 11, 52, 28, 18, 42, 60, 46, 22, 16, 73, 37, 67, 32, 14, 40, 84, 13, 8, 86, 55, 75, 7, 41, 50, 76, 57, 78], "target": [60.0, 15.0], "target_a_strength": 22000000000, "radius": 0.3, "group_id": 0, "out_group_a_range": 2.8, "target_a_range": 435, "in_group_r_strength": 36, "out_group_a_strength": 11.428571428571429}, {"pedestrian_id": 94, "position": [-55.20883809352214, -12.364327349822023], "in_group_a_strength": 16, "in_group_a_range": 2.8, "attractor_count": 46, "out_group_r_strength": 50.4, "in_group_r_range": 2.0, "out_group_r_range": 2.0, "friend_zone": [73, 79, 29, 22, 32, 30, 9, 44, 89, 57, 27, 33, 77, 15, 23, 19, 61, 90, 84, 54, 91, 65, 69, 4, 80, 38, 66, 7, 6, 12, 20, 11, 26, 16, 75, 31, 85, 3, 59, 21, 58, 34, 81, 39, 55, 37], "target": [60.0, -15.0], "target_a_strength": 22000000000, "radius": 0.3, "group_id": 1, "out_group_a_range": 2.8, "target_a_range": 435, "in_group_r_strength": 36, "out_group_a_strength": 11.428571428571429}, {"pedestrian_id": 95, "position": [-38.94779499347562, -4.549946172439514], "in_group_a_strength": 16, "in_group_a_range": 2.8, "attractor_count": 46, "out_group_r_strength": 50.4, "in_group_r_range": 2.0, "out_group_r_range": 2.0, "friend_zone": [71, 74, 36, 10, 89, 43, 73, 38, 7, 35, 39, 57, 1, 13, 48, 11, 82, 53, 20, 77, 25, 51, 23, 91, 68, 9, 17, 63, 37, 52, 83, 88, 80, 31, 81, 15, 86, 69, 64, 2, 61, 12, 78, 50, 84, 8], "target": [60.0, -15.0], "target_a_strength": 22000000000, "radius": 0.3, "group_id": 1, "out_group_a_range": 2.8, "target_a_range": 435, "in_group_r_strength": 36, "out_group_a_strength": 11.428571428571429}], "frame_second": "1800", "additional_id_existed_ped": {"0": [92, 93, 94], "1": [92], "2": [92, 95], "3": [92, 94, 95], "4": [93, 95], "5": [94], "6": [92, 95], "7": [92, 95], "8": [92, 94], "9": [94, 95], "10": [92, 93], "11": [92], "12": [92, 94], "13": [94], "14": [93, 94], "15": [93, 94, 95], "16": [95], "17": [95], "18": [95], "19": [94, 95], "20": [93, 94, 95], "21": [92, 94], "22": [92, 93], "23": [94], "24": [92], "25": [92, 93, 94, 95], "26": [92], "27": [92, 95], "28": [92, 94], "29": [92, 93, 95], "30": [95], "31": [93], "32": [92, 93, 95], "33": [93, 95], "34": [94, 95], "35": [92, 93, 94], "36": [94, 95], "37": [92, 93], "38": [93], "39": [92, 93, 94, 95], "40": [94], "41": [93, 95], "42": [92, 93, 94], "43": [94], "44": [92, 93, 94, 95], "45": [94, 95], "46": [94, 95], "47": [92, 94], "48": [92, 93, 95], "49": [92, 94, 95], "50": [92, 93], "51": [92, 93], "52": [92, 94], "53": [93, 95], "54": [92, 93, 94, 95], "55": [94, 95], "56": [93, 94, 95], "57": [94], "58": [92, 95], "59": [93], "60": [], "61": [93, 95], "62": [93], "63": [93], "64": [92], "65": [92, 93, 94], "66": [93, 95], "67": [92, 94, 95], "68": [92, 93, 94, 95], "69": [92, 93], "70": [93], "71": [93], "72": [94, 95], "73": [92], "74": [92, 94], "75": [93, 94], "76": [93], "77": [92, 94, 95], "78": [93, 94, 95], "79": [93, 95], "80": [92, 95], "81": [93, 94, 95], "82": [], "83": [93, 94], "84": [92, 93, 94, 95], "85": [93], "86": [92, 95], "87": [93], "88": [92, 94, 95], "89": [93, 94], "90": [92, 93, 94, 95], "91": [92]}}