{"pedestrian_list": [{"pedestrian_id": 316, "position": [-63.667371795498994, -5.833946987188764], "in_group_a_strength": 16, "in_group_a_range": 2.8, "attractor_count": 158, "out_group_r_strength": 50.4, "in_group_r_range": 2.0, "out_group_r_range": 2.0, "friend_zone": [288, 280, 247, 47, 172, 302, 130, 74, 159, 14, 177, 223, 118, 20, 85, 264, 93, 220, 252, 281, 58, 157, 211, 97, 263, 87, 219, 137, 201, 272, 198, 27, 36, 61, 76, 239, 158, 88, 181, 180, 82, 222, 23, 131, 217, 11, 235, 64, 306, 124, 148, 182, 129, 9, 3, 287, 68, 141, 25, 275, 224, 300, 140, 105, 18, 231, 186, 50, 221, 0, 206, 162, 196, 246, 107, 40, 260, 297, 32, 112, 43, 290, 254, 166, 298, 273, 170, 185, 147, 143, 244, 238, 1, 46, 59, 31, 100, 271, 282, 70, 267, 38, 34, 75, 314, 54, 218, 248, 253, 291, 8, 35, 208, 150, 17, 187, 49, 138, 106, 33, 175, 29, 293, 101, 84, 42, 115, 292, 174, 81, 103, 191, 127, 315, 79, 19, 98, 227, 308, 117, 310, 39, 125, 188, 15, 232, 123, 228, 256, 313, 251, 261, 120, 135, 284, 184, 266, 301], "target": [60.0, -15.0], "target_a_strength": 22000000000, "radius": 0.3, "group_id": 0, "out_group_a_range": 2.8, "target_a_range": 435, "in_group_r_strength": 36, "out_group_a_strength": 11.428571428571429}, {"pedestrian_id": 317, "position": [-51.31017561467578, -22.73095804642648], "in_group_a_strength": 16, "in_group_a_range": 2.8, "attractor_count": 158, "out_group_r_strength": 50.4, "in_group_r_range": 2.0, "out_group_r_range": 2.0, "friend_zone": [63, 289, 2, 136, 247, 127, 114, 57, 210, 81, 276, 109, 235, 69, 197, 96, 71, 154, 120, 9, 112, 29, 296, 31, 97, 93, 265, 172, 80, 149, 178, 124, 314, 146, 52, 225, 245, 162, 267, 77, 84, 179, 91, 21, 313, 275, 6, 273, 67, 274, 287, 45, 138, 199, 226, 242, 92, 271, 159, 236, 118, 220, 4, 263, 261, 113, 76, 88, 85, 94, 40, 278, 89, 237, 301, 122, 212, 200, 65, 61, 174, 262, 46, 315, 20, 39, 303, 33, 155, 3, 83, 144, 11, 286, 269, 251, 17, 193, 280, 0, 266, 255, 285, 18, 223, 105, 153, 110, 59, 142, 126, 128, 204, 240, 203, 176, 133, 98, 157, 95, 147, 256, 19, 104, 290, 132, 292, 8, 135, 167, 143, 232, 108, 70, 306, 150, 165, 134, 188, 264, 23, 300, 182, 206, 62, 5, 298, 259, 50, 129, 55, 215, 186, 58, 140, 205, 86, 47], "target": [60.0, -15.0], "target_a_strength": 22000000000, "radius": 0.3, "group_id": 0, "out_group_a_range": 2.8, "target_a_range": 435, "in_group_r_strength": 36, "out_group_a_strength": 11.428571428571429}, {"pedestrian_id": 318, "position": [-67.53178287759876, 0.6691458019553354], "in_group_a_strength": 16, "in_group_a_range": 2.8, "attractor_count": 158, "out_group_r_strength": 50.4, "in_group_r_range": 2.0, "out_group_r_range": 2.0, "friend_zone": [77, 98, 175, 168, 129, 290, 169, 91, 54, 311, 171, 7, 120, 258, 3, 155, 288, 216, 312, 302, 269, 289, 234, 80, 69, 76, 217, 52, 48, 225, 139, 257, 163, 71, 95, 145, 262, 220, 112, 228, 153, 253, 15, 81, 63, 30, 194, 274, 174, 166, 218, 252, 68, 36, 247, 60, 61, 29, 28, 248, 309, 185, 295, 205, 93, 46, 113, 164, 214, 172, 151, 94, 236, 110, 261, 224, 178, 191, 51, 26, 109, 47, 136, 303, 104, 154, 84, 85, 133, 207, 59, 213, 276, 146, 259, 256, 161, 299, 193, 170, 296, 314, 38, 101, 142, 127, 232, 62, 208, 103, 57, 215, 287, 35, 67, 87, 313, 86, 66, 275, 124, 79, 88, 291, 90, 143, 197, 305, 118, 42, 147, 82, 158, 243, 72, 209, 148, 165, 116, 184, 277, 212, 132, 238, 192, 114, 137, 244, 173, 264, 8, 231, 176, 117, 123, 157, 297, 64], "target": [60.0, 15.0], "target_a_strength": 22000000000, "radius": 0.3, "group_id": 1, "out_group_a_range": 2.8, "target_a_range": 435, "in_group_r_strength": 36, "out_group_a_strength": 11.428571428571429}, {"pedestrian_id": 319, "position": [-37.64211257311952, -9.111777806903781], "in_group_a_strength": 16, "in_group_a_range": 2.8, "attractor_count": 158, "out_group_r_strength": 50.4, "in_group_r_range": 2.0, "out_group_r_range": 2.0, "friend_zone": [264, 149, 240, 153, 81, 204, 260, 116, 137, 12, 3, 2, 92, 255, 280, 70, 133, 224, 297, 151, 288, 57, 119, 11, 95, 283, 67, 300, 72, 205, 253, 304, 239, 124, 82, 24, 250, 102, 305, 221, 263, 135, 274, 229, 234, 167, 45, 19, 89, 157, 273, 108, 314, 256, 248, 55, 44, 43, 216, 103, 97, 200, 107, 209, 166, 285, 87, 34, 169, 245, 110, 165, 123, 47, 18, 252, 212, 106, 141, 128, 16, 161, 27, 61, 289, 29, 276, 277, 282, 191, 308, 33, 231, 186, 206, 218, 170, 66, 23, 5, 76, 64, 91, 227, 118, 196, 192, 138, 56, 313, 241, 78, 215, 266, 259, 127, 168, 294, 281, 203, 58, 175, 73, 35, 173, 71, 230, 39, 162, 219, 154, 22, 59, 194, 183, 80, 148, 244, 269, 88, 233, 226, 197, 258, 279, 156, 96, 312, 232, 185, 125, 228, 15, 201, 184, 143, 10, 79], "target": [60.0, -15.0], "target_a_strength": 22000000000, "radius": 0.3, "group_id": 1, "out_group_a_range": 2.8, "target_a_range": 435, "in_group_r_strength": 36, "out_group_a_strength": 11.428571428571429}], "frame_second": "7400", "additional_id_existed_ped": {"0": [317, 318, 319], "1": [318, 319], "2": [316, 317], "3": [316, 317, 318], "4": [316, 317, 318, 319], "5": [317], "6": [316, 319], "7": [316, 317], "8": [317, 319], "9": [], "10": [316, 317, 318, 319], "11": [318], "12": [316, 317, 319], "13": [317, 319], "14": [316, 317], "15": [], "16": [317], "17": [316, 318, 319], "18": [317, 318, 319], "19": [316, 317, 318, 319], "20": [316, 319], "21": [317], "22": [316, 317], "23": [317, 318], "24": [316, 318, 319], "25": [317, 318], "26": [317], "27": [316, 317, 318], "28": [316], "29": [316, 317], "30": [318, 319], "31": [316], "32": [316, 319], "33": [316], "34": [316], "35": [316, 318, 319], "36": [317, 318], "37": [316, 317], "38": [317, 319], "39": [316, 318, 319], "40": [317, 319], "41": [317], "42": [316], "43": [], "44": [316], "45": [317, 319], "46": [], "47": [316, 317, 318], "48": [319], "49": [316, 318, 319], "50": [316, 317, 319], "51": [316, 318], "52": [317, 319], "53": [316, 317, 318], "54": [316, 319], "55": [316, 317, 318, 319], "56": [319], "57": [316, 319], "58": [317, 319], "59": [319], "60": [317], "61": [319], "62": [318], "63": [317, 318, 319], "64": [316, 318, 319], "65": [316, 318, 319], "66": [], "67": [318], "68": [316, 317, 318, 319], "69": [317, 318], "70": [316, 318], "71": [316, 317, 318, 319], "72": [], "73": [318, 319], "74": [316, 318], "75": [316, 319], "76": [319], "77": [318], "78": [318], "79": [318], "80": [316, 317, 318], "81": [316, 318], "82": [317, 318, 319], "83": [], "84": [316, 317, 318], "85": [], "86": [316, 317, 318, 319], "87": [318], "88": [317, 318], "89": [316], "90": [], "91": [319], "92": [316, 317, 318, 319], "93": [317, 318], "94": [319], "95": [317, 318], "96": [317, 318, 319], "97": [], "98": [318], "99": [317, 319], "100": [317, 318, 319], "101": [318], "102": [316], "103": [316, 317, 318], "104": [316, 318, 319], "105": [], "106": [317, 318, 319], "107": [316, 317, 318], "108": [317, 319], "109": [317, 319], "110": [317], "111": [], "112": [317, 319], "113": [316, 318, 319], "114": [316, 317, 319], "115": [316, 319], "116": [316, 317, 318], "117": [317, 319], "118": [316, 317, 318, 319], "119": [316, 318], "120": [], "121": [316], "122": [316, 317], "123": [316, 317, 318], "124": [316, 317], "125": [319], "126": [], "127": [], "128": [316, 317, 318], "129": [316, 318, 319], "130": [316], "131": [316, 317], "132": [316, 318], "133": [318], "134": [316, 318, 319], "135": [317], "136": [317, 318, 319], "137": [316], "138": [316, 317], "139": [316, 318, 319], "140": [316, 317], "141": [318, 319], "142": [317, 318], "143": [316, 318], "144": [316, 317, 318], "145": [318, 319], "146": [318, 319], "147": [318, 319], "148": [317, 318, 319], "149": [317, 318, 319], "150": [316, 317], "151": [318], "152": [], "153": [316, 318, 319], "154": [316, 318, 319], "155": [316, 317, 319], "156": [316, 317, 318, 319], "157": [318], "158": [316, 317, 319], "159": [319], "160": [318, 319], "161": [316, 318], "162": [316, 318], "163": [316, 317, 318, 319], "164": [318, 319], "165": [319], "166": [317, 318], "167": [317, 319], "168": [316, 318], "169": [316, 317], "170": [318], "171": [317, 319],