{"pedestrian_list": [{"pedestrian_id": 48, "position": [-43.494340371872134, 9.118473549252325], "in_group_a_strength": 16, "in_group_a_range": 2.8, "attractor_count": 24, "out_group_r_strength": 50.4, "in_group_r_range": 2.0, "out_group_r_range": 2.0, "friend_zone": [7, 47, 38, 16, 32, 33, 17, 46, 45, 8, 35, 22, 34, 25, 19, 11, 2, 9, 41, 36, 12, 21, 44, 29], "target": [60.0, 15.0], "target_a_strength": 22000000000, "radius": 0.3, "group_id": 0, "out_group_a_range": 2.8, "target_a_range": 435, "in_group_r_strength": 36, "out_group_a_strength": 11.428571428571429}, {"pedestrian_id": 49, "position": [-61.054616263477904, -7.1425544089868644], "in_group_a_strength": 16, "in_group_a_range": 2.8, "attractor_count": 24, "out_group_r_strength": 50.4, "in_group_r_range": 2.0, "out_group_r_range": 2.0, "friend_zone": [35, 47, 37, 3, 36, 1, 40, 14, 45, 46, 41, 4, 18, 12, 34, 25, 15, 21, 32, 7, 9, 26, 31, 24], "target": [60.0, -15.0], "target_a_strength": 22000000000, "radius": 0.3, "group_id": 0, "out_group_a_range": 2.8, "target_a_range": 435, "in_group_r_strength": 36, "out_group_a_strength": 11.428571428571429}, {"pedestrian_id": 50, "position": [-37.01473923442628, -7.789429920009844], "in_group_a_strength": 16, "in_group_a_range": 2.8, "attractor_count": 24, "out_group_r_strength": 50.4, "in_group_r_range": 2.0, "out_group_r_range": 2.0, "friend_zone": [18, 39, 25, 19, 9, 27, 47, 10, 12, 34, 3, 1, 45, 22, 26, 7, 4, 28, 17, 23, 41, 43, 5, 31], "target": [60.0, -15.0], "target_a_strength": 22000000000, "radius": 0.3, "group_id": 1, "out_group_a_range": 2.8, "target_a_range": 435, "in_group_r_strength": 36, "out_group_a_strength": 11.428571428571429}, {"pedestrian_id": 51, "position": [-54.56571313285769, -2.618343530641802], "in_group_a_strength": 16, "in_group_a_range": 2.8, "attractor_count": 24, "out_group_r_strength": 50.4, "in_group_r_range": 2.0, "out_group_r_range": 2.0, "friend_zone": [26, 15, 29, 40, 3, 10, 16, 39, 20, 47, 18, 46, 6, 27, 5, 12, 11, 43, 9, 22, 34, 36, 2, 23], "target": [60.0, -15.0], "target_a_strength": 22000000000, "radius": 0.3, "group_id": 1, "out_group_a_range": 2.8, "target_a_range": 435, "in_group_r_strength": 36, "out_group_a_strength": 11.428571428571429}], "frame_second": "700", "additional_id_existed_ped": {"0": [48, 50, 51], "1": [49, 51], "2": [50, 51], "3": [], "4": [49, 50, 51], "5": [48, 49, 50], "6": [48, 50], "7": [48, 49], "8": [48, 50, 51], "9": [48, 50, 51], "10": [49], "11": [48, 50], "12": [48], "13": [48, 49, 50], "14": [49, 51], "15": [49, 50], "16": [49, 50, 51], "17": [48, 49], "18": [48, 49], "19": [49, 50, 51], "20": [51], "21": [48, 50, 51], "22": [48, 49, 50, 51], "23": [48, 50], "24": [50], "25": [49], "26": [48, 49, 50], "27": [48, 49, 50, 51], "28": [49, 51], "29": [48, 50, 51], "30": [51], "31": [], "32": [48, 50], "33": [48, 49, 51], "34": [48, 49, 51], "35": [48], "36": [49, 50], "37": [49, 50, 51], "38": [50], "39": [], "40": [51], "41": [48], "42": [], "43": [49, 50, 51], "44": [49, 51], "45": [48, 51], "46": [48], "47": [49, 51]}}