{"pedestrian_list": [{"pedestrian_id": 28, "position": [-34.39001433292933, -11.054814437136793], "in_group_a_strength": 16, "in_group_a_range": 2.8, "attractor_count": 14, "out_group_r_strength": 50.4, "in_group_r_range": 2.0, "out_group_r_range": 2.0, "friend_zone": [15, 22, 12, 5, 0, 17, 18, 2, 23, 8, 9, 24, 14, 27], "target": [60.0, -15.0], "target_a_strength": 22000000000, "radius": 0.3, "group_id": 0, "out_group_a_range": 2.8, "target_a_range": 435, "in_group_r_strength": 36, "out_group_a_strength": 11.428571428571429}, {"pedestrian_id": 29, "position": [-53.9191138152227, 23.405941735944488], "in_group_a_strength": 16, "in_group_a_range": 2.8, "attractor_count": 14, "out_group_r_strength": 50.4, "in_group_r_range": 2.0, "out_group_r_range": 2.0, "friend_zone": [20, 17, 14, 10, 11, 7, 9, 12, 2, 1, 22, 26, 24, 4], "target": [60.0, 15.0], "target_a_strength": 22000000000, "radius": 0.3, "group_id": 0, "out_group_a_range": 2.8, "target_a_range": 435, "in_group_r_strength": 36, "out_group_a_strength": 11.428571428571429}, {"pedestrian_id": 30, "position": [-37.65247555058415, 20.15769211990914], "in_group_a_strength": 16, "in_group_a_range": 2.8, "attractor_count": 14, "out_group_r_strength": 50.4, "in_group_r_range": 2.0, "out_group_r_range": 2.0, "friend_zone": [25, 20, 8, 7, 19, 22, 3, 10, 23, 14, 15, 4, 6, 11], "target": [60.0, 15.0], "target_a_strength": 22000000000, "radius": 0.3, "group_id": 1, "out_group_a_range": 2.8, "target_a_range": 435, "in_group_r_strength": 36, "out_group_a_strength": 11.428571428571429}, {"pedestrian_id": 31, "position": [-48.7180389872156, 18.835329882076312], "in_group_a_strength": 16, "in_group_a_range": 2.8, "attractor_count": 14, "out_group_r_strength": 50.4, "in_group_r_range": 2.0, "out_group_r_range": 2.0, "friend_zone": [27, 24, 7, 8, 26, 5, 11, 15, 9, 0, 19, 18, 12, 1], "target": [60.0, 15.0], "target_a_strength": 22000000000, "radius": 0.3, "group_id": 1, "out_group_a_range": 2.8, "target_a_range": 435, "in_group_r_strength": 36, "out_group_a_strength": 11.428571428571429}], "frame_second": "200", "additional_id_existed_ped": {"0": [28, 30], "1": [31], "2": [31], "3": [29, 30], "4": [28, 29, 30, 31], "5": [28, 31], "6": [29, 30], "7": [28, 30, 31], "8": [28, 30], "9": [28, 29, 30], "10": [28, 30, 31], "11": [31], "12": [28, 29, 31], "13": [28, 29, 30], "14": [29], "15": [30], "16": [28, 29, 30], "17": [30, 31], "18": [], "19": [28, 29, 31], "20": [29, 31], "21": [28, 29, 30], "22": [], "23": [31], "24": [29, 31], "25": [28, 29], "26": [29, 30, 31], "27": [28]}}