{"pedestrian_list": [{"pedestrian_id": 156, "position": [-68.21247687490883, 5.8655538511423835], "in_group_a_strength": 16, "in_group_a_range": 2.8, "attractor_count": 78, "out_group_r_strength": 50.4, "in_group_r_range": 2.0, "out_group_r_range": 2.0, "friend_zone": [109, 146, 153, 3, 20, 11, 63, 27, 79, 112, 151, 130, 22, 43, 86, 88, 147, 71, 66, 40, 144, 48, 44, 90, 80, 6, 29, 152, 98, 25, 26, 45, 106, 133, 35, 92, 113, 23, 5, 55, 12, 77, 149, 54, 17, 119, 111, 87, 75, 78, 105, 96, 2, 41, 65, 132, 81, 122, 101, 52, 10, 62, 135, 100, 67, 95, 108, 33, 76, 38, 89, 102, 30, 31, 59, 8, 127, 53], "target": [60.0, 15.0], "target_a_strength": 22000000000, "radius": 0.3, "group_id": 0, "out_group_a_range": 2.8, "target_a_range": 435, "in_group_r_strength": 36, "out_group_a_strength": 11.428571428571429}, {"pedestrian_id": 157, "position": [-66.89591757647368, -18.851285351926016], "in_group_a_strength": 16, "in_group_a_range": 2.8, "attractor_count": 78, "out_group_r_strength": 50.4, "in_group_r_range": 2.0, "out_group_r_range": 2.0, "friend_zone": [57, 11, 140, 46, 110, 138, 16, 58, 74, 43, 120, 101, 131, 105, 153, 95, 7, 97, 66, 82, 113, 123, 71, 72, 81, 53, 117, 149, 89, 1, 28, 139, 93, 114, 55, 155, 142, 148, 27, 126, 83, 143, 45, 103, 8, 75, 61, 73, 106, 10, 141, 127, 118, 70, 77, 146, 132, 119, 125, 122, 111, 9, 91, 80, 63, 84, 12, 21, 76, 29, 49, 56, 65, 6, 34, 54, 24, 86], "target": [60.0, -15.0], "target_a_strength": 22000000000, "radius": 0.3, "group_id": 0, "out_group_a_range": 2.8, "target_a_range": 435, "in_group_r_strength": 36, "out_group_a_strength": 11.428571428571429}, {"pedestrian_id": 158, "position": [-68.859822071796, -7.139442474445531], "in_group_a_strength": 16, "in_group_a_range": 2.8, "attractor_count": 78, "out_group_r_strength": 50.4, "in_group_r_range": 2.0, "out_group_r_range": 2.0, "friend_zone": [53, 151, 93, 62, 122, 123, 125, 140, 31, 27, 28, 41, 40, 83, 79, 56, 13, 18, 14, 66, 119, 86, 139, 9, 23, 45, 47, 10, 81, 95, 55, 69, 111, 67, 58, 118, 97, 8, 17, 141, 20, 63, 116, 54, 153, 152, 36, 74, 33, 30, 1, 16, 65, 147, 26, 4, 11, 108, 155, 80, 19, 128, 138, 154, 149, 89, 44, 50, 88, 100, 6, 37, 90, 64, 106, 146, 121, 2], "target": [60.0, -15.0], "target_a_strength": 22000000000, "radius": 0.3, "group_id": 1, "out_group_a_range": 2.8, "target_a_range": 435, "in_group_r_strength": 36, "out_group_a_strength": 11.428571428571429}, {"pedestrian_id": 159, "position": [-38.29057338577066, 15.617256592916311], "in_group_a_strength": 16, "in_group_a_range": 2.8, "attractor_count": 78, "out_group_r_strength": 50.4, "in_group_r_range": 2.0, "out_group_r_range": 2.0, "friend_zone": [26, 24, 153, 76, 128, 1, 66, 27, 152, 100, 32, 85, 93, 36, 17, 98, 33, 104, 82, 86, 62, 2, 96, 102, 29, 77, 138, 79, 121, 78, 154, 56, 51, 110, 61, 8, 6, 103, 139, 81, 49, 151, 39, 122, 124, 97, 53, 136, 95, 10, 22, 12, 38, 126, 70, 18, 147, 88, 111, 46, 48, 131, 3, 54, 28, 31, 13, 64, 105, 37, 74, 108, 129, 125, 114, 134, 55, 69], "target": [60.0, 15.0], "target_a_strength": 22000000000, "radius": 0.3, "group_id": 1, "out_group_a_range": 2.8, "target_a_range": 435, "in_group_r_strength": 36, "out_group_a_strength": 11.428571428571429}], "frame_second": "3400", "additional_id_existed_ped": {"0": [156, 157], "1": [158], "2": [157, 159], "3": [156, 157, 159], "4": [157, 159], "5": [156, 157, 158, 159], "6": [157, 158], "7": [156, 157, 158, 159], "8": [156, 159], "9": [157], "10": [156], "11": [156, 157], "12": [159], "13": [157], "14": [156, 159], "15": [158, 159], "16": [], "17": [156, 157, 159], "18": [157], "19": [157, 158, 159], "20": [159], "21": [157, 158], "22": [158, 159], "23": [156, 158], "24": [156, 159], "25": [158], "26": [157], "27": [], "28": [157, 159], "29": [156, 157], "30": [157, 158, 159], "31": [157, 158, 159], "32": [156], "33": [157, 158], "34": [156, 158], "35": [156, 158, 159], "36": [156, 157, 158, 159], "37": [156, 157], "38": [156, 157], "39": [156, 157, 158, 159], "40": [158, 159], "41": [157], "42": [156, 159], "43": [157, 159], "44": [156, 158, 159], "45": [157, 158, 159], "46": [156, 159], "47": [156], "48": [156, 157, 158], "49": [158, 159], "50": [156, 158, 159], "51": [157, 158], "52": [156, 158], "53": [156], "54": [159], "55": [156, 159], "56": [158], "57": [156], "58": [156, 157, 159], "59": [156], "60": [], "61": [159], "62": [156, 158, 159], "63": [156, 157, 159], "64": [156], "65": [157], "66": [156, 159], "67": [157, 158, 159], "68": [158], "69": [158, 159], "70": [156, 159], "71": [156, 157, 158, 159], "72": [157, 158], "73": [156, 158], "74": [158], "75": [158], "76": [156, 158], "77": [157], "78": [157, 159], "79": [156, 157, 158, 159], "80": [158, 159], "81": [157, 159], "82": [156, 158], "83": [156, 157, 159], "84": [157, 158, 159], "85": [158, 159], "86": [159], "87": [156, 158], "88": [157, 158], "89": [156, 158], "90": [157, 159], "91": [156], "92": [157], "93": [157, 158, 159], "94": [156], "95": [156, 158, 159], "96": [156, 157, 159], "97": [159], "98": [156, 157, 159], "99": [156, 158, 159], "100": [156, 159], "101": [156, 157, 159], "102": [156, 157, 158, 159], "103": [158], "104": [156], "105": [158], "106": [156, 157, 158], "107": [156, 157, 158], "108": [159], "109": [156, 158, 159], "110": [], "111": [156], "112": [157, 159], "113": [157], "114": [157, 158], "115": [156, 158], "116": [156, 157], "117": [156], "118": [156, 159], "119": [157, 158], "120": [157, 158], "121": [156, 158, 159], "122": [157], "123": [156, 158], "124": [156, 158, 159], "125": [158], "126": [157, 158, 159], "127": [156, 157, 159], "128": [156, 157, 158], "129": [157], "130": [158, 159], "131": [156, 159], "132": [156], "133": [157], "134": [156, 157, 158, 159], "135": [158], "136": [156, 158, 159], "137": [157, 158, 159], "138": [159], "139": [158], "140": [157, 158], "141": [157, 158, 159], "142": [157, 158, 159], "143": [156], "144": [156, 157, 159], "145": [156, 157, 158], "146": [156, 157], "147": [157], "148": [158], "149": [156, 157], "150": [157, 158, 159], "151": [157, 159], "152": [157, 158, 159], "153": [156, 157, 158], "154": [156], "155": [157, 158, 159]}}