{"pedestrian_list": [{"pedestrian_id": 140, "position": [-63.00143509124859, 7.776932439769153], "in_group_a_strength": 16, "in_group_a_range": 2.8, "attractor_count": 70, "out_group_r_strength": 50.4, "in_group_r_range": 2.0, "out_group_r_range": 2.0, "friend_zone": [35, 44, 101, 23, 110, 70, 97, 125, 67, 60, 96, 43, 42, 105, 8, 69, 25, 113, 24, 66, 30, 80, 46, 112, 32, 31, 47, 68, 89, 136, 103, 38, 100, 121, 129, 111, 126, 122, 56, 87, 11, 58, 132, 90, 139, 86, 76, 114, 134, 75, 78, 15, 36, 115, 52, 26, 41, 133, 64, 3, 83, 27, 37, 59, 104, 119, 91, 120, 127, 14], "target": [60.0, 15.0], "target_a_strength": 22000000000, "radius": 0.3, "group_id": 0, "out_group_a_range": 2.8, "target_a_range": 435, "in_group_r_strength": 36, "out_group_a_strength": 11.428571428571429}, {"pedestrian_id": 141, "position": [-68.83117959363207, 19.48272936085393], "in_group_a_strength": 16, "in_group_a_range": 2.8, "attractor_count": 70, "out_group_r_strength": 50.4, "in_group_r_range": 2.0, "out_group_r_range": 2.0, "friend_zone": [67, 130, 17, 134, 30, 73, 21, 129, 126, 22, 45, 7, 11, 19, 35, 125, 94, 39, 96, 79, 98, 116, 104, 52, 122, 31, 120, 24, 78, 89, 58, 66, 43, 29, 133, 113, 1, 56, 4, 102, 115, 49, 41, 71, 20, 95, 86, 138, 77, 132, 90, 23, 119, 9, 60, 112, 123, 3, 55, 25, 63, 18, 57, 34, 118, 103, 13, 81, 80, 82], "target": [60.0, 15.0], "target_a_strength": 22000000000, "radius": 0.3, "group_id": 0, "out_group_a_range": 2.8, "target_a_range": 435, "in_group_r_strength": 36, "out_group_a_strength": 11.428571428571429}, {"pedestrian_id": 142, "position": [-65.5946188882573, -12.337294597892386], "in_group_a_strength": 16, "in_group_a_range": 2.8, "attractor_count": 70, "out_group_r_strength": 50.4, "in_group_r_range": 2.0, "out_group_r_range": 2.0, "friend_zone": [114, 33, 100, 83, 21, 78, 80, 66, 15, 31, 137, 108, 124, 57, 121, 52, 88, 117, 128, 24, 49, 26, 11, 116, 76, 68, 54, 44, 62, 115, 63, 8, 20, 40, 42, 85, 107, 51, 35, 28, 109, 131, 55, 34, 139, 120, 0, 29, 73, 99, 25, 87, 10, 103, 134, 17, 95, 112, 86, 60, 36, 9, 32, 43, 127, 132, 16, 123, 125, 126], "target": [60.0, -15.0], "target_a_strength": 22000000000, "radius": 0.3, "group_id": 1, "out_group_a_range": 2.8, "target_a_range": 435, "in_group_r_strength": 36, "out_group_a_strength": 11.428571428571429}, {"pedestrian_id": 143, "position": [-33.77115242164007, -14.96758140015834], "in_group_a_strength": 16, "in_group_a_range": 2.8, "attractor_count": 70, "out_group_r_strength": 50.4, "in_group_r_range": 2.0, "out_group_r_range": 2.0, "friend_zone": [78, 68, 20, 90, 28, 133, 23, 89, 72, 122, 104, 92, 10, 70, 136, 13, 85, 116, 73, 112, 139, 55, 86, 134, 71, 132, 3, 21, 94, 96, 130, 115, 93, 119, 9, 103, 46, 138, 7, 16, 75, 49, 31, 131, 77, 83, 36, 56, 123, 2, 82, 38, 19, 32, 102, 64, 61, 117, 80, 37, 97, 1, 76, 114, 27, 101, 126, 81, 5, 8], "target": [60.0, -15.0], "target_a_strength": 22000000000, "radius": 0.3, "group_id": 1, "out_group_a_range": 2.8, "target_a_range": 435, "in_group_r_strength": 36, "out_group_a_strength": 11.428571428571429}], "frame_second": "3000", "additional_id_existed_ped": {"0": [140, 141, 142, 143], "1": [140, 141, 143], "2": [140, 141, 143], "3": [141], "4": [143], "5": [141], "6": [141, 142, 143], "7": [140], "8": [141, 142, 143], "9": [141, 142], "10": [140, 141, 142, 143], "11": [140, 141], "12": [142, 143], "13": [140, 143], "14": [140, 143], "15": [140, 141, 143], "16": [], "17": [141, 142], "18": [142], "19": [141, 143], "20": [141, 143], "21": [140, 141, 143], "22": [142, 143], "23": [142], "24": [143], "25": [141, 142, 143], "26": [140, 141, 142], "27": [140, 141, 143], "28": [140, 141, 142], "29": [140, 143], "30": [141, 142, 143], "31": [140, 143], "32": [140, 141], "33": [140, 142], "34": [140, 142], "35": [142], "36": [141, 142, 143], "37": [142], "38": [142], "39": [141, 143], "40": [143], "41": [143], "42": [140, 141, 142], "43": [141], "44": [140, 141, 142, 143], "45": [140, 141, 143], "46": [140, 141], "47": [142], "48": [140, 141, 142], "49": [140], "50": [141, 142, 143], "51": [141, 142], "52": [140, 141, 142], "53": [142], "54": [140, 141, 143], "55": [140, 142], "56": [141, 143], "57": [140, 142], "58": [142, 143], "59": [141], "60": [], "61": [140, 142, 143], "62": [140, 141, 142], "63": [141, 142], "64": [], "65": [142, 143], "66": [140], "67": [140, 142, 143], "68": [], "69": [140], "70": [143], "71": [140, 141, 143], "72": [141, 142, 143], "73": [141], "74": [140, 141, 142], "75": [140, 141, 143], "76": [142, 143], "77": [140, 141], "78": [140, 141, 143], "79": [140, 142], "80": [140, 141, 143], "81": [141, 143], "82": [140, 142], "83": [141], "84": [140, 143], "85": [141], "86": [141, 142], "87": [140, 143], "88": [141, 143], "89": [141, 142, 143], "90": [140, 141, 142], "91": [142, 143], "92": [143], "93": [140, 142], "94": [140, 142], "95": [140, 141, 142], "96": [140], "97": [141, 142], "98": [140, 141, 143], "99": [142, 143], "100": [143], "101": [140], "102": [142, 143], "103": [141, 143], "104": [140, 143], "105": [142, 143], "106": [141, 142], "107": [140, 141, 142, 143], "108": [140], "109": [140, 141], "110": [140, 141], "111": [140], "112": [141], "113": [140, 142], "114": [140, 141], "115": [140, 141, 143], "116": [140], "117": [140, 142, 143], "118": [141, 142, 143], "119": [142], "120": [140], "121": [140, 142, 143], "122": [141], "123": [], "124": [141, 142, 143], "125": [140], "126": [141, 142, 143], "127": [143], "128": [140, 142], "129": [143], "130": [140, 142, 143], "131": [140, 141, 142, 143], "132": [], "133": [140, 141, 142], "134": [140, 142, 143], "135": [142, 143], "136": [140, 142, 143], "137": [142], "138": [142, 143], "139": [141]}}