{"pedestrian_list": [{"pedestrian_id": 108, "position": [-33.75720953311178, 6.482788065381946], "in_group_a_strength": 16, "in_group_a_range": 2.8, "attractor_count": 54, "out_group_r_strength": 50.4, "in_group_r_range": 2.0, "out_group_r_range": 2.0, "friend_zone": [11, 69, 16, 37, 81, 101, 54, 59, 87, 24, 52, 12, 85, 90, 6, 97, 80, 100, 44, 84, 106, 75, 58, 93, 42, 103, 53, 91, 46, 38, 50, 21, 15, 63, 19, 25, 17, 35, 28, 0, 70, 78, 82, 7, 49, 92, 88, 2, 48, 62, 55, 99, 34, 86], "target": [60.0, 15.0], "target_a_strength": 22000000000, "radius": 0.3, "group_id": 0, "out_group_a_range": 2.8, "target_a_range": 435, "in_group_r_strength": 36, "out_group_a_strength": 11.428571428571429}, {"pedestrian_id": 109, "position": [-51.28869422906845, -9.725738995203487], "in_group_a_strength": 16, "in_group_a_range": 2.8, "attractor_count": 54, "out_group_r_strength": 50.4, "in_group_r_range": 2.0, "out_group_r_range": 2.0, "friend_zone": [11, 66, 8, 16, 50, 83, 75, 10, 18, 4, 47, 73, 23, 61, 97, 79, 0, 55, 12, 7, 87, 81, 59, 32, 52, 76, 15, 28, 53, 100, 49, 67, 62, 37, 36, 30, 25, 31, 51, 35, 85, 82, 56, 104, 9, 22, 41, 2, 33, 106, 24, 38, 89, 21], "target": [60.0, -15.0], "target_a_strength": 22000000000, "radius": 0.3, "group_id": 0, "out_group_a_range": 2.8, "target_a_range": 435, "in_group_r_strength": 36, "out_group_a_strength": 11.428571428571429}, {"pedestrian_id": 110, "position": [-41.536831684993324, -13.632553405349668], "in_group_a_strength": 16, "in_group_a_range": 2.8, "attractor_count": 54, "out_group_r_strength": 50.4, "in_group_r_range": 2.0, "out_group_r_range": 2.0, "friend_zone": [66, 37, 14, 94, 26, 99, 39, 21, 13, 0, 69, 89, 16, 75, 61, 58, 92, 68, 105, 67, 52, 54, 53, 107, 106, 34, 76, 95, 4, 6, 20, 23, 81, 57, 5, 35, 93, 46, 60, 42, 64, 103, 28, 102, 32, 43, 19, 25, 33, 1, 70, 97, 48, 85], "target": [60.0, -15.0], "target_a_strength": 22000000000, "radius": 0.3, "group_id": 1, "out_group_a_range": 2.8, "target_a_range": 435, "in_group_r_strength": 36, "out_group_a_strength": 11.428571428571429}, {"pedestrian_id": 111, "position": [-67.55256191831981, 10.40011240367814], "in_group_a_strength": 16, "in_group_a_range": 2.8, "attractor_count": 54, "out_group_r_strength": 50.4, "in_group_r_range": 2.0, "out_group_r_range": 2.0, "friend_zone": [81, 101, 85, 54, 46, 40, 103, 15, 21, 41, 64, 50, 89, 72, 56, 94, 52, 35, 55, 29, 48, 27, 37, 23, 4, 95, 79, 98, 99, 47, 60, 74, 100, 87, 17, 73, 39, 58, 0, 10, 1, 68, 51, 86, 31, 71, 93, 9, 12, 83, 96, 62, 25, 53], "target": [60.0, 15.0], "target_a_strength": 22000000000, "radius": 0.3, "group_id": 1, "out_group_a_range": 2.8, "target_a_range": 435, "in_group_r_strength": 36, "out_group_a_strength": 11.428571428571429}], "frame_second": "2200", "additional_id_existed_ped": {"0": [], "1": [110, 111], "2": [108, 109, 110], "3": [108, 109, 110, 111], "4": [110, 111], "5": [108, 109], "6": [108, 111], "7": [109], "8": [108, 110], "9": [], "10": [108], "11": [], "12": [109], "13": [110], "14": [108, 109, 110, 111], "15": [111], "16": [110], "17": [109, 110, 111], "18": [109], "19": [109, 110, 111], "20": [108], "21": [108], "22": [109], "23": [108, 110], "24": [110, 111], "25": [108, 109, 110], "26": [], "27": [], "28": [108, 109, 110, 111], "29": [111], "30": [109, 110, 111], "31": [108, 109, 110], "32": [108, 109, 110, 111], "33": [108, 110], "34": [108], "35": [108, 110], "36": [108, 111], "37": [108, 110], "38": [111], "39": [109, 110, 111], "40": [110, 111], "41": [108, 111], "42": [109, 111], "43": [108, 109, 110], "44": [109, 110], "45": [111], "46": [109, 110, 111], "47": [108, 110, 111], "48": [108], "49": [109, 111], "50": [109, 110], "51": [110, 111], "52": [109, 110], "53": [109, 111], "54": [110], "55": [108, 109, 110, 111], "56": [109, 110], "57": [109], "58": [111], "59": [109], "60": [108, 109, 111], "61": [108, 111], "62": [108, 109, 110, 111], "63": [108, 109], "64": [108, 109, 110, 111], "65": [109, 110, 111], "66": [108, 109, 111], "67": [108, 109, 110, 111], "68": [109, 110, 111], "69": [108, 110], "70": [108, 110], "71": [], "72": [108, 110], "73": [108, 109, 110, 111], "74": [109, 111], "75": [108, 110, 111], "76": [110, 111], "77": [109, 110], "78": [109], "79": [108, 110, 111], "80": [109, 110, 111], "81": [108, 111], "82": [108], "83": [108, 111], "84": [108, 109, 110], "85": [108, 109, 110, 111], "86": [], "87": [109, 110], "88": [108, 109], "89": [109, 111], "90": [111], "91": [108, 110], "92": [108, 109, 111], "93": [109, 111], "94": [109], "95": [109, 111], "96": [], "97": [108, 109, 111], "98": [108, 109], "99": [108, 110], "100": [108], "101": [108], "102": [108, 111], "103": [108, 110, 111], "104": [110, 111], "105": [108], "106": [108, 109], "107": [109, 110, 111]}}