{"pedestrian_list": [{"pedestrian_id": 308, "position": [-48.047173484483, 14.925851597444908], "in_group_a_strength": 16, "in_group_a_range": 2.8, "attractor_count": 154, "out_group_r_strength": 50.4, "in_group_r_range": 2.0, "out_group_r_range": 2.0, "friend_zone": [96, 139, 281, 71, 42, 127, 238, 19, 20, 284, 282, 191, 46, 300, 17, 149, 140, 258, 141, 177, 73, 118, 229, 1, 261, 200, 209, 28, 189, 45, 3, 265, 39, 235, 278, 286, 124, 55, 112, 13, 188, 244, 126, 142, 197, 161, 206, 74, 190, 175, 15, 131, 198, 76, 119, 182, 156, 204, 250, 292, 109, 125, 11, 48, 138, 62, 266, 25, 153, 167, 166, 85, 10, 215, 8, 123, 195, 105, 50, 165, 110, 147, 294, 92, 18, 227, 52, 185, 214, 69, 53, 273, 35, 178, 117, 23, 84, 279, 83, 88, 179, 51, 61, 150, 194, 72, 21, 259, 288, 90, 116, 82, 86, 60, 293, 184, 260, 219, 240, 303, 38, 289, 63, 271, 5, 47, 58, 157, 163, 37, 304, 16, 202, 264, 34, 255, 22, 87, 211, 297, 98, 193, 254, 160, 181, 100, 220, 41, 295, 104, 168, 234, 241, 224], "target": [60.0, 15.0], "target_a_strength": 22000000000, "radius": 0.3, "group_id": 0, "out_group_a_range": 2.8, "target_a_range": 435, "in_group_r_strength": 36, "out_group_a_strength": 11.428571428571429}, {"pedestrian_id": 309, "position": [-43.51095079885555, -6.486400660836772], "in_group_a_strength": 16, "in_group_a_range": 2.8, "attractor_count": 154, "out_group_r_strength": 50.4, "in_group_r_range": 2.0, "out_group_r_range": 2.0, "friend_zone": [117, 181, 145, 44, 4, 204, 136, 67, 31, 131, 88, 227, 242, 18, 10, 147, 238, 45, 280, 174, 241, 209, 216, 253, 133, 177, 189, 43, 184, 289, 293, 292, 296, 30, 138, 26, 39, 275, 245, 123, 129, 272, 27, 287, 108, 49, 122, 277, 120, 78, 2, 243, 266, 103, 7, 66, 5, 160, 171, 89, 185, 251, 260, 215, 229, 188, 262, 114, 119, 301, 36, 16, 218, 161, 244, 201, 97, 200, 137, 23, 155, 141, 151, 193, 47, 299, 87, 157, 294, 3, 28, 295, 203, 237, 271, 38, 231, 307, 202, 228, 176, 234, 9, 94, 143, 278, 220, 248, 56, 115, 134, 197, 247, 261, 11, 285, 192, 150, 267, 128, 95, 213, 235, 199, 132, 46, 288, 85, 233, 223, 98, 110, 250, 116, 62, 13, 154, 130, 198, 105, 68, 298, 306, 269, 297, 118, 163, 281, 219, 92, 126, 167, 186, 61], "target": [60.0, -15.0], "target_a_strength": 22000000000, "radius": 0.3, "group_id": 0, "out_group_a_range": 2.8, "target_a_range": 435, "in_group_r_strength": 36, "out_group_a_strength": 11.428571428571429}, {"pedestrian_id": 310, "position": [-67.54259740311096, 16.90618627764198], "in_group_a_strength": 16, "in_group_a_range": 2.8, "attractor_count": 154, "out_group_r_strength": 50.4, "in_group_r_range": 2.0, "out_group_r_range": 2.0, "friend_zone": [139, 158, 23, 240, 245, 236, 74, 123, 64, 142, 171, 192, 220, 84, 273, 86, 69, 294, 100, 67, 110, 196, 199, 250, 65, 99, 115, 97, 128, 59, 133, 16, 180, 45, 237, 227, 35, 58, 72, 124, 274, 167, 275, 114, 37, 176, 15, 207, 291, 4, 276, 289, 184, 27, 283, 217, 247, 239, 11, 14, 121, 259, 156, 277, 52, 186, 57, 225, 264, 233, 249, 179, 282, 198, 90, 262, 131, 49, 175, 25, 190, 61, 80, 256, 157, 221, 193, 219, 173, 185, 253, 266, 109, 230, 297, 117, 95, 143, 53, 194, 188, 94, 22, 231, 151, 302, 201, 252, 107, 34, 216, 104, 26, 285, 301, 241, 75, 204, 48, 160, 81, 0, 92, 55, 257, 170, 85, 93, 50, 189, 51, 132, 56, 150, 303, 305, 126, 205, 137, 82, 31, 112, 83, 36, 304, 125, 208, 108, 32, 101, 88, 165, 293, 288], "target": [60.0, 15.0], "target_a_strength": 22000000000, "radius": 0.3, "group_id": 1, "out_group_a_range": 2.8, "target_a_range": 435, "in_group_r_strength": 36, "out_group_a_strength": 11.428571428571429}, {"pedestrian_id": 311, "position": [-36.35912433667864, -18.219864540310084], "in_group_a_strength": 16, "in_group_a_range": 2.8, "attractor_count": 154, "out_group_r_strength": 50.4, "in_group_r_range": 2.0, "out_group_r_range": 2.0, "friend_zone": [23, 35, 28, 137, 255, 4, 133, 202, 81, 225, 198, 249, 238, 211, 184, 32, 136, 200, 112, 7, 138, 237, 215, 160, 86, 244, 91, 145, 298, 218, 94, 205, 187, 0, 56, 117, 111, 71, 62, 186, 3, 155, 285, 183, 129, 272, 248, 92, 190, 271, 151, 48, 73, 276, 168, 179, 212, 153, 125, 43, 150, 241, 246, 53, 29, 191, 140, 199, 302, 232, 66, 175, 217, 36, 284, 96, 220, 239, 235, 154, 101, 167, 172, 44, 67, 99, 158, 230, 70, 226, 80, 164, 24, 254, 231, 98, 206, 303, 149, 17, 251, 209, 8, 88, 261, 273, 107, 161, 214, 47, 5, 301, 1, 146, 9, 194, 280, 116, 72, 74, 143, 85, 281, 46, 61, 296, 282, 147, 124, 277, 193, 197, 297, 292, 274, 119, 11, 213, 177, 126, 57, 256, 10, 291, 156, 41, 144, 157, 90, 42, 64, 19, 21, 139], "target": [60.0, -15.0], "target_a_strength": 22000000000, "radius": 0.3, "group_id": 1, "out_group_a_range": 2.8, "target_a_range": 435, "in_group_r_strength": 36, "out_group_a_strength": 11.428571428571429}], "frame_second": "7200", "additional_id_existed_ped": {"0": [309, 310], "1": [308, 310], "2": [308, 309], "3": [311], "4": [308, 309], "5": [308], "6": [308, 309, 310], "7": [308], "8": [308, 310], "9": [308, 309], "10": [308, 309], "11": [309, 310, 311], "12": [308], "13": [309, 310], "14": [309, 311], "15": [310, 311], "16": [309], "17": [310, 311], "18": [309], "19": [], "20": [310], "21": [309, 310, 311], "22": [308, 310], "23": [309, 310, 311], "24": [309, 311], "25": [308], "26": [311], "27": [308, 309, 310], "28": [308, 309, 310, 311], "29": [308, 309], "30": [309, 310, 311], "31": [], "32": [308, 309, 311], "33": [309, 310], "34": [309, 310], "35": [308], "36": [308, 309, 310, 311], "37": [308, 310, 311], "38": [308, 309, 310], "39": [308, 309, 311], "40": [308, 309, 310], "41": [308], "42": [310], "43": [311], "44": [308, 310], "45": [308, 309, 310], "46": [], "47": [310, 311], "48": [308, 309, 311], "49": [308, 309, 310], "50": [309], "51": [308, 310, 311], "52": [309, 311], "53": [309, 310, 311], "54": [311], "55": [309, 310], "56": [308, 309, 310], "57": [308, 311], "58": [309], "59": [309, 310], "60": [309, 310, 311], "61": [308, 309, 310, 311], "62": [308, 310], "63": [308, 309, 310], "64": [309, 311], "65": [308, 309, 311], "66": [308, 310], "67": [308, 309], "68": [308, 310], "69": [309, 310], "70": [308, 309, 310], "71": [308, 309], "72": [308, 309, 310, 311], "73": [308], "74": [], "75": [308], "76": [308, 309, 311], "77": [311], "78": [310, 311], "79": [308], "80": [308], "81": [310], "82": [309, 310], "83": [308, 310, 311], "84": [], "85": [308, 309, 310, 311], "86": [308], "87": [311], "88": [308, 309, 310], "89": [309, 310, 311], "90": [309, 310], "91": [309, 310, 311], "92": [308, 309, 310], "93": [], "94": [308], "95": [310], "96": [308, 309, 310], "97": [308, 309, 310], "98": [308, 309], "99": [308, 309], "100": [311], "101": [311], "102": [309, 310], "103": [310], "104": [311], "105": [310, 311], "106": [309], "107": [309, 310, 311], "108": [308, 309, 310], "109": [309, 311], "110": [308, 309, 310, 311], "111": [309, 310, 311], "112": [310, 311], "113": [], "114": [308, 309, 311], "115": [309], "116": [308, 309, 311], "117": [308, 310], "118": [308, 309, 310, 311], "119": [309, 311], "120": [308, 311], "121": [310], "122": [309, 310], "123": [308, 309], "124": [308, 310, 311], "125": [310, 311], "126": [308, 311], "127": [310, 311], "128": [308], "129": [308], "130": [308], "131": [308], "132": [310], "133": [311], "134": [308, 309, 310, 311], "135": [310, 311], "136": [309, 310, 311], "137": [308, 310], "138": [310], "139": [], "140": [310], "141": [308, 310], "142": [], "143": [309, 310], "144": [], "145": [309], "146": [308, 311], "147": [308, 310], "148": [308, 310], "149": [309, 310, 311], "150": [308, 311], "151": [], "152": [308, 309, 310, 311], "153": [310], "154": [309, 310, 311], "155": [310, 311], "156": [308, 310, 311], "157": [308], "158": [308, 309, 311], "159": [308, 309, 311], "160": [], "161": [308, 311], "162": [310, 311], "163": [308, 310], "164": [], "165": [308, 309, 310], "166": [311], "167": [310], "168": [309, 310], "169": [308, 309, 311], "170": [308], "171": [308, 309, 311], "172": [308, 310], "173": [310], "174": [308, 309, 311], "175": [309, 311], "176": [311],