{"pedestrian_list": [{"pedestrian_id": 248, "position": [-65.58291476057413, -12.99347689400472], "in_group_a_strength": 16, "in_group_a_range": 2.8, "attractor_count": 124, "out_group_r_strength": 50.4, "in_group_r_range": 2.0, "out_group_r_range": 2.0, "friend_zone": [141, 187, 82, 184, 222, 155, 52, 117, 70, 234, 31, 189, 174, 116, 133, 47, 16, 245, 93, 120, 143, 196, 73, 66, 58, 81, 15, 229, 42, 170, 247, 40, 25, 17, 232, 149, 159, 166, 240, 57, 227, 35, 150, 237, 231, 129, 228, 76, 175, 14, 126, 169, 91, 65, 37, 241, 203, 209, 200, 29, 109, 68, 75, 162, 246, 0, 204, 180, 179, 165, 173, 134, 160, 60, 4, 39, 215, 183, 12, 148, 106, 87, 112, 2, 23, 53, 156, 214, 201, 102, 198, 72, 50, 28, 167, 153, 145, 221, 176, 69, 74, 147, 124, 5, 1, 135, 223, 64, 185, 140, 97, 98, 208, 152, 119, 157, 188, 71, 161, 110, 195, 168, 56, 61], "target": [60.0, -15.0], "target_a_strength": 22000000000, "radius": 0.3, "group_id": 0, "out_group_a_range": 2.8, "target_a_range": 435, "in_group_r_strength": 36, "out_group_a_strength": 11.428571428571429}, {"pedestrian_id": 249, "position": [-42.829110108658725, 16.883974392454103], "in_group_a_strength": 16, "in_group_a_range": 2.8, "attractor_count": 124, "out_group_r_strength": 50.4, "in_group_r_range": 2.0, "out_group_r_range": 2.0, "friend_zone": [239, 74, 26, 174, 67, 58, 135, 137, 103, 213, 17, 24, 187, 35, 148, 167, 87, 39, 225, 126, 10, 146, 44, 41, 72, 122, 106, 169, 160, 3, 6, 165, 144, 82, 65, 182, 132, 68, 91, 1, 171, 31, 194, 228, 57, 109, 246, 81, 219, 55, 108, 51, 52, 236, 96, 119, 227, 224, 136, 130, 27, 152, 86, 184, 190, 216, 75, 233, 70, 217, 245, 114, 210, 77, 25, 90, 98, 88, 7, 204, 45, 53, 73, 15, 247, 193, 69, 230, 159, 49, 242, 134, 54, 61, 8, 183, 120, 85, 162, 100, 129, 29, 36, 173, 33, 188, 153, 110, 212, 232, 97, 115, 164, 168, 214, 47, 118, 63, 161, 84, 235, 172, 198, 123], "target": [60.0, 15.0], "target_a_strength": 22000000000, "radius": 0.3, "group_id": 0, "out_group_a_range": 2.8, "target_a_range": 435, "in_group_r_strength": 36, "out_group_a_strength": 11.428571428571429}, {"pedestrian_id": 250, "position": [-38.96378886606431, -1.3165761850701378], "in_group_a_strength": 16, "in_group_a_range": 2.8, "attractor_count": 124, "out_group_r_strength": 50.4, "in_group_r_range": 2.0, "out_group_r_range": 2.0, "friend_zone": [146, 92, 13, 191, 38, 12, 100, 76, 130, 44, 115, 29, 120, 238, 200, 97, 159, 145, 202, 143, 144, 3, 162, 82, 128, 60, 187, 132, 37, 195, 151, 217, 114, 64, 42, 245, 171, 140, 241, 150, 222, 190, 67, 135, 121, 56, 129, 111, 149, 116, 177, 119, 201, 54, 244, 70, 232, 79, 43, 214, 161, 21, 19, 110, 184, 224, 131, 69, 57, 32, 240, 176, 47, 213, 63, 158, 81, 113, 20, 210, 235, 48, 51, 239, 24, 205, 39, 102, 168, 35, 41, 181, 33, 87, 223, 5, 84, 207, 78, 174, 62, 95, 196, 192, 1, 7, 225, 160, 229, 221, 26, 45, 58, 164, 180, 73, 218, 211, 231, 0, 165, 125, 27, 94], "target": [60.0, -15.0], "target_a_strength": 22000000000, "radius": 0.3, "group_id": 1, "out_group_a_range": 2.8, "target_a_range": 435, "in_group_r_strength": 36, "out_group_a_strength": 11.428571428571429}, {"pedestrian_id": 251, "position": [-35.70040103001228, -9.118979492761287], "in_group_a_strength": 16, "in_group_a_range": 2.8, "attractor_count": 124, "out_group_r_strength": 50.4, "in_group_r_range": 2.0, "out_group_r_range": 2.0, "friend_zone": [119, 34, 124, 99, 189, 192, 46, 244, 53, 45, 6, 175, 212, 112, 71, 117, 106, 13, 166, 27, 170, 204, 173, 234, 68, 200, 213, 60, 114, 93, 115, 184, 36, 240, 245, 225, 218, 141, 72, 14, 52, 33, 18, 122, 62, 95, 221, 230, 16, 76, 22, 121, 160, 101, 55, 210, 246, 100, 158, 181, 233, 5, 182, 98, 149, 202, 69, 136, 39, 144, 215, 56, 116, 203, 74, 238, 90, 7, 232, 127, 8, 168, 171, 29, 12, 237, 11, 177, 120, 31, 207, 172, 135, 169, 2, 26, 143, 155, 54, 165, 32, 227, 102, 146, 198, 193, 83, 139, 161, 216, 174, 140, 64, 125, 159, 153, 156, 81, 63, 87, 84, 190, 79, 142], "target": [60.0, -15.0], "target_a_strength": 22000000000, "radius": 0.3, "group_id": 1, "out_group_a_range": 2.8, "target_a_range": 435, "in_group_r_strength": 36, "out_group_a_strength": 11.428571428571429}], "frame_second": "5700", "additional_id_existed_ped": {"0": [248, 250], "1": [249, 251], "2": [248, 249], "3": [248, 249], "4": [249, 250, 251], "5": [248, 251], "6": [249, 250, 251], "7": [248, 249], "8": [248, 249, 250], "9": [249, 251], "10": [251], "11": [250], "12": [248, 249, 250], "13": [249, 251], "14": [250], "15": [248, 250, 251], "16": [249, 250], "17": [248, 249, 251], "18": [249], "19": [], "20": [248, 249, 250], "21": [248, 249, 251], "22": [249, 251], "23": [249, 251], "24": [248, 249], "25": [249], "26": [250], "27": [248], "28": [249, 251], "29": [250], "30": [251], "31": [248], "32": [250, 251], "33": [251], "34": [248, 250], "35": [249, 250], "36": [248, 250], "37": [250, 251], "38": [248, 250, 251], "39": [249, 250, 251], "40": [248, 251], "41": [249, 251], "42": [248, 250], "43": [248, 250, 251], "44": [248, 249, 251], "45": [248, 251], "46": [251], "47": [251], "48": [248], "49": [248], "50": [248, 249, 250, 251], "51": [250, 251], "52": [248], "53": [249, 251], "54": [248, 249, 250, 251], "55": [248], "56": [250], "57": [248, 251], "58": [248, 249, 250, 251], "59": [251], "60": [248, 249, 251], "61": [250], "62": [], "63": [251], "64": [249, 250, 251], "65": [248, 249, 250], "66": [248, 249, 251], "67": [248, 249, 250, 251], "68": [248, 249, 250], "69": [248, 250, 251], "70": [248, 250, 251], "71": [248], "72": [248, 250], "73": [251], "74": [251], "75": [251], "76": [251], "77": [249, 251], "78": [251], "79": [249, 250], "80": [250], "81": [248, 250], "82": [249, 250], "83": [249], "84": [248, 250, 251], "85": [249, 251], "86": [249], "87": [248, 249, 250], "88": [248, 249, 251], "89": [250, 251], "90": [249], "91": [248, 250, 251], "92": [248, 250, 251], "93": [248, 249], "94": [250, 251], "95": [248, 249, 250], "96": [251], "97": [249, 251], "98": [250], "99": [249], "100": [248, 250], "101": [250], "102": [248, 250, 251], "103": [249], "104": [249, 250], "105": [248, 249, 251], "106": [249], "107": [248, 249], "108": [248, 250], "109": [248, 249], "110": [248, 251], "111": [249, 250, 251], "112": [248, 251], "113": [248, 249, 250], "114": [249], "115": [248, 251], "116": [248, 250], "117": [249], "118": [249, 250], "119": [250, 251], "120": [248, 249, 250, 251], "121": [248, 249, 251], "122": [250, 251], "123": [248, 249, 251], "124": [248, 250], "125": [248, 249], "126": [248, 249, 251], "127": [], "128": [248, 249, 251], "129": [248, 249], "130": [248, 249, 250, 251], "131": [249, 250], "132": [249, 250], "133": [249, 250, 251], "134": [249, 250], "135": [], "136": [248, 251], "137": [251], "138": [], "139": [248, 249, 250], "140": [250], "141": [248], "142": [248, 249], "143": [250, 251], "144": [248, 251], "145": [248, 249, 250], "146": [249, 250], "147": [251], "148": [248, 250], "149": [249, 251], "150": [248, 249, 250, 251], "151": [248], "152": [248, 249, 250, 251], "153": [248, 250, 251], "154": [], "155": [248, 250, 251], "156": [249, 250], "157": [250], "158": [248, 250], "159": [249, 250, 251], "160": [250, 251], "161": [248], "162": [248, 251], "163": [249], "164": [249, 250, 251], "165": [249, 250], "166": [248, 249, 250], "167": [249], "168": [249, 250], "169": [249, 250, 251], "170": [248, 249, 250], "171": [248, 250, 251], "172": [248, 249, 250, 251], "173": [248, 250, 251], "174": [250], "175": [249, 250], "176": [248, 251], "177": [249, 251], "178": [248, 249], "179": [248, 251], "180": [248, 249, 251], "181": [249, 251], "182": [248, 249], "183": [249, 250], "184": [251], "185": [248], "186": [248, 249, 250], "187": [248, 250, 251], "188": [248, 249, 250], "189": [249, 250, 251], "190": [249, 250, 251], "191": [248, 249], "192": [249, 251], "193": [248, 251], "194": [248], "195": [249, 251], "196": [251], "197": [248, 250, 251], "198": [248], "199": [249, 251], "200": [248], "201": [250, 251], "202": [248, 251], "203": [249, 250], "204": [249], "205": [251],