{"pedestrian_list": [{"pedestrian_id": 116, "position": [-30.47524515005315, -3.9004417147253756], "in_group_a_strength": 16, "in_group_a_range": 2.8, "attractor_count": 58, "out_group_r_strength": 50.4, "in_group_r_range": 2.0, "out_group_r_range": 2.0, "friend_zone": [81, 56, 4, 72, 33, 34, 57, 69, 114, 47, 59, 44, 98, 46, 1, 37, 43, 84, 94, 108, 5, 83, 76, 18, 107, 105, 45, 61, 79, 109, 62, 21, 103, 16, 95, 71, 102, 73, 35, 67, 55, 7, 91, 93, 32, 104, 17, 74, 41, 88, 86, 60, 28, 68, 20, 92, 3, 2], "target": [60.0, -15.0], "target_a_strength": 22000000000, "radius": 0.3, "group_id": 0, "out_group_a_range": 2.8, "target_a_range": 435, "in_group_r_strength": 36, "out_group_a_strength": 11.428571428571429}, {"pedestrian_id": 117, "position": [-64.30215320854037, 18.18066742608792], "in_group_a_strength": 16, "in_group_a_range": 2.8, "attractor_count": 58, "out_group_r_strength": 50.4, "in_group_r_range": 2.0, "out_group_r_range": 2.0, "friend_zone": [64, 50, 21, 93, 60, 40, 79, 4, 49, 103, 114, 8, 30, 73, 25, 3, 14, 72, 75, 11, 38, 45, 112, 56, 17, 82, 87, 44, 106, 54, 70, 85, 61, 77, 12, 36, 46, 53, 27, 5, 13, 69, 1, 63, 102, 57, 104, 84, 6, 88, 15, 91, 81, 29, 28, 26, 42, 76], "target": [60.0, 15.0], "target_a_strength": 22000000000, "radius": 0.3, "group_id": 0, "out_group_a_range": 2.8, "target_a_range": 435, "in_group_r_strength": 36, "out_group_a_strength": 11.428571428571429}, {"pedestrian_id": 118, "position": [-35.06772838419379, -4.528120660016758], "in_group_a_strength": 16, "in_group_a_range": 2.8, "attractor_count": 58, "out_group_r_strength": 50.4, "in_group_r_range": 2.0, "out_group_r_range": 2.0, "friend_zone": [85, 26, 41, 43, 110, 60, 106, 81, 54, 36, 79, 70, 94, 59, 65, 29, 10, 4, 68, 74, 27, 9, 66, 72, 90, 47, 45, 104, 114, 69, 58, 101, 83, 25, 107, 63, 0, 44, 52, 96, 3, 33, 7, 78, 1, 103, 108, 76, 105, 5, 89, 91, 48, 75, 113, 100, 16, 98], "target": [60.0, -15.0], "target_a_strength": 22000000000, "radius": 0.3, "group_id": 1, "out_group_a_range": 2.8, "target_a_range": 435, "in_group_r_strength": 36, "out_group_a_strength": 11.428571428571429}, {"pedestrian_id": 119, "position": [-49.36635775925356, 18.21224409330129], "in_group_a_strength": 16, "in_group_a_range": 2.8, "attractor_count": 58, "out_group_r_strength": 50.4, "in_group_r_range": 2.0, "out_group_r_range": 2.0, "friend_zone": [65, 71, 5, 109, 114, 54, 39, 2, 19, 98, 9, 89, 63, 23, 73, 12, 100, 55, 62, 84, 69, 11, 115, 64, 44, 95, 3, 103, 7, 110, 86, 70, 82, 60, 53, 78, 107, 26, 4, 66, 104, 18, 0, 93, 47, 91, 59, 105, 99, 97, 90, 67, 52, 37, 87, 61, 85, 20], "target": [60.0, 15.0], "target_a_strength": 22000000000, "radius": 0.3, "group_id": 1, "out_group_a_range": 2.8, "target_a_range": 435, "in_group_r_strength": 36, "out_group_a_strength": 11.428571428571429}], "frame_second": "2400", "additional_id_existed_ped": {"0": [117, 118, 119], "1": [116, 117, 118], "2": [118], "3": [116, 117, 118], "4": [119], "5": [118], "6": [116], "7": [116, 119], "8": [117, 118, 119], "9": [116, 117], "10": [118, 119], "11": [116, 118, 119], "12": [117, 119], "13": [119], "14": [116, 117, 118], "15": [117], "16": [116, 119], "17": [118], "18": [116, 118, 119], "19": [116], "20": [117], "21": [116, 117, 119], "22": [117, 118, 119], "23": [116], "24": [116, 117, 118], "25": [116, 117, 118], "26": [119], "27": [117, 118], "28": [116, 119], "29": [118], "30": [116, 117], "31": [119], "32": [118, 119], "33": [118], "34": [118], "35": [117], "36": [116, 118, 119], "37": [117, 119], "38": [116, 117, 118, 119], "39": [116, 118, 119], "40": [116, 118, 119], "41": [119], "42": [], "43": [119], "44": [119], "45": [116, 117, 118, 119], "46": [], "47": [116], "48": [116], "49": [118, 119], "50": [116, 117, 118, 119], "51": [116, 117, 118, 119], "52": [116, 117, 118], "53": [117, 118], "54": [116, 118], "55": [117], "56": [118], "57": [116], "58": [119], "59": [116, 117, 118], "60": [116, 117], "61": [117], "62": [118], "63": [119], "64": [116, 117], "65": [116, 119], "66": [116, 117, 118], "67": [116, 117, 119], "68": [116, 117], "69": [116, 118], "70": [116, 117, 119], "71": [118], "72": [118, 119], "73": [118, 119], "74": [116, 117, 119], "75": [], "76": [116, 117, 118], "77": [116, 117], "78": [119], "79": [118], "80": [116, 117, 118, 119], "81": [116, 119], "82": [117, 118], "83": [116, 119], "84": [116, 119], "85": [116, 117, 118, 119], "86": [116, 118], "87": [117], "88": [119], "89": [116, 117, 118, 119], "90": [116, 117, 118, 119], "91": [119], "92": [], "93": [117, 118, 119], "94": [116, 117], "95": [117], "96": [116, 117, 119], "97": [118], "98": [116, 117, 118], "99": [116, 117, 118, 119], "100": [116, 118], "101": [117, 118, 119], "102": [116, 117, 119], "103": [117], "104": [116, 119], "105": [116, 117], "106": [117, 119], "107": [117, 118, 119], "108": [116, 117], "109": [117, 118, 119], "110": [117], "111": [118], "112": [118], "113": [117, 118, 119], "114": [119], "115": [116, 117, 118, 119]}}