{"pedestrian_list": [{"pedestrian_id": 304, "position": [-59.0913612077942, 9.72822149184142], "in_group_a_strength": 16, "in_group_a_range": 2.8, "attractor_count": 152, "out_group_r_strength": 50.4, "in_group_r_range": 2.0, "out_group_r_range": 2.0, "friend_zone": [50, 33, 59, 34, 151, 262, 23, 105, 70, 293, 159, 41, 145, 46, 52, 56, 281, 171, 19, 251, 207, 263, 116, 163, 97, 206, 173, 240, 4, 100, 12, 88, 199, 21, 17, 142, 239, 29, 81, 197, 87, 53, 302, 299, 182, 43, 183, 298, 178, 37, 137, 9, 95, 230, 89, 51, 39, 275, 195, 24, 60, 91, 204, 123, 219, 155, 75, 77, 214, 122, 131, 272, 256, 280, 223, 32, 198, 82, 20, 73, 283, 301, 113, 27, 225, 288, 245, 264, 191, 83, 72, 15, 44, 218, 167, 200, 216, 110, 47, 55, 57, 58, 108, 68, 6, 228, 5, 238, 244, 248, 296, 179, 267, 229, 185, 181, 291, 153, 26, 61, 85, 188, 261, 222, 18, 269, 143, 54, 118, 285, 101, 294, 86, 69, 156, 201, 45, 295, 205, 103, 287, 196, 282, 42, 146, 164, 186, 224, 121, 63, 65, 25], "target": [60.0, 15.0], "target_a_strength": 22000000000, "radius": 0.3, "group_id": 0, "out_group_a_range": 2.8, "target_a_range": 435, "in_group_r_strength": 36, "out_group_a_strength": 11.428571428571429}, {"pedestrian_id": 305, "position": [-44.127912476434716, -3.2321374738178754], "in_group_a_strength": 16, "in_group_a_range": 2.8, "attractor_count": 152, "out_group_r_strength": 50.4, "in_group_r_range": 2.0, "out_group_r_range": 2.0, "friend_zone": [112, 244, 300, 123, 288, 302, 253, 100, 77, 29, 21, 120, 65, 211, 101, 70, 67, 157, 274, 286, 233, 139, 12, 260, 23, 90, 27, 102, 161, 43, 173, 199, 165, 269, 229, 96, 278, 82, 50, 83, 184, 104, 268, 142, 17, 224, 99, 40, 81, 25, 56, 8, 92, 279, 262, 41, 9, 239, 188, 281, 205, 48, 293, 86, 263, 60, 47, 210, 149, 144, 303, 204, 208, 4, 249, 292, 276, 98, 51, 31, 167, 57, 131, 282, 135, 37, 148, 222, 187, 6, 106, 299, 171, 88, 141, 74, 62, 272, 160, 38, 89, 193, 266, 132, 252, 93, 297, 156, 68, 254, 133, 143, 129, 153, 221, 119, 39, 11, 3, 75, 265, 283, 125, 201, 223, 170, 140, 121, 197, 271, 127, 146, 15, 225, 250, 214, 44, 195, 36, 242, 172, 2, 180, 69, 137, 108, 130, 124, 13, 72, 186, 87], "target": [60.0, -15.0], "target_a_strength": 22000000000, "radius": 0.3, "group_id": 0, "out_group_a_range": 2.8, "target_a_range": 435, "in_group_r_strength": 36, "out_group_a_strength": 11.428571428571429}, {"pedestrian_id": 306, "position": [-35.68561403592786, -21.463801348724946], "in_group_a_strength": 16, "in_group_a_range": 2.8, "attractor_count": 152, "out_group_r_strength": 50.4, "in_group_r_range": 2.0, "out_group_r_range": 2.0, "friend_zone": [135, 265, 221, 173, 117, 98, 94, 77, 172, 10, 302, 206, 58, 28, 249, 167, 78, 13, 293, 224, 11, 245, 54, 12, 182, 91, 90, 278, 274, 142, 158, 26, 269, 176, 282, 138, 259, 236, 46, 18, 267, 118, 270, 268, 25, 272, 39, 162, 131, 285, 129, 49, 121, 16, 180, 179, 303, 4, 253, 177, 55, 97, 120, 294, 23, 281, 184, 56, 251, 277, 199, 211, 231, 154, 52, 15, 291, 168, 260, 157, 250, 214, 24, 124, 74, 103, 71, 143, 233, 300, 276, 106, 190, 228, 35, 101, 212, 79, 298, 148, 41, 128, 198, 109, 216, 191, 102, 273, 213, 203, 95, 241, 62, 34, 153, 283, 70, 112, 208, 114, 209, 229, 5, 252, 181, 1, 174, 9, 110, 86, 192, 116, 183, 220, 32, 170, 105, 63, 7, 108, 29, 197, 36, 89, 126, 42, 292, 266, 123, 139, 244, 93], "target": [60.0, -15.0], "target_a_strength": 22000000000, "radius": 0.3, "group_id": 1, "out_group_a_range": 2.8, "target_a_range": 435, "in_group_r_strength": 36, "out_group_a_strength": 11.428571428571429}, {"pedestrian_id": 307, "position": [-65.60921788676892, 16.24710176144023], "in_group_a_strength": 16, "in_group_a_range": 2.8, "attractor_count": 152, "out_group_r_strength": 50.4, "in_group_r_range": 2.0, "out_group_r_range": 2.0, "friend_zone": [176, 280, 172, 153, 248, 287, 59, 72, 167, 119, 2, 53, 180, 259, 165, 279, 47, 107, 211, 110, 246, 232, 38, 296, 79, 45, 5, 179, 15, 162, 147, 12, 256, 247, 129, 122, 133, 297, 277, 249, 183, 106, 268, 94, 132, 184, 82, 283, 42, 300, 169, 207, 199, 229, 228, 0, 111, 54, 71, 128, 118, 52, 137, 293, 63, 138, 86, 123, 240, 77, 251, 290, 130, 115, 203, 163, 171, 127, 295, 201, 233, 241, 238, 92, 140, 96, 264, 262, 91, 216, 223, 185, 206, 152, 135, 158, 187, 112, 31, 116, 136, 285, 205, 32, 191, 204, 43, 151, 19, 131, 62, 7, 41, 186, 73, 193, 292, 150, 257, 8, 57, 121, 234, 258, 245, 230, 89, 196, 101, 192, 49, 254, 291, 28, 155, 209, 13, 34, 124, 214, 177, 93, 253, 134, 141, 166, 284, 26, 267, 266, 16, 61], "target": [60.0, 15.0], "target_a_strength": 22000000000, "radius": 0.3, "group_id": 1, "out_group_a_range": 2.8, "target_a_range": 435, "in_group_r_strength": 36, "out_group_a_strength": 11.428571428571429}], "frame_second": "7100", "additional_id_existed_ped": {"0": [304, 305, 306, 307], "1": [304, 307], "2": [305], "3": [307], "4": [305, 307], "5": [304, 307], "6": [305], "7": [305, 306], "8": [305], "9": [304, 306, 307], "10": [304, 306, 307], "11": [304, 305], "12": [304, 306, 307], "13": [304, 305, 306], "14": [307], "15": [304, 305, 306], "16": [305, 306], "17": [304], "18": [], "19": [304, 305, 306], "20": [306, 307], "21": [306], "22": [304, 305], "23": [], "24": [306, 307], "25": [], "26": [305, 307], "27": [306, 307], "28": [305], "29": [306, 307], "30": [305], "31": [304, 305], "32": [306, 307], "33": [304, 305, 307], "34": [304], "35": [304, 305], "36": [], "37": [307], "38": [305, 306, 307], "39": [306], "40": [304, 306], "41": [305], "42": [304, 306, 307], "43": [306], "44": [304, 306], "45": [305], "46": [304, 305], "47": [304, 306, 307], "48": [304], "49": [304, 305, 306, 307], "50": [305], "51": [304], "52": [305, 306], "53": [307], "54": [305, 307], "55": [304, 305, 307], "56": [304, 307], "57": [304, 306], "58": [304], "59": [304], "60": [304, 305, 307], "61": [305, 306, 307], "62": [305, 307], "63": [305, 306, 307], "64": [304], "65": [304], "66": [307], "67": [306], "68": [304], "69": [305, 306], "70": [307], "71": [304, 305, 307], "72": [304, 305, 306, 307], "73": [305, 307], "74": [305, 306, 307], "75": [304, 305, 306], "76": [305, 306], "77": [304], "78": [306, 307], "79": [304, 305, 307], "80": [304, 307], "81": [305, 306, 307], "82": [], "83": [307], "84": [], "85": [304], "86": [307], "87": [306], "88": [304], "89": [], "90": [304, 306, 307], "91": [306, 307], "92": [304], "93": [306, 307], "94": [304, 305, 306], "95": [304, 305, 306, 307], "96": [305, 307], "97": [304, 305, 306, 307], "98": [304, 305, 306], "99": [306], "100": [305, 306], "101": [306, 307], "102": [304, 306, 307], "103": [305, 306, 307], "104": [307], "105": [304, 305, 306, 307], "106": [304, 305, 306, 307], "107": [304, 305], "108": [305], "109": [305, 306, 307], "110": [305, 306, 307], "111": [304, 306, 307], "112": [305, 306], "113": [304], "114": [305], "115": [304, 305, 306], "116": [305, 307], "117": [304, 305], "118": [305, 306], "119": [304, 305, 306], "120": [305, 306, 307], "121": [304, 305, 307], "122": [304, 305], "123": [304, 305, 306], "124": [306, 307], "125": [304], "126": [305, 307], "127": [304, 306, 307], "128": [304, 307], "129": [], "130": [304, 305], "131": [307], "132": [307], "133": [304, 305, 306, 307], "134": [304, 305, 306], "135": [304, 305, 307], "136": [304, 306], "137": [304, 306, 307], "138": [306, 307], "139": [305], "140": [304, 305, 307], "141": [304, 307], "142": [304, 305, 307], "143": [307], "144": [305], "145": [305, 306], "146": [304, 305, 306, 307], "147": [304, 305], "148": [306], "149": [304, 305, 306], "150": [304, 306], "151": [307], "152": [304, 305, 306], "153": [304, 305], "154": [306], "155": [305, 307], "156": [304, 305], "157": [305], "158": [304, 306, 307], "159": [304, 307], "160": [306, 307], "161": [305, 307], "162": [305, 306], "163": [304, 305, 306, 307], "164": [306, 307], "165": [304], "166": [304, 305, 306, 307], "167": [304, 307], "168": [304, 305], "169": [307], "170": [306, 307], "171": [304, 306], "172": [304], "173": [305], "174": [], "175": [304, 307], "176": [306], "177": [304], "178": [306, 307],