{"pedestrian_list": [{"pedestrian_id": 40, "position": [-35.701770065747496, 11.675416901756932], "in_group_a_strength": 16, "in_group_a_range": 2.8, "attractor_count": 20, "out_group_r_strength": 50.4, "in_group_r_range": 2.0, "out_group_r_range": 2.0, "friend_zone": [29, 39, 33, 35, 28, 13, 37, 32, 7, 18, 36, 9, 8, 5, 22, 26, 6, 27, 30, 11], "target": [60.0, 15.0], "target_a_strength": 22000000000, "radius": 0.3, "group_id": 0, "out_group_a_range": 2.8, "target_a_range": 435, "in_group_r_strength": 36, "out_group_a_strength": 11.428571428571429}, {"pedestrian_id": 41, "position": [-33.75304138157704, -15.593481062465207], "in_group_a_strength": 16, "in_group_a_range": 2.8, "attractor_count": 20, "out_group_r_strength": 50.4, "in_group_r_range": 2.0, "out_group_r_range": 2.0, "friend_zone": [33, 22, 35, 39, 13, 14, 0, 16, 6, 12, 10, 32, 34, 19, 21, 1, 3, 26, 24, 18], "target": [60.0, -15.0], "target_a_strength": 22000000000, "radius": 0.3, "group_id": 0, "out_group_a_range": 2.8, "target_a_range": 435, "in_group_r_strength": 36, "out_group_a_strength": 11.428571428571429}, {"pedestrian_id": 42, "position": [-31.154835736034254, -13.019342556109281], "in_group_a_strength": 16, "in_group_a_range": 2.8, "attractor_count": 20, "out_group_r_strength": 50.4, "in_group_r_range": 2.0, "out_group_r_range": 2.0, "friend_zone": [30, 0, 34, 37, 10, 14, 2, 5, 36, 1, 20, 12, 33, 24, 27, 28, 19, 3, 8, 23], "target": [60.0, -15.0], "target_a_strength": 22000000000, "radius": 0.3, "group_id": 1, "out_group_a_range": 2.8, "target_a_range": 435, "in_group_r_strength": 36, "out_group_a_strength": 11.428571428571429}, {"pedestrian_id": 43, "position": [-55.861886640819755, -19.47775197634616], "in_group_a_strength": 16, "in_group_a_range": 2.8, "attractor_count": 20, "out_group_r_strength": 50.4, "in_group_r_range": 2.0, "out_group_r_range": 2.0, "friend_zone": [34, 26, 33, 20, 31, 21, 22, 2, 35, 0, 38, 19, 4, 13, 24, 27, 6, 37, 10, 12], "target": [60.0, -15.0], "target_a_strength": 22000000000, "radius": 0.3, "group_id": 1, "out_group_a_range": 2.8, "target_a_range": 435, "in_group_r_strength": 36, "out_group_a_strength": 11.428571428571429}], "frame_second": "500", "additional_id_existed_ped": {"0": [41, 42], "1": [40], "2": [40, 41, 42, 43], "3": [40, 41, 42, 43], "4": [43], "5": [40], "6": [42], "7": [40, 42, 43], "8": [40], "9": [41], "10": [40, 41], "11": [], "12": [42], "13": [40, 43], "14": [43], "15": [41, 42, 43], "16": [43], "17": [41, 43], "18": [41, 42, 43], "19": [41], "20": [41, 42], "21": [40, 41, 42], "22": [41, 42], "23": [40, 42, 43], "24": [40, 41, 42], "25": [40, 41, 43], "26": [42, 43], "27": [40, 42], "28": [43], "29": [40, 42, 43], "30": [43], "31": [40, 43], "32": [40, 41, 42], "33": [40, 42, 43], "34": [41, 42], "35": [40, 41], "36": [40, 42], "37": [41, 43], "38": [41], "39": [40, 41, 43]}}