{"pedestrian_list": [{"pedestrian_id": 56, "position": [-38.935928139654955, -15.623087246444685], "in_group_a_strength": 16, "in_group_a_range": 2.8, "attractor_count": 28, "out_group_r_strength": 50.4, "in_group_r_range": 2.0, "out_group_r_range": 2.0, "friend_zone": [4, 50, 51, 42, 55, 30, 2, 5, 16, 52, 36, 34, 48, 7, 31, 53, 54, 33, 18, 26, 12, 22, 11, 20, 46, 37, 24, 27], "target": [60.0, -15.0], "target_a_strength": 22000000000, "radius": 0.3, "group_id": 0, "out_group_a_range": 2.8, "target_a_range": 435, "in_group_r_strength": 36, "out_group_a_strength": 11.428571428571429}, {"pedestrian_id": 57, "position": [-65.58539020297192, -18.194920322564332], "in_group_a_strength": 16, "in_group_a_range": 2.8, "attractor_count": 28, "out_group_r_strength": 50.4, "in_group_r_range": 2.0, "out_group_r_range": 2.0, "friend_zone": [47, 32, 34, 11, 41, 43, 1, 9, 36, 51, 0, 12, 15, 55, 54, 3, 31, 44, 40, 20, 6, 22, 37, 27, 28, 10, 7, 38], "target": [60.0, -15.0], "target_a_strength": 22000000000, "radius": 0.3, "group_id": 0, "out_group_a_range": 2.8, "target_a_range": 435, "in_group_r_strength": 36, "out_group_a_strength": 11.428571428571429}, {"pedestrian_id": 58, "position": [-36.33675225431639, 3.8966282094414084], "in_group_a_strength": 16, "in_group_a_range": 2.8, "attractor_count": 28, "out_group_r_strength": 50.4, "in_group_r_range": 2.0, "out_group_r_range": 2.0, "friend_zone": [46, 49, 50, 25, 53, 24, 11, 37, 32, 13, 21, 4, 20, 1, 31, 44, 30, 5, 39, 0, 23, 52, 54, 9, 18, 22, 38, 16], "target": [60.0, 15.0], "target_a_strength": 22000000000, "radius": 0.3, "group_id": 1, "out_group_a_range": 2.8, "target_a_range": 435, "in_group_r_strength": 36, "out_group_a_strength": 11.428571428571429}, {"pedestrian_id": 59, "position": [-33.102180659720354, 21.441761636050092], "in_group_a_strength": 16, "in_group_a_range": 2.8, "attractor_count": 28, "out_group_r_strength": 50.4, "in_group_r_range": 2.0, "out_group_r_range": 2.0, "friend_zone": [17, 22, 21, 14, 44, 6, 53, 36, 45, 19, 26, 23, 1, 46, 11, 54, 16, 2, 20, 25, 41, 3, 47, 13, 43, 12, 28, 35], "target": [60.0, 15.0], "target_a_strength": 22000000000, "radius": 0.3, "group_id": 1, "out_group_a_range": 2.8, "target_a_range": 435, "in_group_r_strength": 36, "out_group_a_strength": 11.428571428571429}], "frame_second": "900", "additional_id_existed_ped": {"0": [59], "1": [57, 58], "2": [57, 59], "3": [56, 58, 59], "4": [56, 57, 59], "5": [57, 59], "6": [56, 58], "7": [56], "8": [], "9": [56, 58, 59], "10": [56, 58, 59], "11": [56, 57, 58, 59], "12": [57], "13": [56, 58], "14": [58], "15": [56], "16": [56, 58, 59], "17": [56, 57, 58], "18": [57], "19": [58, 59], "20": [56, 57, 59], "21": [56, 57, 58, 59], "22": [56], "23": [57, 59], "24": [56, 58], "25": [57, 59], "26": [57, 58], "27": [56, 57, 58], "28": [56], "29": [59], "30": [56, 58, 59], "31": [], "32": [], "33": [58], "34": [56, 57, 58, 59], "35": [58], "36": [56, 57, 58], "37": [], "38": [56, 57], "39": [57, 59], "40": [56, 57], "41": [56, 57, 59], "42": [58, 59], "43": [57, 58], "44": [57, 59], "45": [56], "46": [57, 59], "47": [57, 58, 59], "48": [56, 57, 58, 59], "49": [56, 57, 58, 59], "50": [58, 59], "51": [57, 58, 59], "52": [59], "53": [56, 57], "54": [56], "55": [58]}}