{"pedestrian_list": [{"pedestrian_id": 20, "position": [-36.3368134854033, -16.899462056776194], "in_group_a_strength": 16, "in_group_a_range": 2.8, "attractor_count": 10, "out_group_r_strength": 50.4, "in_group_r_range": 2.0, "out_group_r_range": 2.0, "friend_zone": [4, 7, 16, 6, 5, 1, 0, 9, 13, 18], "target": [60.0, -15.0], "target_a_strength": 22000000000, "radius": 0.3, "group_id": 0, "out_group_a_range": 2.8, "target_a_range": 435, "in_group_r_strength": 36, "out_group_a_strength": 11.428571428571429}, {"pedestrian_id": 21, "position": [-50.65005632099642, -17.56448986254383], "in_group_a_strength": 16, "in_group_a_range": 2.8, "attractor_count": 10, "out_group_r_strength": 50.4, "in_group_r_range": 2.0, "out_group_r_range": 2.0, "friend_zone": [14, 16, 4, 11, 18, 0, 9, 13, 17, 2], "target": [60.0, -15.0], "target_a_strength": 22000000000, "radius": 0.3, "group_id": 0, "out_group_a_range": 2.8, "target_a_range": 435, "in_group_r_strength": 36, "out_group_a_strength": 11.428571428571429}, {"pedestrian_id": 22, "position": [-37.65680796662761, -3.255961486878408], "in_group_a_strength": 16, "in_group_a_range": 2.8, "attractor_count": 10, "out_group_r_strength": 50.4, "in_group_r_range": 2.0, "out_group_r_range": 2.0, "friend_zone": [10, 11, 17, 12, 0, 6, 8, 7, 9, 1], "target": [60.0, -15.0], "target_a_strength": 22000000000, "radius": 0.3, "group_id": 1, "out_group_a_range": 2.8, "target_a_range": 435, "in_group_r_strength": 36, "out_group_a_strength": 11.428571428571429}, {"pedestrian_id": 23, "position": [-34.42280042536953, 23.412582283524937], "in_group_a_strength": 16, "in_group_a_range": 2.8, "attractor_count": 10, "out_group_r_strength": 50.4, "in_group_r_range": 2.0, "out_group_r_range": 2.0, "friend_zone": [1, 4, 12, 16, 15, 19, 11, 7, 9, 18], "target": [60.0, 15.0], "target_a_strength": 22000000000, "radius": 0.3, "group_id": 1, "out_group_a_range": 2.8, "target_a_range": 435, "in_group_r_strength": 36, "out_group_a_strength": 11.428571428571429}], "frame_second": "0", "additional_id_existed_ped": {"0": [20, 22, 23], "1": [23], "2": [21, 23], "3": [22, 23], "4": [22], "5": [20], "6": [20, 22, 23], "7": [21], "8": [21, 23], "9": [20, 21, 23], "10": [20, 21], "11": [21], "12": [20, 21], "13": [], "14": [22], "15": [20, 21, 22], "16": [20, 22, 23], "17": [20, 21, 22, 23], "18": [21, 22], "19": [20, 22, 23]}}