{"pedestrian_list": [{"pedestrian_id": 88, "position": [-47.40593852603919, 20.802525274005877], "in_group_a_strength": 16, "in_group_a_range": 2.8, "attractor_count": 44, "out_group_r_strength": 50.4, "in_group_r_range": 2.0, "out_group_r_range": 2.0, "friend_zone": [52, 85, 39, 36, 82, 41, 73, 77, 12, 68, 69, 23, 9, 3, 13, 4, 24, 80, 10, 48, 78, 44, 47, 15, 60, 55, 18, 62, 49, 45, 34, 53, 26, 29, 2, 61, 19, 65, 7, 6, 32, 33, 70, 28], "target": [60.0, 15.0], "target_a_strength": 22000000000, "radius": 0.3, "group_id": 0, "out_group_a_range": 2.8, "target_a_range": 435, "in_group_r_strength": 36, "out_group_a_strength": 11.428571428571429}, {"pedestrian_id": 89, "position": [-46.12394200355482, 6.504507189082187], "in_group_a_strength": 16, "in_group_a_range": 2.8, "attractor_count": 44, "out_group_r_strength": 50.4, "in_group_r_range": 2.0, "out_group_r_range": 2.0, "friend_zone": [54, 72, 58, 5, 76, 44, 69, 25, 13, 37, 12, 61, 1, 15, 86, 9, 18, 45, 87, 29, 78, 51, 11, 43, 75, 19, 36, 49, 65, 62, 7, 66, 23, 22, 47, 56, 30, 60, 48, 41, 70, 26, 81, 84], "target": [60.0, 15.0], "target_a_strength": 22000000000, "radius": 0.3, "group_id": 0, "out_group_a_range": 2.8, "target_a_range": 435, "in_group_r_strength": 36, "out_group_a_strength": 11.428571428571429}, {"pedestrian_id": 90, "position": [-53.23333774575592, -11.689959231701865], "in_group_a_strength": 16, "in_group_a_range": 2.8, "attractor_count": 44, "out_group_r_strength": 50.4, "in_group_r_range": 2.0, "out_group_r_range": 2.0, "friend_zone": [84, 83, 18, 56, 78, 39, 60, 47, 20, 79, 24, 30, 80, 65, 37, 77, 49, 63, 29, 76, 31, 14, 85, 5, 27, 82, 28, 16, 86, 0, 62, 13, 38, 50, 35, 68, 10, 36, 58, 1, 81, 23, 74, 45], "target": [60.0, -15.0], "target_a_strength": 22000000000, "radius": 0.3, "group_id": 1, "out_group_a_range": 2.8, "target_a_range": 435, "in_group_r_strength": 36, "out_group_a_strength": 11.428571428571429}, {"pedestrian_id": 91, "position": [-40.237630108151784, -15.605677608334302], "in_group_a_strength": 16, "in_group_a_range": 2.8, "attractor_count": 44, "out_group_r_strength": 50.4, "in_group_r_range": 2.0, "out_group_r_range": 2.0, "friend_zone": [37, 79, 70, 31, 33, 45, 42, 19, 83, 49, 84, 26, 74, 6, 5, 32, 47, 60, 67, 3, 30, 34, 44, 65, 52, 22, 63, 13, 21, 11, 38, 0, 39, 81, 80, 35, 36, 57, 15, 48, 23, 86, 85, 14], "target": [60.0, -15.0], "target_a_strength": 22000000000, "radius": 0.3, "group_id": 1, "out_group_a_range": 2.8, "target_a_range": 435, "in_group_r_strength": 36, "out_group_a_strength": 11.428571428571429}], "frame_second": "1700", "additional_id_existed_ped": {"0": [88, 90], "1": [88, 89, 90], "2": [88, 89], "3": [91], "4": [89, 91], "5": [88, 90], "6": [88, 90], "7": [88], "8": [89, 91], "9": [88, 89, 90, 91], "10": [88, 89], "11": [88, 89], "12": [88, 89, 90, 91], "13": [88, 90, 91], "14": [88, 89, 91], "15": [91], "16": [88], "17": [89], "18": [89, 90, 91], "19": [88, 89, 90], "20": [90, 91], "21": [88, 90], "22": [], "23": [88, 90], "24": [88, 91], "25": [90, 91], "26": [88, 91], "27": [91], "28": [88, 89, 91], "29": [89, 90, 91], "30": [], "31": [90, 91], "32": [89, 90], "33": [88, 89, 90], "34": [88, 89, 90], "35": [88, 89, 91], "36": [89, 91], "37": [89, 90, 91], "38": [89, 90], "39": [88, 89], "40": [89], "41": [91], "42": [88, 90], "43": [89, 90, 91], "44": [89, 90], "45": [88], "46": [88, 89], "47": [88, 90], "48": [90, 91], "49": [90], "50": [91], "51": [89], "52": [89, 91], "53": [88, 90, 91], "54": [88, 89], "55": [88, 89, 90, 91], "56": [88, 89, 91], "57": [88, 90], "58": [88, 91], "59": [88, 89], "60": [89, 90, 91], "61": [], "62": [88, 89, 91], "63": [91], "64": [90, 91], "65": [89], "66": [90, 91], "67": [88], "68": [89, 90], "69": [88, 91], "70": [89, 90, 91], "71": [90], "72": [89, 90], "73": [89, 91], "74": [88, 90], "75": [90], "76": [89, 91], "77": [89, 90, 91], "78": [88], "79": [88, 90, 91], "80": [88, 90, 91], "81": [], "82": [88, 89, 91], "83": [88], "84": [89, 90], "85": [], "86": [90, 91], "87": [88, 89, 90, 91]}}