{"pedestrian_list": [{"pedestrian_id": 264, "position": [-51.9554107136194, -9.726903918198603], "in_group_a_strength": 16, "in_group_a_range": 2.8, "attractor_count": 132, "out_group_r_strength": 50.4, "in_group_r_range": 2.0, "out_group_r_range": 2.0, "friend_zone": [82, 37, 174, 244, 217, 106, 210, 60, 230, 220, 132, 63, 111, 238, 29, 142, 33, 95, 215, 31, 114, 4, 11, 160, 224, 175, 192, 156, 125, 194, 76, 257, 1, 169, 56, 55, 247, 122, 107, 177, 110, 251, 250, 185, 182, 136, 232, 57, 44, 166, 34, 206, 73, 246, 67, 253, 157, 66, 241, 240, 180, 75, 261, 162, 198, 121, 39, 239, 19, 26, 213, 42, 154, 168, 248, 16, 231, 24, 103, 62, 188, 195, 109, 259, 87, 117, 21, 258, 35, 187, 226, 5, 68, 9, 221, 218, 92, 93, 183, 204, 47, 245, 10, 254, 236, 196, 45, 54, 85, 139, 74, 151, 152, 83, 32, 15, 90, 223, 30, 135, 140, 78, 256, 88, 123, 96, 28, 86, 216, 203, 208, 134], "target": [60.0, -15.0], "target_a_strength": 22000000000, "radius": 0.3, "group_id": 0, "out_group_a_range": 2.8, "target_a_range": 435, "in_group_r_strength": 36, "out_group_a_strength": 11.428571428571429}, {"pedestrian_id": 265, "position": [-46.75035029812983, -6.485125687003352], "in_group_a_strength": 16, "in_group_a_range": 2.8, "attractor_count": 132, "out_group_r_strength": 50.4, "in_group_r_range": 2.0, "out_group_r_range": 2.0, "friend_zone": [82, 135, 198, 11, 106, 113, 85, 107, 61, 241, 151, 21, 101, 5, 200, 121, 96, 197, 189, 249, 38, 132, 149, 201, 41, 7, 111, 236, 178, 133, 130, 34, 170, 6, 87, 39, 181, 115, 13, 50, 141, 261, 154, 0, 239, 243, 262, 123, 44, 86, 253, 155, 157, 89, 72, 88, 8, 216, 175, 57, 148, 12, 63, 207, 199, 35, 77, 258, 191, 180, 91, 19, 188, 64, 24, 255, 78, 163, 28, 156, 206, 159, 172, 125, 90, 211, 232, 245, 76, 69, 192, 102, 1, 110, 15, 190, 210, 56, 161, 40, 116, 52, 18, 4, 248, 14, 225, 209, 105, 65, 231, 244, 114, 59, 81, 195, 147, 203, 128, 104, 233, 93, 152, 184, 36, 165, 256, 242, 164, 137, 124, 100], "target": [60.0, -15.0], "target_a_strength": 22000000000, "radius": 0.3, "group_id": 0, "out_group_a_range": 2.8, "target_a_range": 435, "in_group_r_strength": 36, "out_group_a_strength": 11.428571428571429}, {"pedestrian_id": 266, "position": [-47.401348560953835, 21.44315091690853], "in_group_a_strength": 16, "in_group_a_range": 2.8, "attractor_count": 132, "out_group_r_strength": 50.4, "in_group_r_range": 2.0, "out_group_r_range": 2.0, "friend_zone": [116, 23, 123, 131, 248, 93, 263, 262, 228, 162, 153, 146, 101, 243, 166, 70, 204, 148, 87, 20, 84, 89, 53, 247, 31, 91, 160, 226, 208, 100, 18, 214, 150, 172, 69, 159, 67, 136, 147, 221, 173, 179, 98, 174, 255, 30, 19, 211, 252, 161, 29, 209, 212, 16, 104, 242, 61, 126, 249, 115, 55, 58, 59, 54, 107, 139, 240, 201, 156, 207, 196, 202, 216, 194, 181, 8, 28, 188, 50, 80, 203, 81, 261, 231, 5, 94, 64, 3, 72, 83, 95, 177, 117, 97, 90, 99, 15, 171, 230, 114, 143, 46, 223, 246, 41, 145, 26, 186, 12, 82, 2, 22, 44, 192, 193, 35, 256, 21, 135, 241, 74, 239, 39, 170, 66, 213, 6, 86, 155, 10, 245, 112], "target": [60.0, 15.0], "target_a_strength": 22000000000, "radius": 0.3, "group_id": 1, "out_group_a_range": 2.8, "target_a_range": 435, "in_group_r_strength": 36, "out_group_a_strength": 11.428571428571429}, {"pedestrian_id": 267, "position": [-65.5896511388319, -2.606302019569624], "in_group_a_strength": 16, "in_group_a_range": 2.8, "attractor_count": 132, "out_group_r_strength": 50.4, "in_group_r_range": 2.0, "out_group_r_range": 2.0, "friend_zone": [234, 101, 230, 123, 83, 56, 263, 126, 64, 52, 258, 259, 54, 184, 229, 12, 260, 198, 76, 95, 245, 118, 21, 182, 180, 35, 18, 79, 138, 231, 218, 73, 105, 117, 145, 77, 200, 161, 32, 251, 213, 193, 179, 8, 25, 243, 17, 214, 1, 235, 250, 68, 114, 210, 75, 36, 85, 177, 226, 204, 40, 254, 142, 133, 38, 160, 173, 170, 236, 69, 93, 208, 13, 257, 53, 202, 253, 197, 94, 74, 7, 195, 189, 232, 4, 155, 239, 9, 131, 196, 136, 147, 81, 10, 152, 181, 124, 31, 3, 98, 166, 201, 238, 174, 178, 34, 154, 158, 159, 137, 125, 28, 185, 39, 26, 163, 171, 109, 90, 212, 225, 91, 221, 156, 167, 219, 19, 129, 0, 130, 207, 190], "target": [60.0, -15.0], "target_a_strength": 22000000000, "radius": 0.3, "group_id": 1, "out_group_a_range": 2.8, "target_a_range": 435, "in_group_r_strength": 36, "out_group_a_strength": 11.428571428571429}], "frame_second": "6100", "additional_id_existed_ped": {"0": [264, 265, 267], "1": [264, 265, 266], "2": [265, 266], "3": [265, 266], "4": [266], "5": [264, 267], "6": [264, 267], "7": [265], "8": [265, 267], "9": [264, 267], "10": [266, 267], "11": [265, 267], "12": [266, 267], "13": [265, 267], "14": [264, 265, 267], "15": [264, 267], "16": [264, 265], "17": [267], "18": [264, 265, 266, 267], "19": [264, 265], "20": [267], "21": [264], "22": [265, 266, 267], "23": [265, 266], "24": [264, 265, 266], "25": [264, 265, 267], "26": [264, 265, 267], "27": [266, 267], "28": [264, 265], "29": [266, 267], "30": [264, 266, 267], "31": [264, 265], "32": [264, 265], "33": [264, 265, 266, 267], "34": [267], "35": [266], "36": [264, 265], "37": [265, 266], "38": [264, 265, 267], "39": [264], "40": [266], "41": [266], "42": [264, 265, 267], "43": [265, 266], "44": [264, 266], "45": [265, 266, 267], "46": [267], "47": [264, 265, 266], "48": [264, 265, 266, 267], "49": [264, 266], "50": [264, 265, 266], "51": [264, 266], "52": [266, 267], "53": [265, 266, 267], "54": [266, 267], "55": [], "56": [264, 265, 266, 267], "57": [265, 266], "58": [266, 267], "59": [266], "60": [264, 266], "61": [264], "62": [265, 266], "63": [265, 266, 267], "64": [264, 265, 266], "65": [264, 266, 267], "66": [], "67": [264, 265], "68": [266, 267], "69": [267], "70": [265, 267], "71": [], "72": [264, 265], "73": [264, 266, 267], "74": [267], "75": [265, 266], "76": [265, 266, 267], "77": [265], "78": [265], "79": [264, 266], "80": [264, 266, 267], "81": [264, 265, 267], "82": [264, 267], "83": [265], "84": [265, 267], "85": [265], "86": [265, 266], "87": [264, 265, 266], "88": [], "89": [267], "90": [267], "91": [264, 265, 267], "92": [264, 265, 266, 267], "93": [264, 266, 267], "94": [265, 267], "95": [264, 265], "96": [266], "97": [265, 267], "98": [264, 265, 266, 267], "99": [264, 265, 266], "100": [264, 265, 266, 267], "101": [267], "102": [264, 265, 266, 267], "103": [266, 267], "104": [264, 266, 267], "105": [267], "106": [266], "107": [264, 266], "108": [264, 265, 266], "109": [264], "110": [265, 266, 267], "111": [266, 267], "112": [265, 266, 267], "113": [267], "114": [265, 266, 267], "115": [264, 265, 266, 267], "116": [267], "117": [264, 266], "118": [265, 266], "119": [264, 265, 266, 267], "120": [265, 267], "121": [], "122": [], "123": [264], "124": [265], "125": [265], "126": [264, 265, 266, 267], "127": [264, 265], "128": [266, 267], "129": [], "130": [265], "131": [264, 266, 267], "132": [264, 265, 267], "133": [265, 266, 267], "134": [264, 265, 266, 267], "135": [264], "136": [264, 266, 267], "137": [264, 267], "138": [265, 266, 267], "139": [264, 266], "140": [], "141": [264, 266, 267], "142": [], "143": [265], "144": [264, 265, 266, 267], "145": [264, 266, 267], "146": [265, 267], "147": [265], "148": [265], "149": [264, 266, 267], "150": [266], "151": [264, 267], "152": [264, 267], "153": [264], "154": [265, 266], "155": [267], "156": [264, 267], "157": [265, 266, 267], "158": [266], "159": [265], "160": [265, 267], "161": [265, 266, 267], "162": [264], "163": [264], "164": [], "165": [264, 266], "166": [264, 265, 266, 267], "167": [264, 265, 266, 267], "168": [264, 266], "169": [265], "170": [264, 265, 266], "171": [264, 265], "172": [], "173": [264, 266], "174": [266], "175": [264, 265], "176": [264, 266, 267], "177": [264, 266], "178": [264, 266, 267], "179": [264, 266], "180": [264, 265], "181": [264, 265, 266], "182": [265], "183": [266], "184": [265, 267], "185": [264, 265, 266, 267], "186": [265, 266, 267], "187": [264, 265, 266, 267], "188": [264, 266, 267], "189": [265, 267], "190": [265, 267], "191": [], "192": [264, 266], "193": [264, 267], "194": [265],