{"pedestrian_list": [{"pedestrian_id": 284, "position": [-62.343989524043295, -10.39215240348534], "in_group_a_strength": 16, "in_group_a_range": 2.8, "attractor_count": 142, "out_group_r_strength": 50.4, "in_group_r_range": 2.0, "out_group_r_range": 2.0, "friend_zone": [100, 135, 184, 278, 0, 242, 243, 261, 218, 53, 201, 68, 199, 19, 169, 106, 62, 191, 245, 230, 192, 59, 265, 138, 241, 5, 122, 161, 7, 236, 90, 195, 217, 172, 109, 180, 132, 70, 215, 41, 275, 20, 17, 71, 220, 107, 149, 145, 221, 119, 196, 231, 82, 121, 229, 206, 171, 254, 197, 67, 125, 190, 283, 66, 167, 56, 277, 55, 48, 104, 227, 129, 152, 4, 143, 280, 16, 224, 189, 10, 38, 232, 258, 228, 58, 203, 144, 131, 214, 15, 150, 274, 207, 273, 198, 155, 193, 168, 9, 174, 235, 99, 47, 64, 29, 80, 146, 136, 51, 182, 209, 8, 108, 219, 28, 137, 147, 156, 128, 276, 160, 77, 181, 32, 35, 120, 13, 110, 185, 259, 142, 31, 69, 93, 263, 96, 12, 49, 113, 222, 134, 95], "target": [60.0, -15.0], "target_a_strength": 22000000000, "radius": 0.3, "group_id": 0, "out_group_a_range": 2.8, "target_a_range": 435, "in_group_r_strength": 36, "out_group_a_strength": 11.428571428571429}, {"pedestrian_id": 285, "position": [-45.47205075267652, -12.99025541673028], "in_group_a_strength": 16, "in_group_a_range": 2.8, "attractor_count": 142, "out_group_r_strength": 50.4, "in_group_r_range": 2.0, "out_group_r_range": 2.0, "friend_zone": [235, 124, 130, 62, 150, 184, 24, 115, 259, 166, 158, 227, 232, 11, 199, 56, 94, 198, 260, 99, 163, 183, 98, 193, 177, 221, 203, 243, 278, 87, 118, 162, 153, 29, 82, 135, 105, 20, 266, 139, 168, 249, 70, 80, 96, 110, 240, 51, 239, 42, 210, 242, 151, 213, 91, 164, 217, 257, 228, 33, 222, 12, 50, 4, 173, 261, 46, 66, 142, 28, 144, 171, 136, 279, 97, 133, 159, 141, 43, 202, 121, 103, 27, 95, 25, 254, 39, 61, 264, 180, 277, 55, 246, 92, 211, 253, 40, 224, 207, 132, 100, 269, 111, 205, 76, 248, 263, 78, 122, 186, 161, 192, 89, 72, 19, 255, 69, 283, 58, 10, 34, 107, 22, 165, 60, 88, 244, 169, 190, 145, 90, 131, 108, 86, 35, 137, 114, 175, 104, 109, 196, 127], "target": [60.0, -15.0], "target_a_strength": 22000000000, "radius": 0.3, "group_id": 0, "out_group_a_range": 2.8, "target_a_range": 435, "in_group_r_strength": 36, "out_group_a_strength": 11.428571428571429}, {"pedestrian_id": 286, "position": [-45.46901558615217, -5.203610034421906], "in_group_a_strength": 16, "in_group_a_range": 2.8, "attractor_count": 142, "out_group_r_strength": 50.4, "in_group_r_range": 2.0, "out_group_r_range": 2.0, "friend_zone": [211, 178, 42, 151, 70, 159, 108, 236, 171, 252, 35, 254, 1, 281, 93, 261, 240, 117, 46, 213, 125, 109, 200, 87, 215, 95, 174, 145, 185, 273, 148, 258, 102, 45, 67, 124, 105, 139, 219, 150, 129, 21, 25, 19, 170, 245, 43, 182, 97, 8, 26, 163, 71, 28, 198, 283, 92, 265, 229, 32, 101, 6, 121, 66, 223, 195, 107, 0, 275, 184, 169, 60, 23, 160, 9, 17, 143, 140, 36, 279, 63, 15, 260, 104, 157, 237, 154, 242, 141, 130, 152, 14, 161, 162, 16, 204, 235, 177, 270, 167, 246, 233, 24, 202, 10, 81, 122, 172, 243, 248, 227, 126, 276, 214, 263, 127, 186, 199, 53, 137, 40, 241, 234, 224, 38, 149, 55, 183, 123, 89, 136, 249, 58, 164, 37, 196, 86, 4, 94, 74, 52, 244], "target": [60.0, -15.0], "target_a_strength": 22000000000, "radius": 0.3, "group_id": 1, "out_group_a_range": 2.8, "target_a_range": 435, "in_group_r_strength": 36, "out_group_a_strength": 11.428571428571429}, {"pedestrian_id": 287, "position": [-37.63845605022045, 5.855783361165839], "in_group_a_strength": 16, "in_group_a_range": 2.8, "attractor_count": 142, "out_group_r_strength": 50.4, "in_group_r_range": 2.0, "out_group_r_range": 2.0, "friend_zone": [168, 274, 251, 178, 5, 235, 94, 225, 39, 233, 111, 15, 210, 132, 252, 133, 188, 131, 6, 155, 221, 73, 46, 250, 280, 47, 249, 44, 9, 1, 177, 265, 154, 281, 24, 164, 201, 153, 254, 121, 268, 129, 58, 271, 13, 276, 242, 90, 102, 126, 144, 272, 108, 230, 105, 12, 197, 38, 261, 32, 23, 25, 84, 222, 207, 22, 240, 247, 104, 69, 107, 157, 120, 74, 257, 239, 135, 20, 236, 214, 279, 163, 198, 180, 63, 248, 244, 218, 78, 278, 30, 275, 277, 48, 118, 14, 243, 70, 259, 282, 192, 96, 106, 64, 137, 75, 172, 33, 262, 76, 191, 204, 263, 255, 17, 199, 184, 166, 176, 37, 269, 101, 61, 72, 119, 181, 226, 190, 195, 187, 65, 86, 232, 162, 97, 88, 117, 145, 193, 149, 8, 283], "target": [60.0, 15.0], "target_a_strength": 22000000000, "radius": 0.3, "group_id": 1, "out_group_a_range": 2.8, "target_a_range": 435, "in_group_r_strength": 36, "out_group_a_strength": 11.428571428571429}], "frame_second": "6600", "additional_id_existed_ped": {"0": [284], "1": [285, 287], "2": [286, 287], "3": [284, 285, 286, 287], "4": [287], "5": [284, 285, 286, 287], "6": [285, 287], "7": [], "8": [286], "9": [284, 287], "10": [284, 285, 286, 287], "11": [285], "12": [284, 286], "13": [284, 285, 287], "14": [284, 287], "15": [284, 285, 287], "16": [284, 286], "17": [284, 286], "18": [284, 287], "19": [284, 287], "20": [284, 285, 286], "21": [284, 285, 286], "22": [284, 285, 286], "23": [284, 285, 286], "24": [285, 286], "25": [], "26": [287], "27": [284, 285, 286, 287], "28": [284, 285, 286], "29": [284, 286], "30": [287], "31": [285, 286, 287], "32": [284, 285, 286], "33": [285], "34": [284, 286, 287], "35": [287], "36": [284, 285, 286, 287], "37": [284, 285, 286], "38": [285, 287], "39": [285], "40": [], "41": [284, 285, 286], "42": [284, 286, 287], "43": [284], "44": [286, 287], "45": [], "46": [284, 285, 286], "47": [286], "48": [285, 287], "49": [287], "50": [284, 285, 286, 287], "51": [285], "52": [286, 287], "53": [284, 285, 287], "54": [284, 287], "55": [286, 287], "56": [284, 286, 287], "57": [284, 285, 287], "58": [284, 285, 287], "59": [287], "60": [285, 287], "61": [287], "62": [286, 287], "63": [284, 285], "64": [284, 285, 286, 287], "65": [284, 285], "66": [286], "67": [285, 286, 287], "68": [287], "69": [285, 286, 287], "70": [284, 287], "71": [284, 285, 287], "72": [285, 286, 287], "73": [284, 285, 286], "74": [286, 287], "75": [284], "76": [286], "77": [285, 287], "78": [286], "79": [285, 287], "80": [], "81": [285, 286], "82": [286, 287], "83": [285, 287], "84": [284, 285, 286], "85": [], "86": [284, 285], "87": [284, 285], "88": [284, 285, 287], "89": [284, 286, 287], "90": [285, 286], "91": [284, 287], "92": [285], "93": [], "94": [287], "95": [286], "96": [], "97": [284, 285, 287], "98": [284, 285], "99": [285], "100": [284, 285, 287], "101": [285, 286, 287], "102": [287], "103": [285, 287], "104": [284, 285, 286], "105": [285, 286, 287], "106": [285], "107": [284, 285, 286, 287], "108": [285], "109": [284, 285, 286, 287], "110": [287], "111": [286, 287], "112": [286, 287], "113": [284], "114": [285, 287], "115": [286, 287], "116": [], "117": [285], "118": [287], "119": [284, 285, 287], "120": [284, 287], "121": [284, 285, 286], "122": [284, 286], "123": [284, 287], "124": [284, 285], "125": [287], "126": [285, 286, 287], "127": [285, 286], "128": [284, 287], "129": [284, 286, 287], "130": [], "131": [285, 287], "132": [285], "133": [285, 286], "134": [285, 287], "135": [], "136": [285, 287], "137": [284, 286], "138": [285, 286], "139": [284, 285], "140": [284, 286, 287], "141": [284, 285, 286], "142": [287], "143": [], "144": [285, 286, 287], "145": [286, 287], "146": [284, 285, 286], "147": [284, 285, 286, 287], "148": [284, 285, 286], "149": [], "150": [284, 285], "151": [284, 285, 286, 287], "152": [284, 285, 286], "153": [284, 287], "154": [285], "155": [286, 287], "156": [284, 285, 287], "157": [284, 285], "158": [284], "159": [285, 286, 287], "160": [285, 286], "161": [287], "162": [284, 286], "163": [], "164": [285], "165": [284, 287], "166": [284, 285, 286], "167": [284, 286, 287], "168": [286], "169": [284, 285, 286], "170": [], "171": [284, 285, 286], "172": [285, 287], "173": [284, 285, 287], "174": [284, 285, 286, 287], "175": [], "176": [286], "177": [286], "178": [285, 287], "179": [286], "180": [284, 286, 287], "181": [], "182": [284, 285, 286], "183": [284, 286], "184": [284, 286, 287], "185": [],