{"pedestrian_list": [{"pedestrian_id": 160, "position": [-49.352730104835274, -18.836369300689572], "in_group_a_strength": 16, "in_group_a_range": 2.8, "attractor_count": 80, "out_group_r_strength": 50.4, "in_group_r_range": 2.0, "out_group_r_range": 2.0, "friend_zone": [29, 37, 50, 85, 124, 95, 133, 20, 106, 28, 117, 11, 89, 4, 151, 59, 81, 96, 19, 1, 86, 131, 147, 84, 73, 158, 66, 101, 65, 135, 150, 108, 111, 7, 68, 53, 36, 40, 33, 9, 100, 103, 123, 115, 142, 41, 122, 144, 104, 141, 154, 43, 35, 52, 32, 128, 157, 3, 23, 152, 125, 38, 57, 63, 79, 76, 27, 26, 118, 46, 6, 145, 8, 55, 109, 77, 5, 2, 127, 132], "target": [60.0, -15.0], "target_a_strength": 22000000000, "radius": 0.3, "group_id": 0, "out_group_a_range": 2.8, "target_a_range": 435, "in_group_r_strength": 36, "out_group_a_strength": 11.428571428571429}, {"pedestrian_id": 161, "position": [-51.322222785859594, 19.48323686489105], "in_group_a_strength": 16, "in_group_a_range": 2.8, "attractor_count": 80, "out_group_r_strength": 50.4, "in_group_r_range": 2.0, "out_group_r_range": 2.0, "friend_zone": [28, 158, 86, 52, 108, 124, 37, 64, 4, 16, 54, 110, 80, 147, 70, 137, 14, 159, 31, 90, 96, 40, 65, 56, 63, 18, 84, 85, 0, 79, 76, 133, 115, 53, 21, 109, 131, 112, 113, 75, 6, 30, 38, 12, 33, 11, 67, 153, 77, 45, 83, 69, 121, 25, 154, 34, 68, 39, 107, 7, 1, 62, 126, 142, 81, 55, 128, 43, 155, 60, 151, 139, 114, 118, 122, 10, 120, 2, 32, 47], "target": [60.0, 15.0], "target_a_strength": 22000000000, "radius": 0.3, "group_id": 0, "out_group_a_range": 2.8, "target_a_range": 435, "in_group_r_strength": 36, "out_group_a_strength": 11.428571428571429}, {"pedestrian_id": 162, "position": [-44.80891329487394, 15.593569518696938], "in_group_a_strength": 16, "in_group_a_range": 2.8, "attractor_count": 80, "out_group_r_strength": 50.4, "in_group_r_range": 2.0, "out_group_r_range": 2.0, "friend_zone": [21, 129, 2, 94, 86, 107, 80, 13, 62, 4, 109, 106, 103, 1, 118, 157, 69, 91, 104, 130, 99, 120, 138, 57, 39, 74, 82, 102, 45, 127, 149, 105, 20, 139, 121, 5, 100, 25, 148, 48, 151, 75, 12, 52, 144, 40, 49, 158, 112, 77, 27, 28, 152, 19, 63, 72, 38, 30, 8, 73, 126, 54, 122, 137, 46, 64, 32, 68, 56, 98, 156, 81, 71, 133, 131, 119, 41, 23, 51, 147], "target": [60.0, 15.0], "target_a_strength": 22000000000, "radius": 0.3, "group_id": 1, "out_group_a_range": 2.8, "target_a_range": 435, "in_group_r_strength": 36, "out_group_a_strength": 11.428571428571429}, {"pedestrian_id": 163, "position": [-61.70668073088673, 0.639753247887421], "in_group_a_strength": 16, "in_group_a_range": 2.8, "attractor_count": 80, "out_group_r_strength": 50.4, "in_group_r_range": 2.0, "out_group_r_range": 2.0, "friend_zone": [124, 44, 53, 26, 1, 141, 122, 79, 35, 118, 32, 16, 119, 159, 92, 27, 85, 72, 95, 121, 13, 104, 71, 149, 6, 151, 103, 144, 88, 152, 158, 25, 48, 113, 42, 74, 132, 137, 82, 20, 143, 8, 23, 12, 83, 59, 31, 10, 19, 123, 111, 100, 96, 62, 21, 58, 81, 125, 54, 127, 142, 45, 146, 61, 138, 55, 78, 109, 117, 3, 108, 131, 145, 89, 39, 86, 97, 60, 120, 105], "target": [60.0, 15.0], "target_a_strength": 22000000000, "radius": 0.3, "group_id": 1, "out_group_a_range": 2.8, "target_a_range": 435, "in_group_r_strength": 36, "out_group_a_strength": 11.428571428571429}], "frame_second": "3500", "additional_id_existed_ped": {"0": [163], "1": [160], "2": [163], "3": [160, 161, 162, 163], "4": [163], "5": [160, 162, 163], "6": [160, 162], "7": [161, 162, 163], "8": [162], "9": [161, 162, 163], "10": [163], "11": [160, 162], "12": [162, 163], "13": [160, 161, 163], "14": [161, 162, 163], "15": [161, 163], "16": [161], "17": [160, 161], "18": [160, 161, 162], "19": [161, 162, 163], "20": [162], "21": [161, 162, 163], "22": [160, 161, 163], "23": [160, 161, 162], "24": [161], "25": [162, 163], "26": [163], "27": [160, 161, 162, 163], "28": [160], "29": [160, 161, 162, 163], "30": [162], "31": [161, 162, 163], "32": [162], "33": [161, 162, 163], "34": [160, 161, 162], "35": [160, 162, 163], "36": [161], "37": [], "38": [161, 162], "39": [160, 161, 162], "40": [], "41": [160, 162], "42": [160, 161, 163], "43": [160, 161, 163], "44": [161, 163], "45": [160, 161], "46": [161, 163], "47": [160, 161, 162], "48": [160, 163], "49": [160, 161], "50": [160, 161, 162, 163], "51": [160, 162, 163], "52": [161], "53": [162], "54": [162], "55": [160, 161], "56": [160, 162], "57": [160, 162, 163], "58": [160, 161, 162, 163], "59": [160, 162], "60": [160, 161], "61": [], "62": [162, 163], "63": [161, 162, 163], "64": [160, 162], "65": [160], "66": [160], "67": [], "68": [], "69": [161, 162, 163], "70": [161, 163], "71": [], "72": [161, 162], "73": [162, 163], "74": [163], "75": [163], "76": [160, 162], "77": [160, 163], "78": [161, 162], "79": [160, 161, 162], "80": [163], "81": [161, 163], "82": [161, 162, 163], "83": [161], "84": [163], "85": [160], "86": [163], "87": [160, 162, 163], "88": [], "89": [160, 161], "90": [163], "91": [160], "92": [160, 163], "93": [160], "94": [160, 162, 163], "95": [161, 163], "96": [160, 162, 163], "97": [160, 161, 162], "98": [160, 162], "99": [160, 161, 162, 163], "100": [160, 161, 162, 163], "101": [162, 163], "102": [162], "103": [160, 161], "104": [160, 162, 163], "105": [160, 161, 162, 163], "106": [161, 163], "107": [160, 162], "108": [160], "109": [160, 163], "110": [161], "111": [160, 163], "112": [162], "113": [160, 162, 163], "114": [160, 161, 162], "115": [160, 162, 163], "116": [160, 162, 163], "117": [160, 161, 162], "118": [160, 161, 163], "119": [], "120": [160, 162], "121": [161], "122": [160, 161, 162, 163], "123": [160, 161, 162, 163], "124": [160, 163], "125": [163], "126": [161, 163], "127": [160, 161, 163], "128": [161, 163], "129": [162, 163], "130": [161], "131": [160, 161, 162], "132": [162], "133": [162], "134": [], "135": [160, 161, 162], "136": [161, 162, 163], "137": [160, 161, 163], "138": [161], "139": [160, 161], "140": [161, 162], "141": [160, 161, 162, 163], "142": [161], "143": [160], "144": [160, 161], "145": [161, 162, 163], "146": [161, 162], "147": [160, 161, 162], "148": [160, 161, 162], "149": [163], "150": [160, 161, 163], "151": [161], "152": [], "153": [160, 163], "154": [], "155": [], "156": [160, 162, 163], "157": [162, 163], "158": [161], "159": [160, 161, 163]}}