{"pedestrian_list": [{"pedestrian_id": 300, "position": [-53.227681206168874, -19.517772182767853], "in_group_a_strength": 16, "in_group_a_range": 2.8, "attractor_count": 150, "out_group_r_strength": 50.4, "in_group_r_range": 2.0, "out_group_r_range": 2.0, "friend_zone": [180, 81, 33, 236, 11, 174, 151, 231, 94, 90, 140, 184, 196, 161, 37, 197, 194, 166, 152, 245, 192, 239, 118, 99, 221, 123, 188, 254, 129, 189, 167, 169, 9, 35, 227, 42, 95, 207, 19, 209, 128, 136, 201, 83, 122, 84, 193, 238, 299, 89, 256, 76, 56, 133, 14, 249, 241, 263, 223, 44, 289, 137, 279, 195, 10, 283, 52, 203, 200, 147, 235, 225, 97, 149, 51, 229, 217, 114, 211, 272, 255, 21, 91, 109, 126, 1, 156, 78, 178, 191, 168, 102, 199, 87, 175, 205, 130, 100, 214, 280, 291, 278, 296, 165, 242, 273, 186, 73, 0, 68, 120, 251, 5, 127, 3, 259, 63, 43, 134, 104, 155, 6, 264, 237, 285, 31, 15, 154, 107, 298, 222, 113, 53, 23, 210, 67, 187, 277, 85, 226, 24, 185, 22, 30, 60, 45, 228, 287, 244, 162], "target": [60.0, -15.0], "target_a_strength": 22000000000, "radius": 0.3, "group_id": 0, "out_group_a_range": 2.8, "target_a_range": 435, "in_group_r_strength": 36, "out_group_a_strength": 11.428571428571429}, {"pedestrian_id": 301, "position": [-36.99539827121787, 20.779410029274004], "in_group_a_strength": 16, "in_group_a_range": 2.8, "attractor_count": 150, "out_group_r_strength": 50.4, "in_group_r_range": 2.0, "out_group_r_range": 2.0, "friend_zone": [210, 11, 3, 112, 288, 282, 18, 73, 83, 50, 278, 106, 272, 168, 140, 214, 123, 217, 190, 37, 88, 254, 103, 280, 136, 36, 135, 9, 279, 245, 74, 132, 234, 271, 4, 232, 206, 265, 131, 19, 142, 90, 175, 195, 230, 15, 85, 152, 242, 146, 70, 81, 47, 262, 102, 291, 94, 277, 290, 91, 204, 295, 33, 105, 6, 10, 184, 1, 65, 212, 169, 43, 273, 114, 54, 174, 111, 289, 104, 187, 199, 77, 201, 227, 243, 202, 220, 297, 183, 118, 248, 26, 283, 129, 59, 45, 263, 284, 41, 121, 200, 274, 28, 21, 173, 194, 192, 108, 40, 251, 165, 98, 294, 249, 163, 30, 155, 0, 213, 149, 64, 86, 276, 119, 67, 185, 46, 259, 124, 113, 12, 247, 281, 225, 76, 226, 20, 145, 82, 23, 267, 157, 260, 229, 241, 182, 160, 296, 255, 29], "target": [60.0, 15.0], "target_a_strength": 22000000000, "radius": 0.3, "group_id": 0, "out_group_a_range": 2.8, "target_a_range": 435, "in_group_r_strength": 36, "out_group_a_strength": 11.428571428571429}, {"pedestrian_id": 302, "position": [-41.53571414579919, -6.524026742117818], "in_group_a_strength": 16, "in_group_a_range": 2.8, "attractor_count": 150, "out_group_r_strength": 50.4, "in_group_r_range": 2.0, "out_group_r_range": 2.0, "friend_zone": [88, 28, 140, 32, 127, 194, 295, 215, 156, 166, 144, 223, 51, 256, 242, 120, 48, 271, 132, 281, 107, 169, 282, 149, 1, 19, 20, 268, 167, 294, 178, 296, 69, 31, 22, 289, 238, 12, 207, 210, 251, 195, 283, 100, 44, 171, 33, 85, 275, 280, 30, 5, 168, 186, 189, 75, 25, 123, 101, 90, 290, 261, 3, 217, 29, 180, 155, 24, 183, 241, 147, 74, 226, 293, 192, 70, 57, 130, 184, 39, 209, 77, 257, 224, 53, 199, 174, 46, 138, 278, 227, 197, 196, 15, 175, 27, 139, 204, 214, 73, 279, 246, 87, 188, 63, 267, 4, 50, 236, 252, 131, 59, 153, 117, 170, 284, 185, 208, 71, 277, 221, 102, 211, 78, 229, 113, 106, 216, 56, 55, 270, 119, 8, 93, 128, 126, 104, 298, 81, 84, 64, 297, 181, 264, 259, 52, 255, 26, 218, 37], "target": [60.0, -15.0], "target_a_strength": 22000000000, "radius": 0.3, "group_id": 1, "out_group_a_range": 2.8, "target_a_range": 435, "in_group_r_strength": 36, "out_group_a_strength": 11.428571428571429}, {"pedestrian_id": 303, "position": [-31.13169401110501, 8.42626482312106], "in_group_a_strength": 16, "in_group_a_range": 2.8, "attractor_count": 150, "out_group_r_strength": 50.4, "in_group_r_range": 2.0, "out_group_r_range": 2.0, "friend_zone": [79, 235, 1, 12, 273, 210, 124, 211, 48, 138, 272, 59, 297, 6, 241, 97, 278, 183, 73, 280, 119, 206, 189, 84, 178, 203, 161, 217, 146, 4, 167, 163, 196, 14, 2, 288, 112, 10, 232, 224, 154, 156, 78, 109, 255, 24, 27, 171, 208, 38, 17, 7, 62, 173, 85, 142, 67, 77, 9, 46, 179, 229, 160, 195, 113, 19, 18, 207, 270, 227, 42, 50, 54, 253, 51, 88, 115, 64, 0, 153, 145, 266, 23, 294, 92, 261, 240, 166, 299, 216, 83, 268, 133, 52, 233, 103, 274, 155, 137, 107, 291, 37, 231, 252, 237, 243, 120, 39, 281, 150, 276, 74, 80, 71, 190, 26, 264, 275, 199, 168, 245, 49, 262, 45, 96, 55, 89, 43, 63, 298, 192, 122, 106, 172, 170, 47, 129, 135, 139, 60, 15, 126, 148, 140, 114, 123, 131, 31, 239, 202], "target": [60.0, 15.0], "target_a_strength": 22000000000, "radius": 0.3, "group_id": 1, "out_group_a_range": 2.8, "target_a_range": 435, "in_group_r_strength": 36, "out_group_a_strength": 11.428571428571429}], "frame_second": "7000", "additional_id_existed_ped": {"0": [300, 302], "1": [300, 301, 303], "2": [300, 302], "3": [301], "4": [300, 301], "5": [301, 302], "6": [301, 303], "7": [300, 302, 303], "8": [], "9": [300, 301], "10": [300, 302, 303], "11": [301, 302], "12": [301, 303], "13": [301, 303], "14": [301], "15": [300, 301, 302, 303], "16": [300, 303], "17": [300, 303], "18": [301, 302], "19": [301, 302, 303], "20": [300, 301, 303], "21": [300, 301], "22": [301, 303], "23": [301, 303], "24": [302, 303], "25": [302, 303], "26": [303], "27": [301, 303], "28": [301, 303], "29": [300], "30": [302], "31": [302], "32": [301, 302, 303], "33": [301], "34": [300, 301, 302, 303], "35": [300, 302, 303], "36": [300], "37": [301, 303], "38": [302, 303], "39": [301], "40": [300, 302], "41": [], "42": [301], "43": [300, 301], "44": [301, 303], "45": [300, 302], "46": [302, 303], "47": [301, 302, 303], "48": [301, 303], "49": [300, 301], "50": [302, 303], "51": [302, 303], "52": [301, 303], "53": [300, 301, 303], "54": [300, 303], "55": [302], "56": [301, 303], "57": [301, 302, 303], "58": [], "59": [300, 302], "60": [303], "61": [300, 303], "62": [300, 303], "63": [301, 302], "64": [300, 301, 302], "65": [300, 302], "66": [300], "67": [300, 301, 303], "68": [300, 301], "69": [302, 303], "70": [300, 301, 302], "71": [300, 301, 303], "72": [301, 302], "73": [301, 302, 303], "74": [300, 301, 302, 303], "75": [301, 302], "76": [300, 301, 302, 303], "77": [300, 302], "78": [301], "79": [300, 301], "80": [300], "81": [303], "82": [300, 301, 302], "83": [301, 303], "84": [], "85": [], "86": [300, 302], "87": [302, 303], "88": [300, 302], "89": [300, 301, 302], "90": [], "91": [302, 303], "92": [301, 302], "93": [300, 302], "94": [300, 301, 302], "95": [301, 302, 303], "96": [302], "97": [300, 303], "98": [300, 303], "99": [300, 303], "100": [], "101": [302, 303], "102": [300], "103": [300, 301], "104": [302, 303], "105": [301], "106": [], "107": [300, 301, 303], "108": [302], "109": [300], "110": [300, 301, 302], "111": [300, 301, 303], "112": [302, 303], "113": [300, 301], "114": [300], "115": [300, 301, 302, 303], "116": [301, 302, 303], "117": [302], "118": [302, 303], "119": [301, 302], "120": [301, 303], "121": [300, 303], "122": [302], "123": [302], "124": [300, 301, 303], "125": [300, 301, 303], "126": [300, 302, 303], "127": [300, 301, 302, 303], "128": [301, 303], "129": [302, 303], "130": [302, 303], "131": [300, 302, 303], "132": [300, 303], "133": [301, 302], "134": [300, 302, 303], "135": [303], "136": [300, 302, 303], "137": [300, 301, 302, 303], "138": [300, 301, 302, 303], "139": [300, 302], "140": [301], "141": [301, 302, 303], "142": [300, 301, 302], "143": [301, 302, 303], "144": [], "145": [300, 301, 302, 303], "146": [302, 303], "147": [300, 303], "148": [300, 303], "149": [], "150": [301, 302, 303], "151": [303], "152": [301], "153": [302], "154": [301], "155": [300, 302, 303], "156": [301, 302], "157": [302, 303], "158": [300], "159": [300, 301, 302], "160": [300], "161": [], "162": [303], "163": [300, 302, 303], "164": [300], "165": [301, 302], "166": [301, 302, 303], "167": [], "168": [300, 301, 302, 303], "169": [], "170": [300, 301, 302], "171": [301, 302, 303], "172": [301, 302], "173": [300, 302, 303], "174": [], "175": [300, 302], "176": [301], "177": [300], "178": [300, 301, 302],