{"pedestrian_list": [{"pedestrian_id": 208, "position": [-33.09636137194867, 5.866309784482521], "in_group_a_strength": 16, "in_group_a_range": 2.8, "attractor_count": 104, "out_group_r_strength": 50.4, "in_group_r_range": 2.0, "out_group_r_range": 2.0, "friend_zone": [36, 133, 7, 23, 146, 203, 144, 145, 61, 126, 115, 150, 105, 119, 158, 205, 58, 70, 21, 190, 0, 87, 51, 68, 156, 172, 204, 46, 16, 10, 148, 180, 92, 67, 86, 132, 96, 84, 62, 77, 152, 85, 185, 207, 47, 116, 45, 56, 14, 166, 24, 164, 122, 198, 43, 139, 108, 169, 73, 37, 117, 27, 111, 99, 41, 66, 29, 28, 17, 127, 188, 25, 40, 101, 33, 69, 170, 81, 197, 32, 191, 136, 59, 142, 129, 161, 44, 57, 175, 4, 106, 153, 34, 11, 137, 42, 102, 80, 63, 200, 162, 141, 103, 104], "target": [60.0, 15.0], "target_a_strength": 22000000000, "radius": 0.3, "group_id": 0, "out_group_a_range": 2.8, "target_a_range": 435, "in_group_r_strength": 36, "out_group_a_strength": 11.428571428571429}, {"pedestrian_id": 209, "position": [-67.53285097109567, -8.47358007383297], "in_group_a_strength": 16, "in_group_a_range": 2.8, "attractor_count": 104, "out_group_r_strength": 50.4, "in_group_r_range": 2.0, "out_group_r_range": 2.0, "friend_zone": [166, 122, 40, 207, 66, 89, 194, 103, 35, 119, 109, 33, 45, 104, 198, 20, 3, 106, 157, 135, 145, 108, 26, 0, 154, 140, 60, 82, 8, 67, 160, 188, 189, 102, 161, 18, 14, 159, 162, 16, 132, 115, 55, 142, 23, 53, 205, 137, 107, 146, 158, 43, 170, 91, 51, 84, 65, 187, 36, 48, 182, 93, 30, 168, 59, 204, 22, 127, 116, 34, 178, 77, 11, 13, 167, 130, 113, 136, 12, 110, 179, 6, 97, 70, 47, 49, 96, 123, 86, 83, 57, 143, 171, 126, 191, 31, 32, 186, 69, 134, 29, 24, 68, 74], "target": [60.0, -15.0], "target_a_strength": 22000000000, "radius": 0.3, "group_id": 0, "out_group_a_range": 2.8, "target_a_range": 435, "in_group_r_strength": 36, "out_group_a_strength": 11.428571428571429}, {"pedestrian_id": 210, "position": [-35.06951361261809, 15.581171099487868], "in_group_a_strength": 16, "in_group_a_range": 2.8, "attractor_count": 104, "out_group_r_strength": 50.4, "in_group_r_range": 2.0, "out_group_r_range": 2.0, "friend_zone": [100, 99, 126, 165, 119, 118, 205, 48, 63, 114, 60, 137, 113, 67, 147, 2, 26, 57, 76, 172, 138, 18, 178, 153, 189, 25, 73, 133, 85, 134, 41, 8, 145, 21, 86, 168, 34, 55, 116, 152, 75, 207, 109, 53, 68, 164, 59, 94, 132, 194, 70, 84, 37, 196, 91, 104, 188, 155, 170, 14, 80, 191, 32, 175, 97, 64, 36, 185, 121, 42, 146, 142, 39, 161, 66, 177, 15, 115, 206, 117, 93, 112, 43, 0, 10, 79, 144, 38, 141, 56, 62, 186, 50, 44, 204, 95, 160, 72, 148, 11, 151, 54, 35, 51], "target": [60.0, 15.0], "target_a_strength": 22000000000, "radius": 0.3, "group_id": 1, "out_group_a_range": 2.8, "target_a_range": 435, "in_group_r_strength": 36, "out_group_a_strength": 11.428571428571429}, {"pedestrian_id": 211, "position": [-47.41237852099127, -19.523277589533397], "in_group_a_strength": 16, "in_group_a_range": 2.8, "attractor_count": 104, "out_group_r_strength": 50.4, "in_group_r_range": 2.0, "out_group_r_range": 2.0, "friend_zone": [194, 53, 125, 104, 138, 141, 69, 152, 98, 116, 39, 47, 32, 122, 202, 189, 184, 157, 89, 132, 40, 117, 199, 151, 59, 25, 109, 91, 175, 28, 82, 46, 126, 161, 167, 139, 150, 35, 68, 66, 169, 159, 172, 95, 23, 133, 179, 112, 121, 143, 120, 102, 149, 196, 130, 14, 4, 187, 142, 58, 176, 21, 20, 119, 74, 100, 80, 182, 137, 156, 129, 113, 204, 168, 57, 3, 128, 174, 37, 90, 203, 146, 42, 52, 177, 206, 7, 84, 41, 81, 205, 201, 51, 83, 93, 114, 78, 13, 70, 24, 181, 136, 144, 178], "target": [60.0, -15.0], "target_a_strength": 22000000000, "radius": 0.3, "group_id": 1, "out_group_a_range": 2.8, "target_a_range": 435, "in_group_r_strength": 36, "out_group_a_strength": 11.428571428571429}], "frame_second": "4700", "additional_id_existed_ped": {"0": [209], "1": [208, 210], "2": [208, 209], "3": [208, 209, 210], "4": [209, 210], "5": [208], "6": [208, 209], "7": [208], "8": [208, 209, 210, 211], "9": [209], "10": [208, 210, 211], "11": [209, 210, 211], "12": [208, 209, 210, 211], "13": [208, 211], "14": [208, 209, 210, 211], "15": [208, 209], "16": [208, 209, 210, 211], "17": [208, 210], "18": [211], "19": [208, 210, 211], "20": [208], "21": [208, 210], "22": [210, 211], "23": [208, 209, 210, 211], "24": [211], "25": [], "26": [208], "27": [208, 209, 210], "28": [], "29": [210, 211], "30": [209, 211], "31": [209], "32": [209, 210], "33": [209, 210, 211], "34": [208, 209, 210], "35": [210, 211], "36": [208, 211], "37": [209, 210, 211], "38": [208, 209], "39": [210, 211], "40": [211], "41": [210], "42": [208, 209, 210, 211], "43": [208, 210], "44": [211], "45": [210, 211], "46": [208], "47": [210, 211], "48": [209, 210, 211], "49": [208, 209], "50": [208, 210, 211], "51": [208, 209, 210], "52": [209, 210, 211], "53": [211], "54": [208, 210], "55": [208, 209, 210], "56": [209, 211], "57": [210, 211], "58": [208, 209, 210, 211], "59": [208, 211], "60": [208, 209, 211], "61": [210], "62": [208, 209], "63": [210], "64": [208, 210], "65": [208, 210], "66": [210], "67": [210, 211], "68": [209, 210], "69": [211], "70": [210, 211], "71": [208, 211], "72": [210, 211], "73": [209, 211], "74": [211], "75": [211], "76": [211], "77": [208, 209, 210], "78": [208, 209, 210, 211], "79": [208, 210, 211], "80": [208, 209, 210, 211], "81": [209, 210], "82": [], "83": [211], "84": [208, 209, 210], "85": [208, 210, 211], "86": [209], "87": [209], "88": [210], "89": [211], "90": [209, 210], "91": [208], "92": [208, 209, 211], "93": [208, 209, 211], "94": [208, 209, 211], "95": [210, 211], "96": [208], "97": [209, 211], "98": [209, 211], "99": [208, 209, 210], "100": [210], "101": [211], "102": [208, 209, 210, 211], "103": [211], "104": [208, 210], "105": [209, 210, 211], "106": [211], "107": [208], "108": [209, 210], "109": [211], "110": [208, 209, 210], "111": [210], "112": [208, 211], "113": [209, 211], "114": [], "115": [208], "116": [208, 211], "117": [210, 211], "118": [208, 209], "119": [208, 211], "120": [211], "121": [209, 210, 211], "122": [210], "123": [208, 209, 210, 211], "124": [208], "125": [209, 211], "126": [208], "127": [208, 209, 210], "128": [211], "129": [208, 210], "130": [209, 210], "131": [208], "132": [208, 209, 210, 211], "133": [211], "134": [209, 210], "135": [], "136": [208, 209, 210, 211], "137": [208, 209, 210], "138": [209, 211], "139": [208, 210], "140": [208, 209, 210], "141": [208, 209, 210], "142": [209, 210, 211], "143": [208, 211], "144": [208, 209, 211], "145": [209], "146": [208, 209, 210], "147": [211], "148": [208, 209, 210, 211], "149": [], "150": [209], "151": [208, 209, 210], "152": [208, 209, 211], "153": [208, 209], "154": [209], "155": [208, 209, 210], "156": [208, 209], "157": [209], "158": [209, 211], "159": [208], "160": [211], "161": [208, 209, 210, 211], "162": [208, 209, 210, 211], "163": [208, 209, 210, 211], "164": [208, 209], "165": [210, 211], "166": [208, 209, 210], "167": [208, 210, 211], "168": [208, 209], "169": [209, 210], "170": [208, 209], "171": [211], "172": [209], "173": [209, 210, 211], "174": [209, 211], "175": [], "176": [208, 210], "177": [208, 210], "178": [210, 211], "179": [208, 210, 211], "180": [], "181": [208, 211], "182": [209], "183": [209, 210, 211], "184": [208, 209], "185": [208, 211], "186": [208, 209, 210], "187": [210, 211], "188": [], "189": [210], "190": [210, 211], "191": [208, 211], "192": [208, 209, 210, 211], "193": [211], "194": [209, 210], "195": [208], "196": [208, 209, 211], "197": [209], "198": [208, 209, 210], "199": [209, 210], "200": [], "201": [208, 209, 211], "202": [208, 209], "203": [211], "204": [210, 211], "205": [208], "206": [209, 210], "207": [209]}}