{"pedestrian_list": [{"pedestrian_id": 260, "position": [-38.965692186224175, 14.311343279477274], "in_group_a_strength": 16, "in_group_a_range": 2.8, "attractor_count": 130, "out_group_r_strength": 50.4, "in_group_r_range": 2.0, "out_group_r_range": 2.0, "friend_zone": [218, 52, 144, 98, 162, 178, 88, 78, 205, 193, 201, 239, 242, 159, 204, 90, 96, 223, 44, 245, 9, 188, 238, 164, 126, 120, 241, 209, 60, 91, 30, 108, 2, 183, 125, 232, 168, 131, 50, 11, 139, 115, 221, 246, 226, 127, 234, 89, 51, 172, 112, 135, 6, 171, 247, 254, 155, 71, 133, 121, 203, 259, 175, 136, 181, 137, 35, 227, 130, 231, 158, 63, 222, 42, 169, 36, 182, 16, 128, 53, 56, 180, 22, 29, 240, 190, 177, 228, 3, 257, 54, 219, 15, 32, 160, 31, 161, 118, 23, 14, 251, 145, 142, 233, 8, 138, 216, 189, 45, 87, 83, 34, 225, 94, 105, 66, 199, 99, 12, 211, 149, 27, 37, 248, 214, 38, 253, 229, 208, 119], "target": [60.0, 15.0], "target_a_strength": 22000000000, "radius": 0.3, "group_id": 0, "out_group_a_range": 2.8, "target_a_range": 435, "in_group_r_strength": 36, "out_group_a_strength": 11.428571428571429}, {"pedestrian_id": 261, "position": [-66.24018861182768, 23.392883554744703], "in_group_a_strength": 16, "in_group_a_range": 2.8, "attractor_count": 130, "out_group_r_strength": 50.4, "in_group_r_range": 2.0, "out_group_r_range": 2.0, "friend_zone": [144, 43, 164, 14, 150, 258, 184, 197, 114, 134, 100, 138, 19, 238, 180, 253, 167, 75, 32, 212, 170, 129, 135, 149, 107, 83, 17, 249, 63, 182, 18, 4, 57, 23, 216, 147, 206, 223, 242, 215, 10, 78, 3, 86, 28, 231, 112, 146, 45, 39, 105, 56, 143, 48, 227, 61, 72, 252, 200, 179, 140, 224, 141, 41, 93, 245, 7, 233, 244, 49, 176, 9, 80, 108, 53, 171, 42, 246, 208, 40, 119, 50, 34, 256, 160, 123, 2, 159, 192, 121, 106, 46, 186, 67, 185, 202, 127, 55, 12, 194, 88, 85, 243, 188, 0, 71, 24, 237, 214, 131, 59, 21, 60, 255, 241, 181, 25, 232, 33, 79, 172, 178, 228, 13, 251, 66, 81, 132, 8, 142], "target": [60.0, 15.0], "target_a_strength": 22000000000, "radius": 0.3, "group_id": 0, "out_group_a_range": 2.8, "target_a_range": 435, "in_group_r_strength": 36, "out_group_a_strength": 11.428571428571429}, {"pedestrian_id": 262, "position": [-46.10961514922919, 11.06534128476775], "in_group_a_strength": 16, "in_group_a_range": 2.8, "attractor_count": 130, "out_group_r_strength": 50.4, "in_group_r_range": 2.0, "out_group_r_range": 2.0, "friend_zone": [118, 58, 209, 97, 57, 4, 0, 84, 87, 49, 229, 152, 10, 213, 162, 17, 127, 224, 31, 2, 77, 125, 219, 230, 196, 60, 94, 44, 257, 159, 3, 35, 79, 106, 74, 163, 157, 199, 110, 194, 95, 128, 241, 86, 233, 122, 135, 65, 107, 191, 54, 15, 114, 174, 211, 5, 20, 221, 190, 172, 246, 255, 16, 164, 82, 242, 198, 183, 171, 158, 165, 93, 43, 36, 52, 56, 115, 143, 155, 184, 225, 154, 226, 26, 91, 189, 202, 28, 208, 71, 27, 239, 236, 34, 234, 186, 181, 170, 156, 42, 51, 63, 201, 33, 167, 55, 88, 11, 25, 81, 185, 23, 53, 109, 228, 177, 48, 59, 123, 245, 259, 117, 132, 168, 113, 13, 192, 251, 1, 235], "target": [60.0, 15.0], "target_a_strength": 22000000000, "radius": 0.3, "group_id": 1, "out_group_a_range": 2.8, "target_a_range": 435, "in_group_r_strength": 36, "out_group_a_strength": 11.428571428571429}, {"pedestrian_id": 263, "position": [-42.837126201086924, 7.790224260687881], "in_group_a_strength": 16, "in_group_a_range": 2.8, "attractor_count": 130, "out_group_r_strength": 50.4, "in_group_r_range": 2.0, "out_group_r_range": 2.0, "friend_zone": [106, 29, 68, 192, 89, 219, 34, 73, 149, 158, 170, 253, 12, 20, 246, 169, 19, 86, 258, 165, 51, 84, 0, 18, 207, 194, 107, 231, 237, 250, 140, 76, 121, 60, 1, 96, 91, 99, 212, 173, 176, 83, 175, 101, 137, 124, 94, 243, 70, 161, 221, 254, 108, 81, 242, 157, 147, 256, 187, 11, 8, 95, 145, 82, 245, 23, 87, 171, 138, 105, 217, 204, 142, 182, 38, 185, 168, 65, 222, 9, 199, 136, 63, 144, 244, 195, 71, 100, 67, 102, 126, 22, 150, 50, 32, 179, 190, 186, 115, 152, 206, 154, 110, 26, 118, 24, 35, 209, 48, 90, 72, 109, 241, 104, 119, 39, 123, 236, 226, 156, 238, 15, 120, 79, 64, 21, 59, 125, 98, 178], "target": [60.0, 15.0], "target_a_strength": 22000000000, "radius": 0.3, "group_id": 1, "out_group_a_range": 2.8, "target_a_range": 435, "in_group_r_strength": 36, "out_group_a_strength": 11.428571428571429}], "frame_second": "6000", "additional_id_existed_ped": {"0": [262], "1": [261, 263], "2": [260, 261, 263], "3": [260, 261, 263], "4": [263], "5": [261, 263], "6": [260, 261], "7": [261, 262], "8": [261, 263], "9": [263], "10": [261, 263], "11": [262], "12": [261], "13": [262], "14": [260], "15": [262, 263], "16": [261, 263], "17": [260, 263], "18": [261, 262, 263], "19": [260, 262, 263], "20": [260, 261, 263], "21": [261], "22": [262, 263], "23": [260, 261], "24": [261, 262], "25": [260], "26": [260, 261, 262], "27": [261, 263], "28": [261, 262], "29": [260, 261], "30": [261, 262, 263], "31": [261], "32": [260, 262, 263], "33": [], "34": [260], "35": [260, 261, 262, 263], "36": [260, 261, 263], "37": [263], "38": [261, 263], "39": [262], "40": [260, 261, 263], "41": [260, 262, 263], "42": [260, 261, 262, 263], "43": [260, 261, 262], "44": [262, 263], "45": [], "46": [261, 263], "47": [261, 263], "48": [260, 261, 263], "49": [261, 263], "50": [260, 261, 262, 263], "51": [260, 261, 263], "52": [260, 261], "53": [260, 261, 262, 263], "54": [260, 261, 263], "55": [260, 263], "56": [261, 262, 263], "57": [261, 263], "58": [261, 262, 263], "59": [261, 262], "60": [261, 262, 263], "61": [261], "62": [261, 262, 263], "63": [262, 263], "64": [260, 261], "65": [263], "66": [260, 261, 262, 263], "67": [260], "68": [262, 263], "69": [261, 262], "70": [260, 263], "71": [262], "72": [261, 262], "73": [261], "74": [260], "75": [262, 263], "76": [262], "77": [261, 262, 263], "78": [], "79": [260, 263], "80": [263], "81": [260, 261], "82": [261, 262, 263], "83": [262, 263], "84": [262, 263], "85": [260, 262], "86": [260, 262], "87": [260, 261], "88": [260, 261], "89": [260, 262, 263], "90": [260, 261, 262], "91": [], "92": [260], "93": [260, 262], "94": [261, 262, 263], "95": [260, 263], "96": [], "97": [261, 262], "98": [], "99": [262, 263], "100": [262], "101": [261, 263], "102": [260], "103": [260, 262, 263], "104": [260, 261, 262], "105": [], "106": [260, 262], "107": [260, 261, 263], "108": [260, 261, 262], "109": [262, 263], "110": [260, 262], "111": [260, 263], "112": [261, 262], "113": [260, 261, 263], "114": [263], "115": [260, 262, 263], "116": [263], "117": [260, 263], "118": [260, 262], "119": [261, 263], "120": [260], "121": [261, 263], "122": [261], "123": [260], "124": [260, 261, 263], "125": [260, 262], "126": [260, 263], "127": [260, 261], "128": [260, 261, 263], "129": [260, 263], "130": [260, 261, 262, 263], "131": [260, 262], "132": [260, 261, 262], "133": [260, 262, 263], "134": [261, 262, 263], "135": [262, 263], "136": [260, 262], "137": [260, 261, 263], "138": [260, 261, 262, 263], "139": [], "140": [260, 261, 262, 263], "141": [261, 263], "142": [260, 263], "143": [260, 263], "144": [261, 262], "145": [261, 263], "146": [262], "147": [260, 262], "148": [], "149": [], "150": [261, 263], "151": [261, 262, 263], "152": [260, 263], "153": [260, 261], "154": [], "155": [260, 261, 262], "156": [261, 262], "157": [260, 262], "158": [260, 262], "159": [261], "160": [261], "161": [260, 263], "162": [260, 261], "163": [], "164": [260, 263], "165": [263], "166": [260, 262], "167": [262], "168": [260, 261, 262], "169": [262], "170": [260, 261, 262, 263], "171": [262, 263], "172": [260, 261, 262, 263], "173": [261, 262], "174": [260, 262, 263], "175": [262, 263], "176": [260], "177": [262, 263], "178": [260, 261, 263], "179": [260, 261, 262, 263], "180": [260, 261], "181": [261, 262, 263], "182": [263], "183": [261, 263], "184": [], "185": [260, 261, 263], "186": [260, 261], "187": [263], "188": [261, 263], "189": [260, 261], "190": [263], "191": [260, 261, 262], "192": [260, 261], "193": [260, 262], "194": [260, 261, 262], "195": [261, 262], "196": [260], "197": [260, 261, 262], "198": [262],