{"pedestrian_list": [{"pedestrian_id": 252, "position": [-64.30385418860203, -16.877697466729344], "in_group_a_strength": 16, "in_group_a_range": 2.8, "attractor_count": 126, "out_group_r_strength": 50.4, "in_group_r_range": 2.0, "out_group_r_range": 2.0, "friend_zone": [79, 77, 63, 164, 231, 78, 19, 96, 41, 179, 220, 91, 186, 218, 52, 192, 197, 191, 225, 107, 45, 15, 223, 51, 21, 74, 123, 161, 98, 6, 166, 245, 20, 117, 101, 146, 157, 190, 24, 233, 136, 59, 151, 16, 187, 0, 201, 92, 250, 239, 202, 84, 184, 165, 67, 10, 125, 175, 13, 83, 75, 106, 177, 102, 18, 27, 251, 168, 248, 124, 188, 28, 142, 37, 203, 58, 66, 126, 7, 247, 127, 149, 40, 229, 205, 120, 243, 160, 114, 48, 169, 32, 237, 25, 8, 109, 228, 86, 156, 249, 31, 211, 12, 189, 30, 3, 90, 172, 87, 34, 133, 80, 57, 180, 208, 227, 112, 173, 36, 2, 22, 85, 29, 196, 113, 82], "target": [60.0, -15.0], "target_a_strength": 22000000000, "radius": 0.3, "group_id": 0, "out_group_a_range": 2.8, "target_a_range": 435, "in_group_r_strength": 36, "out_group_a_strength": 11.428571428571429}, {"pedestrian_id": 253, "position": [-34.388468803783255, 7.823542605113702], "in_group_a_strength": 16, "in_group_a_range": 2.8, "attractor_count": 126, "out_group_r_strength": 50.4, "in_group_r_range": 2.0, "out_group_r_range": 2.0, "friend_zone": [146, 106, 194, 220, 171, 46, 148, 17, 123, 108, 163, 198, 12, 16, 68, 237, 11, 130, 100, 230, 248, 89, 37, 172, 65, 160, 2, 135, 137, 23, 4, 216, 145, 166, 211, 175, 64, 101, 28, 41, 162, 103, 53, 157, 176, 238, 214, 203, 32, 93, 210, 51, 25, 82, 222, 229, 78, 87, 29, 132, 55, 30, 114, 192, 105, 141, 1, 77, 224, 58, 195, 54, 92, 193, 34, 152, 63, 151, 56, 50, 5, 200, 59, 122, 113, 99, 251, 104, 189, 95, 94, 127, 236, 8, 239, 244, 164, 235, 134, 120, 86, 246, 83, 7, 143, 60, 125, 179, 67, 76, 202, 35, 26, 174, 116, 156, 182, 117, 161, 19, 36, 169, 85, 155, 33, 184], "target": [60.0, 15.0], "target_a_strength": 22000000000, "radius": 0.3, "group_id": 0, "out_group_a_range": 2.8, "target_a_range": 435, "in_group_r_strength": 36, "out_group_a_strength": 11.428571428571429}, {"pedestrian_id": 254, "position": [-64.95639656203073, -9.747937062071466], "in_group_a_strength": 16, "in_group_a_range": 2.8, "attractor_count": 126, "out_group_r_strength": 50.4, "in_group_r_range": 2.0, "out_group_r_range": 2.0, "friend_zone": [204, 116, 125, 4, 81, 193, 105, 239, 173, 61, 5, 164, 163, 34, 174, 12, 248, 150, 123, 7, 144, 223, 198, 21, 196, 221, 52, 165, 46, 27, 178, 232, 202, 140, 190, 251, 11, 100, 225, 58, 91, 203, 230, 80, 119, 3, 9, 6, 2, 186, 219, 199, 194, 141, 110, 181, 132, 19, 98, 218, 213, 245, 189, 243, 90, 236, 149, 215, 1, 17, 249, 205, 197, 201, 179, 96, 104, 79, 43, 177, 114, 14, 175, 235, 50, 217, 240, 69, 41, 126, 184, 160, 53, 135, 39, 222, 31, 172, 208, 102, 115, 171, 54, 93, 101, 29, 212, 216, 44, 56, 51, 86, 180, 77, 170, 55, 134, 214, 59, 45, 210, 231, 111, 167, 32, 73], "target": [60.0, -15.0], "target_a_strength": 22000000000, "radius": 0.3, "group_id": 1, "out_group_a_range": 2.8, "target_a_range": 435, "in_group_r_strength": 36, "out_group_a_strength": 11.428571428571429}, {"pedestrian_id": 255, "position": [-38.298518743030385, -11.045130309355986], "in_group_a_strength": 16, "in_group_a_range": 2.8, "attractor_count": 126, "out_group_r_strength": 50.4, "in_group_r_range": 2.0, "out_group_r_range": 2.0, "friend_zone": [191, 230, 86, 214, 176, 77, 122, 91, 144, 142, 146, 228, 162, 47, 209, 16, 212, 41, 64, 164, 250, 102, 23, 45, 112, 123, 56, 244, 208, 8, 15, 174, 195, 153, 155, 24, 52, 48, 76, 193, 236, 133, 229, 84, 145, 25, 99, 116, 114, 58, 88, 74, 240, 57, 79, 44, 70, 128, 202, 96, 4, 137, 97, 113, 43, 198, 90, 170, 32, 118, 241, 215, 108, 33, 94, 63, 36, 12, 3, 129, 55, 136, 132, 196, 223, 38, 9, 39, 173, 103, 167, 81, 201, 225, 75, 60, 217, 19, 171, 85, 232, 224, 234, 169, 206, 0, 104, 246, 185, 125, 80, 231, 160, 135, 166, 21, 179, 124, 233, 68, 149, 20, 31, 11, 109, 49], "target": [60.0, -15.0], "target_a_strength": 22000000000, "radius": 0.3, "group_id": 1, "out_group_a_range": 2.8, "target_a_range": 435, "in_group_r_strength": 36, "out_group_a_strength": 11.428571428571429}], "frame_second": "5800", "additional_id_existed_ped": {"0": [252, 253], "1": [252, 255], "2": [], "3": [255], "4": [253, 254, 255], "5": [252, 253, 254], "6": [], "7": [254], "8": [252, 253], "9": [252, 253, 255], "10": [252, 254], "11": [254], "12": [254], "13": [252, 255], "14": [252, 255], "15": [252, 254], "16": [255], "17": [252, 254], "18": [252, 254, 255], "19": [253, 254, 255], "20": [253], "21": [253, 254], "22": [252], "23": [], "24": [], "25": [253, 254, 255], "26": [252, 253, 254], "27": [252, 254], "28": [253, 254, 255], "29": [253], "30": [253, 255], "31": [252, 255], "32": [252, 254], "33": [254, 255], "34": [253, 254], "35": [254, 255], "36": [253, 254], "37": [253, 254, 255], "38": [253, 254, 255], "39": [252, 255], "40": [253, 254, 255], "41": [], "42": [253, 254, 255], "43": [253, 254, 255], "44": [252, 255], "45": [255], "46": [253, 254, 255], "47": [252, 253, 255], "48": [252, 254], "49": [252, 253, 254, 255], "50": [252, 254], "51": [253, 255], "52": [254], "53": [255], "54": [252, 253, 255], "55": [252, 253], "56": [254, 255], "57": [254, 255], "58": [252, 253], "59": [253, 255], "60": [252, 254], "61": [255], "62": [252, 253, 255], "63": [], "64": [252, 253, 254, 255], "65": [252, 253, 255], "66": [252, 255], "67": [252, 253], "68": [252, 253, 255], "69": [255], "70": [252, 254], "71": [253, 254], "72": [253], "73": [252, 255], "74": [253, 254], "75": [253, 254, 255], "76": [252, 253, 254, 255], "77": [253, 254, 255], "78": [252, 254, 255], "79": [252, 253], "80": [252], "81": [252, 253, 254, 255], "82": [253, 255], "83": [252], "84": [253, 254], "85": [252], "86": [252, 254, 255], "87": [252, 254, 255], "88": [252, 253, 254], "89": [252, 253], "90": [254, 255], "91": [], "92": [252, 253], "93": [252, 253, 255], "94": [], "95": [254], "96": [252, 253, 254], "97": [253, 254], "98": [252, 253], "99": [255], "100": [252, 253, 255], "101": [252, 253, 254], "102": [252, 253, 255], "103": [253, 254, 255], "104": [252, 253, 254], "105": [252, 253, 255], "106": [252, 255], "107": [253, 255], "108": [254], "109": [255], "110": [253, 255], "111": [252, 253], "112": [252, 255], "113": [253], "114": [252, 253, 254], "115": [252, 254, 255], "116": [252, 253], "117": [252, 253], "118": [253, 254], "119": [253, 254, 255], "120": [252, 253, 255], "121": [254], "122": [252, 253, 254, 255], "123": [252, 253, 254], "124": [252, 253, 255], "125": [253, 254, 255], "126": [252, 255], "127": [253], "128": [252, 253, 255], "129": [252, 254, 255], "130": [254, 255], "131": [252, 253, 255], "132": [253], "133": [254], "134": [254, 255], "135": [252, 253], "136": [253, 255], "137": [252, 255], "138": [252, 254], "139": [254, 255], "140": [252, 253, 255], "141": [254], "142": [252, 254, 255], "143": [253, 254], "144": [252, 253, 254, 255], "145": [253, 255], "146": [254, 255], "147": [252, 253, 255], "148": [253, 254, 255], "149": [252, 253], "150": [252, 253, 254, 255], "151": [252], "152": [252, 253, 254, 255], "153": [252, 253], "154": [253, 254], "155": [252, 253], "156": [253, 255], "157": [255], "158": [252, 253], "159": [252, 255], "160": [252, 253, 254], "161": [252, 253, 255], "162": [252, 253, 254], "163": [252, 255], "164": [252, 253, 255], "165": [255], "166": [253, 254], "167": [], "168": [252, 253], "169": [252, 254], "170": [252, 253], "171": [252, 253], "172": [253, 255], "173": [252], "174": [254, 255], "175": [253], "176": [255], "177": [252, 254], "178": [252, 254, 255], "179": [253, 254, 255], "180": [253, 254], "181": [253, 254, 255], "182": [253, 254], "183": [252, 254], "184": [252], "185": [253, 254], "186": [254, 255], "187": [253, 254], "188": [], "189": [252, 253, 254, 255], "190": [254], "191": [252, 254], "192": [253], "193": [253, 255], "194": [252, 255], "195": [252, 254, 255], "196": [252, 255], "197": [252, 253, 254], "198": [252, 254],