{"pedestrian_list": [{"pedestrian_id": 32, "position": [-66.88232758379111, -20.79650802117865], "in_group_a_strength": 16, "in_group_a_range": 2.8, "attractor_count": 16, "out_group_r_strength": 50.4, "in_group_r_range": 2.0, "out_group_r_range": 2.0, "friend_zone": [5, 3, 16, 2, 25, 4, 27, 1, 12, 29, 9, 6, 24, 22, 20, 30], "target": [60.0, -15.0], "target_a_strength": 22000000000, "radius": 0.3, "group_id": 0, "out_group_a_range": 2.8, "target_a_range": 435, "in_group_r_strength": 36, "out_group_a_strength": 11.428571428571429}, {"pedestrian_id": 33, "position": [-31.806108926461608, 4.57388783596449], "in_group_a_strength": 16, "in_group_a_range": 2.8, "attractor_count": 16, "out_group_r_strength": 50.4, "in_group_r_range": 2.0, "out_group_r_range": 2.0, "friend_zone": [25, 29, 10, 18, 3, 15, 7, 21, 30, 11, 22, 6, 24, 31, 26, 14], "target": [60.0, 15.0], "target_a_strength": 22000000000, "radius": 0.3, "group_id": 0, "out_group_a_range": 2.8, "target_a_range": 435, "in_group_r_strength": 36, "out_group_a_strength": 11.428571428571429}, {"pedestrian_id": 34, "position": [-46.08792619540883, 3.2680252370859324], "in_group_a_strength": 16, "in_group_a_range": 2.8, "attractor_count": 16, "out_group_r_strength": 50.4, "in_group_r_range": 2.0, "out_group_r_range": 2.0, "friend_zone": [2, 9, 6, 10, 24, 5, 13, 17, 21, 23, 20, 26, 25, 14, 1, 0], "target": [60.0, 15.0], "target_a_strength": 22000000000, "radius": 0.3, "group_id": 1, "out_group_a_range": 2.8, "target_a_range": 435, "in_group_r_strength": 36, "out_group_a_strength": 11.428571428571429}, {"pedestrian_id": 35, "position": [-46.773558577204284, 11.059977828267911], "in_group_a_strength": 16, "in_group_a_range": 2.8, "attractor_count": 16, "out_group_r_strength": 50.4, "in_group_r_range": 2.0, "out_group_r_range": 2.0, "friend_zone": [2, 23, 1, 31, 10, 30, 25, 20, 0, 18, 26, 13, 21, 9, 15, 8], "target": [60.0, 15.0], "target_a_strength": 22000000000, "radius": 0.3, "group_id": 1, "out_group_a_range": 2.8, "target_a_range": 435, "in_group_r_strength": 36, "out_group_a_strength": 11.428571428571429}], "frame_second": "300", "additional_id_existed_ped": {"0": [33, 34, 35], "1": [33, 34, 35], "2": [32, 34], "3": [33], "4": [35], "5": [32, 33, 34, 35], "6": [32, 33, 34, 35], "7": [], "8": [33, 34, 35], "9": [33], "10": [34], "11": [32, 34], "12": [32, 33, 34], "13": [33, 35], "14": [33], "15": [33, 34, 35], "16": [33], "17": [32], "18": [34, 35], "19": [32, 35], "20": [32], "21": [32, 33, 34], "22": [32, 35], "23": [32, 35], "24": [32], "25": [34], "26": [32, 33, 35], "27": [32, 33, 34], "28": [32, 33, 34, 35], "29": [], "30": [34, 35], "31": [32, 35]}}