{"pedestrian_list": [{"pedestrian_id": 176, "position": [-66.91546409657327, 16.273936936793014], "in_group_a_strength": 16, "in_group_a_range": 2.8, "attractor_count": 88, "out_group_r_strength": 50.4, "in_group_r_range": 2.0, "out_group_r_range": 2.0, "friend_zone": [43, 175, 132, 110, 65, 168, 142, 20, 56, 66, 146, 79, 62, 172, 11, 97, 154, 121, 143, 17, 77, 50, 15, 123, 145, 46, 2, 49, 103, 128, 151, 163, 80, 84, 69, 39, 10, 150, 71, 24, 94, 21, 160, 40, 134, 8, 14, 78, 55, 101, 124, 93, 148, 135, 144, 174, 41, 106, 107, 90, 114, 167, 137, 140, 131, 37, 122, 156, 18, 129, 57, 152, 68, 82, 72, 115, 0, 165, 105, 98, 33, 12, 28, 54, 104, 113, 38, 47], "target": [60.0, 15.0], "target_a_strength": 22000000000, "radius": 0.3, "group_id": 0, "out_group_a_range": 2.8, "target_a_range": 435, "in_group_r_strength": 36, "out_group_a_strength": 11.428571428571429}, {"pedestrian_id": 177, "position": [-60.407227292891314, 6.489389004793361], "in_group_a_strength": 16, "in_group_a_range": 2.8, "attractor_count": 88, "out_group_r_strength": 50.4, "in_group_r_range": 2.0, "out_group_r_range": 2.0, "friend_zone": [117, 49, 5, 170, 159, 92, 100, 2, 29, 75, 151, 152, 58, 145, 154, 104, 19, 121, 122, 52, 62, 64, 54, 45, 106, 51, 94, 35, 39, 115, 95, 84, 164, 103, 60, 129, 110, 102, 105, 141, 126, 80, 135, 113, 71, 99, 47, 138, 1, 173, 14, 133, 162, 86, 40, 26, 48, 158, 21, 30, 118, 149, 128, 147, 11, 12, 169, 101, 156, 97, 74, 134, 148, 63, 34, 114, 73, 153, 120, 112, 20, 119, 88, 6, 28, 70, 0, 41], "target": [60.0, 15.0], "target_a_strength": 22000000000, "radius": 0.3, "group_id": 0, "out_group_a_range": 2.8, "target_a_range": 435, "in_group_r_strength": 36, "out_group_a_strength": 11.428571428571429}, {"pedestrian_id": 178, "position": [-59.72580116530817, 16.912335505504835], "in_group_a_strength": 16, "in_group_a_range": 2.8, "attractor_count": 88, "out_group_r_strength": 50.4, "in_group_r_range": 2.0, "out_group_r_range": 2.0, "friend_zone": [172, 106, 49, 34, 78, 110, 35, 57, 70, 21, 127, 54, 164, 151, 133, 150, 112, 89, 25, 63, 0, 98, 38, 77, 123, 3, 167, 99, 24, 73, 4, 81, 39, 155, 134, 68, 17, 122, 86, 174, 126, 115, 76, 137, 147, 92, 56, 141, 120, 53, 97, 15, 117, 107, 80, 143, 6, 135, 8, 91, 104, 148, 145, 18, 160, 149, 66, 19, 159, 12, 60, 111, 51, 171, 173, 26, 69, 36, 153, 47, 29, 79, 175, 131, 20, 41, 55, 40], "target": [60.0, 15.0], "target_a_strength": 22000000000, "radius": 0.3, "group_id": 1, "out_group_a_range": 2.8, "target_a_range": 435, "in_group_r_strength": 36, "out_group_a_strength": 11.428571428571429}, {"pedestrian_id": 179, "position": [-49.356446395812036, 3.241353735414141], "in_group_a_strength": 16, "in_group_a_range": 2.8, "attractor_count": 88, "out_group_r_strength": 50.4, "in_group_r_range": 2.0, "out_group_r_range": 2.0, "friend_zone": [41, 42, 82, 62, 127, 130, 156, 57, 123, 159, 106, 109, 44, 128, 58, 40, 131, 113, 152, 175, 107, 120, 79, 101, 102, 27, 173, 93, 104, 157, 43, 45, 86, 148, 95, 151, 134, 111, 56, 146, 49, 3, 65, 132, 112, 88, 17, 121, 54, 99, 1, 145, 61, 161, 73, 122, 171, 92, 29, 31, 34, 116, 94, 59, 155, 64, 141, 11, 105, 66, 135, 160, 164, 81, 142, 119, 158, 172, 98, 70, 100, 143, 165, 114, 103, 67, 84, 16], "target": [60.0, 15.0], "target_a_strength": 22000000000, "radius": 0.3, "group_id": 1, "out_group_a_range": 2.8, "target_a_range": 435, "in_group_r_strength": 36, "out_group_a_strength": 11.428571428571429}], "frame_second": "3900", "additional_id_existed_ped": {"0": [176, 179], "1": [177, 179], "2": [176, 177, 178, 179], "3": [177, 178], "4": [177, 178, 179], "5": [176, 178], "6": [177, 179], "7": [176, 179], "8": [176, 178], "9": [176, 178], "10": [176, 177, 178], "11": [177, 178], "12": [176, 177, 178], "13": [177], "14": [178], "15": [176, 178], "16": [178, 179], "17": [176, 177, 179], "18": [176], "19": [178], "20": [177], "21": [176, 179], "22": [], "23": [177], "24": [176, 177, 178], "25": [177, 179], "26": [176, 177, 178, 179], "27": [178, 179], "28": [176, 177, 179], "29": [176, 177, 178], "30": [177, 178, 179], "31": [176, 177, 179], "32": [176, 179], "33": [177], "34": [176, 177, 178, 179], "35": [176, 177, 179], "36": [179], "37": [177, 178], "38": [177], "39": [], "40": [177, 178], "41": [178], "42": [176], "43": [176, 179], "44": [176, 179], "45": [177, 178, 179], "46": [179], "47": [], "48": [177, 179], "49": [176, 178], "50": [176, 177], "51": [176, 178, 179], "52": [176, 177, 178, 179], "53": [176, 177], "54": [176, 178], "55": [177], "56": [], "57": [177], "58": [177, 179], "59": [176], "60": [177], "61": [176, 179], "62": [177, 178], "63": [176, 178, 179], "64": [176, 177], "65": [177, 178, 179], "66": [176, 177, 178], "67": [176, 179], "68": [176, 178], "69": [176, 177, 178, 179], "70": [177, 178, 179], "71": [178, 179], "72": [177, 178, 179], "73": [176, 177, 179], "74": [176, 177, 178, 179], "75": [176, 178], "76": [177, 179], "77": [177], "78": [176, 177], "79": [176, 178], "80": [177], "81": [176, 179], "82": [176, 177], "83": [176, 178, 179], "84": [176, 179], "85": [176, 177, 178, 179], "86": [177, 178, 179], "87": [], "88": [177, 179], "89": [176, 177, 178, 179], "90": [176, 178], "91": [177, 178], "92": [176], "93": [177, 178, 179], "94": [177, 178], "95": [179], "96": [178, 179], "97": [176, 177, 179], "98": [178], "99": [179], "100": [176, 178], "101": [177], "102": [177, 178], "103": [177, 179], "104": [176], "105": [178, 179], "106": [177, 178], "107": [176, 179], "108": [176, 177], "109": [177, 179], "110": [178, 179], "111": [177], "112": [176, 177, 178], "113": [176, 177, 179], "114": [176, 177], "115": [176, 177, 178], "116": [178, 179], "117": [177, 178], "118": [178, 179], "119": [176, 178, 179], "120": [176, 178], "121": [178, 179], "122": [176, 177, 178], "123": [176, 179], "124": [176, 178, 179], "125": [], "126": [177, 179], "127": [176, 179], "128": [179], "129": [177, 179], "130": [176], "131": [178], "132": [176, 177], "133": [179], "134": [176, 178], "135": [177, 178, 179], "136": [177, 178, 179], "137": [176, 177, 178, 179], "138": [], "139": [176, 178, 179], "140": [177, 179], "141": [176, 177, 179], "142": [176], "143": [176, 178], "144": [178], "145": [176, 177, 178, 179], "146": [176, 177, 178], "147": [177], "148": [], "149": [177, 179], "150": [176, 178, 179], "151": [176, 177, 179], "152": [177], "153": [176, 178], "154": [179], "155": [176, 177, 179], "156": [179], "157": [176, 178], "158": [176, 177, 178], "159": [179], "160": [], "161": [178], "162": [178], "163": [], "164": [177, 179], "165": [176, 177, 178], "166": [176, 177, 178], "167": [176, 179], "168": [176, 178, 179], "169": [], "170": [178], "171": [176, 178, 179], "172": [176, 178], "173": [178, 179], "174": [176, 179], "175": [178, 179]}}