{"pedestrian_list": [{"pedestrian_id": 204, "position": [-56.47602082029494, -11.045226517963295], "in_group_a_strength": 16, "in_group_a_range": 2.8, "attractor_count": 102, "out_group_r_strength": 50.4, "in_group_r_range": 2.0, "out_group_r_range": 2.0, "friend_zone": [92, 22, 42, 36, 48, 176, 97, 28, 178, 81, 157, 179, 73, 192, 71, 100, 165, 203, 83, 126, 180, 129, 87, 138, 9, 14, 196, 142, 118, 164, 85, 90, 187, 55, 169, 38, 68, 52, 182, 121, 11, 10, 185, 112, 6, 23, 35, 43, 45, 7, 101, 134, 190, 107, 80, 170, 200, 86, 109, 131, 26, 117, 96, 84, 5, 44, 62, 63, 133, 152, 31, 167, 76, 58, 60, 47, 18, 110, 120, 95, 25, 123, 150, 102, 127, 195, 53, 50, 198, 137, 148, 74, 151, 46, 33, 163, 41, 130, 111, 75, 105, 21], "target": [60.0, -15.0], "target_a_strength": 22000000000, "radius": 0.3, "group_id": 0, "out_group_a_range": 2.8, "target_a_range": 435, "in_group_r_strength": 36, "out_group_a_strength": 11.428571428571429}, {"pedestrian_id": 205, "position": [-44.814633043849604, 7.798259211173295], "in_group_a_strength": 16, "in_group_a_range": 2.8, "attractor_count": 102, "out_group_r_strength": 50.4, "in_group_r_range": 2.0, "out_group_r_range": 2.0, "friend_zone": [37, 15, 153, 141, 46, 0, 94, 55, 48, 11, 98, 170, 161, 21, 147, 166, 191, 171, 57, 74, 145, 148, 66, 64, 7, 42, 135, 36, 103, 2, 49, 186, 105, 137, 71, 146, 44, 120, 25, 196, 41, 152, 160, 119, 189, 31, 116, 19, 151, 190, 133, 172, 142, 177, 117, 164, 13, 87, 82, 131, 188, 84, 163, 138, 75, 8, 158, 3, 1, 136, 140, 104, 155, 106, 86, 165, 79, 150, 68, 198, 54, 23, 89, 123, 40, 121, 162, 124, 32, 16, 65, 134, 176, 17, 96, 126, 130, 27, 60, 185, 88, 108], "target": [60.0, 15.0], "target_a_strength": 22000000000, "radius": 0.3, "group_id": 0, "out_group_a_range": 2.8, "target_a_range": 435, "in_group_r_strength": 36, "out_group_a_strength": 11.428571428571429}, {"pedestrian_id": 206, "position": [-40.87606067468237, 22.757181450461335], "in_group_a_strength": 16, "in_group_a_range": 2.8, "attractor_count": 102, "out_group_r_strength": 50.4, "in_group_r_range": 2.0, "out_group_r_range": 2.0, "friend_zone": [95, 29, 8, 191, 162, 13, 201, 85, 97, 19, 130, 41, 54, 37, 108, 82, 183, 174, 116, 22, 169, 101, 140, 26, 134, 48, 47, 42, 27, 38, 135, 0, 10, 165, 151, 104, 75, 136, 71, 155, 188, 173, 3, 34, 16, 150, 195, 153, 91, 199, 96, 86, 123, 89, 103, 118, 172, 147, 1, 7, 190, 92, 160, 133, 131, 46, 11, 51, 161, 125, 58, 64, 52, 23, 194, 167, 144, 198, 192, 119, 111, 20, 79, 171, 88, 186, 196, 25, 203, 78, 90, 193, 110, 36, 107, 126, 127, 33, 149, 185, 87, 112], "target": [60.0, 15.0], "target_a_strength": 22000000000, "radius": 0.3, "group_id": 1, "out_group_a_range": 2.8, "target_a_range": 435, "in_group_r_strength": 36, "out_group_a_strength": 11.428571428571429}, {"pedestrian_id": 207, "position": [-59.7632690707325, 1.3073452989595236], "in_group_a_strength": 16, "in_group_a_range": 2.8, "attractor_count": 102, "out_group_r_strength": 50.4, "in_group_r_range": 2.0, "out_group_r_range": 2.0, "friend_zone": [156, 182, 11, 173, 79, 27, 23, 181, 85, 22, 145, 95, 112, 128, 86, 149, 200, 91, 116, 167, 114, 191, 187, 99, 24, 184, 101, 12, 93, 203, 165, 17, 103, 110, 70, 170, 33, 62, 69, 13, 142, 39, 127, 183, 21, 121, 0, 43, 54, 84, 132, 197, 192, 76, 57, 148, 35, 150, 177, 176, 159, 193, 5, 7, 40, 201, 80, 102, 14, 140, 26, 37, 78, 74, 163, 4, 30, 109, 48, 146, 175, 53, 188, 34, 45, 106, 180, 31, 137, 88, 154, 171, 9, 29, 20, 51, 3, 158, 169, 66, 153, 131], "target": [60.0, 15.0], "target_a_strength": 22000000000, "radius": 0.3, "group_id": 1, "out_group_a_range": 2.8, "target_a_range": 435, "in_group_r_strength": 36, "out_group_a_strength": 11.428571428571429}], "frame_second": "4600", "additional_id_existed_ped": {"0": [205, 206], "1": [204, 206, 207], "2": [204, 205, 206], "3": [], "4": [205, 206], "5": [205, 206, 207], "6": [206, 207], "7": [204, 205, 206], "8": [204], "9": [204, 205, 206, 207], "10": [204, 207], "11": [204, 205, 206, 207], "12": [204, 205, 207], "13": [204], "14": [204, 206], "15": [205, 207], "16": [204, 207], "17": [204, 205, 207], "18": [204, 207], "19": [205, 206], "20": [205], "21": [], "22": [204, 205, 206], "23": [204, 205, 206, 207], "24": [206], "25": [204, 207], "26": [204, 207], "27": [205, 206, 207], "28": [204, 206, 207], "29": [204, 207], "30": [205], "31": [204, 206], "32": [204], "33": [204, 206, 207], "34": [], "35": [204, 206], "36": [204, 205], "37": [205, 206, 207], "38": [206, 207], "39": [204, 205], "40": [205, 207], "41": [], "42": [204, 205], "43": [206, 207], "44": [204], "45": [205, 206], "46": [204, 205], "47": [207], "48": [204], "49": [204, 207], "50": [206], "51": [205, 206, 207], "52": [204, 205, 206], "53": [204], "54": [205, 206, 207], "55": [205], "56": [204, 205], "57": [204, 206, 207], "58": [205, 206], "59": [204, 205, 206], "60": [204, 205, 206], "61": [207], "62": [204, 206], "63": [204, 207], "64": [205], "65": [206, 207], "66": [205], "67": [204, 205], "68": [205, 207], "69": [204], "70": [], "71": [204, 205, 207], "72": [204, 205], "73": [204, 205, 207], "74": [204, 206, 207], "75": [207], "76": [207], "77": [205, 206], "78": [204, 206], "79": [207], "80": [204, 205, 206], "81": [205], "82": [206, 207], "83": [], "84": [206], "85": [207], "86": [206, 207], "87": [], "88": [204, 205, 206, 207], "89": [207], "90": [204, 206], "91": [205], "92": [204, 205, 206], "93": [204, 205, 206], "94": [204, 205, 206], "95": [205, 207], "96": [204, 205, 207], "97": [204], "98": [207], "99": [205], "100": [204, 206, 207], "101": [204, 205, 206, 207], "102": [206, 207], "103": [204, 206, 207], "104": [207], "105": [204, 206], "106": [204, 205, 206, 207], "107": [204, 205, 206, 207], "108": [], "109": [204, 206, 207], "110": [204, 205, 206, 207], "111": [207], "112": [204, 206, 207], "113": [204, 207], "114": [206, 207], "115": [204, 205], "116": [206, 207], "117": [205, 206, 207], "118": [206], "119": [204, 205, 206], "120": [205, 207], "121": [205], "122": [205, 206], "123": [207], "124": [204, 206, 207], "125": [204, 205, 206, 207], "126": [204, 206], "127": [], "128": [207], "129": [205, 207], "130": [204, 206], "131": [205, 206, 207], "132": [205], "133": [207], "134": [204, 205, 206, 207], "135": [204, 205, 206], "136": [204, 205, 207], "137": [207], "138": [], "139": [204, 206], "140": [207], "141": [206, 207], "142": [205, 207], "143": [204, 207], "144": [205, 206, 207], "145": [204, 206, 207], "146": [204, 206], "147": [205, 206], "148": [205, 206], "149": [], "150": [205, 207], "151": [206, 207], "152": [205], "153": [205], "154": [205, 206, 207], "155": [204], "156": [206], "157": [204], "158": [204, 205, 206], "159": [204, 205], "160": [205, 206, 207], "161": [204, 206], "162": [205, 206], "163": [204, 207], "164": [204, 207], "165": [205, 206, 207], "166": [206], "167": [205, 206], "168": [205], "169": [206], "170": [204, 206, 207], "171": [205], "172": [205, 206, 207], "173": [204, 205, 207], "174": [206, 207], "175": [204, 205], "176": [204, 205, 207], "177": [204, 205, 206], "178": [], "179": [204, 205], "180": [204, 205], "181": [204, 205, 206, 207], "182": [204, 205, 206], "183": [204, 206, 207], "184": [204, 207], "185": [204, 205, 207], "186": [205], "187": [206], "188": [204, 206, 207], "189": [207], "190": [205, 206], "191": [207], "192": [204], "193": [204, 205, 207], "194": [204, 205, 206, 207], "195": [206], "196": [205, 207], "197": [205, 206], "198": [206], "199": [204, 205], "200": [205, 206], "201": [207], "202": [204, 205, 207], "203": [204, 205, 206, 207]}}