{"pedestrian_list": [{"pedestrian_id": 232, "position": [-39.6100279994761, 9.079436762914819], "in_group_a_strength": 16, "in_group_a_range": 2.8, "attractor_count": 116, "out_group_r_strength": 50.4, "in_group_r_range": 2.0, "out_group_r_range": 2.0, "friend_zone": [212, 91, 11, 148, 183, 17, 208, 120, 65, 109, 92, 226, 22, 175, 153, 77, 124, 164, 35, 102, 182, 60, 89, 4, 179, 121, 48, 81, 140, 119, 25, 10, 215, 203, 96, 122, 7, 156, 196, 54, 169, 227, 41, 117, 147, 88, 111, 222, 198, 188, 213, 33, 42, 52, 51, 167, 209, 105, 143, 228, 75, 12, 229, 149, 184, 112, 125, 192, 202, 9, 195, 219, 19, 157, 180, 49, 16, 62, 39, 5, 14, 221, 71, 31, 84, 127, 160, 27, 223, 142, 214, 207, 44, 87, 86, 97, 144, 132, 126, 130, 46, 162, 59, 185, 163, 98, 225, 82, 100, 224, 73, 29, 99, 56, 211, 0], "target": [60.0, 15.0], "target_a_strength": 22000000000, "radius": 0.3, "group_id": 0, "out_group_a_range": 2.8, "target_a_range": 435, "in_group_r_strength": 36, "out_group_a_strength": 11.428571428571429}, {"pedestrian_id": 233, "position": [-67.5411071580918, -7.1256703977059415], "in_group_a_strength": 16, "in_group_a_range": 2.8, "attractor_count": 116, "out_group_r_strength": 50.4, "in_group_r_range": 2.0, "out_group_r_range": 2.0, "friend_zone": [169, 209, 124, 50, 221, 101, 37, 88, 103, 219, 44, 122, 196, 213, 193, 225, 218, 64, 60, 80, 143, 86, 49, 163, 177, 19, 63, 170, 55, 67, 175, 99, 208, 115, 150, 30, 89, 96, 164, 142, 24, 154, 94, 100, 9, 41, 202, 0, 17, 151, 155, 217, 181, 118, 110, 227, 195, 4, 81, 92, 121, 222, 87, 8, 5, 139, 73, 75, 132, 152, 34, 85, 40, 111, 91, 179, 131, 104, 58, 144, 167, 108, 137, 171, 12, 32, 119, 231, 183, 7, 112, 54, 197, 47, 13, 168, 159, 45, 189, 188, 134, 135, 224, 187, 69, 10, 203, 198, 15, 146, 18, 136, 148, 192, 46, 36], "target": [60.0, -15.0], "target_a_strength": 22000000000, "radius": 0.3, "group_id": 0, "out_group_a_range": 2.8, "target_a_range": 435, "in_group_r_strength": 36, "out_group_a_strength": 11.428571428571429}, {"pedestrian_id": 234, "position": [-55.20817949821243, -6.4902634078523915], "in_group_a_strength": 16, "in_group_a_range": 2.8, "attractor_count": 116, "out_group_r_strength": 50.4, "in_group_r_range": 2.0, "out_group_r_range": 2.0, "friend_zone": [199, 164, 130, 179, 206, 106, 194, 67, 78, 213, 15, 202, 36, 172, 128, 25, 48, 200, 46, 65, 99, 93, 75, 184, 193, 27, 162, 54, 44, 230, 98, 187, 55, 88, 149, 156, 121, 135, 208, 171, 146, 223, 5, 190, 3, 113, 2, 109, 39, 24, 210, 71, 77, 49, 204, 40, 52, 72, 58, 12, 148, 96, 59, 53, 154, 9, 177, 38, 182, 165, 180, 169, 91, 170, 76, 51, 92, 43, 34, 137, 153, 89, 120, 183, 158, 80, 216, 217, 219, 45, 30, 144, 157, 118, 227, 141, 21, 159, 126, 37, 129, 150, 191, 163, 176, 185, 29, 41, 173, 0, 19, 188, 50, 207, 189, 112], "target": [60.0, -15.0], "target_a_strength": 22000000000, "radius": 0.3, "group_id": 1, "out_group_a_range": 2.8, "target_a_range": 435, "in_group_r_strength": 36, "out_group_a_strength": 11.428571428571429}, {"pedestrian_id": 235, "position": [-66.24588528398785, -22.124299113105618], "in_group_a_strength": 16, "in_group_a_range": 2.8, "attractor_count": 116, "out_group_r_strength": 50.4, "in_group_r_range": 2.0, "out_group_r_range": 2.0, "friend_zone": [169, 40, 67, 161, 91, 213, 194, 2, 83, 84, 159, 78, 145, 105, 102, 180, 15, 200, 176, 82, 73, 157, 76, 68, 99, 175, 87, 158, 80, 93, 47, 18, 29, 129, 192, 186, 109, 70, 201, 43, 144, 128, 69, 77, 212, 126, 16, 166, 164, 143, 182, 202, 32, 132, 42, 227, 58, 163, 118, 34, 130, 142, 204, 51, 27, 229, 183, 6, 173, 133, 81, 106, 160, 179, 138, 191, 100, 209, 190, 207, 49, 214, 56, 230, 53, 117, 46, 21, 122, 50, 9, 148, 71, 94, 17, 184, 156, 72, 153, 36, 208, 199, 95, 140, 1, 165, 216, 226, 52, 4, 188, 155, 141, 137, 197, 168], "target": [60.0, -15.0], "target_a_strength": 22000000000, "radius": 0.3, "group_id": 1, "out_group_a_range": 2.8, "target_a_range": 435, "in_group_r_strength": 36, "out_group_a_strength": 11.428571428571429}], "frame_second": "5300", "additional_id_existed_ped": {"0": [232, 233, 235], "1": [232, 234], "2": [233, 234, 235], "3": [232, 233, 234, 235], "4": [232, 233, 235], "5": [233, 234], "6": [235], "7": [233, 234], "8": [232, 235], "9": [234], "10": [233, 235], "11": [232, 233, 234], "12": [234], "13": [235], "14": [232, 234, 235], "15": [232, 235], "16": [], "17": [234], "18": [233], "19": [234], "20": [233, 235], "21": [234], "22": [234, 235], "23": [232, 234, 235], "24": [233], "25": [232, 233], "26": [232, 233, 235], "27": [233], "28": [], "29": [], "30": [], "31": [232, 234, 235], "32": [233, 234, 235], "33": [232, 233, 235], "34": [234, 235], "35": [233, 234], "36": [234, 235], "37": [232, 234], "38": [233], "39": [], "40": [233, 234, 235], "41": [233, 235], "42": [234, 235], "43": [232, 233, 234, 235], "44": [232, 233], "45": [232, 235], "46": [232], "47": [232, 234], "48": [232, 234, 235], "49": [234], "50": [235], "51": [233, 234, 235], "52": [232, 233, 234], "53": [234, 235], "54": [233, 234], "55": [234, 235], "56": [232, 234], "57": [234], "58": [232, 234], "59": [232, 233], "60": [232, 235], "61": [232, 233], "62": [233, 234], "63": [234], "64": [234], "65": [232, 234], "66": [232, 235], "67": [232, 234], "68": [232, 233, 234, 235], "69": [233, 234, 235], "70": [234, 235], "71": [232, 233, 234, 235], "72": [232, 233, 235], "73": [234, 235], "74": [232, 233], "75": [232], "76": [232, 233, 235], "77": [232, 234, 235], "78": [232], "79": [232, 233], "80": [233], "81": [232, 233, 235], "82": [233, 234], "83": [232, 235], "84": [233], "85": [232], "86": [232], "87": [232, 234], "88": [232, 235], "89": [232, 233, 235], "90": [233], "91": [235], "92": [233], "93": [232, 234, 235], "94": [232], "95": [232, 235], "96": [233, 234], "97": [232, 233, 234], "98": [232, 233, 235], "99": [232], "100": [232, 234, 235], "101": [233], "102": [233, 234, 235], "103": [232, 233, 234, 235], "104": [233], "105": [232], "106": [232, 234], "107": [233, 234], "108": [234], "109": [232, 233, 234, 235], "110": [232, 235], "111": [232, 233], "112": [235], "113": [232, 233, 234, 235], "114": [], "115": [233, 234, 235], "116": [234], "117": [233, 235], "118": [233, 234], "119": [235], "120": [235], "121": [232, 234, 235], "122": [232, 234, 235], "123": [232, 234, 235], "124": [233, 235], "125": [232, 233, 234, 235], "126": [233, 235], "127": [235], "128": [232, 233, 235], "129": [232, 235], "130": [234], "131": [232, 233, 234], "132": [], "133": [233], "134": [233, 234, 235], "135": [232], "136": [233, 235], "137": [232, 234, 235], "138": [232, 233, 234, 235], "139": [234], "140": [232, 234, 235], "141": [232, 234, 235], "142": [232, 233, 234, 235], "143": [233, 234, 235], "144": [233, 234], "145": [234, 235], "146": [234], "147": [233, 234], "148": [233, 234], "149": [232], "150": [232, 233, 235], "151": [232, 233, 234], "152": [233, 234], "153": [235], "154": [], "155": [232, 233, 234, 235], "156": [232, 233], "157": [233, 235], "158": [], "159": [232, 233, 234, 235], "160": [233, 234, 235], "161": [232, 233, 235], "162": [232, 233, 235], "163": [233, 234], "164": [232, 233, 235], "165": [232, 233, 234], "166": [233, 235], "167": [233, 234], "168": [233, 234], "169": [232, 234], "170": [233, 234, 235], "171": [234, 235], "172": [232], "173": [233], "174": [232, 233], "175": [232, 235], "176": [234], "177": [232, 235], "178": [232], "179": [234], "180": [232, 233, 235], "181": [232, 233, 234], "182": [235], "183": [233, 235], "184": [233], "185": [232, 233], "186": [232, 233], "187": [232, 233, 234], "188": [234, 235], "189": [232, 233, 235], "190": [233, 235], "191": [232, 234], "192": [232], "193": [232, 234, 235], "194": [232, 234], "195": [233, 235], "196": [234], "197": [234], "198": [232, 233, 234], "199": [232, 235], "200": [232, 235], "201": [], "202": [234, 235], "203": [232, 233, 234], "204": [234], "205": [233, 235], "206": [234, 235], "207": [232, 234], "208": [233, 235], "209": [232], "210": [232, 233, 234, 235], "211": [232, 233, 235], "212": [233, 234, 235],