{"pedestrian_list": [{"pedestrian_id": 240, "position": [-56.49395353389399, -3.910269167865091], "in_group_a_strength": 16, "in_group_a_range": 2.8, "attractor_count": 120, "out_group_r_strength": 50.4, "in_group_r_range": 2.0, "out_group_r_range": 2.0, "friend_zone": [150, 98, 11, 226, 170, 19, 12, 66, 33, 84, 90, 180, 45, 28, 193, 159, 17, 83, 199, 30, 220, 51, 132, 162, 92, 61, 22, 53, 125, 227, 216, 82, 109, 34, 157, 69, 179, 225, 205, 136, 135, 107, 130, 7, 108, 102, 57, 129, 23, 96, 87, 215, 72, 237, 202, 48, 133, 6, 106, 128, 60, 217, 115, 29, 26, 176, 36, 198, 204, 233, 143, 91, 196, 187, 174, 188, 14, 31, 116, 113, 110, 39, 203, 79, 105, 67, 120, 56, 119, 65, 167, 21, 111, 40, 211, 210, 9, 201, 148, 177, 74, 131, 49, 165, 114, 186, 62, 151, 54, 191, 118, 228, 221, 101, 212, 238, 232, 218, 207, 178], "target": [60.0, -15.0], "target_a_strength": 22000000000, "radius": 0.3, "group_id": 0, "out_group_a_range": 2.8, "target_a_range": 435, "in_group_r_strength": 36, "out_group_a_strength": 11.428571428571429}, {"pedestrian_id": 241, "position": [-58.46890939634334, -1.950465141660452], "in_group_a_strength": 16, "in_group_a_range": 2.8, "attractor_count": 120, "out_group_r_strength": 50.4, "in_group_r_range": 2.0, "out_group_r_range": 2.0, "friend_zone": [180, 227, 212, 131, 92, 4, 30, 0, 236, 235, 161, 77, 76, 90, 166, 28, 205, 151, 60, 171, 52, 181, 80, 2, 187, 174, 143, 126, 50, 25, 27, 43, 155, 84, 82, 153, 88, 108, 196, 14, 216, 154, 69, 141, 115, 65, 132, 218, 67, 38, 184, 81, 183, 193, 40, 209, 217, 5, 133, 17, 49, 12, 45, 148, 177, 71, 173, 20, 175, 225, 6, 18, 229, 36, 105, 189, 192, 93, 59, 24, 26, 122, 62, 137, 190, 210, 29, 100, 211, 99, 116, 95, 16, 118, 135, 41, 191, 117, 103, 198, 107, 207, 134, 68, 215, 98, 156, 168, 228, 202, 179, 1, 10, 146, 224, 220, 114, 197, 58, 149], "target": [60.0, -15.0], "target_a_strength": 22000000000, "radius": 0.3, "group_id": 0, "out_group_a_range": 2.8, "target_a_range": 435, "in_group_r_strength": 36, "out_group_a_strength": 11.428571428571429}, {"pedestrian_id": 242, "position": [-40.88516490715268, 7.8094713071655235], "in_group_a_strength": 16, "in_group_a_range": 2.8, "attractor_count": 120, "out_group_r_strength": 50.4, "in_group_r_range": 2.0, "out_group_r_range": 2.0, "friend_zone": [129, 187, 171, 50, 192, 194, 167, 59, 164, 137, 73, 84, 206, 51, 233, 76, 230, 193, 58, 105, 65, 7, 86, 12, 125, 31, 143, 120, 18, 180, 45, 168, 87, 126, 85, 6, 197, 155, 2, 135, 21, 54, 234, 96, 107, 29, 20, 223, 114, 32, 170, 214, 17, 9, 136, 72, 130, 49, 175, 213, 70, 182, 71, 128, 184, 75, 56, 132, 116, 121, 11, 179, 146, 15, 153, 53, 165, 25, 156, 181, 200, 98, 112, 134, 0, 207, 185, 150, 39, 4, 210, 8, 69, 67, 19, 111, 122, 140, 108, 212, 196, 225, 106, 104, 172, 174, 183, 81, 63, 195, 78, 149, 166, 42, 43, 40, 188, 237, 124, 224], "target": [60.0, 15.0], "target_a_strength": 22000000000, "radius": 0.3, "group_id": 1, "out_group_a_range": 2.8, "target_a_range": 435, "in_group_r_strength": 36, "out_group_a_strength": 11.428571428571429}, {"pedestrian_id": 243, "position": [-51.29529089159181, -22.728521522154075], "in_group_a_strength": 16, "in_group_a_range": 2.8, "attractor_count": 120, "out_group_r_strength": 50.4, "in_group_r_range": 2.0, "out_group_r_range": 2.0, "friend_zone": [89, 77, 132, 175, 222, 152, 44, 224, 194, 112, 52, 111, 136, 19, 27, 123, 158, 18, 234, 200, 230, 190, 24, 47, 193, 56, 140, 59, 237, 143, 159, 153, 65, 188, 168, 141, 146, 16, 14, 49, 88, 69, 229, 15, 22, 187, 138, 160, 100, 5, 223, 92, 31, 211, 169, 197, 156, 8, 113, 70, 109, 94, 116, 53, 87, 83, 220, 74, 196, 84, 218, 20, 191, 42, 137, 43, 75, 176, 207, 81, 217, 185, 117, 82, 66, 186, 76, 145, 63, 122, 231, 199, 9, 64, 2, 104, 238, 130, 34, 170, 101, 99, 183, 189, 181, 4, 78, 163, 58, 127, 60, 103, 128, 51, 235, 32, 80, 148, 201, 121], "target": [60.0, -15.0], "target_a_strength": 22000000000, "radius": 0.3, "group_id": 1, "out_group_a_range": 2.8, "target_a_range": 435, "in_group_r_strength": 36, "out_group_a_strength": 11.428571428571429}], "frame_second": "5500", "additional_id_existed_ped": {"0": [240, 241, 243], "1": [242], "2": [242, 243], "3": [240, 241, 243], "4": [241], "5": [241, 242, 243], "6": [240, 243], "7": [242, 243], "8": [240, 242], "9": [240, 242], "10": [240, 242, 243], "11": [241, 243], "12": [243], "13": [240, 242], "14": [241], "15": [240, 243], "16": [241, 243], "17": [], "18": [242, 243], "19": [240, 242, 243], "20": [241], "21": [240, 242, 243], "22": [241], "23": [240, 241, 243], "24": [242, 243], "25": [240, 242, 243], "26": [240, 242], "27": [241, 242, 243], "28": [240, 241, 243], "29": [240, 241, 243], "30": [240, 241, 242], "31": [240, 241], "32": [243], "33": [240, 242], "34": [240, 241, 243], "35": [240, 241, 243], "36": [241, 242, 243], "37": [240, 241, 242], "38": [240, 241, 242, 243], "39": [241, 242, 243], "40": [241, 242], "41": [240, 241, 243], "42": [242, 243], "43": [240, 243], "44": [241, 242], "45": [240], "46": [241], "47": [240, 241], "48": [243], "49": [240, 241, 243], "50": [241, 242, 243], "51": [241, 242], "52": [241, 242, 243], "53": [240, 241], "54": [242, 243], "55": [240, 242, 243], "56": [], "57": [241, 242], "58": [242], "59": [240, 242], "60": [241, 242], "61": [241, 242], "62": [240, 241, 243], "63": [241, 243], "64": [240], "65": [241], "66": [240, 242], "67": [240, 242], "68": [241, 243], "69": [240, 242], "70": [241, 242], "71": [240, 241], "72": [240, 241, 243], "73": [242, 243], "74": [242, 243], "75": [240, 243], "76": [242, 243], "77": [240, 242], "78": [242, 243], "79": [240, 241, 243], "80": [240, 241, 242, 243], "81": [240, 241, 242], "82": [240, 241, 242], "83": [242, 243], "84": [241, 242, 243], "85": [], "86": [241], "87": [240, 243], "88": [], "89": [240, 241, 242], "90": [242, 243], "91": [240, 241, 242], "92": [241, 243], "93": [], "94": [240, 243], "95": [240, 243], "96": [240, 241, 243], "97": [241, 242, 243], "98": [241], "99": [240, 243], "100": [240, 241, 243], "101": [241], "102": [240, 243], "103": [241, 242], "104": [240], "105": [241, 242, 243], "106": [240, 242], "107": [240, 241, 242, 243], "108": [240, 241, 242], "109": [240, 242, 243], "110": [241, 242], "111": [240, 242, 243], "112": [241], "113": [241, 243], "114": [240, 241], "115": [241], "116": [], "117": [240, 241, 242], "118": [242], "119": [241, 242, 243], "120": [240, 241, 242], "121": [240, 243], "122": [240, 242, 243], "123": [240, 242, 243], "124": [240, 241, 242], "125": [242, 243], "126": [241], "127": [240, 241], "128": [241, 243], "129": [240, 241, 242], "130": [240, 242], "131": [240, 241, 243], "132": [241, 242], "133": [241, 242], "134": [240, 242, 243], "135": [241, 242], "136": [240, 241, 242], "137": [243], "138": [242, 243], "139": [242, 243], "140": [240, 243], "141": [241, 243], "142": [240], "143": [240, 241, 242], "144": [240, 242], "145": [], "146": [240, 241], "147": [240, 243], "148": [242], "149": [240, 241], "150": [240, 243], "151": [240], "152": [240, 243], "153": [], "154": [240, 241], "155": [242], "156": [240, 243], "157": [242, 243], "158": [240, 242], "159": [240, 241, 242, 243], "160": [], "161": [241], "162": [241], "163": [241, 242], "164": [243], "165": [243], "166": [240, 242], "167": [], "168": [], "169": [242], "170": [], "171": [241, 243], "172": [241, 242, 243], "173": [240, 241, 242], "174": [242], "175": [240], "176": [240, 242], "177": [242, 243], "178": [240, 241], "179": [240, 243], "180": [240, 242, 243], "181": [242, 243], "182": [240, 241, 242], "183": [242], "184": [243], "185": [241, 242], "186": [240, 241, 242, 243], "187": [242, 243], "188": [240, 242], "189": [240, 241, 242], "190": [241, 242], "191": [240, 241], "192": [240], "193": [], "194": [241], "195": [241, 243], "196": [243], "197": [241, 242], "198": [243], "199": [240, 242, 243], "200": [242, 243], "201": [240, 243], "202": [242, 243], "203": [240, 243], "204": [241, 243], "205": [240, 242], "206": [241], "207": [240, 241, 242], "208": [241, 243], "209": [240, 241],