{"pedestrian_list": [{"pedestrian_id": 216, "position": [-37.01382259661104, 23.423323479515442], "in_group_a_strength": 16, "in_group_a_range": 2.8, "attractor_count": 108, "out_group_r_strength": 50.4, "in_group_r_range": 2.0, "out_group_r_range": 2.0, "friend_zone": [48, 0, 93, 26, 109, 13, 174, 79, 135, 62, 179, 5, 35, 209, 184, 155, 12, 111, 147, 36, 177, 139, 167, 84, 191, 168, 70, 31, 100, 40, 175, 50, 134, 129, 83, 63, 114, 39, 170, 160, 122, 214, 193, 8, 92, 121, 94, 14, 42, 20, 16, 203, 199, 146, 163, 64, 45, 95, 22, 41, 171, 82, 74, 145, 128, 211, 198, 91, 107, 110, 182, 189, 49, 44, 215, 133, 183, 190, 17, 112, 196, 116, 90, 34, 157, 80, 33, 18, 208, 19, 58, 158, 3, 136, 1, 106, 169, 185, 78, 192, 61, 101, 98, 152, 210, 88, 206, 140], "target": [60.0, 15.0], "target_a_strength": 22000000000, "radius": 0.3, "group_id": 0, "out_group_a_range": 2.8, "target_a_range": 435, "in_group_r_strength": 36, "out_group_a_strength": 11.428571428571429}, {"pedestrian_id": 217, "position": [-35.07115475102157, -10.424633539446523], "in_group_a_strength": 16, "in_group_a_range": 2.8, "attractor_count": 108, "out_group_r_strength": 50.4, "in_group_r_range": 2.0, "out_group_r_range": 2.0, "friend_zone": [164, 166, 139, 111, 44, 141, 120, 84, 140, 5, 154, 179, 33, 57, 13, 131, 61, 45, 71, 117, 97, 52, 192, 70, 64, 153, 172, 160, 129, 167, 136, 203, 2, 16, 4, 177, 85, 21, 87, 28, 169, 100, 155, 103, 39, 43, 47, 29, 79, 186, 17, 23, 78, 161, 92, 50, 174, 104, 208, 89, 116, 41, 215, 170, 151, 67, 60, 27, 105, 110, 63, 163, 144, 112, 34, 175, 36, 101, 48, 88, 76, 156, 14, 204, 124, 138, 106, 51, 56, 145, 121, 142, 37, 99, 9, 148, 91, 159, 165, 132, 46, 8, 122, 49, 207, 201, 54, 107], "target": [60.0, -15.0], "target_a_strength": 22000000000, "radius": 0.3, "group_id": 0, "out_group_a_range": 2.8, "target_a_range": 435, "in_group_r_strength": 36, "out_group_a_strength": 11.428571428571429}, {"pedestrian_id": 218, "position": [-62.34382362259533, -12.332468629981921], "in_group_a_strength": 16, "in_group_a_range": 2.8, "attractor_count": 108, "out_group_r_strength": 50.4, "in_group_r_range": 2.0, "out_group_r_range": 2.0, "friend_zone": [172, 90, 213, 41, 8, 81, 194, 184, 44, 190, 30, 56, 193, 204, 120, 103, 143, 168, 122, 40, 33, 93, 38, 43, 212, 0, 57, 61, 118, 16, 82, 209, 159, 49, 112, 94, 48, 25, 7, 51, 47, 133, 185, 4, 100, 211, 18, 173, 117, 106, 35, 116, 205, 46, 149, 34, 22, 74, 2, 10, 36, 95, 54, 139, 186, 160, 76, 84, 31, 109, 126, 104, 150, 32, 128, 23, 37, 70, 124, 26, 148, 113, 114, 102, 188, 147, 130, 156, 200, 55, 180, 127, 14, 97, 92, 99, 80, 39, 15, 50, 214, 176, 71, 162, 161, 83, 86, 12], "target": [60.0, -15.0], "target_a_strength": 22000000000, "radius": 0.3, "group_id": 1, "out_group_a_range": 2.8, "target_a_range": 435, "in_group_r_strength": 36, "out_group_a_strength": 11.428571428571429}, {"pedestrian_id": 219, "position": [-53.23059936467244, 11.072040096033424], "in_group_a_strength": 16, "in_group_a_range": 2.8, "attractor_count": 108, "out_group_r_strength": 50.4, "in_group_r_range": 2.0, "out_group_r_range": 2.0, "friend_zone": [128, 100, 39, 177, 87, 32, 99, 189, 204, 186, 145, 78, 141, 191, 152, 76, 106, 172, 40, 17, 116, 175, 105, 94, 37, 44, 19, 157, 51, 148, 74, 80, 64, 18, 57, 166, 33, 205, 11, 9, 201, 6, 1, 50, 134, 126, 98, 38, 63, 213, 215, 65, 2, 101, 79, 125, 43, 135, 112, 161, 136, 123, 143, 68, 124, 179, 196, 81, 169, 3, 178, 197, 53, 170, 56, 27, 20, 149, 69, 212, 103, 12, 77, 46, 59, 31, 133, 171, 62, 36, 16, 163, 15, 181, 24, 48, 207, 160, 111, 209, 154, 151, 93, 26, 119, 54, 4, 58], "target": [60.0, 15.0], "target_a_strength": 22000000000, "radius": 0.3, "group_id": 1, "out_group_a_range": 2.8, "target_a_range": 435, "in_group_r_strength": 36, "out_group_a_strength": 11.428571428571429}], "frame_second": "4900", "additional_id_existed_ped": {"0": [216, 217], "1": [217, 218], "2": [219], "3": [218], "4": [], "5": [216, 218, 219], "6": [216, 219], "7": [], "8": [], "9": [216, 217], "10": [217, 218, 219], "11": [], "12": [216], "13": [216, 217, 218, 219], "14": [], "15": [216], "16": [217, 218, 219], "17": [216, 217, 219], "18": [216, 217], "19": [217, 219], "20": [217, 218, 219], "21": [], "22": [216, 218, 219], "23": [218, 219], "24": [216], "25": [219], "26": [216, 219], "27": [216, 217, 218, 219], "28": [216, 217, 218], "29": [216, 218], "30": [216, 217, 218], "31": [216, 217, 219], "32": [216, 217, 218, 219], "33": [219], "34": [216, 217], "35": [], "36": [216, 217, 218], "37": [216, 217], "38": [219], "39": [216], "40": [216, 217], "41": [216, 217], "42": [216, 217, 218, 219], "43": [217, 218, 219], "44": [217, 219], "45": [219], "46": [218], "47": [217], "48": [216, 218], "49": [216, 217, 219], "50": [218], "51": [216], "52": [217, 218, 219], "53": [216, 219], "54": [216, 217], "55": [218], "56": [216, 217], "57": [], "58": [217, 218], "59": [216, 217], "60": [216, 217, 218, 219], "61": [216, 217, 218, 219], "62": [216, 217, 218], "63": [216, 217, 218], "64": [216, 217, 218], "65": [216], "66": [216, 217, 218], "67": [218], "68": [], "69": [219], "70": [217, 218, 219], "71": [217, 218, 219], "72": [216, 217], "73": [216, 217, 219], "74": [216, 218, 219], "75": [216, 217, 218, 219], "76": [217, 218], "77": [216, 218, 219], "78": [218, 219], "79": [218, 219], "80": [216, 218, 219], "81": [216, 217, 219], "82": [216], "83": [216, 218], "84": [216, 218], "85": [218, 219], "86": [216, 217, 219], "87": [216, 219], "88": [216, 217, 218, 219], "89": [219], "90": [216, 217, 219], "91": [216, 217, 218, 219], "92": [217], "93": [218, 219], "94": [217], "95": [216, 218, 219], "96": [], "97": [217], "98": [218], "99": [216, 217, 218], "100": [216, 218, 219], "101": [218], "102": [216, 217, 219], "103": [218], "104": [216, 217, 218, 219], "105": [217, 218, 219], "106": [219], "107": [217, 218, 219], "108": [217, 218], "109": [218, 219], "110": [217, 218], "111": [216, 217, 218], "112": [217], "113": [217], "114": [216, 218, 219], "115": [218, 219], "116": [216, 217, 218, 219], "117": [217, 219], "118": [216, 217, 218, 219], "119": [216], "120": [219], "121": [217, 219], "122": [218], "123": [], "124": [216, 217, 218], "125": [217], "126": [216, 217, 218, 219], "127": [216, 219], "128": [217, 218], "129": [217], "130": [218], "131": [216, 217, 218, 219], "132": [216, 219], "133": [216, 217, 218], "134": [218, 219], "135": [219], "136": [217], "137": [219], "138": [], "139": [216, 219], "140": [], "141": [], "142": [218], "143": [217, 218], "144": [217], "145": [216, 219], "146": [217, 218], "147": [216, 217, 218, 219], "148": [217], "149": [217, 219], "150": [216, 217], "151": [], "152": [217, 218], "153": [217, 218], "154": [216, 218], "155": [216, 217, 218, 219], "156": [218, 219], "157": [216, 217], "158": [216, 218, 219], "159": [217, 219], "160": [216, 217, 218, 219], "161": [216, 218, 219], "162": [], "163": [216, 218, 219], "164": [218, 219], "165": [216, 217, 218], "166": [], "167": [216, 218, 219], "168": [216, 219], "169": [216, 217, 218], "170": [216], "171": [216], "172": [217, 219], "173": [], "174": [216, 219], "175": [218, 219], "176": [216], "177": [217, 219], "178": [216, 218], "179": [217], "180": [216], "181": [216, 217, 218, 219], "182": [216], "183": [], "184": [217, 218, 219], "185": [219], "186": [219], "187": [217, 218, 219], "188": [217], "189": [216, 217, 218, 219], "190": [216, 217, 219], "191": [216, 217, 219], "192": [217, 218], "193": [217, 219], "194": [216, 219], "195": [216, 218, 219], "196": [217, 218, 219], "197": [218], "198": [216, 217, 218], "199": [217, 218], "200": [217, 218, 219], "201": [217, 218, 219], "202": [217, 219], "203": [216, 218, 219], "204": [216, 218], "205": [216, 217, 218], "206": [219], "207": [216, 217], "208": [216, 219], "209": [216, 218], "210": [217, 218, 219], "211": [216, 218, 219], "212": [216], "213": [219], "214": [216, 219], "215": [218]}}