{"pedestrian_list": [{"pedestrian_id": 60, "position": [-53.24857069808645, -11.028918247454964], "in_group_a_strength": 16, "in_group_a_range": 2.8, "attractor_count": 30, "out_group_r_strength": 50.4, "in_group_r_range": 2.0, "out_group_r_range": 2.0, "friend_zone": [55, 38, 24, 50, 44, 27, 13, 25, 56, 2, 57, 4, 48, 6, 32, 5, 46, 0, 51, 30, 21, 7, 20, 28, 16, 43, 31, 17, 9, 1], "target": [60.0, -15.0], "target_a_strength": 22000000000, "radius": 0.3, "group_id": 0, "out_group_a_range": 2.8, "target_a_range": 435, "in_group_r_strength": 36, "out_group_a_strength": 11.428571428571429}, {"pedestrian_id": 61, "position": [-46.11843052423159, -15.593344656413223], "in_group_a_strength": 16, "in_group_a_range": 2.8, "attractor_count": 30, "out_group_r_strength": 50.4, "in_group_r_range": 2.0, "out_group_r_range": 2.0, "friend_zone": [25, 35, 14, 6, 18, 59, 1, 48, 41, 16, 15, 19, 33, 4, 2, 58, 12, 29, 31, 52, 55, 13, 7, 50, 44, 28, 39, 30, 47, 57], "target": [60.0, -15.0], "target_a_strength": 22000000000, "radius": 0.3, "group_id": 0, "out_group_a_range": 2.8, "target_a_range": 435, "in_group_r_strength": 36, "out_group_a_strength": 11.428571428571429}, {"pedestrian_id": 62, "position": [-41.557297204532254, -9.123428983242], "in_group_a_strength": 16, "in_group_a_range": 2.8, "attractor_count": 30, "out_group_r_strength": 50.4, "in_group_r_range": 2.0, "out_group_r_range": 2.0, "friend_zone": [53, 3, 20, 46, 15, 17, 52, 56, 31, 58, 34, 21, 42, 35, 32, 51, 40, 14, 59, 47, 12, 5, 29, 6, 44, 36, 50, 33, 2, 26], "target": [60.0, -15.0], "target_a_strength": 22000000000, "radius": 0.3, "group_id": 1, "out_group_a_range": 2.8, "target_a_range": 435, "in_group_r_strength": 36, "out_group_a_strength": 11.428571428571429}, {"pedestrian_id": 63, "position": [-66.91785674880279, 19.52423715585501], "in_group_a_strength": 16, "in_group_a_range": 2.8, "attractor_count": 30, "out_group_r_strength": 50.4, "in_group_r_range": 2.0, "out_group_r_range": 2.0, "friend_zone": [33, 38, 0, 26, 36, 13, 15, 55, 2, 8, 35, 31, 39, 56, 41, 29, 12, 57, 30, 44, 49, 1, 18, 52, 22, 19, 50, 53, 45, 54], "target": [60.0, 15.0], "target_a_strength": 22000000000, "radius": 0.3, "group_id": 1, "out_group_a_range": 2.8, "target_a_range": 435, "in_group_r_strength": 36, "out_group_a_strength": 11.428571428571429}], "frame_second": "1000", "additional_id_existed_ped": {"0": [], "1": [60, 61, 62, 63], "2": [61, 62], "3": [62, 63], "4": [61, 62, 63], "5": [60, 62], "6": [60, 61], "7": [62, 63], "8": [60, 63], "9": [60, 61, 62], "10": [60, 61, 62, 63], "11": [], "12": [61, 62, 63], "13": [61], "14": [60, 61], "15": [60, 62, 63], "16": [60, 61, 63], "17": [], "18": [60, 61, 63], "19": [60, 62], "20": [60, 62, 63], "21": [60, 61, 63], "22": [60, 61], "23": [60, 63], "24": [60, 61], "25": [60, 61, 62, 63], "26": [60, 62, 63], "27": [], "28": [60, 62], "29": [61, 62], "30": [61, 62, 63], "31": [62, 63], "32": [61], "33": [61, 62, 63], "34": [60, 62, 63], "35": [63], "36": [61, 63], "37": [], "38": [60], "39": [60], "40": [60, 61, 62], "41": [60, 61, 62], "42": [63], "43": [61], "44": [60, 61, 62, 63], "45": [], "46": [60, 61, 62], "47": [61], "48": [62], "49": [60, 63], "50": [60], "51": [60, 61, 62, 63], "52": [62, 63], "53": [61, 62, 63], "54": [61, 63], "55": [63], "56": [61, 62], "57": [60, 62], "58": [63], "59": []}}