{"pedestrian_list": [{"pedestrian_id": 80, "position": [-38.94154823304999, -16.905959379217546], "in_group_a_strength": 16, "in_group_a_range": 2.8, "attractor_count": 40, "out_group_r_strength": 50.4, "in_group_r_range": 2.0, "out_group_r_range": 2.0, "friend_zone": [20, 67, 78, 73, 24, 18, 30, 23, 46, 26, 21, 12, 17, 39, 3, 55, 32, 38, 10, 49, 8, 0, 40, 48, 2, 56, 35, 64, 57, 63, 6, 58, 4, 15, 71, 31, 29, 25, 59, 77], "target": [60.0, -15.0], "target_a_strength": 22000000000, "radius": 0.3, "group_id": 0, "out_group_a_range": 2.8, "target_a_range": 435, "in_group_r_strength": 36, "out_group_a_strength": 11.428571428571429}, {"pedestrian_id": 81, "position": [-62.983863511366614, -22.774562790820692], "in_group_a_strength": 16, "in_group_a_range": 2.8, "attractor_count": 40, "out_group_r_strength": 50.4, "in_group_r_range": 2.0, "out_group_r_range": 2.0, "friend_zone": [50, 16, 42, 8, 63, 72, 40, 55, 15, 41, 9, 13, 2, 3, 10, 71, 11, 24, 61, 0, 19, 17, 76, 45, 78, 27, 43, 60, 32, 44, 56, 31, 12, 7, 73, 74, 39, 53, 23, 66], "target": [60.0, -15.0], "target_a_strength": 22000000000, "radius": 0.3, "group_id": 0, "out_group_a_range": 2.8, "target_a_range": 435, "in_group_r_strength": 36, "out_group_a_strength": 11.428571428571429}, {"pedestrian_id": 82, "position": [-30.480759848556666, -8.4580901349313], "in_group_a_strength": 16, "in_group_a_range": 2.8, "attractor_count": 40, "out_group_r_strength": 50.4, "in_group_r_range": 2.0, "out_group_r_range": 2.0, "friend_zone": [42, 52, 45, 77, 18, 72, 38, 15, 44, 47, 24, 43, 1, 58, 0, 35, 50, 33, 28, 56, 78, 62, 76, 60, 36, 73, 54, 69, 48, 17, 7, 23, 22, 46, 31, 13, 74, 70, 79, 6], "target": [60.0, -15.0], "target_a_strength": 22000000000, "radius": 0.3, "group_id": 1, "out_group_a_range": 2.8, "target_a_range": 435, "in_group_r_strength": 36, "out_group_a_strength": 11.428571428571429}, {"pedestrian_id": 83, "position": [-47.40728110789291, 5.201814318719512], "in_group_a_strength": 16, "in_group_a_range": 2.8, "attractor_count": 40, "out_group_r_strength": 50.4, "in_group_r_range": 2.0, "out_group_r_range": 2.0, "friend_zone": [46, 42, 3, 69, 76, 15, 13, 31, 20, 18, 37, 59, 51, 23, 16, 11, 1, 68, 78, 61, 14, 35, 54, 2, 22, 7, 49, 64, 52, 67, 30, 62, 26, 58, 28, 25, 72, 71, 79, 44], "target": [60.0, 15.0], "target_a_strength": 22000000000, "radius": 0.3, "group_id": 1, "out_group_a_range": 2.8, "target_a_range": 435, "in_group_r_strength": 36, "out_group_a_strength": 11.428571428571429}], "frame_second": "1500", "additional_id_existed_ped": {"0": [80, 83], "1": [82], "2": [80, 81], "3": [80, 82], "4": [80, 81, 83], "5": [80, 81, 83], "6": [80, 83], "7": [82], "8": [80, 82], "9": [80, 81, 82, 83], "10": [83], "11": [81, 82, 83], "12": [81, 82, 83], "13": [], "14": [83], "15": [80, 82], "16": [80, 82], "17": [81], "18": [81, 82], "19": [81, 83], "20": [80, 81, 82, 83], "21": [81, 82, 83], "22": [80, 81, 83], "23": [81, 82], "24": [81, 82, 83], "25": [81, 83], "26": [80, 81, 82], "27": [83], "28": [82, 83], "29": [82], "30": [80, 81], "31": [81, 82, 83], "32": [82], "33": [80, 82], "34": [80, 83], "35": [80, 81, 83], "36": [], "37": [80], "38": [81, 82], "39": [], "40": [80, 82], "41": [83], "42": [81, 82, 83], "43": [80, 81], "44": [81, 83], "45": [80, 81, 82], "46": [80], "47": [80, 81, 82, 83], "48": [81, 83], "49": [80], "50": [80, 81], "51": [80, 82], "52": [81, 82, 83], "53": [80], "54": [80, 81, 82, 83], "55": [80, 81], "56": [82, 83], "57": [80, 82], "58": [82, 83], "59": [82], "60": [81, 82, 83], "61": [80], "62": [82, 83], "63": [80, 81, 83], "64": [80, 82, 83], "65": [83], "66": [80, 81, 83], "67": [80, 81, 82, 83], "68": [80], "69": [81], "70": [80, 81, 82], "71": [81, 83], "72": [82], "73": [81], "74": [81, 82], "75": [80, 81, 83], "76": [80, 83], "77": [80], "78": [83], "79": [82]}}