{"pedestrian_list": [{"pedestrian_id": 144, "position": [-51.29484087072217, 14.277979983389995], "in_group_a_strength": 16, "in_group_a_range": 2.8, "attractor_count": 72, "out_group_r_strength": 50.4, "in_group_r_range": 2.0, "out_group_r_range": 2.0, "friend_zone": [115, 18, 113, 135, 100, 105, 48, 38, 11, 143, 111, 3, 28, 53, 42, 9, 128, 72, 102, 31, 4, 138, 92, 79, 67, 52, 44, 96, 103, 84, 56, 40, 83, 25, 16, 50, 63, 134, 33, 139, 82, 75, 55, 98, 142, 39, 94, 89, 69, 124, 12, 61, 59, 114, 66, 141, 51, 7, 133, 54, 65, 110, 137, 125, 57, 24, 123, 136, 116, 95, 81, 17], "target": [60.0, 15.0], "target_a_strength": 22000000000, "radius": 0.3, "group_id": 0, "out_group_a_range": 2.8, "target_a_range": 435, "in_group_r_strength": 36, "out_group_a_strength": 11.428571428571429}, {"pedestrian_id": 145, "position": [-59.77254280998387, 18.21837842290869], "in_group_a_strength": 16, "in_group_a_range": 2.8, "attractor_count": 72, "out_group_r_strength": 50.4, "in_group_r_range": 2.0, "out_group_r_range": 2.0, "friend_zone": [132, 100, 30, 34, 65, 125, 20, 3, 89, 13, 71, 14, 111, 42, 25, 92, 60, 127, 78, 43, 137, 33, 113, 114, 122, 91, 97, 52, 143, 51, 87, 24, 86, 99, 76, 70, 77, 56, 103, 93, 105, 129, 67, 83, 57, 64, 118, 36, 135, 131, 126, 7, 55, 130, 69, 110, 47, 49, 82, 39, 116, 48, 74, 90, 136, 62, 106, 101, 63, 79, 26, 128], "target": [60.0, 15.0], "target_a_strength": 22000000000, "radius": 0.3, "group_id": 0, "out_group_a_range": 2.8, "target_a_range": 435, "in_group_r_strength": 36, "out_group_a_strength": 11.428571428571429}, {"pedestrian_id": 146, "position": [-40.893327200768894, -3.8888424420847922], "in_group_a_strength": 16, "in_group_a_range": 2.8, "attractor_count": 72, "out_group_r_strength": 50.4, "in_group_r_range": 2.0, "out_group_r_range": 2.0, "friend_zone": [121, 101, 136, 61, 120, 50, 114, 86, 60, 24, 96, 112, 124, 143, 31, 139, 118, 122, 119, 72, 48, 109, 117, 22, 95, 93, 28, 103, 84, 78, 102, 58, 90, 54, 55, 110, 66, 4, 97, 83, 123, 29, 38, 42, 69, 130, 70, 89, 98, 43, 2, 17, 94, 0, 104, 14, 125, 133, 73, 37, 106, 49, 1, 67, 71, 47, 62, 41, 131, 8, 74, 135], "target": [60.0, -15.0], "target_a_strength": 22000000000, "radius": 0.3, "group_id": 1, "out_group_a_range": 2.8, "target_a_range": 435, "in_group_r_strength": 36, "out_group_a_strength": 11.428571428571429}, {"pedestrian_id": 147, "position": [-66.89935352170505, -1.9421391855671246], "in_group_a_strength": 16, "in_group_a_range": 2.8, "attractor_count": 72, "out_group_r_strength": 50.4, "in_group_r_range": 2.0, "out_group_r_range": 2.0, "friend_zone": [103, 102, 101, 62, 77, 59, 42, 117, 2, 137, 14, 85, 5, 109, 140, 114, 69, 35, 53, 106, 141, 37, 65, 94, 47, 139, 110, 67, 143, 11, 118, 136, 134, 10, 132, 15, 40, 73, 86, 107, 112, 79, 113, 29, 64, 70, 128, 27, 18, 61, 115, 1, 16, 96, 108, 83, 12, 130, 135, 104, 93, 95, 8, 50, 82, 87, 28, 142, 24, 111, 7, 54], "target": [60.0, -15.0], "target_a_strength": 22000000000, "radius": 0.3, "group_id": 1, "out_group_a_range": 2.8, "target_a_range": 435, "in_group_r_strength": 36, "out_group_a_strength": 11.428571428571429}], "frame_second": "3100", "additional_id_existed_ped": {"0": [145, 146, 147], "1": [145, 146, 147], "2": [144, 145, 146], "3": [146], "4": [144, 147], "5": [], "6": [145, 146, 147], "7": [144, 145, 146, 147], "8": [145, 147], "9": [144, 147], "10": [146, 147], "11": [144], "12": [144, 146], "13": [144, 145], "14": [145, 146, 147], "15": [], "16": [], "17": [144, 145, 147], "18": [145], "19": [145, 147], "20": [146], "21": [144, 145, 147], "22": [144], "23": [145], "24": [145, 146, 147], "25": [145, 146, 147], "26": [144, 147], "27": [144, 145, 146, 147], "28": [144, 145], "29": [146, 147], "30": [145, 146], "31": [146], "32": [144, 145], "33": [146], "34": [146, 147], "35": [145, 146], "36": [144, 145, 146, 147], "37": [], "38": [144, 145], "39": [144, 146], "40": [145, 146], "41": [], "42": [144, 145, 146], "43": [145, 146], "44": [144, 146, 147], "45": [145, 147], "46": [147], "47": [], "48": [144, 146], "49": [144], "50": [144, 147], "51": [144], "52": [144, 147], "53": [144, 147], "54": [144, 145, 146, 147], "55": [144, 146], "56": [145, 147], "57": [144, 146, 147], "58": [145, 147], "59": [145, 147], "60": [144, 145, 147], "61": [144, 146], "62": [144, 145, 146], "63": [146, 147], "64": [145, 146, 147], "65": [144, 146, 147], "66": [], "67": [144, 147], "68": [], "69": [144, 145, 146], "70": [147], "71": [145], "72": [145], "73": [146], "74": [144], "75": [147], "76": [145, 147], "77": [], "78": [144, 146], "79": [144, 145], "80": [145, 147], "81": [144, 146], "82": [145], "83": [145], "84": [144, 146, 147], "85": [144, 146], "86": [145, 146, 147], "87": [144, 145, 147], "88": [], "89": [144, 145, 147], "90": [144, 145, 147], "91": [144, 147], "92": [146], "93": [144, 147], "94": [144, 147], "95": [144, 145], "96": [145, 146, 147], "97": [144, 146], "98": [147], "99": [146], "100": [146, 147], "101": [144, 145], "102": [145, 146, 147], "103": [144, 145, 146], "104": [145, 146], "105": [145, 146], "106": [144, 145], "107": [144, 146, 147], "108": [144], "109": [144, 145, 146, 147], "110": [144, 147], "111": [146, 147], "112": [144, 145, 146], "113": [144, 146], "114": [145, 146, 147], "115": [147], "116": [144, 145, 146, 147], "117": [], "118": [144], "119": [146, 147], "120": [145, 146, 147], "121": [145, 146], "122": [145, 146], "123": [144, 145], "124": [144], "125": [144, 145, 147], "126": [144, 147], "127": [146, 147], "128": [144, 146, 147], "129": [144, 145, 146, 147], "130": [144, 145, 146], "131": [144, 145, 146, 147], "132": [144, 145], "133": [145, 146], "134": [144, 147], "135": [147], "136": [], "137": [144, 145, 146, 147], "138": [145, 146, 147], "139": [144, 145, 146], "140": [144, 145, 147], "141": [146, 147], "142": [146], "143": [145]}}