{"pedestrian_list": [{"pedestrian_id": 276, "position": [-53.23080172566314, -7.782562966722343], "in_group_a_strength": 16, "in_group_a_range": 2.8, "attractor_count": 138, "out_group_r_strength": 50.4, "in_group_r_range": 2.0, "out_group_r_range": 2.0, "friend_zone": [182, 186, 179, 51, 113, 166, 19, 157, 85, 103, 192, 240, 146, 94, 10, 1, 144, 68, 41, 69, 54, 185, 125, 163, 105, 126, 55, 201, 62, 140, 119, 53, 61, 20, 30, 4, 223, 177, 267, 198, 99, 141, 234, 110, 2, 165, 0, 187, 115, 27, 65, 273, 138, 36, 180, 45, 210, 77, 222, 59, 268, 29, 189, 167, 57, 227, 154, 49, 35, 124, 220, 155, 173, 50, 171, 217, 44, 33, 246, 230, 9, 89, 191, 149, 90, 271, 213, 254, 23, 72, 259, 116, 233, 199, 60, 114, 258, 108, 204, 194, 42, 117, 263, 43, 156, 101, 136, 164, 96, 46, 218, 104, 255, 47, 206, 67, 241, 159, 92, 203, 14, 253, 131, 73, 13, 208, 24, 200, 244, 71, 37, 6, 272, 274, 39, 3, 257, 112], "target": [60.0, -15.0], "target_a_strength": 22000000000, "radius": 0.3, "group_id": 0, "out_group_a_range": 2.8, "target_a_range": 435, "in_group_r_strength": 36, "out_group_a_strength": 11.428571428571429}, {"pedestrian_id": 277, "position": [-33.768788413730626, 10.417259919125438], "in_group_a_strength": 16, "in_group_a_range": 2.8, "attractor_count": 138, "out_group_r_strength": 50.4, "in_group_r_range": 2.0, "out_group_r_range": 2.0, "friend_zone": [114, 248, 259, 180, 150, 134, 175, 77, 52, 183, 66, 67, 62, 193, 104, 198, 19, 86, 249, 203, 222, 117, 33, 187, 216, 108, 38, 272, 239, 160, 59, 237, 246, 163, 251, 47, 270, 97, 170, 268, 218, 240, 206, 221, 257, 6, 266, 42, 140, 22, 166, 269, 176, 99, 87, 230, 98, 220, 162, 54, 217, 265, 185, 56, 271, 94, 21, 8, 41, 177, 179, 76, 101, 200, 155, 16, 208, 211, 253, 157, 152, 44, 209, 231, 84, 11, 112, 154, 213, 235, 146, 110, 156, 119, 105, 189, 138, 26, 242, 85, 115, 23, 2, 233, 275, 65, 63, 18, 40, 260, 80, 123, 122, 30, 207, 15, 9, 238, 46, 149, 274, 96, 125, 48, 109, 107, 168, 71, 113, 129, 204, 199, 127, 90, 58, 144, 254, 7], "target": [60.0, 15.0], "target_a_strength": 22000000000, "radius": 0.3, "group_id": 0, "out_group_a_range": 2.8, "target_a_range": 435, "in_group_r_strength": 36, "out_group_a_strength": 11.428571428571429}, {"pedestrian_id": 278, "position": [-64.28927371836659, 16.238429833047054], "in_group_a_strength": 16, "in_group_a_range": 2.8, "attractor_count": 138, "out_group_r_strength": 50.4, "in_group_r_range": 2.0, "out_group_r_range": 2.0, "friend_zone": [119, 71, 253, 80, 94, 15, 251, 130, 42, 105, 145, 6, 64, 113, 98, 271, 182, 180, 126, 208, 202, 209, 91, 213, 274, 90, 218, 65, 138, 33, 18, 188, 222, 181, 7, 262, 46, 132, 240, 270, 59, 233, 86, 149, 275, 77, 238, 249, 185, 89, 239, 99, 197, 265, 34, 110, 139, 129, 55, 51, 53, 131, 1, 142, 9, 87, 203, 85, 92, 54, 118, 97, 272, 261, 263, 107, 210, 52, 25, 93, 248, 264, 168, 189, 10, 56, 112, 69, 60, 50, 32, 215, 226, 72, 190, 230, 108, 31, 100, 257, 236, 268, 231, 26, 143, 66, 250, 252, 214, 152, 269, 62, 225, 121, 61, 101, 120, 5, 206, 211, 204, 178, 16, 133, 179, 187, 128, 198, 70, 28, 196, 194, 122, 12, 58, 67, 111, 192], "target": [60.0, 15.0], "target_a_strength": 22000000000, "radius": 0.3, "group_id": 1, "out_group_a_range": 2.8, "target_a_range": 435, "in_group_r_strength": 36, "out_group_a_strength": 11.428571428571429}, {"pedestrian_id": 279, "position": [-40.273727938015696, 18.19416716455347], "in_group_a_strength": 16, "in_group_a_range": 2.8, "attractor_count": 138, "out_group_r_strength": 50.4, "in_group_r_range": 2.0, "out_group_r_range": 2.0, "friend_zone": [266, 60, 248, 58, 63, 120, 97, 80, 42, 76, 67, 68, 253, 6, 25, 36, 178, 148, 143, 221, 255, 137, 243, 235, 246, 180, 236, 46, 108, 190, 274, 119, 14, 55, 241, 53, 27, 188, 110, 86, 31, 28, 112, 45, 189, 214, 103, 94, 78, 206, 16, 18, 249, 88, 212, 49, 135, 176, 256, 48, 5, 29, 183, 215, 229, 87, 30, 168, 64, 90, 147, 200, 52, 33, 226, 66, 234, 74, 142, 101, 194, 258, 227, 252, 272, 136, 160, 125, 124, 261, 10, 22, 116, 37, 181, 117, 21, 170, 102, 153, 0, 121, 105, 154, 257, 156, 92, 152, 9, 224, 209, 198, 260, 11, 162, 192, 242, 93, 244, 232, 211, 179, 77, 13, 109, 69, 166, 273, 233, 220, 96, 269, 199, 177, 237, 24, 207, 75], "target": [60.0, 15.0], "target_a_strength": 22000000000, "radius": 0.3, "group_id": 1, "out_group_a_range": 2.8, "target_a_range": 435, "in_group_r_strength": 36, "out_group_a_strength": 11.428571428571429}], "frame_second": "6400", "additional_id_existed_ped": {"0": [277, 278], "1": [276, 279], "2": [277, 278], "3": [276, 278], "4": [277], "5": [277], "6": [276, 278], "7": [276, 277, 278, 279], "8": [276, 278], "9": [277], "10": [277, 278, 279], "11": [278, 279], "12": [], "13": [], "14": [279], "15": [276, 278], "16": [278], "17": [277, 278], "18": [276, 277, 278], "19": [276, 277, 278], "20": [276, 279], "21": [276, 279], "22": [], "23": [278, 279], "24": [277, 278], "25": [279], "26": [276, 277], "27": [276, 277, 278], "28": [276, 277], "29": [276, 277, 279], "30": [276, 278], "31": [278, 279], "32": [276, 278, 279], "33": [276, 278], "34": [276, 277, 278, 279], "35": [276, 277, 278], "36": [276, 277, 278], "37": [278], "38": [276, 277, 278], "39": [276, 277], "40": [278], "41": [276], "42": [277, 279], "43": [276, 277, 278], "44": [277, 279], "45": [278, 279], "46": [276, 277, 278], "47": [276], "48": [276, 278, 279], "49": [276, 277, 278, 279], "50": [277, 279], "51": [276, 278], "52": [276, 277, 279], "53": [276, 277], "54": [276, 279], "55": [279], "56": [276, 277, 278, 279], "57": [277, 279], "58": [276, 278, 279], "59": [276, 279], "60": [278, 279], "61": [279], "62": [], "63": [276, 277, 279], "64": [278, 279], "65": [277, 278, 279], "66": [276, 278], "67": [276, 277, 278], "68": [277, 278, 279], "69": [276, 278], "70": [276, 278, 279], "71": [276, 277, 278, 279], "72": [276], "73": [276, 277, 278, 279], "74": [278, 279], "75": [276, 278, 279], "76": [277, 278, 279], "77": [276, 277], "78": [276, 278, 279], "79": [276, 277, 278, 279], "80": [276], "81": [277], "82": [277, 278, 279], "83": [277, 279], "84": [], "85": [276, 278, 279], "86": [], "87": [276, 277, 279], "88": [276, 278], "89": [276, 277, 278], "90": [279], "91": [278, 279], "92": [279], "93": [277, 278, 279], "94": [278], "95": [276, 278, 279], "96": [276, 279], "97": [278, 279], "98": [277, 278, 279], "99": [276, 277, 279], "100": [276, 277], "101": [276, 278, 279], "102": [277, 279], "103": [276, 277, 279], "104": [276, 277, 279], "105": [276, 279], "106": [276, 277, 279], "107": [276, 277], "108": [276, 279], "109": [], "110": [278, 279], "111": [276, 277], "112": [276, 277, 279], "113": [277, 279], "114": [276, 277, 278], "115": [278], "116": [], "117": [276, 277], "118": [278], "119": [276, 277, 278], "120": [276, 279], "121": [276, 277], "122": [277], "123": [276, 277, 279], "124": [], "125": [276, 279], "126": [276, 279], "127": [277, 278], "128": [276, 278], "129": [278], "130": [277], "131": [279], "132": [276, 277, 278, 279], "133": [278, 279], "134": [279], "135": [278, 279], "136": [278], "137": [277], "138": [276, 279], "139": [276, 277], "140": [276, 278, 279], "141": [276, 277, 278], "142": [279], "143": [276, 279], "144": [276, 277, 279], "145": [277, 278], "146": [277, 278, 279], "147": [276, 278], "148": [276, 277], "149": [], "150": [276, 277, 278, 279], "151": [], "152": [277, 279], "153": [278, 279], "154": [276, 277, 279], "155": [276, 277, 278], "156": [278], "157": [], "158": [276, 277, 278, 279], "159": [277], "160": [276, 277, 279], "161": [276, 277, 278], "162": [276, 277], "163": [276], "164": [276], "165": [277, 279], "166": [277], "167": [], "168": [276, 277, 278, 279], "169": [277, 278, 279], "170": [276, 279], "171": [277, 278], "172": [276, 277, 278, 279], "173": [276], "174": [278, 279], "175": [276], "176": [276], "177": [276, 277], "178": [276, 277, 278], "179": [277, 278, 279], "180": [276, 277], "181": [], "182": [277, 278], "183": [277, 279], "184": [276, 277, 278, 279], "185": [276, 279], "186": [276, 277, 278], "187": [277, 278],