{"pedestrian_list": [{"pedestrian_id": 172, "position": [-64.96596217873554, 20.78069629793373], "in_group_a_strength": 16, "in_group_a_range": 2.8, "attractor_count": 86, "out_group_r_strength": 50.4, "in_group_r_range": 2.0, "out_group_r_range": 2.0, "friend_zone": [167, 165, 127, 20, 121, 101, 56, 85, 4, 91, 76, 147, 47, 78, 129, 137, 140, 99, 69, 61, 94, 64, 98, 49, 59, 122, 17, 43, 160, 125, 164, 87, 19, 124, 15, 169, 162, 115, 37, 18, 65, 84, 80, 82, 171, 146, 109, 153, 54, 113, 1, 102, 120, 6, 32, 35, 29, 158, 45, 106, 42, 133, 57, 53, 77, 163, 168, 28, 161, 40, 39, 44, 141, 66, 5, 24, 63, 68, 73, 128, 151, 88, 83, 74, 110, 48], "target": [60.0, 15.0], "target_a_strength": 22000000000, "radius": 0.3, "group_id": 0, "out_group_a_range": 2.8, "target_a_range": 435, "in_group_r_strength": 36, "out_group_a_strength": 11.428571428571429}, {"pedestrian_id": 173, "position": [-63.64676301715826, 14.960156550598734], "in_group_a_strength": 16, "in_group_a_range": 2.8, "attractor_count": 86, "out_group_r_strength": 50.4, "in_group_r_range": 2.0, "out_group_r_range": 2.0, "friend_zone": [122, 11, 170, 152, 95, 38, 162, 42, 10, 54, 110, 101, 142, 27, 139, 56, 123, 61, 9, 18, 144, 72, 63, 84, 154, 60, 0, 130, 24, 88, 117, 96, 85, 29, 128, 168, 126, 125, 50, 76, 94, 92, 140, 145, 131, 166, 23, 13, 167, 171, 97, 20, 39, 134, 4, 53, 2, 107, 30, 15, 135, 91, 100, 80, 48, 148, 37, 71, 51, 58, 75, 33, 47, 14, 159, 34, 7, 28, 103, 68, 164, 89, 105, 26, 160, 132], "target": [60.0, 15.0], "target_a_strength": 22000000000, "radius": 0.3, "group_id": 0, "out_group_a_range": 2.8, "target_a_range": 435, "in_group_r_strength": 36, "out_group_a_strength": 11.428571428571429}, {"pedestrian_id": 174, "position": [-63.02165876011788, 1.9367458037463496], "in_group_a_strength": 16, "in_group_a_range": 2.8, "attractor_count": 86, "out_group_r_strength": 50.4, "in_group_r_range": 2.0, "out_group_r_range": 2.0, "friend_zone": [11, 16, 115, 102, 31, 55, 152, 157, 30, 145, 13, 153, 79, 44, 97, 162, 2, 42, 34, 101, 135, 155, 160, 63, 113, 138, 46, 114, 148, 26, 75, 49, 1, 38, 136, 156, 0, 70, 58, 111, 126, 54, 171, 67, 89, 144, 22, 40, 9, 6, 134, 121, 82, 142, 150, 18, 83, 52, 50, 62, 3, 158, 15, 37, 25, 166, 118, 60, 76, 141, 66, 120, 80, 93, 124, 104, 81, 122, 88, 132, 4, 129, 116, 69, 14, 131], "target": [60.0, 15.0], "target_a_strength": 22000000000, "radius": 0.3, "group_id": 1, "out_group_a_range": 2.8, "target_a_range": 435, "in_group_r_strength": 36, "out_group_a_strength": 11.428571428571429}, {"pedestrian_id": 175, "position": [-52.595046278656085, -1.9633045211585924], "in_group_a_strength": 16, "in_group_a_range": 2.8, "attractor_count": 86, "out_group_r_strength": 50.4, "in_group_r_range": 2.0, "out_group_r_range": 2.0, "friend_zone": [36, 134, 128, 86, 43, 21, 11, 39, 81, 63, 112, 5, 48, 10, 125, 139, 91, 78, 126, 146, 80, 93, 1, 77, 90, 98, 137, 158, 82, 142, 123, 161, 3, 45, 147, 26, 22, 136, 108, 75, 148, 53, 29, 167, 130, 141, 89, 64, 144, 88, 34, 46, 31, 38, 33, 68, 155, 87, 37, 9, 97, 120, 165, 52, 67, 54, 4, 127, 30, 58, 140, 59, 73, 113, 96, 116, 168, 129, 157, 7, 99, 71, 169, 23, 114, 2], "target": [60.0, -15.0], "target_a_strength": 22000000000, "radius": 0.3, "group_id": 1, "out_group_a_range": 2.8, "target_a_range": 435, "in_group_r_strength": 36, "out_group_a_strength": 11.428571428571429}], "frame_second": "3800", "additional_id_existed_ped": {"0": [], "1": [172], "2": [172, 175], "3": [173, 174], "4": [174, 175], "5": [172], "6": [172, 175], "7": [173, 175], "8": [174, 175], "9": [172], "10": [172, 174, 175], "11": [172, 173, 174], "12": [172, 173], "13": [172, 174, 175], "14": [173, 175], "15": [172, 173, 174, 175], "16": [173, 174], "17": [173, 174, 175], "18": [172, 174, 175], "19": [174], "20": [172, 175], "21": [172, 173, 174, 175], "22": [172, 173, 174], "23": [172, 173, 174, 175], "24": [174], "25": [172], "26": [172, 173, 174], "27": [], "28": [172, 174], "29": [172, 173, 175], "30": [172, 173], "31": [172, 174, 175], "32": [], "33": [172], "34": [172, 175], "35": [174], "36": [173], "37": [172, 175], "38": [175], "39": [172, 174], "40": [173, 175], "41": [172, 173, 174, 175], "42": [], "43": [172, 174], "44": [175], "45": [173], "46": [172, 173, 174, 175], "47": [173, 174, 175], "48": [172, 173, 174], "49": [174], "50": [173, 175], "51": [172, 174], "52": [174], "53": [172, 175], "54": [172, 173, 174], "55": [], "56": [174], "57": [172, 174], "58": [172, 173, 174], "59": [172, 175], "60": [172], "61": [175], "62": [173, 175], "63": [172, 173, 174, 175], "64": [173, 174], "65": [174, 175], "66": [174], "67": [], "68": [172, 173, 175], "69": [172, 173, 174], "70": [172, 173], "71": [172, 174, 175], "72": [172, 173, 175], "73": [172, 173, 175], "74": [174], "75": [174, 175], "76": [172, 173, 174, 175], "77": [173, 174], "78": [172, 173, 175], "79": [174, 175], "80": [173], "81": [172, 175], "82": [172, 174], "83": [174, 175], "84": [173, 174, 175], "85": [172, 173, 174], "86": [174], "87": [172, 173, 174], "88": [173], "89": [172], "90": [172, 173, 175], "91": [173, 175], "92": [173], "93": [173, 174], "94": [172, 173, 175], "95": [172, 173], "96": [175], "97": [172, 173, 175], "98": [172, 174, 175], "99": [173], "100": [172, 173], "101": [174], "102": [173, 175], "103": [173, 175], "104": [172, 173, 174], "105": [173], "106": [175], "107": [174], "108": [172, 173, 175], "109": [174, 175], "110": [172, 175], "111": [174, 175], "112": [174, 175], "113": [172, 173, 174], "114": [172, 173], "115": [172, 173, 174], "116": [172, 174], "117": [173, 174, 175], "118": [172, 174], "119": [172, 173, 175], "120": [172, 173, 174], "121": [173], "122": [], "123": [173, 174, 175], "124": [173, 174], "125": [172, 173, 174, 175], "126": [173, 174, 175], "127": [174], "128": [175], "129": [173], "130": [173, 174, 175], "131": [174], "132": [173, 175], "133": [172, 173, 174, 175], "134": [175], "135": [172, 174], "136": [175], "137": [173, 174, 175], "138": [173], "139": [172, 173, 175], "140": [172, 173, 174, 175], "141": [], "142": [], "143": [173, 174], "144": [172, 174, 175], "145": [175], "146": [172, 175], "147": [172, 174, 175], "148": [173], "149": [173], "150": [172, 174, 175], "151": [172, 173, 175], "152": [172, 175], "153": [172, 175], "154": [172, 173, 174], "155": [172], "156": [175], "157": [174], "158": [172, 174, 175], "159": [173, 175], "160": [173], "161": [172, 173, 174], "162": [173], "163": [174, 175], "164": [172, 174, 175], "165": [], "166": [172, 173, 174, 175], "167": [173], "168": [173], "169": [172, 173, 175], "170": [175], "171": [172, 174]}}