{"pedestrian_list": [{"pedestrian_id": 52, "position": [-36.99380528526868, -8.445580679298944], "in_group_a_strength": 16, "in_group_a_range": 2.8, "attractor_count": 26, "out_group_r_strength": 50.4, "in_group_r_range": 2.0, "out_group_r_range": 2.0, "friend_zone": [19, 15, 47, 25, 7, 16, 46, 18, 11, 28, 17, 9, 40, 22, 24, 50, 23, 10, 43, 27, 3, 4, 33, 34, 12, 14], "target": [60.0, -15.0], "target_a_strength": 22000000000, "radius": 0.3, "group_id": 0, "out_group_a_range": 2.8, "target_a_range": 435, "in_group_r_strength": 36, "out_group_a_strength": 11.428571428571429}, {"pedestrian_id": 53, "position": [-68.20667649304839, 7.152460023855673], "in_group_a_strength": 16, "in_group_a_range": 2.8, "attractor_count": 26, "out_group_r_strength": 50.4, "in_group_r_range": 2.0, "out_group_r_range": 2.0, "friend_zone": [40, 22, 17, 50, 29, 32, 14, 19, 10, 26, 4, 30, 39, 49, 23, 15, 21, 20, 8, 13, 1, 43, 42, 33, 36, 51], "target": [60.0, 15.0], "target_a_strength": 22000000000, "radius": 0.3, "group_id": 0, "out_group_a_range": 2.8, "target_a_range": 435, "in_group_r_strength": 36, "out_group_a_strength": 11.428571428571429}, {"pedestrian_id": 54, "position": [-56.4768339785081, -4.53048091345453], "in_group_a_strength": 16, "in_group_a_range": 2.8, "attractor_count": 26, "out_group_r_strength": 50.4, "in_group_r_range": 2.0, "out_group_r_range": 2.0, "friend_zone": [30, 16, 23, 4, 22, 19, 48, 41, 11, 37, 40, 51, 21, 46, 15, 47, 24, 1, 7, 13, 17, 44, 45, 5, 31, 33], "target": [60.0, -15.0], "target_a_strength": 22000000000, "radius": 0.3, "group_id": 1, "out_group_a_range": 2.8, "target_a_range": 435, "in_group_r_strength": 36, "out_group_a_strength": 11.428571428571429}, {"pedestrian_id": 55, "position": [-49.97829492731213, 16.23463778615415], "in_group_a_strength": 16, "in_group_a_range": 2.8, "attractor_count": 26, "out_group_r_strength": 50.4, "in_group_r_range": 2.0, "out_group_r_range": 2.0, "friend_zone": [45, 40, 18, 14, 17, 16, 20, 28, 34, 11, 6, 22, 13, 50, 32, 29, 27, 4, 37, 43, 26, 19, 48, 51, 36, 9], "target": [60.0, 15.0], "target_a_strength": 22000000000, "radius": 0.3, "group_id": 1, "out_group_a_range": 2.8, "target_a_range": 435, "in_group_r_strength": 36, "out_group_a_strength": 11.428571428571429}], "frame_second": "800", "additional_id_existed_ped": {"0": [55], "1": [54, 55], "2": [52, 53, 55], "3": [53, 55], "4": [], "5": [52, 54, 55], "6": [53], "7": [52, 53, 54], "8": [53, 54], "9": [54], "10": [52, 54, 55], "11": [53, 54, 55], "12": [53, 54], "13": [52, 54, 55], "14": [55], "15": [], "16": [54, 55], "17": [52, 55], "18": [52, 53, 55], "19": [53], "20": [52, 54], "21": [52, 53, 55], "22": [53, 54], "23": [52, 54, 55], "24": [52, 53, 54], "25": [52, 53, 54], "26": [54, 55], "27": [54, 55], "28": [55], "29": [54, 55], "30": [52], "31": [52, 54], "32": [], "33": [52, 55], "34": [52], "35": [52], "36": [53, 54, 55], "37": [], "38": [53], "39": [], "40": [52, 53, 54, 55], "41": [53, 54, 55], "42": [53], "43": [52, 53], "44": [52, 53, 55], "45": [52, 53, 54], "46": [52, 53, 54, 55], "47": [55], "48": [52, 53], "49": [52, 53, 54], "50": [52, 53, 54, 55], "51": [52, 53]}}