{"pedestrian_list": [{"pedestrian_id": 224, "position": [-42.177165104594046, -1.305091545966311], "in_group_a_strength": 16, "in_group_a_range": 2.8, "attractor_count": 112, "out_group_r_strength": 50.4, "in_group_r_range": 2.0, "out_group_r_range": 2.0, "friend_zone": [203, 32, 157, 11, 219, 131, 177, 181, 122, 126, 120, 91, 63, 152, 31, 204, 77, 14, 68, 71, 223, 125, 173, 12, 185, 210, 75, 135, 221, 218, 41, 212, 128, 110, 106, 211, 20, 21, 119, 69, 145, 39, 179, 95, 167, 33, 170, 101, 115, 143, 178, 19, 54, 59, 6, 49, 35, 50, 169, 121, 222, 188, 164, 103, 10, 61, 56, 127, 174, 42, 200, 202, 124, 171, 176, 108, 82, 194, 51, 104, 139, 29, 8, 36, 197, 190, 146, 166, 93, 38, 47, 4, 205, 209, 214, 44, 213, 138, 183, 16, 189, 112, 86, 215, 25, 193, 37, 144, 130, 89, 43, 80], "target": [60.0, -15.0], "target_a_strength": 22000000000, "radius": 0.3, "group_id": 0, "out_group_a_range": 2.8, "target_a_range": 435, "in_group_r_strength": 36, "out_group_a_strength": 11.428571428571429}, {"pedestrian_id": 225, "position": [-31.134993842370918, 5.828785794386091], "in_group_a_strength": 16, "in_group_a_range": 2.8, "attractor_count": 112, "out_group_r_strength": 50.4, "in_group_r_range": 2.0, "out_group_r_range": 2.0, "friend_zone": [171, 169, 31, 114, 96, 143, 120, 23, 21, 121, 66, 173, 16, 157, 67, 29, 166, 127, 107, 32, 14, 74, 129, 44, 12, 53, 25, 110, 147, 117, 210, 126, 101, 80, 0, 46, 76, 123, 119, 170, 159, 37, 178, 198, 145, 56, 185, 158, 108, 222, 97, 84, 122, 142, 79, 161, 93, 182, 26, 194, 146, 75, 213, 57, 65, 168, 50, 150, 89, 30, 138, 154, 175, 193, 42, 180, 206, 124, 3, 218, 137, 1, 39, 209, 86, 33, 189, 214, 221, 36, 73, 200, 163, 7, 90, 47, 174, 144, 216, 18, 13, 100, 223, 91, 71, 58, 217, 102, 87, 78, 72, 118], "target": [60.0, 15.0], "target_a_strength": 22000000000, "radius": 0.3, "group_id": 0, "out_group_a_range": 2.8, "target_a_range": 435, "in_group_r_strength": 36, "out_group_a_strength": 11.428571428571429}, {"pedestrian_id": 226, "position": [-31.150691612632357, -0.015422654984920625], "in_group_a_strength": 16, "in_group_a_range": 2.8, "attractor_count": 112, "out_group_r_strength": 50.4, "in_group_r_range": 2.0, "out_group_r_range": 2.0, "friend_zone": [79, 33, 77, 203, 173, 153, 14, 143, 144, 76, 182, 17, 31, 44, 122, 146, 9, 178, 150, 163, 120, 104, 69, 25, 50, 127, 133, 141, 21, 60, 168, 15, 149, 198, 126, 181, 98, 74, 124, 212, 189, 200, 102, 100, 160, 154, 82, 67, 219, 195, 142, 57, 42, 217, 121, 103, 99, 64, 81, 113, 56, 65, 4, 123, 61, 80, 137, 3, 161, 2, 220, 180, 45, 37, 75, 151, 152, 130, 7, 62, 221, 204, 49, 94, 135, 87, 222, 193, 213, 185, 128, 192, 36, 197, 83, 93, 156, 166, 39, 208, 186, 119, 158, 47, 38, 32, 132, 176, 70, 40, 84, 34], "target": [60.0, -15.0], "target_a_strength": 22000000000, "radius": 0.3, "group_id": 1, "out_group_a_range": 2.8, "target_a_range": 435, "in_group_r_strength": 36, "out_group_a_strength": 11.428571428571429}, {"pedestrian_id": 227, "position": [-61.712841617031565, -13.672673285436435], "in_group_a_strength": 16, "in_group_a_range": 2.8, "attractor_count": 112, "out_group_r_strength": 50.4, "in_group_r_range": 2.0, "out_group_r_range": 2.0, "friend_zone": [202, 128, 174, 218, 179, 16, 200, 74, 60, 0, 184, 203, 162, 150, 204, 102, 208, 186, 222, 85, 4, 189, 24, 66, 137, 153, 140, 59, 78, 213, 139, 172, 6, 39, 118, 116, 197, 207, 157, 32, 14, 110, 121, 214, 124, 182, 48, 63, 13, 18, 9, 190, 68, 29, 112, 219, 37, 38, 151, 10, 81, 71, 83, 156, 129, 152, 58, 95, 133, 72, 23, 169, 109, 149, 26, 84, 96, 1, 67, 193, 165, 12, 132, 143, 223, 104, 41, 144, 178, 115, 98, 15, 86, 195, 155, 21, 42, 47, 107, 88, 33, 75, 180, 49, 119, 106, 205, 99, 177, 158, 141, 7], "target": [60.0, -15.0], "target_a_strength": 22000000000, "radius": 0.3, "group_id": 1, "out_group_a_range": 2.8, "target_a_range": 435, "in_group_r_strength": 36, "out_group_a_strength": 11.428571428571429}], "frame_second": "5100", "additional_id_existed_ped": {"0": [225, 226], "1": [225], "2": [], "3": [224, 226, 227], "4": [225, 226, 227], "5": [224], "6": [226], "7": [224, 225, 226, 227], "8": [224, 226, 227], "9": [225, 226, 227], "10": [224, 225, 226, 227], "11": [224, 226], "12": [227], "13": [224], "14": [224, 225, 227], "15": [226], "16": [224, 227], "17": [224, 226, 227], "18": [225, 226, 227], "19": [224, 225, 227], "20": [], "21": [225, 226, 227], "22": [226], "23": [224, 225, 226], "24": [225, 226], "25": [225, 227], "26": [225, 227], "27": [], "28": [224, 226], "29": [224, 227], "30": [], "31": [224, 225, 226], "32": [224, 225, 227], "33": [225], "34": [227], "35": [224, 225], "36": [227], "37": [225, 226], "38": [226], "39": [224, 225, 227], "40": [224, 226, 227], "41": [224, 225, 226], "42": [224, 226], "43": [], "44": [227], "45": [224], "46": [224, 226], "47": [225, 226, 227], "48": [227], "49": [224, 225, 226, 227], "50": [224, 225, 226], "51": [224, 225], "52": [224, 226, 227], "53": [224, 225, 226], "54": [224, 226, 227], "55": [225, 226, 227], "56": [224, 226], "57": [224], "58": [224, 225], "59": [225, 227], "60": [224], "61": [225, 226, 227], "62": [225, 227], "63": [225], "64": [225, 226], "65": [225, 226], "66": [], "67": [225], "68": [224, 225, 226, 227], "69": [226, 227], "70": [225, 226, 227], "71": [224, 226, 227], "72": [224], "73": [224, 226, 227], "74": [225], "75": [226], "76": [224], "77": [224, 225, 227], "78": [225], "79": [224, 225, 226], "80": [226], "81": [224, 226, 227], "82": [227], "83": [225, 226, 227], "84": [224, 226, 227], "85": [224], "86": [], "87": [226, 227], "88": [224, 225], "89": [226, 227], "90": [225], "91": [227], "92": [226], "93": [224, 225], "94": [224, 227], "95": [226], "96": [225, 226, 227], "97": [225, 226], "98": [227], "99": [224, 227], "100": [226, 227], "101": [224, 225, 227], "102": [224], "103": [224, 226, 227], "104": [225], "105": [224, 225, 227], "106": [225, 226], "107": [225, 226, 227], "108": [224, 227], "109": [], "110": [224, 227], "111": [224, 225], "112": [225, 226], "113": [224, 225], "114": [227], "115": [224, 225, 227], "116": [224, 225, 227], "117": [226], "118": [224, 225], "119": [225, 226, 227], "120": [224, 226], "121": [225, 227], "122": [], "123": [225], "124": [227], "125": [224, 225, 227], "126": [224], "127": [224, 225, 226, 227], "128": [226], "129": [226], "130": [224, 226, 227], "131": [224], "132": [224, 226, 227], "133": [225, 226], "134": [224, 225, 227], "135": [224, 225, 227], "136": [225, 226], "137": [225, 226, 227], "138": [224], "139": [224, 226], "140": [225, 226, 227], "141": [224, 225, 226, 227], "142": [224, 225, 226, 227], "143": [225, 226], "144": [224, 225, 226], "145": [224, 227], "146": [227], "147": [226], "148": [224, 225], "149": [226], "150": [224, 225, 226], "151": [225, 226], "152": [224, 226, 227], "153": [225, 226], "154": [225], "155": [227], "156": [224, 225, 226], "157": [225], "158": [224], "159": [224, 225, 226, 227], "160": [227], "161": [], "162": [225, 226], "163": [224, 225, 226, 227], "164": [227], "165": [225, 227], "166": [226, 227], "167": [224, 225, 226, 227], "168": [225, 226], "169": [225, 227], "170": [224, 226, 227], "171": [224, 227], "172": [224, 225, 227], "173": [224, 225, 226], "174": [224, 225, 226, 227], "175": [224, 225, 227], "176": [225], "177": [224, 225, 226], "178": [227], "179": [226, 227], "180": [224, 225, 227], "181": [225, 226], "182": [225, 227], "183": [224, 226], "184": [225], "185": [224, 226, 227], "186": [226], "187": [224, 225], "188": [225, 227], "189": [224, 225, 227], "190": [224, 225, 227], "191": [224, 226], "192": [225, 227], "193": [224, 226, 227], "194": [225], "195": [224, 226, 227], "196": [225, 226], "197": [224, 226], "198": [224], "199": [224, 225], "200": [], "201": [224, 226, 227], "202": [225, 227], "203": [224], "204": [224, 225, 226], "205": [225, 227], "206": [227], "207": [226], "208": [227], "209": [224, 225, 226, 227], "210": [224], "211": [224], "212": [224, 227], "213": [224, 226, 227], "214": [226, 227], "215": [226, 227], "216": [226],