{"pedestrian_list": [{"pedestrian_id": 168, "position": [-33.12108352680916, -12.994817109909755], "in_group_a_strength": 16, "in_group_a_range": 2.8, "attractor_count": 84, "out_group_r_strength": 50.4, "in_group_r_range": 2.0, "out_group_r_range": 2.0, "friend_zone": [125, 38, 61, 70, 142, 98, 29, 46, 146, 15, 27, 166, 134, 11, 52, 132, 34, 35, 143, 43, 41, 120, 156, 2, 69, 87, 23, 25, 79, 154, 147, 75, 96, 44, 66, 162, 20, 111, 95, 107, 155, 14, 54, 100, 91, 106, 1, 51, 152, 8, 81, 92, 57, 93, 163, 140, 74, 49, 122, 165, 78, 37, 62, 65, 16, 4, 167, 18, 141, 68, 83, 45, 157, 17, 103, 88, 164, 144, 109, 32, 151, 71, 117, 86], "target": [60.0, -15.0], "target_a_strength": 22000000000, "radius": 0.3, "group_id": 0, "out_group_a_range": 2.8, "target_a_range": 435, "in_group_r_strength": 36, "out_group_a_strength": 11.428571428571429}, {"pedestrian_id": 169, "position": [-66.88099879820261, 5.219495750164396], "in_group_a_strength": 16, "in_group_a_range": 2.8, "attractor_count": 84, "out_group_r_strength": 50.4, "in_group_r_range": 2.0, "out_group_r_range": 2.0, "friend_zone": [40, 155, 158, 110, 56, 17, 98, 112, 107, 66, 80, 165, 8, 30, 2, 101, 72, 79, 76, 29, 43, 145, 149, 45, 51, 60, 5, 33, 28, 154, 31, 55, 136, 69, 15, 137, 84, 104, 146, 128, 52, 161, 21, 120, 73, 67, 147, 44, 4, 85, 54, 22, 35, 95, 65, 13, 142, 127, 50, 11, 160, 63, 140, 24, 75, 12, 151, 6, 166, 86, 78, 57, 77, 88, 68, 42, 26, 1, 36, 47, 62, 3, 113, 108], "target": [60.0, 15.0], "target_a_strength": 22000000000, "radius": 0.3, "group_id": 0, "out_group_a_range": 2.8, "target_a_range": 435, "in_group_r_strength": 36, "out_group_a_strength": 11.428571428571429}, {"pedestrian_id": 170, "position": [-49.370294018665476, -12.975175760363042], "in_group_a_strength": 16, "in_group_a_range": 2.8, "attractor_count": 84, "out_group_r_strength": 50.4, "in_group_r_range": 2.0, "out_group_r_range": 2.0, "friend_zone": [164, 53, 100, 68, 18, 99, 148, 92, 91, 120, 16, 151, 109, 90, 71, 122, 154, 147, 115, 152, 26, 157, 106, 162, 102, 118, 86, 127, 82, 33, 113, 7, 97, 76, 72, 47, 159, 117, 96, 48, 129, 75, 57, 101, 146, 40, 35, 167, 54, 6, 4, 142, 22, 73, 66, 138, 124, 87, 30, 78, 161, 31, 39, 28, 104, 9, 105, 56, 149, 121, 131, 155, 41, 15, 36, 85, 0, 10, 83, 153, 133, 114, 139, 70], "target": [60.0, -15.0], "target_a_strength": 22000000000, "radius": 0.3, "group_id": 1, "out_group_a_range": 2.8, "target_a_range": 435, "in_group_r_strength": 36, "out_group_a_strength": 11.428571428571429}, {"pedestrian_id": 171, "position": [-37.65631105826775, -2.5824087281644847], "in_group_a_strength": 16, "in_group_a_range": 2.8, "attractor_count": 84, "out_group_r_strength": 50.4, "in_group_r_range": 2.0, "out_group_r_range": 2.0, "friend_zone": [130, 140, 52, 42, 98, 66, 163, 161, 75, 9, 17, 99, 120, 34, 137, 87, 129, 60, 141, 55, 139, 72, 23, 149, 123, 153, 58, 20, 16, 11, 90, 56, 126, 94, 83, 93, 88, 40, 8, 145, 91, 78, 132, 49, 133, 100, 76, 105, 144, 26, 2, 1, 97, 79, 162, 150, 151, 134, 12, 15, 125, 102, 68, 48, 47, 127, 89, 3, 43, 166, 41, 81, 95, 84, 154, 124, 147, 24, 138, 7, 143, 108, 142, 38], "target": [60.0, -15.0], "target_a_strength": 22000000000, "radius": 0.3, "group_id": 1, "out_group_a_range": 2.8, "target_a_range": 435, "in_group_r_strength": 36, "out_group_a_strength": 11.428571428571429}], "frame_second": "3700", "additional_id_existed_ped": {"0": [169, 170, 171], "1": [168], "2": [168, 170, 171], "3": [170], "4": [169], "5": [171], "6": [168], "7": [], "8": [170], "9": [168, 169, 170, 171], "10": [168, 170], "11": [168], "12": [169, 171], "13": [168, 169, 170], "14": [168, 169, 171], "15": [169, 170], "16": [168, 171], "17": [169, 170], "18": [170, 171], "19": [168, 169, 170, 171], "20": [168, 169, 170], "21": [168, 169, 170, 171], "22": [], "23": [168, 170], "24": [169, 171], "25": [168, 169], "26": [169, 171], "27": [169], "28": [168], "29": [168, 171], "30": [169], "31": [], "32": [168, 169, 170], "33": [171], "34": [169, 170, 171], "35": [168, 169, 170, 171], "36": [169], "37": [170], "38": [168], "39": [169, 171], "40": [170, 171], "41": [168, 170, 171], "42": [170], "43": [170, 171], "44": [170], "45": [168, 171], "46": [], "47": [169, 170], "48": [168], "49": [168], "50": [168, 171], "51": [168, 170], "52": [168, 171], "53": [171], "54": [169, 171], "55": [169, 170, 171], "56": [168, 171], "57": [169, 170], "58": [168, 170, 171], "59": [169, 170], "60": [171], "61": [168, 171], "62": [168], "63": [168, 169, 170], "64": [171], "65": [171], "66": [168, 170, 171], "67": [169], "68": [170, 171], "69": [169, 170, 171], "70": [168, 170, 171], "71": [], "72": [168, 170], "73": [170, 171], "74": [168, 169, 170, 171], "75": [170], "76": [168, 169, 170, 171], "77": [169, 170], "78": [168, 169, 170], "79": [168, 170], "80": [168, 171], "81": [168, 169], "82": [168, 170], "83": [169], "84": [169], "85": [169, 170, 171], "86": [169, 170], "87": [169, 170], "88": [168, 169, 170, 171], "89": [169, 171], "90": [169, 170, 171], "91": [168, 169, 171], "92": [168, 169, 171], "93": [169], "94": [169], "95": [168, 169, 170, 171], "96": [169, 170], "97": [168, 169, 170], "98": [168, 169], "99": [168, 169, 170], "100": [168, 169, 170], "101": [168, 169, 170, 171], "102": [168, 171], "103": [168, 169, 171], "104": [171], "105": [171], "106": [168, 171], "107": [169, 170], "108": [168, 170], "109": [169, 170, 171], "110": [168], "111": [170], "112": [168, 169, 170], "113": [168, 171], "114": [168, 169, 170], "115": [168], "116": [170, 171], "117": [168, 171], "118": [168, 169, 170, 171], "119": [168, 171], "120": [169, 171], "121": [], "122": [169, 171], "123": [], "124": [169, 170, 171], "125": [169, 170], "126": [168, 170], "127": [169, 170, 171], "128": [168, 169], "129": [168], "130": [168, 171], "131": [168, 171], "132": [], "133": [169, 171], "134": [169], "135": [168, 170], "136": [168, 170, 171], "137": [168, 169], "138": [168, 169, 171], "139": [], "140": [168, 169, 170], "141": [169, 171], "142": [169, 170], "143": [168, 170, 171], "144": [168, 169, 170, 171], "145": [168, 170, 171], "146": [169], "147": [168, 171], "148": [168, 169, 170, 171], "149": [169, 170], "150": [171], "151": [], "152": [170, 171], "153": [168, 169, 171], "154": [168, 170, 171], "155": [], "156": [], "157": [168, 169, 170, 171], "158": [169, 170], "159": [168], "160": [169, 170], "161": [168, 171], "162": [169, 171], "163": [168, 169, 171], "164": [169, 170], "165": [168, 169, 170, 171], "166": [170, 171], "167": [170]}}