{"pedestrian_list": [{"pedestrian_id": 296, "position": [-35.04722576165585, 7.7873317510379705], "in_group_a_strength": 16, "in_group_a_range": 2.8, "attractor_count": 148, "out_group_r_strength": 50.4, "in_group_r_range": 2.0, "out_group_r_range": 2.0, "friend_zone": [77, 21, 275, 82, 147, 93, 121, 267, 92, 91, 127, 288, 101, 71, 97, 34, 172, 225, 30, 130, 117, 85, 41, 144, 12, 31, 283, 46, 168, 11, 268, 15, 234, 35, 270, 64, 94, 165, 198, 295, 252, 67, 223, 59, 44, 282, 233, 126, 155, 24, 52, 228, 251, 83, 291, 277, 219, 14, 90, 63, 294, 250, 102, 150, 272, 171, 188, 122, 1, 37, 8, 104, 61, 216, 182, 269, 3, 16, 50, 176, 110, 187, 210, 49, 111, 84, 263, 112, 2, 286, 247, 212, 271, 163, 217, 42, 106, 180, 56, 169, 69, 265, 249, 135, 51, 258, 178, 237, 200, 148, 285, 138, 96, 190, 181, 162, 175, 146, 289, 287, 266, 68, 131, 17, 221, 87, 120, 203, 159, 195, 202, 28, 4, 185, 224, 66, 259, 23, 215, 132, 134, 191, 160, 129, 139, 280, 292, 89], "target": [60.0, 15.0], "target_a_strength": 22000000000, "radius": 0.3, "group_id": 0, "out_group_a_range": 2.8, "target_a_range": 435, "in_group_r_strength": 36, "out_group_a_strength": 11.428571428571429}, {"pedestrian_id": 297, "position": [-69.48479099897672, 4.556016277563555], "in_group_a_strength": 16, "in_group_a_range": 2.8, "attractor_count": 148, "out_group_r_strength": 50.4, "in_group_r_range": 2.0, "out_group_r_range": 2.0, "friend_zone": [205, 188, 37, 77, 239, 266, 117, 145, 76, 28, 104, 160, 103, 225, 113, 99, 162, 114, 175, 49, 83, 116, 201, 256, 294, 63, 127, 251, 158, 249, 185, 202, 124, 100, 47, 176, 255, 14, 142, 276, 51, 92, 32, 167, 257, 50, 67, 9, 65, 211, 258, 156, 143, 163, 140, 55, 2, 179, 194, 178, 95, 235, 21, 161, 234, 79, 71, 287, 16, 138, 86, 81, 33, 261, 134, 53, 227, 248, 30, 115, 105, 84, 58, 5, 273, 128, 269, 291, 215, 166, 122, 243, 198, 213, 165, 168, 247, 60, 278, 180, 18, 136, 275, 56, 146, 96, 174, 218, 264, 253, 101, 191, 66, 271, 80, 24, 238, 144, 208, 189, 22, 26, 288, 279, 59, 259, 4, 197, 23, 195, 228, 159, 181, 39, 222, 29, 91, 230, 52, 224, 119, 109, 187, 43, 241, 34, 281, 31], "target": [60.0, 15.0], "target_a_strength": 22000000000, "radius": 0.3, "group_id": 0, "out_group_a_range": 2.8, "target_a_range": 435, "in_group_r_strength": 36, "out_group_a_strength": 11.428571428571429}, {"pedestrian_id": 298, "position": [-53.246362200746155, -9.110681842199089], "in_group_a_strength": 16, "in_group_a_range": 2.8, "attractor_count": 148, "out_group_r_strength": 50.4, "in_group_r_range": 2.0, "out_group_r_range": 2.0, "friend_zone": [199, 90, 256, 254, 71, 273, 178, 144, 146, 182, 54, 171, 270, 74, 64, 145, 137, 210, 116, 37, 241, 202, 22, 151, 39, 172, 142, 234, 224, 198, 251, 232, 43, 205, 9, 129, 120, 75, 154, 25, 6, 159, 17, 61, 101, 236, 163, 286, 220, 91, 55, 98, 189, 228, 272, 31, 131, 226, 127, 52, 242, 81, 280, 128, 217, 92, 102, 267, 152, 160, 100, 162, 35, 140, 34, 215, 184, 243, 23, 33, 264, 44, 85, 186, 11, 95, 110, 123, 0, 115, 223, 59, 245, 45, 259, 126, 65, 36, 239, 181, 94, 190, 18, 238, 282, 124, 47, 72, 16, 279, 84, 197, 250, 66, 194, 253, 53, 175, 87, 111, 274, 185, 83, 174, 168, 107, 200, 50, 96, 27, 177, 230, 4, 255, 235, 88, 26, 62, 117, 113, 153, 2, 165, 134, 257, 291, 78, 121], "target": [60.0, -15.0], "target_a_strength": 22000000000, "radius": 0.3, "group_id": 1, "out_group_a_range": 2.8, "target_a_range": 435, "in_group_r_strength": 36, "out_group_a_strength": 11.428571428571429}, {"pedestrian_id": 299, "position": [-46.746537147477206, 12.35259566638443], "in_group_a_strength": 16, "in_group_a_range": 2.8, "attractor_count": 148, "out_group_r_strength": 50.4, "in_group_r_range": 2.0, "out_group_r_range": 2.0, "friend_zone": [71, 88, 33, 254, 199, 155, 216, 153, 64, 81, 276, 106, 184, 161, 265, 145, 115, 25, 201, 130, 140, 65, 248, 95, 270, 189, 87, 23, 174, 57, 132, 219, 102, 197, 286, 196, 32, 185, 50, 47, 163, 82, 13, 206, 295, 148, 202, 123, 198, 91, 41, 34, 135, 269, 44, 83, 273, 164, 136, 165, 2, 120, 292, 274, 272, 108, 287, 151, 187, 53, 232, 278, 230, 236, 98, 31, 124, 103, 215, 280, 205, 56, 69, 225, 294, 152, 246, 250, 134, 172, 85, 188, 266, 11, 92, 283, 109, 14, 235, 40, 281, 208, 290, 234, 143, 253, 27, 243, 72, 61, 260, 113, 1, 16, 9, 55, 233, 226, 150, 159, 137, 62, 247, 227, 171, 54, 26, 158, 117, 251, 200, 262, 29, 63, 80, 17, 15, 249, 213, 252, 160, 144, 48, 7, 39, 190, 186, 168], "target": [60.0, 15.0], "target_a_strength": 22000000000, "radius": 0.3, "group_id": 1, "out_group_a_range": 2.8, "target_a_range": 435, "in_group_r_strength": 36, "out_group_a_strength": 11.428571428571429}], "frame_second": "6900", "additional_id_existed_ped": {"0": [297], "1": [296, 299], "2": [298], "3": [296], "4": [296, 297, 298], "5": [296, 299], "6": [296, 297, 298], "7": [296, 297, 299], "8": [296, 297, 299], "9": [], "10": [297, 298], "11": [299], "12": [298, 299], "13": [298], "14": [296, 298], "15": [296, 299], "16": [298, 299], "17": [298, 299], "18": [299], "19": [297, 299], "20": [296], "21": [296, 298, 299], "22": [296, 298, 299], "23": [298], "24": [296, 297, 298, 299], "25": [299], "26": [297, 298], "27": [297, 299], "28": [296, 297, 298], "29": [296, 298], "30": [297, 298, 299], "31": [296, 297, 299], "32": [296, 299], "33": [296, 297, 298, 299], "34": [296, 297, 299], "35": [296, 297], "36": [296, 297, 298], "37": [296, 297, 298], "38": [296, 297], "39": [296, 299], "40": [299], "41": [297], "42": [298, 299], "43": [], "44": [297, 298, 299], "45": [], "46": [297, 299], "47": [296, 297, 298], "48": [297, 298], "49": [296, 299], "50": [296, 297, 298], "51": [296, 297, 298], "52": [298, 299], "53": [296, 298], "54": [], "55": [297, 298, 299], "56": [297, 299], "57": [296, 297, 298], "58": [296, 297, 298], "59": [296, 297], "60": [], "61": [296, 298], "62": [], "63": [298], "64": [296, 297, 299], "65": [296, 298], "66": [297, 299], "67": [298], "68": [298], "69": [296, 297, 299], "70": [296, 297], "71": [296, 298, 299], "72": [297], "73": [296, 298], "74": [296, 299], "75": [296, 297, 298], "76": [296, 297], "77": [296, 298, 299], "78": [299], "79": [296, 298, 299], "80": [297, 298], "81": [296, 297, 299], "82": [296], "83": [296, 298, 299], "84": [297, 299], "85": [299], "86": [298], "87": [297, 298], "88": [297, 298, 299], "89": [296, 297, 298], "90": [296], "91": [298], "92": [296], "93": [296, 297, 299], "94": [297, 298], "95": [297], "96": [296, 298, 299], "97": [297, 298], "98": [296], "99": [296, 297, 299], "100": [296, 297, 298, 299], "101": [296, 297, 299], "102": [298], "103": [296, 298, 299], "104": [297], "105": [], "106": [297, 298], "107": [297, 298, 299], "108": [296, 298], "109": [297, 298, 299], "110": [296, 298, 299], "111": [297], "112": [297], "113": [297], "114": [296, 298], "115": [296, 298], "116": [296, 298], "117": [299], "118": [296, 297, 298, 299], "119": [297, 299], "120": [], "121": [297, 299], "122": [296, 297, 299], "123": [297, 299], "124": [296, 299], "125": [297, 298, 299], "126": [298, 299], "127": [296, 297, 299], "128": [298, 299], "129": [296, 299], "130": [296, 298], "131": [297, 299], "132": [297, 298], "133": [297, 299], "134": [298, 299], "135": [296, 299], "136": [297, 298], "137": [297, 298], "138": [297, 299], "139": [298, 299], "140": [297, 298], "141": [297], "142": [297, 299], "143": [298], "144": [296, 297, 298], "145": [296, 297, 298, 299], "146": [296, 297, 298], "147": [297, 298], "148": [296, 297], "149": [296, 297], "150": [298, 299], "151": [296, 297, 298], "152": [297, 298], "153": [296, 297, 298], "154": [296, 299], "155": [296, 298, 299], "156": [297, 298, 299], "157": [296, 298, 299], "158": [296, 297, 298, 299], "159": [296, 298, 299], "160": [297, 298], "161": [299], "162": [296, 299], "163": [298, 299], "164": [296, 297, 298, 299], "165": [296, 298, 299], "166": [296, 298, 299], "167": [], "168": [297, 299], "169": [296, 298], "170": [296, 299], "171": [299], "172": [296, 297, 298], "173": [296, 297, 299], "174": [296], "175": [298, 299], "176": [296, 297, 299],