{"pedestrian_list": [{"pedestrian_id": 184, "position": [-40.919761039420145, 14.964161019537622], "in_group_a_strength": 16, "in_group_a_range": 2.8, "attractor_count": 92, "out_group_r_strength": 50.4, "in_group_r_range": 2.0, "out_group_r_range": 2.0, "friend_zone": [102, 17, 100, 7, 53, 64, 69, 74, 88, 93, 44, 174, 80, 86, 70, 129, 40, 6, 30, 155, 104, 28, 113, 26, 178, 167, 51, 58, 68, 24, 170, 63, 50, 35, 73, 18, 139, 90, 16, 162, 181, 117, 60, 168, 0, 158, 4, 137, 98, 91, 31, 49, 54, 112, 89, 77, 79, 173, 92, 128, 34, 21, 160, 133, 5, 110, 132, 107, 47, 106, 147, 19, 85, 96, 180, 148, 152, 130, 176, 95, 10, 134, 151, 143, 84, 131, 136, 145, 163, 165, 175, 94], "target": [60.0, 15.0], "target_a_strength": 22000000000, "radius": 0.3, "group_id": 0, "out_group_a_range": 2.8, "target_a_range": 435, "in_group_r_strength": 36, "out_group_a_strength": 11.428571428571429}, {"pedestrian_id": 185, "position": [-69.48107395410476, 11.707826109395533], "in_group_a_strength": 16, "in_group_a_range": 2.8, "attractor_count": 92, "out_group_r_strength": 50.4, "in_group_r_range": 2.0, "out_group_r_range": 2.0, "friend_zone": [74, 71, 7, 104, 173, 150, 102, 92, 137, 103, 138, 147, 149, 164, 183, 53, 5, 161, 84, 156, 13, 98, 106, 97, 99, 90, 39, 43, 66, 112, 80, 111, 44, 56, 133, 8, 101, 93, 168, 163, 134, 58, 182, 20, 16, 170, 54, 96, 18, 108, 155, 167, 79, 132, 143, 151, 95, 61, 86, 73, 48, 31, 27, 26, 30, 67, 123, 28, 176, 125, 127, 72, 158, 139, 10, 131, 41, 105, 87, 81, 33, 24, 172, 180, 130, 129, 136, 75, 174, 21, 77, 0], "target": [60.0, 15.0], "target_a_strength": 22000000000, "radius": 0.3, "group_id": 0, "out_group_a_range": 2.8, "target_a_range": 435, "in_group_r_strength": 36, "out_group_a_strength": 11.428571428571429}, {"pedestrian_id": 186, "position": [-60.407204367671824, 22.08360866097397], "in_group_a_strength": 16, "in_group_a_range": 2.8, "attractor_count": 92, "out_group_r_strength": 50.4, "in_group_r_range": 2.0, "out_group_r_range": 2.0, "friend_zone": [172, 33, 133, 163, 6, 16, 58, 121, 34, 24, 72, 69, 52, 168, 90, 178, 79, 88, 118, 84, 77, 61, 171, 165, 44, 144, 59, 71, 85, 181, 5, 102, 123, 130, 49, 125, 46, 109, 56, 142, 141, 107, 120, 154, 152, 157, 8, 138, 53, 12, 37, 97, 76, 112, 17, 98, 31, 78, 36, 139, 92, 135, 13, 47, 134, 27, 117, 68, 129, 55, 75, 173, 26, 25, 160, 10, 51, 147, 73, 182, 63, 94, 96, 28, 67, 3, 48, 4, 38, 108, 42, 54], "target": [60.0, 15.0], "target_a_strength": 22000000000, "radius": 0.3, "group_id": 1, "out_group_a_range": 2.8, "target_a_range": 435, "in_group_r_strength": 36, "out_group_a_strength": 11.428571428571429}, {"pedestrian_id": 187, "position": [-42.85956929510014, 17.552933482022418], "in_group_a_strength": 16, "in_group_a_range": 2.8, "attractor_count": 92, "out_group_r_strength": 50.4, "in_group_r_range": 2.0, "out_group_r_range": 2.0, "friend_zone": [4, 103, 117, 170, 38, 173, 46, 23, 100, 123, 130, 127, 75, 20, 10, 59, 108, 81, 122, 26, 32, 120, 174, 73, 39, 147, 40, 171, 162, 114, 69, 161, 168, 93, 8, 125, 76, 165, 164, 29, 13, 151, 119, 154, 142, 181, 9, 183, 128, 118, 137, 61, 34, 101, 177, 131, 14, 169, 155, 18, 166, 104, 72, 30, 107, 156, 178, 62, 25, 157, 71, 19, 105, 150, 43, 33, 52, 49, 95, 31, 82, 0, 113, 153, 172, 80, 67, 42, 77, 58, 179, 6], "target": [60.0, 15.0], "target_a_strength": 22000000000, "radius": 0.3, "group_id": 1, "out_group_a_range": 2.8, "target_a_range": 435, "in_group_r_strength": 36, "out_group_a_strength": 11.428571428571429}], "frame_second": "4100", "additional_id_existed_ped": {"0": [184, 186, 187], "1": [186], "2": [186, 187], "3": [186, 187], "4": [184, 187], "5": [186, 187], "6": [187], "7": [184, 186, 187], "8": [186, 187], "9": [184, 186, 187], "10": [], "11": [184, 185, 186], "12": [184], "13": [184, 185], "14": [184], "15": [184, 185, 186, 187], "16": [184], "17": [184, 185, 186, 187], "18": [184], "19": [185], "20": [184, 185], "21": [185], "22": [185, 187], "23": [186, 187], "24": [185, 187], "25": [184, 187], "26": [184], "27": [184], "28": [184, 187], "29": [185, 187], "30": [185], "31": [185, 186], "32": [187], "33": [184, 186, 187], "34": [], "35": [184], "36": [186], "37": [186, 187], "38": [184, 185, 187], "39": [184, 185, 187], "40": [184, 185, 186, 187], "41": [], "42": [185, 187], "43": [185, 186, 187], "44": [185, 186, 187], "45": [185, 186, 187], "46": [186], "47": [186, 187], "48": [186], "49": [184, 185, 186], "50": [184], "51": [186], "52": [185, 186, 187], "53": [184, 185, 186, 187], "54": [184, 185], "55": [184], "56": [184], "57": [186, 187], "58": [185, 186, 187], "59": [184, 185, 186, 187], "60": [184, 185, 186, 187], "61": [], "62": [185, 186], "63": [184, 187], "64": [184, 185, 187], "65": [185], "66": [184], "67": [184, 186, 187], "68": [184], "69": [184, 185], "70": [184, 185], "71": [], "72": [185, 187], "73": [185, 186], "74": [184, 185, 187], "75": [185, 186, 187], "76": [185, 186], "77": [184, 185, 186, 187], "78": [184, 186], "79": [185, 186, 187], "80": [184], "81": [187], "82": [184, 185, 186], "83": [184, 185, 186], "84": [187], "85": [184, 185, 186, 187], "86": [184, 185, 187], "87": [185], "88": [184, 185, 186], "89": [186], "90": [184, 186, 187], "91": [184, 185, 186, 187], "92": [184, 185, 187], "93": [184, 186], "94": [184, 186, 187], "95": [184], "96": [], "97": [184], "98": [185], "99": [185], "100": [185, 186], "101": [185, 187], "102": [185, 186, 187], "103": [184, 185, 186, 187], "104": [184, 185, 187], "105": [185, 186, 187], "106": [186], "107": [184], "108": [187], "109": [186, 187], "110": [184, 185, 186], "111": [186, 187], "112": [184, 186], "113": [184], "114": [186, 187], "115": [185], "116": [184, 185, 186], "117": [184, 186, 187], "118": [186, 187], "119": [184, 185, 187], "120": [184, 185, 186, 187], "121": [187], "122": [184], "123": [185], "124": [], "125": [185, 186], "126": [184, 185], "127": [184, 186, 187], "128": [], "129": [187], "130": [184, 185, 187], "131": [184, 185], "132": [186, 187], "133": [184, 186, 187], "134": [184, 186], "135": [185, 187], "136": [185, 186], "137": [184, 185, 186, 187], "138": [184, 185, 186, 187], "139": [184, 186], "140": [185, 187], "141": [185, 187], "142": [187], "143": [186], "144": [185, 186], "145": [], "146": [185, 186, 187], "147": [186], "148": [184, 185, 186, 187], "149": [184], "150": [185], "151": [184, 185], "152": [185, 186], "153": [187], "154": [185, 186], "155": [187], "156": [184, 186, 187], "157": [186, 187], "158": [184, 185, 186], "159": [184, 185, 186, 187], "160": [184], "161": [184, 185, 187], "162": [184, 187], "163": [184, 185, 186, 187], "164": [184, 185], "165": [185, 186, 187], "166": [185, 187], "167": [184, 185, 186], "168": [185], "169": [185], "170": [186], "171": [184, 186], "172": [184, 187], "173": [184, 186, 187], "174": [184, 187], "175": [184, 185], "176": [186, 187], "177": [185, 186], "178": [184], "179": [184, 186], "180": [185], "181": [185], "182": [185, 186, 187], "183": []}}