{"pedestrian_list": [{"pedestrian_id": 268, "position": [-61.06282506359578, 18.193018073791972], "in_group_a_strength": 16, "in_group_a_range": 2.8, "attractor_count": 134, "out_group_r_strength": 50.4, "in_group_r_range": 2.0, "out_group_r_range": 2.0, "friend_zone": [140, 118, 98, 220, 4, 103, 120, 191, 13, 209, 11, 25, 202, 130, 223, 250, 172, 131, 9, 199, 82, 73, 142, 85, 36, 100, 55, 252, 46, 219, 23, 204, 233, 41, 26, 67, 3, 183, 157, 240, 61, 186, 178, 129, 143, 21, 88, 30, 261, 109, 66, 47, 158, 104, 27, 14, 123, 212, 235, 20, 230, 101, 59, 206, 242, 48, 179, 265, 192, 86, 236, 91, 141, 94, 70, 264, 247, 248, 210, 93, 267, 76, 151, 182, 96, 259, 107, 126, 217, 201, 237, 154, 77, 121, 165, 52, 80, 243, 200, 253, 124, 10, 57, 72, 256, 34, 22, 117, 45, 258, 87, 174, 33, 42, 169, 31, 2, 24, 32, 198, 108, 160, 167, 266, 144, 196, 218, 185, 28, 119, 207, 215, 255, 137], "target": [60.0, 15.0], "target_a_strength": 22000000000, "radius": 0.3, "group_id": 0, "out_group_a_range": 2.8, "target_a_range": 435, "in_group_r_strength": 36, "out_group_a_strength": 11.428571428571429}, {"pedestrian_id": 269, "position": [-37.625980554277035, -8.44515190776027], "in_group_a_strength": 16, "in_group_a_range": 2.8, "attractor_count": 134, "out_group_r_strength": 50.4, "in_group_r_range": 2.0, "out_group_r_range": 2.0, "friend_zone": [72, 42, 83, 134, 209, 255, 183, 29, 211, 230, 215, 48, 67, 20, 262, 174, 245, 104, 124, 114, 249, 61, 266, 19, 31, 53, 103, 256, 159, 81, 131, 193, 177, 57, 52, 112, 50, 75, 77, 178, 26, 49, 175, 264, 201, 88, 45, 10, 152, 115, 100, 219, 146, 154, 190, 155, 106, 231, 163, 54, 18, 171, 0, 220, 196, 43, 12, 182, 65, 186, 136, 87, 153, 235, 185, 111, 108, 69, 228, 187, 78, 188, 257, 123, 40, 191, 109, 229, 6, 24, 139, 39, 86, 55, 195, 158, 165, 97, 74, 179, 68, 27, 144, 147, 202, 167, 80, 204, 226, 107, 113, 223, 41, 98, 252, 56, 161, 251, 180, 232, 73, 35, 102, 38, 7, 36, 64, 63, 119, 92, 28, 246, 236, 198], "target": [60.0, -15.0], "target_a_strength": 22000000000, "radius": 0.3, "group_id": 0, "out_group_a_range": 2.8, "target_a_range": 435, "in_group_r_strength": 36, "out_group_a_strength": 11.428571428571429}, {"pedestrian_id": 270, "position": [-52.6013258000647, -0.6347137441859207], "in_group_a_strength": 16, "in_group_a_range": 2.8, "attractor_count": 134, "out_group_r_strength": 50.4, "in_group_r_range": 2.0, "out_group_r_range": 2.0, "friend_zone": [84, 85, 117, 126, 88, 54, 267, 264, 44, 92, 26, 76, 172, 9, 151, 108, 61, 168, 249, 187, 104, 60, 86, 218, 41, 14, 246, 146, 214, 77, 131, 139, 195, 49, 132, 72, 37, 143, 176, 121, 114, 15, 5, 33, 123, 166, 183, 99, 124, 229, 178, 136, 35, 40, 206, 265, 55, 148, 47, 2, 64, 140, 241, 45, 134, 193, 254, 43, 234, 185, 107, 210, 245, 21, 163, 202, 48, 236, 205, 115, 75, 96, 192, 12, 198, 0, 31, 65, 17, 112, 73, 204, 97, 228, 181, 59, 39, 16, 219, 230, 10, 188, 258, 248, 70, 162, 222, 13, 217, 171, 203, 184, 213, 68, 87, 180, 179, 177, 98, 256, 223, 29, 260, 232, 69, 263, 110, 194, 109, 156, 244, 247, 116, 165], "target": [60.0, -15.0], "target_a_strength": 22000000000, "radius": 0.3, "group_id": 1, "out_group_a_range": 2.8, "target_a_range": 435, "in_group_r_strength": 36, "out_group_a_strength": 11.428571428571429}, {"pedestrian_id": 271, "position": [-37.64870757453638, -20.148385985365778], "in_group_a_strength": 16, "in_group_a_range": 2.8, "attractor_count": 134, "out_group_r_strength": 50.4, "in_group_r_range": 2.0, "out_group_r_range": 2.0, "friend_zone": [227, 27, 185, 136, 76, 108, 144, 180, 48, 162, 91, 109, 258, 42, 112, 209, 128, 219, 101, 200, 222, 167, 30, 265, 206, 67, 111, 224, 93, 230, 229, 260, 142, 161, 263, 89, 105, 250, 107, 138, 159, 69, 50, 261, 220, 212, 10, 122, 44, 92, 207, 11, 153, 196, 31, 74, 236, 70, 154, 117, 33, 184, 81, 21, 170, 168, 151, 62, 267, 232, 100, 104, 75, 190, 221, 65, 110, 53, 218, 79, 247, 88, 192, 259, 213, 131, 187, 57, 150, 24, 135, 47, 129, 257, 51, 197, 96, 253, 99, 61, 177, 87, 137, 106, 116, 242, 49, 38, 132, 198, 115, 78, 55, 217, 141, 266, 176, 60, 191, 123, 73, 8, 2, 83, 40, 160, 182, 169, 158, 157, 264, 120, 20, 223], "target": [60.0, -15.0], "target_a_strength": 22000000000, "radius": 0.3, "group_id": 1, "out_group_a_range": 2.8, "target_a_range": 435, "in_group_r_strength": 36, "out_group_a_strength": 11.428571428571429}], "frame_second": "6200", "additional_id_existed_ped": {"0": [271], "1": [270, 271], "2": [271], "3": [269], "4": [269, 270, 271], "5": [268, 269, 270], "6": [269, 271], "7": [270], "8": [268], "9": [269], "10": [268, 270, 271], "11": [269, 270, 271], "12": [268, 269], "13": [268, 270, 271], "14": [268, 270], "15": [269, 270, 271], "16": [268, 269, 271], "17": [269, 271], "18": [270], "19": [270, 271], "20": [268, 269, 271], "21": [270], "22": [271], "23": [270, 271], "24": [268, 271], "25": [270], "26": [268, 270, 271], "27": [269, 270], "28": [268, 269, 270], "29": [268, 270], "30": [269], "31": [], "32": [268, 269, 270], "33": [268, 269, 270, 271], "34": [268, 269, 270, 271], "35": [269, 270], "36": [269], "37": [268, 271], "38": [268, 269, 271], "39": [268, 270, 271], "40": [271], "41": [271], "42": [268, 269, 271], "43": [], "44": [270], "45": [268, 269, 270], "46": [268, 269, 270, 271], "47": [268, 269, 270], "48": [268, 269, 270, 271], "49": [268, 270, 271], "50": [268, 269, 271], "51": [269, 270, 271], "52": [268, 269, 270], "53": [268, 269, 270, 271], "54": [271], "55": [268, 270], "56": [269], "57": [269, 270, 271], "58": [269], "59": [270, 271], "60": [268], "61": [271], "62": [268, 269, 270, 271], "63": [269, 271], "64": [268, 269, 270, 271], "65": [268, 270], "66": [270, 271], "67": [269, 270], "68": [268], "69": [269, 270, 271], "70": [268, 269, 270], "71": [268, 271], "72": [269], "73": [268, 271], "74": [270], "75": [268, 269, 270], "76": [268], "77": [268, 269, 271], "78": [269, 270], "79": [269], "80": [268, 270, 271], "81": [269], "82": [269, 270, 271], "83": [268, 269, 271], "84": [], "85": [268, 271], "86": [268], "87": [270, 271], "88": [271], "89": [], "90": [270, 271], "91": [271], "92": [269, 271], "93": [270], "94": [268], "95": [], "96": [268, 269, 270], "97": [268, 270, 271], "98": [269], "99": [268, 269, 270], "100": [268, 270, 271], "101": [268, 270, 271], "102": [270], "103": [268], "104": [270, 271], "105": [268, 270, 271], "106": [268, 271], "107": [268], "108": [268, 269, 271], "109": [268], "110": [269, 271], "111": [268, 269], "112": [268, 269, 270], "113": [268, 270], "114": [268, 270, 271], "115": [271], "116": [271], "117": [268, 269, 270], "118": [], "119": [269, 270], "120": [269], "121": [268, 269], "122": [268, 270, 271], "123": [270], "124": [268, 269], "125": [268, 270, 271], "126": [271], "127": [268, 269, 271], "128": [268, 269, 270, 271], "129": [268, 270, 271], "130": [], "131": [269, 270], "132": [269, 270], "133": [268, 270, 271], "134": [268, 269], "135": [268, 271], "136": [270], "137": [269, 270, 271], "138": [269], "139": [268, 269, 271], "140": [269, 270], "141": [271], "142": [269, 270], "143": [269, 270, 271], "144": [270], "145": [268, 269, 270, 271], "146": [268], "147": [268], "148": [270], "149": [268, 271], "150": [270, 271], "151": [269], "152": [268, 271], "153": [269], "154": [268], "155": [269, 270, 271], "156": [271], "157": [269, 271], "158": [268, 269, 271], "159": [268], "160": [270, 271], "161": [268, 269, 270], "162": [269, 271], "163": [269, 270, 271], "164": [270], "165": [269, 271], "166": [268, 270], "167": [268, 270], "168": [], "169": [271], "170": [270, 271], "171": [268, 269, 270], "172": [269], "173": [269], "174": [268, 269, 270, 271], "175": [268], "176": [268, 270], "177": [268, 269, 271], "178": [271], "179": [269, 270], "180": [268, 269], "181": [269, 270], "182": [269], "183": [269], "184": [], "185": [268, 269, 270, 271], "186": [270, 271], "187": [270], "188": [271], "189": [268, 269, 271], "190": [270], "191": [268, 270, 271], "192": [269, 270, 271], "193": [268], "194": [269, 270], "195": [268, 269, 270],