{"pedestrian_list": [{"pedestrian_id": 196, "position": [-33.11133033690972, 15.624426027276318], "in_group_a_strength": 16, "in_group_a_range": 2.8, "attractor_count": 98, "out_group_r_strength": 50.4, "in_group_r_range": 2.0, "out_group_r_range": 2.0, "friend_zone": [38, 125, 93, 130, 134, 83, 99, 12, 77, 75, 111, 109, 164, 18, 59, 27, 158, 31, 66, 63, 25, 5, 100, 143, 45, 29, 20, 80, 79, 195, 57, 84, 4, 78, 117, 94, 150, 140, 136, 55, 104, 64, 152, 181, 54, 16, 189, 174, 44, 3, 154, 185, 32, 142, 2, 188, 69, 62, 73, 121, 51, 138, 86, 37, 102, 191, 183, 175, 1, 6, 13, 149, 131, 14, 112, 9, 177, 41, 163, 157, 82, 190, 114, 145, 186, 116, 89, 26, 48, 42, 171, 162, 148, 97, 119, 128, 50, 60], "target": [60.0, 15.0], "target_a_strength": 22000000000, "radius": 0.3, "group_id": 0, "out_group_a_range": 2.8, "target_a_range": 435, "in_group_r_strength": 36, "out_group_a_strength": 11.428571428571429}, {"pedestrian_id": 197, "position": [-33.10710239226805, -0.659384076719534], "in_group_a_strength": 16, "in_group_a_range": 2.8, "attractor_count": 98, "out_group_r_strength": 50.4, "in_group_r_range": 2.0, "out_group_r_range": 2.0, "friend_zone": [185, 90, 108, 151, 10, 4, 89, 116, 76, 177, 172, 187, 26, 74, 99, 182, 31, 57, 114, 184, 18, 72, 30, 188, 2, 146, 12, 5, 180, 155, 142, 56, 38, 111, 1, 190, 171, 192, 170, 195, 125, 20, 130, 160, 166, 106, 143, 63, 139, 186, 61, 191, 47, 128, 158, 112, 87, 176, 28, 34, 101, 119, 19, 32, 193, 39, 173, 178, 91, 121, 75, 105, 156, 3, 175, 92, 103, 107, 93, 109, 126, 140, 137, 118, 21, 127, 8, 88, 35, 13, 49, 44, 25, 85, 157, 52, 58, 138], "target": [60.0, -15.0], "target_a_strength": 22000000000, "radius": 0.3, "group_id": 0, "out_group_a_range": 2.8, "target_a_range": 435, "in_group_r_strength": 36, "out_group_a_strength": 11.428571428571429}, {"pedestrian_id": 198, "position": [-64.96168220162879, 16.895794163572845], "in_group_a_strength": 16, "in_group_a_range": 2.8, "attractor_count": 98, "out_group_r_strength": 50.4, "in_group_r_range": 2.0, "out_group_r_range": 2.0, "friend_zone": [134, 112, 65, 121, 193, 147, 79, 25, 37, 139, 29, 42, 28, 152, 125, 17, 24, 190, 26, 157, 108, 116, 130, 181, 106, 171, 109, 183, 45, 165, 78, 98, 41, 59, 55, 39, 187, 192, 74, 100, 135, 174, 68, 19, 13, 159, 113, 169, 194, 186, 123, 149, 63, 75, 107, 56, 14, 51, 172, 158, 160, 132, 156, 141, 84, 144, 32, 189, 133, 23, 148, 120, 0, 128, 69, 15, 86, 9, 90, 81, 102, 167, 40, 154, 20, 54, 80, 111, 18, 185, 7, 44, 124, 31, 85, 153, 143, 94], "target": [60.0, 15.0], "target_a_strength": 22000000000, "radius": 0.3, "group_id": 1, "out_group_a_range": 2.8, "target_a_range": 435, "in_group_r_strength": 36, "out_group_a_strength": 11.428571428571429}, {"pedestrian_id": 199, "position": [-56.52482945905278, 2.6096293027685316], "in_group_a_strength": 16, "in_group_a_range": 2.8, "attractor_count": 98, "out_group_r_strength": 50.4, "in_group_r_range": 2.0, "out_group_r_range": 2.0, "friend_zone": [52, 145, 69, 63, 143, 73, 66, 179, 94, 64, 71, 75, 39, 79, 116, 154, 4, 28, 188, 120, 13, 40, 61, 45, 176, 41, 90, 91, 11, 54, 83, 171, 33, 148, 24, 30, 51, 131, 18, 62, 118, 170, 111, 167, 142, 22, 122, 70, 5, 134, 97, 146, 119, 190, 147, 9, 135, 12, 177, 184, 181, 10, 185, 106, 191, 103, 168, 7, 21, 26, 193, 77, 16, 102, 27, 67, 89, 172, 174, 178, 78, 149, 159, 29, 80, 92, 48, 108, 3, 169, 117, 14, 130, 136, 1, 192, 105, 42], "target": [60.0, 15.0], "target_a_strength": 22000000000, "radius": 0.3, "group_id": 1, "out_group_a_range": 2.8, "target_a_range": 435, "in_group_r_strength": 36, "out_group_a_strength": 11.428571428571429}], "frame_second": "4400", "additional_id_existed_ped": {"0": [196, 199], "1": [198, 199], "2": [196, 198, 199], "3": [196, 197, 199], "4": [196, 197, 198], "5": [199], "6": [196], "7": [197], "8": [196, 199], "9": [197, 199], "10": [196, 199], "11": [198, 199], "12": [197, 199], "13": [197, 198, 199], "14": [198, 199], "15": [199], "16": [196, 199], "17": [196, 198], "18": [197, 198], "19": [196, 199], "20": [197, 198, 199], "21": [196, 199], "22": [197, 199], "23": [198, 199], "24": [197], "25": [196, 197], "26": [197, 199], "27": [], "28": [196, 197, 199], "29": [197, 198], "30": [198], "31": [196, 197, 199], "32": [196, 197, 198, 199], "33": [197], "34": [196, 197, 198], "35": [196], "36": [197, 199], "37": [197, 199], "38": [196, 199], "39": [], "40": [198, 199], "41": [], "42": [], "43": [197], "44": [196, 197, 198, 199], "45": [198], "46": [197, 199], "47": [196, 198, 199], "48": [196, 198], "49": [196, 198], "50": [196, 197, 198], "51": [], "52": [], "53": [196, 197], "54": [196, 199], "55": [196, 197, 199], "56": [198], "57": [197, 199], "58": [196, 197, 198], "59": [198], "60": [196, 198, 199], "61": [196, 198, 199], "62": [196, 197, 199], "63": [199], "64": [197, 198], "65": [196, 198], "66": [196, 197, 199], "67": [], "68": [198], "69": [196, 197, 198], "70": [196, 198, 199], "71": [197, 199], "72": [196, 198, 199], "73": [196, 197], "74": [197, 198, 199], "75": [196, 197, 199], "76": [197], "77": [196], "78": [196, 197, 198], "79": [197], "80": [197], "81": [196, 198, 199], "82": [196, 198, 199], "83": [196, 197], "84": [198], "85": [196, 198, 199], "86": [196, 197, 198, 199], "87": [196, 197, 199], "88": [197, 199], "89": [196, 197], "90": [197, 198], "91": [197, 199], "92": [], "93": [196, 199], "94": [197, 198], "95": [197, 198], "96": [196, 199], "97": [196, 197, 198, 199], "98": [197, 198, 199], "99": [197, 198, 199], "100": [198], "101": [197, 199], "102": [199], "103": [199], "104": [196, 198, 199], "105": [196, 198, 199], "106": [197, 199], "107": [196, 197, 198], "108": [197, 199], "109": [197, 198], "110": [196], "111": [198, 199], "112": [196, 199], "113": [196], "114": [196, 197], "115": [196, 197, 198, 199], "116": [196, 198, 199], "117": [197], "118": [196, 197], "119": [197, 198], "120": [198], "121": [196, 198], "122": [196, 197, 198, 199], "123": [197, 198], "124": [], "125": [196, 197], "126": [198, 199], "127": [196, 199], "128": [197, 198], "129": [196, 197, 199], "130": [196, 198], "131": [196, 199], "132": [196, 197], "133": [196, 199], "134": [196, 199], "135": [197, 198], "136": [197, 198], "137": [197, 199], "138": [197, 198], "139": [196], "140": [196, 198], "141": [196, 197, 198, 199], "142": [198], "143": [196], "144": [196], "145": [199], "146": [196, 197, 198, 199], "147": [197, 198], "148": [198, 199], "149": [197, 199], "150": [196, 198], "151": [198], "152": [196, 198, 199], "153": [196], "154": [196, 197], "155": [196, 197], "156": [196, 197, 198, 199], "157": [196, 199], "158": [198], "159": [196], "160": [198], "161": [197, 198], "162": [197], "163": [196, 197, 199], "164": [197, 198], "165": [], "166": [], "167": [196], "168": [], "169": [197], "170": [196, 197, 199], "171": [196, 197, 198, 199], "172": [196, 197, 198], "173": [196, 197, 198], "174": [196, 198], "175": [198], "176": [199], "177": [196, 198, 199], "178": [196, 198, 199], "179": [], "180": [198, 199], "181": [196, 197, 198], "182": [196, 198, 199], "183": [197, 198], "184": [198], "185": [197, 198], "186": [197, 199], "187": [196, 197, 199], "188": [196, 197, 198, 199], "189": [197, 198], "190": [196, 197, 198], "191": [196, 197, 198, 199], "192": [198, 199], "193": [197, 198, 199], "194": [198, 199], "195": [199]}}