{"pedestrian_list": [{"pedestrian_id": 220, "position": [-68.20121769870607, -9.110880270463097], "in_group_a_strength": 16, "in_group_a_range": 2.8, "attractor_count": 110, "out_group_r_strength": 50.4, "in_group_r_range": 2.0, "out_group_r_range": 2.0, "friend_zone": [10, 89, 187, 0, 11, 205, 67, 193, 20, 104, 60, 173, 83, 148, 182, 218, 165, 24, 16, 3, 17, 88, 45, 76, 172, 63, 2, 131, 209, 143, 110, 1, 138, 118, 106, 188, 4, 53, 113, 6, 170, 158, 175, 65, 124, 149, 176, 38, 102, 22, 26, 107, 166, 204, 191, 197, 119, 146, 54, 90, 43, 96, 206, 184, 174, 9, 14, 134, 39, 192, 164, 145, 18, 141, 171, 137, 28, 180, 52, 47, 94, 114, 71, 179, 105, 78, 51, 81, 219, 100, 73, 5, 42, 129, 132, 48, 133, 199, 57, 59, 196, 85, 93, 207, 8, 112, 216, 84, 44, 41], "target": [60.0, -15.0], "target_a_strength": 22000000000, "radius": 0.3, "group_id": 0, "out_group_a_range": 2.8, "target_a_range": 435, "in_group_r_strength": 36, "out_group_a_strength": 11.428571428571429}, {"pedestrian_id": 221, "position": [-42.830546277333845, -4.5465480775442195], "in_group_a_strength": 16, "in_group_a_range": 2.8, "attractor_count": 110, "out_group_r_strength": 50.4, "in_group_r_range": 2.0, "out_group_r_range": 2.0, "friend_zone": [71, 33, 196, 188, 114, 110, 45, 49, 15, 55, 70, 107, 16, 46, 63, 136, 52, 83, 147, 152, 112, 75, 170, 181, 116, 101, 202, 73, 130, 208, 205, 72, 109, 87, 74, 120, 159, 79, 37, 42, 121, 203, 194, 35, 14, 13, 51, 132, 182, 122, 23, 158, 44, 32, 179, 155, 174, 141, 214, 154, 193, 134, 94, 156, 25, 108, 149, 20, 162, 168, 93, 98, 175, 129, 78, 40, 47, 10, 76, 104, 128, 164, 195, 125, 192, 43, 6, 58, 95, 211, 86, 176, 92, 106, 53, 24, 150, 99, 213, 212, 60, 103, 12, 102, 84, 27, 36, 41, 85, 1], "target": [60.0, -15.0], "target_a_strength": 22000000000, "radius": 0.3, "group_id": 0, "out_group_a_range": 2.8, "target_a_range": 435, "in_group_r_strength": 36, "out_group_a_strength": 11.428571428571429}, {"pedestrian_id": 222, "position": [-48.07101642213831, 20.126534971311422], "in_group_a_strength": 16, "in_group_a_range": 2.8, "attractor_count": 110, "out_group_r_strength": 50.4, "in_group_r_range": 2.0, "out_group_r_range": 2.0, "friend_zone": [152, 44, 89, 106, 68, 5, 148, 83, 185, 78, 147, 138, 19, 186, 57, 160, 94, 189, 154, 98, 100, 14, 50, 36, 42, 144, 130, 81, 135, 35, 66, 56, 10, 28, 140, 46, 2, 4, 37, 137, 32, 21, 15, 0, 26, 54, 12, 142, 115, 146, 145, 53, 162, 192, 191, 187, 76, 34, 179, 120, 13, 51, 48, 63, 175, 113, 59, 141, 79, 55, 188, 136, 64, 206, 111, 65, 31, 70, 155, 101, 177, 126, 75, 103, 105, 41, 157, 149, 24, 210, 30, 20, 123, 90, 97, 170, 118, 119, 1, 151, 80, 208, 3, 99, 33, 108, 150, 45, 161, 133], "target": [60.0, 15.0], "target_a_strength": 22000000000, "radius": 0.3, "group_id": 1, "out_group_a_range": 2.8, "target_a_range": 435, "in_group_r_strength": 36, "out_group_a_strength": 11.428571428571429}, {"pedestrian_id": 223, "position": [-33.124001760771165, 15.616714677128192], "in_group_a_strength": 16, "in_group_a_range": 2.8, "attractor_count": 110, "out_group_r_strength": 50.4, "in_group_r_range": 2.0, "out_group_r_range": 2.0, "friend_zone": [131, 37, 15, 19, 14, 158, 157, 219, 122, 129, 186, 91, 166, 1, 39, 146, 170, 125, 69, 152, 147, 59, 82, 86, 177, 31, 43, 74, 199, 211, 150, 64, 206, 21, 128, 160, 98, 176, 28, 87, 102, 18, 75, 218, 108, 24, 167, 106, 204, 133, 107, 145, 100, 124, 159, 202, 112, 4, 214, 216, 172, 48, 118, 99, 2, 61, 90, 49, 178, 13, 127, 40, 76, 141, 139, 205, 45, 62, 46, 84, 144, 113, 16, 114, 0, 22, 5, 143, 195, 41, 109, 156, 117, 115, 213, 197, 116, 187, 35, 88, 44, 47, 135, 132, 79, 179, 185, 212, 89, 168], "target": [60.0, 15.0], "target_a_strength": 22000000000, "radius": 0.3, "group_id": 1, "out_group_a_range": 2.8, "target_a_range": 435, "in_group_r_strength": 36, "out_group_a_strength": 11.428571428571429}], "frame_second": "5000", "additional_id_existed_ped": {"0": [220, 223], "1": [220, 222], "2": [221, 223], "3": [221, 222, 223], "4": [220, 222], "5": [222, 223], "6": [222], "7": [220, 221], "8": [220, 221, 222], "9": [220], "10": [221], "11": [220], "12": [220], "13": [222, 223], "14": [220, 222, 223], "15": [220, 221], "16": [220, 223], "17": [220, 221], "18": [220, 221], "19": [220, 223], "20": [222, 223], "21": [222], "22": [222], "23": [222], "24": [220, 222, 223], "25": [220], "26": [221, 223], "27": [220, 221], "28": [220], "29": [221, 222, 223], "30": [220, 221, 222], "31": [222], "32": [221, 222, 223], "33": [220], "34": [220, 222, 223], "35": [221, 222, 223], "36": [220, 222], "37": [220, 223], "38": [222], "39": [221, 223], "40": [220, 223], "41": [], "42": [222], "43": [220, 221, 222, 223], "44": [221, 222, 223], "45": [222], "46": [220, 222], "47": [222], "48": [221, 222, 223], "49": [222, 223], "50": [220, 221, 222], "51": [220, 221, 222], "52": [220, 221], "53": [220, 222, 223], "54": [], "55": [223], "56": [], "57": [223], "58": [221, 222, 223], "59": [220, 221, 222], "60": [221, 223], "61": [], "62": [220, 223], "63": [220, 221, 223], "64": [221, 222, 223], "65": [220, 223], "66": [221, 223], "67": [221, 223], "68": [220, 221, 222], "69": [220, 222, 223], "70": [220, 221, 222, 223], "71": [221], "72": [222], "73": [221, 223], "74": [221, 222, 223], "75": [221, 223], "76": [221], "77": [222], "78": [220, 221], "79": [220, 221, 223], "80": [222, 223], "81": [], "82": [220, 222], "83": [222], "84": [223], "85": [223], "86": [221], "87": [221, 222, 223], "88": [222], "89": [220, 221, 222], "90": [220, 223], "91": [220], "92": [222, 223], "93": [222], "94": [220, 221], "95": [220, 221, 222, 223], "96": [221, 223], "97": [220, 221, 222], "98": [221, 223], "99": [220, 223], "100": [220, 221], "101": [], "102": [], "103": [220, 221, 222, 223], "104": [221], "105": [222], "106": [221, 223], "107": [220, 221, 222], "108": [220, 221, 222, 223], "109": [220, 221, 222], "110": [220, 221, 223], "111": [222, 223], "112": [222, 223], "113": [220, 223], "114": [221, 223], "115": [222, 223], "116": [221], "117": [220, 221], "118": [220, 221, 222, 223], "119": [223], "120": [221], "121": [220, 221, 223], "122": [222], "123": [220, 221], "124": [220, 221, 222, 223], "125": [220, 223], "126": [221, 223], "127": [221, 222], "128": [], "129": [220, 222, 223], "130": [220, 222, 223], "131": [221], "132": [220], "133": [220, 221, 223], "134": [220, 221], "135": [221, 222], "136": [221], "137": [220, 221, 222, 223], "138": [223], "139": [220, 221], "140": [220, 222, 223], "141": [223], "142": [220, 221, 223], "143": [222], "144": [220, 221, 223], "145": [222], "146": [220, 221], "147": [221, 222], "148": [221, 222], "149": [220, 221, 223], "150": [220, 222], "151": [221], "152": [220, 221, 222], "153": [220, 223], "154": [221, 223], "155": [220, 222], "156": [223], "157": [220, 222, 223], "158": [220, 221, 222, 223], "159": [220, 221], "160": [223], "161": [220, 221], "162": [220, 221], "163": [220, 221, 222], "164": [221, 222], "165": [221], "166": [221, 222, 223], "167": [220, 221, 222, 223], "168": [220, 221], "169": [220, 222], "170": [220], "171": [222, 223], "172": [222], "173": [220, 221, 223], "174": [220, 223], "175": [221, 222], "176": [223], "177": [220, 221], "178": [220, 223], "179": [223], "180": [220], "181": [221, 222], "182": [221], "183": [220, 223], "184": [220, 223], "185": [220, 221, 222], "186": [], "187": [222, 223], "188": [220, 222, 223], "189": [221, 222, 223], "190": [220, 223], "191": [220, 222, 223], "192": [221, 222], "193": [220, 223], "194": [220, 223], "195": [220, 222, 223], "196": [222], "197": [220, 221, 222, 223], "198": [220, 221], "199": [], "200": [221, 222, 223], "201": [220, 222, 223], "202": [221, 222], "203": [221, 222, 223], "204": [222, 223], "205": [220, 222, 223], "206": [220, 222], "207": [221, 222, 223], "208": [221], "209": [221], "210": [221, 222, 223], "211": [220, 221, 223], "212": [220, 221, 222, 223], "213": [220, 221, 222], "214": [220, 223], "215": [], "216": [220, 221, 222], "217": [222], "218": [222], "219": [222, 223]}}