{"pedestrian_list": [{"pedestrian_id": 68, "position": [-66.23063348971905, -13.633997696532596], "in_group_a_strength": 16, "in_group_a_range": 2.8, "attractor_count": 34, "out_group_r_strength": 50.4, "in_group_r_range": 2.0, "out_group_r_range": 2.0, "friend_zone": [56, 18, 47, 29, 36, 38, 55, 33, 7, 26, 10, 49, 13, 50, 5, 57, 14, 20, 58, 51, 67, 25, 41, 19, 66, 52, 65, 21, 11, 32, 35, 6, 23, 62], "target": [60.0, -15.0], "target_a_strength": 22000000000, "radius": 0.3, "group_id": 0, "out_group_a_range": 2.8, "target_a_range": 435, "in_group_r_strength": 36, "out_group_a_strength": 11.428571428571429}, {"pedestrian_id": 69, "position": [-68.20261975297308, -1.299079876580252], "in_group_a_strength": 16, "in_group_a_range": 2.8, "attractor_count": 34, "out_group_r_strength": 50.4, "in_group_r_range": 2.0, "out_group_r_range": 2.0, "friend_zone": [35, 42, 28, 23, 31, 20, 57, 39, 40, 17, 27, 56, 50, 59, 16, 46, 7, 54, 30, 51, 36, 64, 53, 32, 65, 21, 1, 13, 15, 34, 37, 66, 67, 5], "target": [60.0, -15.0], "target_a_strength": 22000000000, "radius": 0.3, "group_id": 0, "out_group_a_range": 2.8, "target_a_range": 435, "in_group_r_strength": 36, "out_group_a_strength": 11.428571428571429}, {"pedestrian_id": 70, "position": [-46.72687762728537, 4.534926534729084], "in_group_a_strength": 16, "in_group_a_range": 2.8, "attractor_count": 34, "out_group_r_strength": 50.4, "in_group_r_range": 2.0, "out_group_r_range": 2.0, "friend_zone": [31, 32, 55, 51, 2, 39, 60, 28, 20, 0, 44, 26, 64, 58, 18, 52, 36, 42, 19, 16, 37, 45, 61, 6, 47, 27, 63, 34, 7, 49, 29, 67, 11, 14], "target": [60.0, 15.0], "target_a_strength": 22000000000, "radius": 0.3, "group_id": 1, "out_group_a_range": 2.8, "target_a_range": 435, "in_group_r_strength": 36, "out_group_a_strength": 11.428571428571429}, {"pedestrian_id": 71, "position": [-55.86603940099943, -5.863263145240439], "in_group_a_strength": 16, "in_group_a_range": 2.8, "attractor_count": 34, "out_group_r_strength": 50.4, "in_group_r_range": 2.0, "out_group_r_range": 2.0, "friend_zone": [32, 26, 44, 9, 65, 10, 22, 16, 60, 6, 35, 11, 19, 3, 31, 54, 12, 5, 53, 63, 47, 39, 0, 1, 34, 43, 37, 20, 2, 29, 64, 18, 17, 38], "target": [60.0, -15.0], "target_a_strength": 22000000000, "radius": 0.3, "group_id": 1, "out_group_a_range": 2.8, "target_a_range": 435, "in_group_r_strength": 36, "out_group_a_strength": 11.428571428571429}], "frame_second": "1200", "additional_id_existed_ped": {"0": [70, 71], "1": [68, 70, 71], "2": [69], "3": [68, 69, 71], "4": [68, 69, 70], "5": [68, 69, 70], "6": [68, 69, 70, 71], "7": [69], "8": [69, 70, 71], "9": [], "10": [70], "11": [69, 70, 71], "12": [68, 70], "13": [68, 70, 71], "14": [68, 70, 71], "15": [68, 69, 70], "16": [71], "17": [69, 70, 71], "18": [70, 71], "19": [68, 71], "20": [68, 69, 70, 71], "21": [69], "22": [68, 69], "23": [71], "24": [71], "25": [71], "26": [], "27": [69, 70], "28": [68, 70, 71], "29": [69, 71], "30": [68, 69, 70, 71], "31": [68, 69, 71], "32": [68, 69, 71], "33": [68, 69, 70], "34": [68, 69, 70, 71], "35": [68], "36": [68], "37": [69, 70, 71], "38": [70], "39": [69, 71], "40": [69], "41": [68, 71], "42": [68, 69, 70, 71], "43": [68, 71], "44": [68], "45": [70], "46": [70], "47": [68, 69, 70], "48": [71], "49": [69], "50": [], "51": [69, 70, 71], "52": [68, 69, 70, 71], "53": [68, 71], "54": [69], "55": [69], "56": [69, 70, 71], "57": [68], "58": [68, 69], "59": [70], "60": [69, 70], "61": [68], "62": [68, 70], "63": [68, 70], "64": [70], "65": [68, 71], "66": [71], "67": [68, 69]}}