{"pedestrian_list": [{"pedestrian_id": 132, "position": [-58.45812226170118, 23.384556067037824], "in_group_a_strength": 16, "in_group_a_range": 2.8, "attractor_count": 66, "out_group_r_strength": 50.4, "in_group_r_range": 2.0, "out_group_r_range": 2.0, "friend_zone": [98, 28, 89, 104, 108, 110, 21, 27, 33, 36, 40, 60, 9, 23, 87, 46, 57, 80, 112, 59, 81, 58, 45, 62, 41, 100, 1, 91, 2, 90, 92, 106, 75, 18, 113, 85, 51, 30, 38, 122, 102, 16, 127, 50, 111, 31, 96, 103, 79, 19, 117, 69, 72, 39, 0, 93, 71, 67, 77, 84, 47, 101, 121, 105, 123, 25], "target": [60.0, 15.0], "target_a_strength": 22000000000, "radius": 0.3, "group_id": 0, "out_group_a_range": 2.8, "target_a_range": 435, "in_group_r_strength": 36, "out_group_a_strength": 11.428571428571429}, {"pedestrian_id": 133, "position": [-55.82725332518693, -0.008749949631146725], "in_group_a_strength": 16, "in_group_a_range": 2.8, "attractor_count": 66, "out_group_r_strength": 50.4, "in_group_r_range": 2.0, "out_group_r_range": 2.0, "friend_zone": [12, 120, 55, 26, 100, 101, 46, 98, 130, 31, 43, 41, 2, 57, 64, 10, 105, 7, 91, 25, 81, 49, 109, 95, 69, 111, 59, 53, 86, 63, 89, 48, 104, 74, 113, 8, 79, 17, 127, 76, 38, 116, 73, 124, 23, 107, 30, 67, 72, 121, 71, 42, 84, 78, 32, 56, 112, 54, 6, 39, 1, 68, 40, 75, 123, 36], "target": [60.0, -15.0], "target_a_strength": 22000000000, "radius": 0.3, "group_id": 0, "out_group_a_range": 2.8, "target_a_range": 435, "in_group_r_strength": 36, "out_group_a_strength": 11.428571428571429}, {"pedestrian_id": 134, "position": [-40.25270125273628, 23.404827231772522], "in_group_a_strength": 16, "in_group_a_range": 2.8, "attractor_count": 66, "out_group_r_strength": 50.4, "in_group_r_range": 2.0, "out_group_r_range": 2.0, "friend_zone": [36, 92, 0, 28, 116, 114, 62, 60, 22, 79, 14, 56, 64, 78, 7, 33, 126, 21, 108, 83, 81, 127, 11, 73, 110, 40, 69, 87, 85, 32, 68, 97, 52, 111, 55, 63, 124, 39, 101, 103, 65, 71, 75, 37, 13, 105, 131, 59, 8, 43, 29, 46, 5, 70, 125, 128, 112, 31, 26, 89, 123, 129, 58, 3, 91, 106], "target": [60.0, 15.0], "target_a_strength": 22000000000, "radius": 0.3, "group_id": 1, "out_group_a_range": 2.8, "target_a_range": 435, "in_group_r_strength": 36, "out_group_a_strength": 11.428571428571429}, {"pedestrian_id": 135, "position": [-61.031177321749915, -17.557556798285585], "in_group_a_strength": 16, "in_group_a_range": 2.8, "attractor_count": 66, "out_group_r_strength": 50.4, "in_group_r_range": 2.0, "out_group_r_range": 2.0, "friend_zone": [10, 102, 56, 84, 130, 38, 8, 86, 40, 70, 1, 55, 73, 109, 11, 51, 99, 15, 34, 81, 60, 107, 129, 117, 67, 113, 126, 104, 115, 112, 44, 97, 79, 92, 26, 88, 43, 41, 121, 29, 52, 98, 71, 0, 27, 131, 80, 76, 66, 20, 37, 21, 45, 69, 63, 2, 23, 68, 48, 75, 123, 100, 125, 6, 36, 87], "target": [60.0, -15.0], "target_a_strength": 22000000000, "radius": 0.3, "group_id": 1, "out_group_a_range": 2.8, "target_a_range": 435, "in_group_r_strength": 36, "out_group_a_strength": 11.428571428571429}], "frame_second": "2800", "additional_id_existed_ped": {"0": [132, 133, 134, 135], "1": [134, 135], "2": [133, 135], "3": [132, 135], "4": [133, 134, 135], "5": [133], "6": [132, 133, 135], "7": [132, 133], "8": [132, 133, 134], "9": [134], "10": [132, 135], "11": [], "12": [132, 134], "13": [133, 135], "14": [134], "15": [134, 135], "16": [133, 135], "17": [133, 134], "18": [132, 135], "19": [132, 134, 135], "20": [], "21": [134, 135], "22": [], "23": [132], "24": [132, 133], "25": [132, 133, 134, 135], "26": [133, 134], "27": [133], "28": [133, 134, 135], "29": [132, 133, 134, 135], "30": [134], "31": [134, 135], "32": [132, 133, 134], "33": [132, 134, 135], "34": [132, 135], "35": [], "36": [133], "37": [133], "38": [132, 133, 134], "39": [132, 134, 135], "40": [132, 135], "41": [133], "42": [], "43": [132, 134], "44": [134, 135], "45": [132, 134], "46": [132, 133, 134], "47": [132, 134], "48": [133, 134, 135], "49": [132, 133, 134], "50": [132, 133, 134], "51": [132, 133], "52": [132, 134, 135], "53": [132, 134], "54": [], "55": [135], "56": [132, 133, 134], "57": [133], "58": [132, 133, 134, 135], "59": [132], "60": [132, 134, 135], "61": [134, 135], "62": [], "63": [132, 133, 134, 135], "64": [135], "65": [133, 134, 135], "66": [132, 135], "67": [133, 134], "68": [132, 133, 135], "69": [132, 135], "70": [134, 135], "71": [132, 134], "72": [132, 133], "73": [133, 134, 135], "74": [132], "75": [132, 135], "76": [133, 135], "77": [133], "78": [132, 133, 134, 135], "79": [134], "80": [133, 135], "81": [132, 133, 134], "82": [133, 134], "83": [132, 133, 135], "84": [132, 135], "85": [134, 135], "86": [132, 134], "87": [132, 133], "88": [], "89": [132, 133], "90": [134], "91": [132, 133, 134, 135], "92": [], "93": [132, 135], "94": [134], "95": [133], "96": [133, 134, 135], "97": [132, 133], "98": [132, 135], "99": [133], "100": [132, 133, 134, 135], "101": [134], "102": [132, 135], "103": [133, 135], "104": [], "105": [133, 134, 135], "106": [133, 134], "107": [132, 133], "108": [132, 134], "109": [133, 134, 135], "110": [133, 134, 135], "111": [133, 134, 135], "112": [132, 135], "113": [134], "114": [132, 133, 134, 135], "115": [135], "116": [132, 133, 135], "117": [132, 135], "118": [134, 135], "119": [132, 133], "120": [], "121": [132, 135], "122": [], "123": [132, 133], "124": [133], "125": [135], "126": [132, 133, 134], "127": [132, 133], "128": [134, 135], "129": [132, 134, 135], "130": [133, 135], "131": [132, 133, 134, 135]}}