{"pedestrian_list": [{"pedestrian_id": 212, "position": [-63.66330142061334, -6.482032261067212], "in_group_a_strength": 16, "in_group_a_range": 2.8, "attractor_count": 106, "out_group_r_strength": 50.4, "in_group_r_range": 2.0, "out_group_r_range": 2.0, "friend_zone": [85, 134, 124, 88, 141, 14, 67, 198, 77, 111, 202, 101, 130, 22, 172, 152, 5, 24, 109, 167, 107, 204, 182, 1, 110, 139, 20, 69, 209, 35, 46, 135, 183, 113, 56, 173, 64, 81, 112, 70, 2, 175, 105, 42, 79, 9, 17, 147, 132, 161, 18, 74, 171, 189, 0, 28, 177, 160, 115, 98, 187, 13, 186, 32, 116, 37, 40, 210, 154, 121, 52, 43, 6, 117, 96, 36, 159, 51, 162, 123, 50, 34, 205, 199, 75, 133, 185, 203, 128, 114, 184, 7, 126, 125, 82, 38, 100, 94, 156, 119, 145, 208, 30, 76, 3, 90], "target": [60.0, -15.0], "target_a_strength": 22000000000, "radius": 0.3, "group_id": 0, "out_group_a_range": 2.8, "target_a_range": 435, "in_group_r_strength": 36, "out_group_a_strength": 11.428571428571429}, {"pedestrian_id": 213, "position": [-56.512223056295156, 3.906374020577944], "in_group_a_strength": 16, "in_group_a_range": 2.8, "attractor_count": 106, "out_group_r_strength": 50.4, "in_group_r_range": 2.0, "out_group_r_range": 2.0, "friend_zone": [44, 182, 84, 194, 0, 112, 136, 186, 131, 143, 18, 99, 147, 166, 63, 153, 179, 191, 142, 21, 103, 135, 5, 1, 30, 25, 175, 171, 165, 133, 52, 96, 27, 90, 198, 202, 3, 37, 24, 189, 92, 150, 88, 140, 35, 154, 74, 87, 109, 8, 178, 86, 174, 91, 111, 17, 130, 11, 139, 180, 15, 76, 176, 26, 45, 151, 42, 4, 208, 60, 10, 210, 28, 107, 128, 123, 81, 188, 97, 102, 120, 105, 58, 54, 9, 49, 121, 168, 82, 69, 137, 158, 169, 126, 172, 41, 183, 196, 156, 80, 192, 83, 43, 162, 200, 148], "target": [60.0, 15.0], "target_a_strength": 22000000000, "radius": 0.3, "group_id": 0, "out_group_a_range": 2.8, "target_a_range": 435, "in_group_r_strength": 36, "out_group_a_strength": 11.428571428571429}, {"pedestrian_id": 214, "position": [-61.683605936183525, 19.500521208644326], "in_group_a_strength": 16, "in_group_a_range": 2.8, "attractor_count": 106, "out_group_r_strength": 50.4, "in_group_r_range": 2.0, "out_group_r_range": 2.0, "friend_zone": [128, 90, 91, 137, 105, 149, 19, 130, 187, 80, 142, 92, 8, 131, 146, 50, 55, 76, 40, 121, 89, 210, 202, 170, 186, 150, 165, 127, 59, 201, 85, 117, 113, 203, 162, 143, 158, 28, 44, 197, 148, 207, 193, 2, 32, 36, 205, 175, 35, 98, 176, 96, 129, 95, 46, 54, 70, 18, 195, 198, 161, 109, 168, 208, 182, 87, 174, 160, 181, 27, 167, 138, 188, 180, 97, 79, 122, 199, 192, 86, 154, 196, 125, 10, 209, 48, 58, 75, 15, 141, 144, 52, 63, 77, 11, 39, 135, 133, 74, 211, 14, 124, 13, 101, 171, 139], "target": [60.0, 15.0], "target_a_strength": 22000000000, "radius": 0.3, "group_id": 1, "out_group_a_range": 2.8, "target_a_range": 435, "in_group_r_strength": 36, "out_group_a_strength": 11.428571428571429}, {"pedestrian_id": 215, "position": [-56.513034699099094, -3.8823175395108125], "in_group_a_strength": 16, "in_group_a_range": 2.8, "attractor_count": 106, "out_group_r_strength": 50.4, "in_group_r_range": 2.0, "out_group_r_range": 2.0, "friend_zone": [158, 195, 136, 176, 112, 87, 207, 4, 31, 123, 198, 41, 135, 172, 122, 134, 124, 185, 131, 93, 7, 192, 182, 196, 138, 21, 140, 206, 193, 202, 53, 51, 164, 85, 23, 156, 199, 130, 94, 9, 20, 59, 49, 109, 197, 114, 168, 73, 209, 100, 1, 151, 5, 15, 145, 150, 37, 127, 77, 208, 149, 52, 117, 38, 68, 148, 166, 133, 204, 92, 58, 0, 119, 70, 126, 171, 152, 142, 101, 211, 43, 55, 115, 162, 86, 62, 81, 205, 99, 40, 111, 153, 184, 17, 71, 147, 210, 121, 89, 163, 200, 67, 75, 90, 102, 107], "target": [60.0, -15.0], "target_a_strength": 22000000000, "radius": 0.3, "group_id": 1, "out_group_a_range": 2.8, "target_a_range": 435, "in_group_r_strength": 36, "out_group_a_strength": 11.428571428571429}], "frame_second": "4800", "additional_id_existed_ped": {"0": [213, 214, 215], "1": [215], "2": [214], "3": [212, 214, 215], "4": [212, 214], "5": [214, 215], "6": [214, 215], "7": [212, 215], "8": [212, 215], "9": [214, 215], "10": [213, 215], "11": [212, 214, 215], "12": [215], "13": [212, 214, 215], "14": [214, 215], "15": [212, 215], "16": [212, 213, 214], "17": [213, 215], "18": [214, 215], "19": [212, 213, 214], "20": [213], "21": [213, 214], "22": [212, 213, 214, 215], "23": [212, 213], "24": [213, 214], "25": [214, 215], "26": [212, 214], "27": [212, 213], "28": [213, 215], "29": [214], "30": [212, 213, 215], "31": [212, 215], "32": [213], "33": [215], "34": [212, 214, 215], "35": [212, 215], "36": [212], "37": [213, 214, 215], "38": [212, 213], "39": [214, 215], "40": [212, 214, 215], "41": [213, 214], "42": [213, 214, 215], "43": [213, 215], "44": [], "45": [213, 215], "46": [213, 215], "47": [213, 214, 215], "48": [212, 215], "49": [212, 213], "50": [212, 214, 215], "51": [], "52": [214, 215], "53": [212], "54": [212, 215], "55": [213], "56": [212, 214, 215], "57": [214], "58": [214, 215], "59": [212, 213, 214], "60": [212, 214, 215], "61": [212, 213, 215], "62": [], "63": [212, 214, 215], "64": [214], "65": [213], "66": [212, 214], "67": [212, 213, 214, 215], "68": [212, 213, 214, 215], "69": [212, 213], "70": [214], "71": [214], "72": [213, 215], "73": [214], "74": [214], "75": [212, 213, 215], "76": [213], "77": [213, 215], "78": [212, 214], "79": [214, 215], "80": [212, 213], "81": [212, 214], "82": [215], "83": [212], "84": [212, 213, 214], "85": [212, 214], "86": [212, 213, 214], "87": [214, 215], "88": [212, 215], "89": [212, 213, 214], "90": [214], "91": [212, 213], "92": [212, 213, 215], "93": [212, 213, 215], "94": [213], "95": [214, 215], "96": [212, 214], "97": [213, 215], "98": [213], "99": [214, 215], "100": [213, 214, 215], "101": [214], "102": [213], "103": [215], "104": [212, 213], "105": [212, 213], "106": [212, 213, 214, 215], "107": [212, 213], "108": [213, 214, 215], "109": [212, 213], "110": [213, 214], "111": [213], "112": [212], "113": [212], "114": [212, 213, 214, 215], "115": [212, 213], "116": [213], "117": [212, 213, 214, 215], "118": [212], "119": [212], "120": [212], "121": [213, 215], "122": [213, 214, 215], "123": [215], "124": [213, 215], "125": [213], "126": [213, 214], "127": [212, 213, 214], "128": [213, 215], "129": [212, 213], "130": [212], "131": [215], "132": [212, 214, 215], "133": [214], "134": [215], "135": [212, 213, 214], "136": [212, 213, 214, 215], "137": [], "138": [212, 213], "139": [212, 213, 215], "140": [212], "141": [212, 213, 215], "142": [212, 213, 214, 215], "143": [214], "144": [212, 213, 215], "145": [215], "146": [212, 215], "147": [212, 213, 214], "148": [213], "149": [212, 213, 214, 215], "150": [], "151": [213, 214, 215], "152": [212, 213, 215], "153": [214], "154": [212, 213], "155": [212, 214], "156": [212, 214], "157": [215], "158": [212], "159": [212, 214], "160": [212, 214, 215], "161": [213, 214], "162": [212, 214], "163": [213, 214], "164": [], "165": [212, 214, 215], "166": [212, 213, 214, 215], "167": [212, 213, 214], "168": [213, 214], "169": [212, 214], "170": [], "171": [215], "172": [212, 213, 214, 215], "173": [212, 214], "174": [214], "175": [213, 214], "176": [212, 215], "177": [212, 213, 215], "178": [213, 215], "179": [213, 214], "180": [214, 215], "181": [212, 213], "182": [214, 215], "183": [212, 213], "184": [212, 213, 214], "185": [213, 215], "186": [212], "187": [214, 215], "188": [213, 215], "189": [212, 213, 214, 215], "190": [], "191": [212, 214], "192": [], "193": [212, 214, 215], "194": [213, 214, 215], "195": [213, 215], "196": [213], "197": [214, 215], "198": [212, 215], "199": [214], "200": [212, 213, 215], "201": [212, 213], "202": [214], "203": [], "204": [213, 215], "205": [213, 214, 215], "206": [215], "207": [212, 213, 214, 215], "208": [214, 215], "209": [212, 213, 214], "210": [212, 213, 215], "211": [212, 213]}}