{"pedestrian_list": [{"pedestrian_id": 228, "position": [-36.99786356018629, 15.612264580901378], "in_group_a_strength": 16, "in_group_a_range": 2.8, "attractor_count": 114, "out_group_r_strength": 50.4, "in_group_r_range": 2.0, "out_group_r_range": 2.0, "friend_zone": [63, 105, 111, 151, 201, 110, 213, 61, 121, 162, 17, 147, 72, 76, 45, 38, 133, 183, 96, 36, 75, 134, 120, 30, 86, 175, 135, 124, 128, 107, 185, 62, 1, 6, 113, 54, 27, 52, 139, 24, 31, 179, 149, 200, 168, 21, 2, 190, 116, 92, 142, 51, 171, 64, 71, 78, 224, 32, 207, 90, 204, 46, 163, 138, 187, 102, 84, 3, 39, 57, 161, 47, 25, 173, 209, 97, 188, 40, 43, 93, 127, 91, 141, 50, 182, 145, 218, 166, 122, 220, 79, 208, 123, 216, 157, 80, 177, 99, 158, 143, 60, 118, 197, 82, 153, 117, 180, 193, 37, 103, 225, 196, 74, 14], "target": [60.0, 15.0], "target_a_strength": 22000000000, "radius": 0.3, "group_id": 0, "out_group_a_range": 2.8, "target_a_range": 435, "in_group_r_strength": 36, "out_group_a_strength": 11.428571428571429}, {"pedestrian_id": 229, "position": [-34.419850298459174, 14.964897713521799], "in_group_a_strength": 16, "in_group_a_range": 2.8, "attractor_count": 114, "out_group_r_strength": 50.4, "in_group_r_range": 2.0, "out_group_r_range": 2.0, "friend_zone": [107, 110, 83, 12, 15, 46, 196, 88, 58, 76, 103, 32, 210, 163, 59, 100, 194, 25, 109, 77, 94, 86, 208, 54, 71, 20, 48, 168, 159, 148, 184, 102, 160, 215, 97, 57, 141, 152, 171, 178, 158, 167, 43, 214, 172, 190, 39, 135, 17, 185, 201, 66, 150, 122, 89, 45, 200, 126, 218, 85, 101, 65, 56, 37, 195, 189, 67, 118, 127, 40, 175, 191, 2, 121, 166, 193, 69, 82, 142, 74, 50, 35, 227, 73, 139, 211, 202, 206, 23, 93, 199, 62, 42, 222, 132, 138, 151, 115, 125, 219, 70, 6, 197, 203, 130, 33, 176, 119, 19, 133, 225, 44, 205, 7], "target": [60.0, 15.0], "target_a_strength": 22000000000, "radius": 0.3, "group_id": 0, "out_group_a_range": 2.8, "target_a_range": 435, "in_group_r_strength": 36, "out_group_a_strength": 11.428571428571429}, {"pedestrian_id": 230, "position": [-46.12449770621916, -21.44936487113954], "in_group_a_strength": 16, "in_group_a_range": 2.8, "attractor_count": 114, "out_group_r_strength": 50.4, "in_group_r_range": 2.0, "out_group_r_range": 2.0, "friend_zone": [208, 117, 207, 66, 141, 51, 65, 110, 75, 121, 225, 17, 203, 198, 186, 116, 28, 15, 148, 146, 101, 170, 197, 19, 126, 118, 140, 72, 127, 160, 115, 190, 40, 10, 172, 193, 166, 156, 143, 41, 43, 202, 67, 216, 103, 47, 139, 5, 11, 107, 91, 124, 138, 181, 60, 204, 33, 179, 54, 195, 161, 136, 106, 87, 163, 86, 39, 209, 108, 155, 1, 112, 6, 30, 147, 133, 48, 165, 3, 105, 109, 23, 214, 50, 92, 38, 96, 13, 201, 63, 14, 191, 120, 4, 70, 9, 64, 164, 218, 131, 98, 196, 177, 167, 52, 68, 90, 199, 226, 200, 162, 128, 212, 49], "target": [60.0, -15.0], "target_a_strength": 22000000000, "radius": 0.3, "group_id": 1, "out_group_a_range": 2.8, "target_a_range": 435, "in_group_r_strength": 36, "out_group_a_strength": 11.428571428571429}, {"pedestrian_id": 231, "position": [-60.3874948125772, 19.511128745794178], "in_group_a_strength": 16, "in_group_a_range": 2.8, "attractor_count": 114, "out_group_r_strength": 50.4, "in_group_r_range": 2.0, "out_group_r_range": 2.0, "friend_zone": [174, 105, 132, 169, 35, 185, 146, 2, 155, 211, 184, 147, 198, 108, 226, 122, 94, 219, 193, 75, 121, 26, 222, 140, 199, 4, 109, 207, 206, 196, 213, 205, 68, 186, 203, 181, 103, 7, 149, 119, 5, 104, 8, 148, 87, 95, 73, 223, 78, 162, 158, 23, 178, 102, 212, 45, 120, 10, 208, 172, 93, 177, 141, 153, 51, 116, 27, 13, 49, 69, 135, 47, 79, 34, 3, 14, 40, 38, 80, 24, 64, 113, 224, 197, 227, 137, 214, 97, 58, 32, 30, 31, 101, 115, 6, 176, 37, 188, 189, 81, 195, 77, 65, 82, 192, 11, 151, 144, 36, 202, 117, 210, 57, 25], "target": [60.0, 15.0], "target_a_strength": 22000000000, "radius": 0.3, "group_id": 1, "out_group_a_range": 2.8, "target_a_range": 435, "in_group_r_strength": 36, "out_group_a_strength": 11.428571428571429}], "frame_second": "5200", "additional_id_existed_ped": {"0": [229, 231], "1": [229, 230, 231], "2": [228, 231], "3": [228, 230], "4": [228], "5": [228, 230, 231], "6": [], "7": [228, 229, 231], "8": [228, 229, 230, 231], "9": [228, 229, 230, 231], "10": [228, 231], "11": [230, 231], "12": [228, 230], "13": [228, 231], "14": [], "15": [229, 231], "16": [228, 230, 231], "17": [231], "18": [228, 230], "19": [229, 231], "20": [228, 230, 231], "21": [229], "22": [230, 231], "23": [228, 229, 230], "24": [228, 230, 231], "25": [229], "26": [230, 231], "27": [228, 229], "28": [228, 229], "29": [228, 230], "30": [228, 229, 231], "31": [229, 230, 231], "32": [229, 231], "33": [228, 230, 231], "34": [229, 230, 231], "35": [228], "36": [228, 229], "37": [228, 229, 231], "38": [230, 231], "39": [228, 229, 230], "40": [230, 231], "41": [228], "42": [229, 230], "43": [228, 229, 231], "44": [], "45": [228, 231], "46": [231], "47": [230], "48": [229, 230], "49": [230, 231], "50": [229, 230, 231], "51": [228], "52": [228], "53": [230, 231], "54": [229, 230], "55": [228, 229], "56": [228], "57": [229, 231], "58": [229, 230, 231], "59": [228, 229, 230], "60": [], "61": [231], "62": [229, 230], "63": [228, 231], "64": [228, 230, 231], "65": [230], "66": [228], "67": [228, 229, 230], "68": [231], "69": [229, 230, 231], "70": [228, 229, 230], "71": [231], "72": [228, 229], "73": [230, 231], "74": [228, 230], "75": [228, 229, 231], "76": [228, 229], "77": [229, 230, 231], "78": [229], "79": [228], "80": [229, 230], "81": [229], "82": [229, 230], "83": [228, 229, 230, 231], "84": [228, 231], "85": [229, 230], "86": [229, 230], "87": [228], "88": [228, 231], "89": [228, 229], "90": [231], "91": [], "92": [], "93": [228, 230], "94": [230], "95": [228, 230, 231], "96": [228, 230], "97": [229, 230], "98": [230], "99": [228, 230], "100": [228, 229, 231], "101": [228, 230], "102": [229, 230], "103": [230, 231], "104": [], "105": [229, 230, 231], "106": [229, 230], "107": [229, 230], "108": [229, 230], "109": [228, 229], "110": [229, 230], "111": [230], "112": [228, 229, 230, 231], "113": [229], "114": [228, 230], "115": [228, 231], "116": [228, 229], "117": [228], "118": [228, 229, 230], "119": [228], "120": [228, 229, 231], "121": [229, 231], "122": [231], "123": [228, 229, 230], "124": [228, 229, 231], "125": [230, 231], "126": [228], "127": [228, 229, 230, 231], "128": [231], "129": [228, 229], "130": [228, 229, 230, 231], "131": [229, 230, 231], "132": [230], "133": [229, 230, 231], "134": [], "135": [228], "136": [231], "137": [229, 230], "138": [228, 231], "139": [], "140": [229], "141": [228, 229, 230], "142": [228, 230, 231], "143": [231], "144": [228, 229], "145": [228, 229, 230, 231], "146": [229, 230], "147": [228, 230, 231], "148": [228], "149": [229], "150": [231], "151": [228, 229], "152": [231], "153": [228, 231], "154": [228], "155": [229, 230, 231], "156": [231], "157": [228, 230, 231], "158": [228, 229, 230, 231], "159": [230, 231], "160": [229, 231], "161": [], "162": [228, 231], "163": [228, 230], "164": [229, 231], "165": [229, 230, 231], "166": [228, 229], "167": [230], "168": [229], "169": [229], "170": [228], "171": [228, 229, 230, 231], "172": [229, 230], "173": [230, 231], "174": [228, 231], "175": [229, 231], "176": [228, 229, 231], "177": [228], "178": [231], "179": [228, 230], "180": [228, 231], "181": [231], "182": [229, 230, 231], "183": [229, 231], "184": [230], "185": [229], "186": [228, 229, 231], "187": [228, 229], "188": [229, 231], "189": [], "190": [228, 229, 230], "191": [228, 229, 231], "192": [228, 230, 231], "193": [228, 229, 230, 231], "194": [230, 231], "195": [228, 230, 231], "196": [228, 229, 230, 231], "197": [229, 230], "198": [231], "199": [228, 229, 230], "200": [229, 230, 231], "201": [229, 231], "202": [230], "203": [230, 231], "204": [228], "205": [229, 230, 231], "206": [228, 229, 230, 231], "207": [229, 230], "208": [228, 229, 230, 231], "209": [228, 229, 231], "210": [], "211": [228, 229], "212": [228, 229, 231], "213": [228, 229, 230], "214": [229, 230, 231],