{"pedestrian_list": [{"pedestrian_id": 36, "position": [-35.04404347664896, 22.732057319972697], "in_group_a_strength": 16, "in_group_a_range": 2.8, "attractor_count": 18, "out_group_r_strength": 50.4, "in_group_r_range": 2.0, "out_group_r_range": 2.0, "friend_zone": [1, 22, 34, 16, 13, 12, 30, 25, 11, 10, 15, 33, 3, 0, 31, 27, 19, 18], "target": [60.0, 15.0], "target_a_strength": 22000000000, "radius": 0.3, "group_id": 0, "out_group_a_range": 2.8, "target_a_range": 435, "in_group_r_strength": 36, "out_group_a_strength": 11.428571428571429}, {"pedestrian_id": 37, "position": [-45.46577721874426, 19.481123325283065], "in_group_a_strength": 16, "in_group_a_range": 2.8, "attractor_count": 18, "out_group_r_strength": 50.4, "in_group_r_range": 2.0, "out_group_r_range": 2.0, "friend_zone": [34, 22, 23, 30, 7, 21, 35, 19, 6, 26, 16, 9, 27, 15, 28, 4, 18, 1], "target": [60.0, 15.0], "target_a_strength": 22000000000, "radius": 0.3, "group_id": 0, "out_group_a_range": 2.8, "target_a_range": 435, "in_group_r_strength": 36, "out_group_a_strength": 11.428571428571429}, {"pedestrian_id": 38, "position": [-67.53281918662523, -11.031304156562475], "in_group_a_strength": 16, "in_group_a_range": 2.8, "attractor_count": 18, "out_group_r_strength": 50.4, "in_group_r_range": 2.0, "out_group_r_range": 2.0, "friend_zone": [26, 34, 11, 10, 3, 33, 32, 24, 6, 29, 9, 19, 21, 8, 25, 14, 22, 20], "target": [60.0, -15.0], "target_a_strength": 22000000000, "radius": 0.3, "group_id": 1, "out_group_a_range": 2.8, "target_a_range": 435, "in_group_r_strength": 36, "out_group_a_strength": 11.428571428571429}, {"pedestrian_id": 39, "position": [-61.68429818531706, 16.244071801739977], "in_group_a_strength": 16, "in_group_a_range": 2.8, "attractor_count": 18, "out_group_r_strength": 50.4, "in_group_r_range": 2.0, "out_group_r_range": 2.0, "friend_zone": [2, 35, 26, 3, 11, 29, 32, 8, 30, 7, 18, 25, 0, 28, 20, 21, 34, 19], "target": [60.0, 15.0], "target_a_strength": 22000000000, "radius": 0.3, "group_id": 1, "out_group_a_range": 2.8, "target_a_range": 435, "in_group_r_strength": 36, "out_group_a_strength": 11.428571428571429}], "frame_second": "400", "additional_id_existed_ped": {"0": [38, 39], "1": [39], "2": [39], "3": [37, 39], "4": [], "5": [36, 38], "6": [36, 38, 39], "7": [37], "8": [37, 39], "9": [37], "10": [39], "11": [36, 37, 39], "12": [36, 39], "13": [38, 39], "14": [38, 39], "15": [36, 37], "16": [38, 39], "17": [36, 38], "18": [36, 37], "19": [36, 38], "20": [36], "21": [36, 38, 39], "22": [36, 37, 38], "23": [36, 37], "24": [37, 38], "25": [36, 37, 39], "26": [37, 38, 39], "27": [36, 37, 39], "28": [38], "29": [36, 38, 39], "30": [36, 37, 38], "31": [36, 37, 38, 39], "32": [37, 38], "33": [36, 37], "34": [37], "35": [38]}}