{"pedestrian_list": [{"pedestrian_id": 100, "position": [-46.119404771017976, -17.530344773721648], "in_group_a_strength": 16, "in_group_a_range": 2.8, "attractor_count": 50, "out_group_r_strength": 50.4, "in_group_r_range": 2.0, "out_group_r_range": 2.0, "friend_zone": [67, 43, 65, 82, 70, 20, 75, 96, 83, 37, 72, 31, 93, 53, 22, 34, 11, 18, 58, 54, 48, 61, 47, 88, 81, 21, 44, 29, 87, 30, 4, 55, 84, 46, 42, 36, 98, 99, 1, 62, 10, 27, 56, 24, 73, 25, 90, 45, 17, 16], "target": [60.0, -15.0], "target_a_strength": 22000000000, "radius": 0.3, "group_id": 0, "out_group_a_range": 2.8, "target_a_range": 435, "in_group_r_strength": 36, "out_group_a_strength": 11.428571428571429}, {"pedestrian_id": 101, "position": [-46.08739708212247, 0.6452864232517723], "in_group_a_strength": 16, "in_group_a_range": 2.8, "attractor_count": 50, "out_group_r_strength": 50.4, "in_group_r_range": 2.0, "out_group_r_range": 2.0, "friend_zone": [4, 49, 56, 73, 60, 45, 71, 22, 39, 40, 24, 53, 63, 0, 2, 10, 6, 25, 58, 16, 15, 68, 21, 55, 17, 96, 89, 37, 74, 98, 32, 54, 76, 18, 14, 75, 9, 47, 41, 91, 26, 42, 52, 20, 38, 90, 84, 82, 70, 23], "target": [60.0, 15.0], "target_a_strength": 22000000000, "radius": 0.3, "group_id": 0, "out_group_a_range": 2.8, "target_a_range": 435, "in_group_r_strength": 36, "out_group_a_strength": 11.428571428571429}, {"pedestrian_id": 102, "position": [-68.82727067354415, -20.12588327826361], "in_group_a_strength": 16, "in_group_a_range": 2.8, "attractor_count": 50, "out_group_r_strength": 50.4, "in_group_r_range": 2.0, "out_group_r_range": 2.0, "friend_zone": [35, 8, 49, 59, 30, 37, 1, 69, 73, 17, 63, 58, 32, 61, 70, 36, 64, 9, 94, 27, 84, 51, 81, 34, 31, 96, 95, 98, 2, 71, 56, 85, 48, 12, 55, 88, 52, 5, 41, 15, 4, 67, 76, 10, 13, 0, 78, 99, 82, 42], "target": [60.0, -15.0], "target_a_strength": 22000000000, "radius": 0.3, "group_id": 1, "out_group_a_range": 2.8, "target_a_range": 435, "in_group_r_strength": 36, "out_group_a_strength": 11.428571428571429}, {"pedestrian_id": 103, "position": [-52.622235901677236, 12.976287078761082], "in_group_a_strength": 16, "in_group_a_range": 2.8, "attractor_count": 50, "out_group_r_strength": 50.4, "in_group_r_range": 2.0, "out_group_r_range": 2.0, "friend_zone": [32, 60, 64, 3, 14, 49, 17, 35, 78, 31, 47, 98, 88, 91, 99, 56, 69, 90, 57, 75, 48, 85, 66, 5, 22, 70, 79, 43, 59, 12, 19, 4, 25, 1, 89, 9, 72, 33, 51, 10, 96, 62, 23, 39, 93, 41, 20, 94, 71, 61], "target": [60.0, 15.0], "target_a_strength": 22000000000, "radius": 0.3, "group_id": 1, "out_group_a_range": 2.8, "target_a_range": 435, "in_group_r_strength": 36, "out_group_a_strength": 11.428571428571429}], "frame_second": "2000", "additional_id_existed_ped": {"0": [100, 101, 102, 103], "1": [], "2": [100, 101, 103], "3": [102], "4": [100, 101, 102], "5": [], "6": [100, 101, 102], "7": [100, 102, 103], "8": [100, 101, 103], "9": [103], "10": [100, 102, 103], "11": [], "12": [102, 103], "13": [101], "14": [100, 101, 103], "15": [100, 101, 102, 103], "16": [100, 102, 103], "17": [100], "18": [100, 102, 103], "19": [101], "20": [], "21": [100, 102, 103], "22": [101, 102, 103], "23": [101, 102, 103], "24": [100, 101, 103], "25": [100, 101, 103], "26": [102], "27": [101, 103], "28": [100, 101, 102], "29": [101, 102], "30": [101], "31": [100, 102], "32": [100, 101], "33": [100, 103], "34": [101, 103], "35": [100, 102, 103], "36": [102, 103], "37": [101, 103], "38": [100, 102, 103], "39": [], "40": [100, 102, 103], "41": [], "42": [], "43": [], "44": [100, 101], "45": [100, 101], "46": [101, 103], "47": [100, 102], "48": [100, 102, 103], "49": [103], "50": [100, 102, 103], "51": [101], "52": [100], "53": [100, 101, 102], "54": [101, 102], "55": [], "56": [], "57": [100, 103], "58": [101], "59": [101, 102, 103], "60": [100, 103], "61": [102], "62": [100, 101, 103], "63": [102, 103], "64": [100, 102, 103], "65": [], "66": [100, 101, 102], "67": [101, 102], "68": [101, 102, 103], "69": [100, 101, 102, 103], "70": [100, 102], "71": [100, 103], "72": [100, 101], "73": [101, 103], "74": [100, 102, 103], "75": [100, 101, 102, 103], "76": [100, 101, 102], "77": [100, 102, 103], "78": [101, 102, 103], "79": [101], "80": [100, 101, 102], "81": [101, 103], "82": [100, 102, 103], "83": [], "84": [103], "85": [100, 101], "86": [103], "87": [100, 101, 102], "88": [100, 101], "89": [100, 102, 103], "90": [100, 101], "91": [], "92": [101, 102], "93": [101, 102], "94": [100, 102, 103], "95": [103], "96": [102, 103], "97": [101, 102], "98": [101, 102], "99": [101]}}