{"pedestrian_list": [{"pedestrian_id": 64, "position": [-68.17640495831792, -14.291634566515413], "in_group_a_strength": 16, "in_group_a_range": 2.8, "attractor_count": 32, "out_group_r_strength": 50.4, "in_group_r_range": 2.0, "out_group_r_range": 2.0, "friend_zone": [26, 55, 34, 1, 39, 15, 4, 7, 24, 52, 50, 33, 60, 42, 11, 14, 45, 40, 62, 31, 25, 54, 28, 29, 32, 58, 49, 41, 57, 9, 61, 51], "target": [60.0, -15.0], "target_a_strength": 22000000000, "radius": 0.3, "group_id": 0, "out_group_a_range": 2.8, "target_a_range": 435, "in_group_r_strength": 36, "out_group_a_strength": 11.428571428571429}, {"pedestrian_id": 65, "position": [-46.726337010541144, 15.604426719617928], "in_group_a_strength": 16, "in_group_a_range": 2.8, "attractor_count": 32, "out_group_r_strength": 50.4, "in_group_r_range": 2.0, "out_group_r_range": 2.0, "friend_zone": [45, 43, 34, 12, 57, 30, 13, 6, 26, 22, 36, 27, 47, 2, 60, 10, 31, 9, 0, 5, 61, 48, 46, 55, 35, 54, 32, 53, 49, 1, 56, 52], "target": [60.0, 15.0], "target_a_strength": 22000000000, "radius": 0.3, "group_id": 0, "out_group_a_range": 2.8, "target_a_range": 435, "in_group_r_strength": 36, "out_group_a_strength": 11.428571428571429}, {"pedestrian_id": 66, "position": [-41.55335176791936, -13.024327279737642], "in_group_a_strength": 16, "in_group_a_range": 2.8, "attractor_count": 32, "out_group_r_strength": 50.4, "in_group_r_range": 2.0, "out_group_r_range": 2.0, "friend_zone": [49, 46, 30, 20, 43, 41, 32, 16, 52, 40, 34, 4, 31, 22, 48, 10, 0, 23, 59, 54, 47, 19, 13, 17, 9, 29, 55, 27, 12, 21, 44, 56], "target": [60.0, -15.0], "target_a_strength": 22000000000, "radius": 0.3, "group_id": 1, "out_group_a_range": 2.8, "target_a_range": 435, "in_group_r_strength": 36, "out_group_a_strength": 11.428571428571429}, {"pedestrian_id": 67, "position": [-31.800501096234395, -21.470028576839493], "in_group_a_strength": 16, "in_group_a_range": 2.8, "attractor_count": 32, "out_group_r_strength": 50.4, "in_group_r_range": 2.0, "out_group_r_range": 2.0, "friend_zone": [31, 10, 30, 57, 0, 36, 4, 41, 16, 56, 45, 62, 49, 38, 33, 42, 60, 12, 48, 39, 11, 6, 5, 21, 47, 53, 34, 20, 8, 19, 32, 37], "target": [60.0, -15.0], "target_a_strength": 22000000000, "radius": 0.3, "group_id": 1, "out_group_a_range": 2.8, "target_a_range": 435, "in_group_r_strength": 36, "out_group_a_strength": 11.428571428571429}], "frame_second": "1100", "additional_id_existed_ped": {"0": [66], "1": [64, 65, 66], "2": [66, 67], "3": [64, 65], "4": [64, 67], "5": [65, 66, 67], "6": [64], "7": [65, 67], "8": [64, 66], "9": [64, 67], "10": [66], "11": [64], "12": [67], "13": [64, 65, 67], "14": [64, 66, 67], "15": [64, 66, 67], "16": [64, 65, 67], "17": [], "18": [65, 66], "19": [], "20": [], "21": [64, 66], "22": [64, 67], "23": [67], "24": [66], "25": [], "26": [64], "27": [65, 66, 67], "28": [64, 65, 67], "29": [66, 67], "30": [65, 66], "31": [64, 65, 66], "32": [65, 66, 67], "33": [64, 66], "34": [65], "35": [64, 65, 66, 67], "36": [65, 66, 67], "37": [65, 67], "38": [66], "39": [64, 65, 67], "40": [64, 65, 66, 67], "41": [65], "42": [64, 65, 66], "43": [67], "44": [64, 65, 66], "45": [64, 67], "46": [64, 66, 67], "47": [64, 65, 66], "48": [64, 65, 67], "49": [66, 67], "50": [64, 65], "51": [64], "52": [65, 67], "53": [65], "54": [67], "55": [64, 65, 66, 67], "56": [65, 66, 67], "57": [67], "58": [64, 65], "59": [65], "60": [66], "61": [64, 66, 67], "62": [64, 65, 66], "63": [65, 66]}}