{"pedestrian_list": [{"pedestrian_id": 180, "position": [-56.47512985223643, -1.961477047317832], "in_group_a_strength": 16, "in_group_a_range": 2.8, "attractor_count": 90, "out_group_r_strength": 50.4, "in_group_r_range": 2.0, "out_group_r_range": 2.0, "friend_zone": [169, 161, 95, 143, 165, 155, 89, 159, 153, 25, 96, 106, 11, 26, 76, 168, 17, 136, 92, 102, 3, 134, 56, 16, 14, 109, 40, 151, 148, 110, 116, 105, 71, 12, 126, 118, 7, 23, 113, 81, 137, 68, 58, 127, 91, 130, 49, 138, 178, 6, 75, 4, 104, 13, 99, 160, 129, 149, 88, 123, 30, 82, 83, 117, 128, 55, 97, 154, 62, 124, 166, 132, 170, 35, 52, 44, 63, 141, 45, 33, 87, 107, 114, 60, 164, 51, 20, 131, 142, 0], "target": [60.0, -15.0], "target_a_strength": 22000000000, "radius": 0.3, "group_id": 0, "out_group_a_range": 2.8, "target_a_range": 435, "in_group_r_strength": 36, "out_group_a_strength": 11.428571428571429}, {"pedestrian_id": 181, "position": [-65.60088635504725, 22.733285869886334], "in_group_a_strength": 16, "in_group_a_range": 2.8, "attractor_count": 90, "out_group_r_strength": 50.4, "in_group_r_range": 2.0, "out_group_r_range": 2.0, "friend_zone": [146, 150, 20, 59, 153, 80, 61, 167, 135, 163, 62, 157, 19, 136, 84, 49, 77, 17, 131, 14, 116, 101, 161, 60, 120, 30, 179, 154, 4, 1, 119, 125, 117, 144, 100, 104, 145, 85, 132, 55, 97, 69, 58, 169, 130, 151, 173, 31, 25, 16, 63, 81, 48, 107, 124, 36, 170, 87, 158, 155, 22, 148, 8, 64, 128, 122, 86, 108, 78, 26, 171, 66, 95, 103, 44, 176, 42, 82, 178, 35, 40, 115, 43, 141, 67, 102, 98, 38, 3, 53], "target": [60.0, 15.0], "target_a_strength": 22000000000, "radius": 0.3, "group_id": 0, "out_group_a_range": 2.8, "target_a_range": 435, "in_group_r_strength": 36, "out_group_a_strength": 11.428571428571429}, {"pedestrian_id": 182, "position": [-46.09970725445641, -20.803144277008244], "in_group_a_strength": 16, "in_group_a_range": 2.8, "attractor_count": 90, "out_group_r_strength": 50.4, "in_group_r_range": 2.0, "out_group_r_range": 2.0, "friend_zone": [132, 146, 65, 127, 156, 89, 66, 118, 60, 47, 85, 88, 96, 71, 57, 143, 81, 53, 36, 49, 91, 73, 117, 120, 63, 32, 24, 134, 155, 61, 23, 178, 26, 84, 151, 139, 109, 98, 42, 83, 177, 166, 35, 39, 115, 12, 165, 144, 148, 107, 87, 173, 97, 5, 94, 48, 175, 168, 99, 13, 50, 150, 1, 15, 179, 121, 20, 108, 136, 27, 34, 17, 167, 172, 58, 171, 113, 33, 92, 174, 129, 176, 101, 119, 54, 11, 22, 111, 31, 68], "target": [60.0, -15.0], "target_a_strength": 22000000000, "radius": 0.3, "group_id": 1, "out_group_a_range": 2.8, "target_a_range": 435, "in_group_r_strength": 36, "out_group_a_strength": 11.428571428571429}, {"pedestrian_id": 183, "position": [-51.3026793536916, -11.701229060434626], "in_group_a_strength": 16, "in_group_a_range": 2.8, "attractor_count": 90, "out_group_r_strength": 50.4, "in_group_r_range": 2.0, "out_group_r_range": 2.0, "friend_zone": [127, 57, 25, 164, 170, 20, 109, 63, 16, 163, 86, 24, 50, 49, 92, 72, 115, 89, 80, 68, 56, 128, 5, 133, 121, 149, 95, 82, 103, 65, 101, 71, 165, 178, 77, 9, 177, 113, 60, 96, 153, 141, 172, 0, 87, 126, 104, 28, 10, 22, 88, 66, 155, 23, 120, 85, 27, 29, 134, 83, 40, 173, 45, 166, 41, 102, 123, 159, 112, 124, 44, 13, 125, 79, 116, 98, 84, 34, 130, 33, 169, 136, 21, 122, 53, 76, 156, 48, 106, 174], "target": [60.0, -15.0], "target_a_strength": 22000000000, "radius": 0.3, "group_id": 1, "out_group_a_range": 2.8, "target_a_range": 435, "in_group_r_strength": 36, "out_group_a_strength": 11.428571428571429}], "frame_second": "4000", "additional_id_existed_ped": {"0": [181, 182, 183], "1": [180, 182, 183], "2": [180], "3": [183], "4": [180, 181], "5": [180, 181], "6": [180], "7": [180, 182, 183], "8": [181, 183], "9": [180, 181, 182], "10": [183], "11": [180, 181, 182], "12": [181, 182, 183], "13": [183], "14": [180], "15": [181], "16": [181, 183], "17": [181, 182, 183], "18": [183], "19": [180, 182], "20": [180, 181, 183], "21": [180, 182, 183], "22": [], "23": [180], "24": [181, 182], "25": [180, 181, 183], "26": [180, 181, 182, 183], "27": [180, 183], "28": [], "29": [181], "30": [180, 182, 183], "31": [180, 181, 182, 183], "32": [180, 181, 182], "33": [], "34": [181, 182], "35": [], "36": [180], "37": [183], "38": [180, 182], "39": [180], "40": [180, 183], "41": [180, 181, 182, 183], "42": [180, 181, 182, 183], "43": [180, 183], "44": [182], "45": [182, 183], "46": [180, 181], "47": [181, 182], "48": [], "49": [183], "50": [181, 183], "51": [180, 181], "52": [180], "53": [180, 181, 182, 183], "54": [180], "55": [181, 182], "56": [183], "57": [181, 182], "58": [182], "59": [180, 181, 183], "60": [], "61": [181], "62": [180, 181], "63": [182, 183], "64": [181, 183], "65": [181], "66": [180, 181], "67": [180, 182], "68": [182, 183], "69": [180], "70": [181, 182, 183], "71": [183], "72": [181, 183], "73": [183], "74": [181], "75": [], "76": [180, 181, 183], "77": [183], "78": [180, 181, 183], "79": [180, 181, 182, 183], "80": [180, 181, 182], "81": [180, 181, 182, 183], "82": [181, 182], "83": [181], "84": [180], "85": [180, 182], "86": [180, 182], "87": [181], "88": [180, 182], "89": [180, 182], "90": [181, 182, 183], "91": [180, 181], "92": [], "93": [180, 181, 182], "94": [180, 181, 182], "95": [180, 183], "96": [181], "97": [181, 182, 183], "98": [182], "99": [], "100": [180, 182, 183], "101": [180, 182, 183], "102": [182], "103": [181, 183], "104": [180, 182, 183], "105": [180, 181, 183], "106": [], "107": [181, 182], "108": [], "109": [183], "110": [182], "111": [180, 183], "112": [182, 183], "113": [180, 181, 182], "114": [181], "115": [180, 183], "116": [180], "117": [181, 183], "118": [180, 182, 183], "119": [183], "120": [180, 181, 182, 183], "121": [180, 181, 182, 183], "122": [182, 183], "123": [180, 181], "124": [181], "125": [180, 181, 182, 183], "126": [180, 182, 183], "127": [182, 183], "128": [180, 182, 183], "129": [180, 182, 183], "130": [181, 182, 183], "131": [181, 182], "132": [181, 182], "133": [181], "134": [180, 181, 182, 183], "135": [182, 183], "136": [180, 181, 183], "137": [180, 182], "138": [183], "139": [180, 181, 183], "140": [181, 183], "141": [180], "142": [180, 182], "143": [180, 182], "144": [181], "145": [180, 182, 183], "146": [180, 181, 182, 183], "147": [180, 182, 183], "148": [180, 182], "149": [181, 182, 183], "150": [180, 182], "151": [181, 183], "152": [180, 182], "153": [181, 182, 183], "154": [180, 182, 183], "155": [182, 183], "156": [180, 181, 182, 183], "157": [181, 182], "158": [180, 181], "159": [180, 183], "160": [180, 181, 182, 183], "161": [180, 181, 183], "162": [180, 181, 183], "163": [], "164": [182], "165": [181], "166": [180, 181, 182, 183], "167": [], "168": [181, 182, 183], "169": [182, 183], "170": [180, 181, 182, 183], "171": [181, 182, 183], "172": [180], "173": [182], "174": [181, 183], "175": [181, 182], "176": [180, 181], "177": [], "178": [181, 182], "179": [181, 182]}}