{"pedestrian_list": [{"pedestrian_id": 312, "position": [-38.32186473907183, -13.64420259270981], "in_group_a_strength": 16, "in_group_a_range": 2.8, "attractor_count": 156, "out_group_r_strength": 50.4, "in_group_r_range": 2.0, "out_group_r_range": 2.0, "friend_zone": [87, 3, 88, 153, 178, 295, 258, 118, 183, 113, 59, 1, 116, 239, 5, 29, 64, 154, 97, 93, 184, 310, 286, 231, 206, 119, 249, 107, 20, 171, 91, 276, 159, 188, 37, 251, 85, 33, 16, 58, 156, 284, 92, 218, 280, 233, 232, 199, 130, 260, 147, 223, 71, 132, 32, 164, 69, 230, 296, 255, 180, 48, 89, 157, 63, 79, 204, 285, 53, 9, 14, 254, 299, 41, 224, 181, 275, 55, 241, 131, 277, 62, 98, 26, 193, 90, 253, 226, 138, 166, 35, 237, 133, 125, 306, 165, 169, 238, 136, 76, 83, 13, 311, 42, 30, 247, 51, 167, 301, 117, 273, 94, 100, 6, 263, 207, 155, 31, 40, 150, 235, 2, 213, 248, 201, 120, 74, 190, 300, 308, 143, 8, 305, 211, 103, 219, 68, 195, 196, 77, 187, 309, 175, 43, 106, 4, 240, 144, 185, 145, 297, 19, 36, 194, 108, 134], "target": [60.0, -15.0], "target_a_strength": 22000000000, "radius": 0.3, "group_id": 0, "out_group_a_range": 2.8, "target_a_range": 435, "in_group_r_strength": 36, "out_group_a_strength": 11.428571428571429}, {"pedestrian_id": 313, "position": [-64.94116175558538, -18.206851615940444], "in_group_a_strength": 16, "in_group_a_range": 2.8, "attractor_count": 156, "out_group_r_strength": 50.4, "in_group_r_range": 2.0, "out_group_r_range": 2.0, "friend_zone": [236, 202, 249, 116, 196, 22, 56, 219, 304, 123, 271, 179, 209, 98, 96, 302, 124, 198, 190, 254, 229, 206, 95, 298, 177, 227, 117, 132, 282, 104, 157, 92, 23, 310, 15, 180, 147, 45, 305, 27, 192, 109, 121, 80, 201, 277, 113, 165, 0, 110, 295, 228, 156, 244, 262, 235, 87, 252, 57, 133, 148, 189, 36, 107, 118, 119, 131, 188, 142, 259, 76, 199, 9, 54, 278, 308, 63, 273, 287, 25, 153, 203, 5, 136, 288, 10, 195, 272, 8, 30, 29, 13, 11, 61, 299, 106, 77, 158, 307, 182, 89, 35, 186, 286, 73, 74, 149, 71, 226, 247, 234, 115, 68, 172, 270, 26, 4, 91, 208, 88, 225, 143, 220, 221, 263, 294, 17, 37, 128, 213, 90, 197, 14, 163, 174, 75, 164, 46, 243, 47, 257, 134, 303, 41, 97, 239, 94, 159, 285, 82, 246, 178, 191, 204, 193, 185], "target": [60.0, -15.0], "target_a_strength": 22000000000, "radius": 0.3, "group_id": 0, "out_group_a_range": 2.8, "target_a_range": 435, "in_group_r_strength": 36, "out_group_a_strength": 11.428571428571429}, {"pedestrian_id": 314, "position": [-36.3593042521716, 17.556211843089436], "in_group_a_strength": 16, "in_group_a_range": 2.8, "attractor_count": 156, "out_group_r_strength": 50.4, "in_group_r_range": 2.0, "out_group_r_range": 2.0, "friend_zone": [43, 227, 99, 286, 242, 189, 248, 200, 95, 143, 207, 209, 290, 49, 67, 47, 26, 185, 74, 165, 139, 64, 154, 19, 252, 237, 85, 219, 132, 288, 236, 140, 199, 56, 166, 235, 155, 306, 136, 89, 182, 215, 55, 233, 4, 305, 11, 197, 287, 138, 36, 16, 18, 51, 239, 110, 310, 59, 93, 175, 123, 0, 80, 167, 75, 157, 261, 156, 265, 97, 254, 264, 298, 191, 198, 180, 257, 83, 60, 294, 181, 77, 247, 61, 148, 144, 301, 278, 169, 118, 88, 15, 234, 62, 63, 173, 309, 135, 196, 90, 129, 128, 106, 202, 161, 21, 186, 131, 300, 183, 260, 58, 39, 240, 171, 102, 184, 7, 32, 190, 296, 54, 211, 176, 150, 212, 153, 225, 216, 3, 38, 246, 73, 33, 37, 269, 266, 221, 208, 243, 57, 52, 124, 201, 244, 125, 274, 158, 72, 273, 145, 289, 91, 66, 276, 279], "target": [60.0, 15.0], "target_a_strength": 22000000000, "radius": 0.3, "group_id": 1, "out_group_a_range": 2.8, "target_a_range": 435, "in_group_r_strength": 36, "out_group_a_strength": 11.428571428571429}, {"pedestrian_id": 315, "position": [-62.32748942985025, 19.505657201282656], "in_group_a_strength": 16, "in_group_a_range": 2.8, "attractor_count": 156, "out_group_r_strength": 50.4, "in_group_r_range": 2.0, "out_group_r_range": 2.0, "friend_zone": [16, 145, 261, 81, 143, 65, 184, 273, 134, 96, 292, 56, 122, 192, 216, 82, 193, 40, 173, 301, 2, 15, 270, 50, 187, 127, 47, 259, 39, 101, 84, 13, 291, 287, 28, 166, 269, 182, 233, 54, 104, 113, 227, 135, 231, 8, 210, 22, 148, 251, 77, 144, 1, 51, 90, 277, 249, 207, 146, 252, 282, 304, 258, 310, 272, 21, 234, 151, 202, 19, 74, 260, 9, 200, 220, 235, 126, 246, 52, 306, 284, 223, 70, 305, 281, 124, 164, 66, 266, 228, 298, 159, 209, 139, 138, 86, 274, 68, 12, 35, 46, 162, 85, 111, 238, 76, 64, 33, 302, 214, 154, 308, 18, 307, 132, 250, 100, 120, 226, 112, 7, 275, 255, 131, 271, 140, 83, 183, 180, 125, 73, 188, 197, 116, 99, 243, 172, 114, 156, 79, 237, 103, 199, 285, 29, 69, 256, 88, 213, 215, 267, 171, 290, 20, 300, 212], "target": [60.0, 15.0], "target_a_strength": 22000000000, "radius": 0.3, "group_id": 1, "out_group_a_range": 2.8, "target_a_range": 435, "in_group_r_strength": 36, "out_group_a_strength": 11.428571428571429}], "frame_second": "7300", "additional_id_existed_ped": {"0": [313, 314, 315], "1": [314], "2": [312, 313], "3": [315], "4": [312, 314], "5": [315], "6": [313], "7": [312, 315], "8": [312, 314], "9": [312], "10": [312, 314, 315], "11": [312, 314, 315], "12": [314], "13": [312, 314], "14": [312, 313, 314], "15": [312, 314, 315], "16": [312, 313, 314, 315], "17": [313, 314], "18": [312, 314], "19": [312, 314, 315], "20": [315], "21": [312, 313, 315], "22": [315], "23": [312, 315], "24": [313, 314], "25": [315], "26": [312, 313, 314, 315], "27": [313], "28": [312, 313, 314], "29": [312, 315], "30": [], "31": [312, 313, 314, 315], "32": [313, 314, 315], "33": [313, 315], "34": [313], "35": [312, 314, 315], "36": [313, 314], "37": [312, 314], "38": [312, 314, 315], "39": [312, 315], "40": [315], "41": [312, 313, 314], "42": [313, 314], "43": [312, 313, 314], "44": [314, 315], "45": [], "46": [313, 315], "47": [312, 313, 314, 315], "48": [312, 313, 314, 315], "49": [312, 313, 315], "50": [312, 314], "51": [314, 315], "52": [312, 313, 314, 315], "53": [314, 315], "54": [313, 314, 315], "55": [315], "56": [313, 314], "57": [313, 314, 315], "58": [312, 315], "59": [312, 313], "60": [314, 315], "61": [313], "62": [312, 315], "63": [313, 314, 315], "64": [313], "65": [314], "66": [313], "67": [313, 314, 315], "68": [312, 314, 315], "69": [312, 315], "70": [312, 313, 314], "71": [315], "72": [313, 314], "73": [312], "74": [314], "75": [312, 313, 315], "76": [312, 313, 315], "77": [312], "78": [314, 315], "79": [312, 314], "80": [312], "81": [313], "82": [314], "83": [312, 313, 314], "84": [312, 315], "85": [313, 314, 315], "86": [313, 314], "87": [312, 314, 315], "88": [312, 315], "89": [314, 315], "90": [312], "91": [314], "92": [312, 313, 314], "93": [312, 313, 314], "94": [313], "95": [314], "96": [312, 314, 315], "97": [312], "98": [312, 313, 314, 315], "99": [], "100": [312, 313], "101": [313, 314], "102": [314, 315], "103": [312], "104": [312], "105": [313, 314], "106": [312, 313], "107": [313], "108": [312, 313], "109": [315], "110": [312, 313], "111": [], "112": [312], "113": [], "114": [313, 315], "115": [312, 314, 315], "116": [313, 314, 315], "117": [312], "118": [312, 313, 314, 315], "119": [313], "120": [], "121": [312, 313, 314, 315], "122": [315], "123": [314], "124": [312, 313, 314], "125": [312, 315], "126": [312, 315], "127": [312, 314, 315], "128": [313], "129": [314, 315], "130": [], "131": [312, 313, 314], "132": [315], "133": [312, 314, 315], "134": [312, 314], "135": [315], "136": [313, 314], "137": [313, 314], "138": [313, 314], "139": [], "140": [312, 313], "141": [312, 314], "142": [312, 314], "143": [314], "144": [313, 314, 315], "145": [313, 314], "146": [312, 314], "147": [313], "148": [312, 313], "149": [312, 313, 315], "150": [312, 313], "151": [313, 315], "152": [315], "153": [313, 314, 315], "154": [312, 313, 314, 315], "155": [], "156": [315], "157": [313, 315], "158": [313, 315], "159": [313], "160": [313, 314], "161": [315], "162": [312, 315], "163": [312, 313, 314], "164": [314, 315], "165": [312], "166": [314], "167": [315], "168": [315], "169": [312, 315], "170": [312], "171": [313, 314, 315], "172": [312, 313, 314, 315], "173": [314, 315], "174": [313, 314],