{"pedestrian_list": [{"pedestrian_id": 200, "position": [-57.779215378745725, 14.92604045582009], "in_group_a_strength": 16, "in_group_a_range": 2.8, "attractor_count": 100, "out_group_r_strength": 50.4, "in_group_r_range": 2.0, "out_group_r_range": 2.0, "friend_zone": [188, 175, 162, 96, 124, 44, 159, 163, 164, 129, 2, 13, 141, 94, 112, 8, 59, 84, 52, 23, 166, 87, 70, 78, 126, 171, 157, 35, 58, 88, 19, 66, 97, 117, 155, 167, 108, 128, 64, 177, 6, 80, 165, 26, 29, 135, 76, 138, 160, 38, 77, 73, 68, 103, 60, 54, 14, 18, 55, 100, 161, 42, 178, 51, 28, 139, 144, 134, 105, 191, 61, 43, 95, 46, 190, 12, 79, 32, 53, 102, 72, 16, 39, 152, 127, 57, 25, 194, 170, 63, 174, 113, 67, 187, 71, 9, 182, 184, 0, 154], "target": [60.0, 15.0], "target_a_strength": 22000000000, "radius": 0.3, "group_id": 0, "out_group_a_range": 2.8, "target_a_range": 435, "in_group_r_strength": 36, "out_group_a_strength": 11.428571428571429}, {"pedestrian_id": 201, "position": [-57.816099898240964, -10.398166822627335], "in_group_a_strength": 16, "in_group_a_range": 2.8, "attractor_count": 100, "out_group_r_strength": 50.4, "in_group_r_range": 2.0, "out_group_r_range": 2.0, "friend_zone": [125, 120, 104, 158, 43, 107, 61, 55, 165, 81, 18, 156, 93, 122, 179, 105, 112, 37, 166, 4, 146, 190, 198, 188, 197, 57, 159, 40, 78, 177, 53, 194, 152, 108, 193, 66, 131, 117, 14, 3, 63, 196, 130, 173, 185, 150, 56, 67, 27, 126, 64, 147, 163, 161, 115, 101, 127, 167, 199, 15, 73, 168, 102, 8, 23, 41, 178, 160, 106, 187, 135, 100, 129, 174, 34, 71, 22, 170, 118, 184, 111, 49, 155, 89, 140, 52, 30, 17, 86, 172, 5, 133, 46, 143, 88, 123, 51, 141, 136, 195], "target": [60.0, -15.0], "target_a_strength": 22000000000, "radius": 0.3, "group_id": 0, "out_group_a_range": 2.8, "target_a_range": 435, "in_group_r_strength": 36, "out_group_a_strength": 11.428571428571429}, {"pedestrian_id": 202, "position": [-68.84901561397527, -23.421398198397736], "in_group_a_strength": 16, "in_group_a_range": 2.8, "attractor_count": 100, "out_group_r_strength": 50.4, "in_group_r_range": 2.0, "out_group_r_range": 2.0, "friend_zone": [143, 136, 65, 173, 72, 95, 186, 74, 23, 97, 196, 25, 66, 164, 14, 63, 92, 172, 159, 61, 36, 33, 133, 29, 24, 157, 45, 83, 145, 54, 189, 77, 101, 58, 47, 147, 119, 141, 5, 80, 9, 180, 178, 81, 193, 179, 78, 154, 153, 30, 199, 155, 55, 107, 161, 7, 68, 75, 118, 194, 70, 43, 51, 67, 104, 27, 110, 195, 134, 198, 162, 40, 26, 87, 117, 10, 37, 125, 146, 11, 105, 103, 128, 13, 183, 49, 131, 86, 89, 108, 191, 84, 171, 17, 41, 71, 160, 82, 115, 93], "target": [60.0, -15.0], "target_a_strength": 22000000000, "radius": 0.3, "group_id": 1, "out_group_a_range": 2.8, "target_a_range": 435, "in_group_r_strength": 36, "out_group_a_strength": 11.428571428571429}, {"pedestrian_id": 203, "position": [-42.84102143280142, -3.8750153954038824], "in_group_a_strength": 16, "in_group_a_range": 2.8, "attractor_count": 100, "out_group_r_strength": 50.4, "in_group_r_range": 2.0, "out_group_r_range": 2.0, "friend_zone": [87, 103, 169, 59, 138, 34, 7, 46, 178, 23, 89, 54, 13, 70, 102, 149, 21, 167, 191, 174, 193, 37, 156, 8, 92, 96, 75, 115, 170, 148, 140, 63, 67, 172, 125, 180, 112, 182, 173, 147, 127, 106, 6, 53, 25, 42, 76, 86, 143, 108, 142, 49, 41, 129, 136, 18, 17, 2, 84, 117, 44, 20, 26, 137, 73, 181, 64, 105, 5, 122, 12, 175, 121, 189, 123, 15, 134, 22, 30, 160, 19, 192, 95, 110, 100, 0, 81, 179, 109, 114, 29, 157, 116, 4, 187, 171, 58, 155, 184, 16], "target": [60.0, -15.0], "target_a_strength": 22000000000, "radius": 0.3, "group_id": 1, "out_group_a_range": 2.8, "target_a_range": 435, "in_group_r_strength": 36, "out_group_a_strength": 11.428571428571429}], "frame_second": "4500", "additional_id_existed_ped": {"0": [200, 201], "1": [200], "2": [200, 202], "3": [200, 202], "4": [201, 202, 203], "5": [200, 201, 202, 203], "6": [200, 201, 202], "7": [200], "8": [201, 202], "9": [201, 203], "10": [200, 201], "11": [200], "12": [203], "13": [200, 201, 203], "14": [200, 201, 203], "15": [200, 201, 202, 203], "16": [200], "17": [201], "18": [200, 202, 203], "19": [202], "20": [202, 203], "21": [201, 203], "22": [202], "23": [200, 201, 203], "24": [200, 201], "25": [203], "26": [200], "27": [201, 202, 203], "28": [202], "29": [200, 201, 202, 203], "30": [201], "31": [201], "32": [200, 202], "33": [203], "34": [200, 202, 203], "35": [203], "36": [202], "37": [200, 201, 202], "38": [200, 201], "39": [201, 202], "40": [200, 201, 202], "41": [201], "42": [200, 201, 203], "43": [202, 203], "44": [], "45": [201], "46": [200, 201], "47": [200, 201, 202], "48": [200], "49": [201, 202], "50": [201, 203], "51": [200, 203], "52": [200, 203], "53": [200, 202], "54": [200, 202], "55": [200, 202, 203], "56": [200, 201, 203], "57": [200, 201, 202], "58": [200, 201, 202, 203], "59": [201, 203], "60": [200, 201, 202, 203], "61": [200, 202, 203], "62": [200], "63": [200, 202], "64": [200, 201, 202], "65": [200, 202], "66": [200, 202, 203], "67": [201, 203], "68": [200, 201, 202], "69": [202], "70": [200, 202, 203], "71": [203], "72": [200, 203], "73": [203], "74": [200, 202], "75": [202, 203], "76": [201, 202], "77": [203], "78": [200, 201, 202], "79": [201, 203], "80": [200, 201, 203], "81": [200, 201, 202, 203], "82": [200, 201, 203], "83": [200, 201, 202], "84": [201, 203], "85": [201, 203], "86": [201, 203], "87": [201, 202], "88": [200, 201, 203], "89": [200, 201, 202, 203], "90": [201, 203], "91": [201, 202, 203], "92": [200, 201, 202], "93": [200, 202], "94": [200, 201, 202, 203], "95": [202], "96": [200, 202], "97": [], "98": [200, 201, 202, 203], "99": [202], "100": [200, 203], "101": [203], "102": [201, 203], "103": [], "104": [200, 201, 202], "105": [202], "106": [200], "107": [201, 202, 203], "108": [200, 201], "109": [203], "110": [201, 202], "111": [201, 203], "112": [200, 201], "113": [202], "114": [200, 201], "115": [], "116": [201], "117": [200, 202], "118": [201, 202, 203], "119": [200, 202, 203], "120": [201], "121": [202, 203], "122": [200], "123": [200, 201, 202, 203], "124": [203], "125": [200, 201, 202], "126": [201, 202], "127": [201], "128": [201, 202], "129": [201, 202], "130": [201, 202, 203], "131": [202, 203], "132": [200, 201, 203], "133": [201, 203], "134": [200, 201, 202, 203], "135": [200, 201, 202], "136": [200, 202], "137": [200], "138": [202, 203], "139": [200, 201, 203], "140": [200, 201, 203], "141": [201, 202], "142": [201, 202], "143": [201, 203], "144": [200, 202, 203], "145": [200, 203], "146": [203], "147": [], "148": [201, 202], "149": [200, 202, 203], "150": [202, 203], "151": [200, 203], "152": [202, 203], "153": [200, 202], "154": [203], "155": [200, 202, 203], "156": [201], "157": [202, 203], "158": [201], "159": [201, 203], "160": [201, 202], "161": [200, 202, 203], "162": [], "163": [202, 203], "164": [200, 202], "165": [202, 203], "166": [202, 203], "167": [200, 202, 203], "168": [], "169": [200, 201, 202], "170": [200, 201, 202, 203], "171": [], "172": [200, 201, 202, 203], "173": [200], "174": [], "175": [203], "176": [202], "177": [200, 201, 203], "178": [], "179": [201, 202, 203], "180": [201, 203], "181": [200, 201, 202], "182": [203], "183": [202], "184": [203], "185": [200, 201, 203], "186": [200, 201], "187": [200], "188": [200, 202], "189": [201, 203], "190": [], "191": [202, 203], "192": [200, 201], "193": [200, 201, 203], "194": [200], "195": [200, 201, 202, 203], "196": [200], "197": [203], "198": [203], "199": []}}