{"pedestrian_list": [{"pedestrian_id": 280, "position": [-32.429557338821745, 16.892296749277396], "in_group_a_strength": 16, "in_group_a_range": 2.8, "attractor_count": 140, "out_group_r_strength": 50.4, "in_group_r_range": 2.0, "out_group_r_range": 2.0, "friend_zone": [248, 167, 157, 278, 137, 121, 40, 122, 168, 144, 251, 77, 148, 245, 7, 118, 72, 61, 164, 83, 151, 0, 134, 42, 62, 238, 259, 266, 101, 19, 84, 207, 147, 111, 90, 161, 63, 205, 150, 56, 48, 237, 12, 240, 85, 163, 135, 123, 269, 254, 59, 38, 103, 68, 6, 264, 130, 58, 114, 178, 233, 219, 165, 106, 227, 236, 273, 231, 27, 43, 107, 71, 98, 176, 145, 218, 199, 173, 31, 44, 95, 182, 128, 133, 198, 265, 24, 277, 276, 75, 244, 226, 232, 154, 109, 104, 222, 66, 249, 26, 255, 80, 221, 15, 261, 225, 183, 14, 195, 20, 141, 33, 74, 271, 179, 260, 224, 93, 258, 252, 162, 241, 212, 188, 57, 186, 54, 124, 242, 129, 35, 1, 216, 45, 190, 275, 86, 108, 246, 39], "target": [60.0, 15.0], "target_a_strength": 22000000000, "radius": 0.3, "group_id": 0, "out_group_a_range": 2.8, "target_a_range": 435, "in_group_r_strength": 36, "out_group_a_strength": 11.428571428571429}, {"pedestrian_id": 281, "position": [-36.99927271771673, 3.9039616830325916], "in_group_a_strength": 16, "in_group_a_range": 2.8, "attractor_count": 140, "out_group_r_strength": 50.4, "in_group_r_range": 2.0, "out_group_r_range": 2.0, "friend_zone": [69, 44, 127, 276, 275, 156, 169, 104, 180, 138, 162, 217, 141, 80, 167, 155, 32, 120, 24, 1, 124, 251, 209, 256, 60, 19, 222, 90, 103, 42, 178, 28, 244, 165, 59, 0, 7, 278, 64, 236, 160, 154, 212, 83, 237, 263, 266, 208, 117, 245, 12, 74, 137, 77, 231, 85, 225, 79, 215, 232, 148, 214, 182, 20, 147, 198, 177, 191, 47, 150, 176, 174, 206, 153, 221, 197, 144, 91, 272, 53, 277, 211, 46, 25, 125, 216, 243, 271, 187, 140, 39, 51, 126, 86, 56, 274, 65, 23, 102, 183, 132, 186, 207, 195, 118, 78, 149, 230, 264, 11, 54, 200, 219, 259, 175, 257, 265, 157, 226, 45, 58, 223, 34, 43, 31, 224, 22, 37, 95, 50, 234, 73, 122, 57, 268, 115, 258, 26, 98, 229], "target": [60.0, 15.0], "target_a_strength": 22000000000, "radius": 0.3, "group_id": 0, "out_group_a_range": 2.8, "target_a_range": 435, "in_group_r_strength": 36, "out_group_a_strength": 11.428571428571429}, {"pedestrian_id": 282, "position": [-33.74363514274832, -13.658276655921686], "in_group_a_strength": 16, "in_group_a_range": 2.8, "attractor_count": 140, "out_group_r_strength": 50.4, "in_group_r_range": 2.0, "out_group_r_range": 2.0, "friend_zone": [109, 270, 66, 246, 231, 3, 278, 12, 180, 227, 22, 247, 114, 223, 178, 244, 182, 120, 186, 18, 27, 32, 225, 25, 219, 236, 65, 115, 79, 257, 210, 205, 164, 248, 143, 130, 95, 184, 217, 23, 203, 20, 240, 19, 230, 263, 54, 161, 194, 55, 181, 41, 103, 39, 195, 46, 275, 71, 116, 196, 69, 57, 4, 73, 110, 77, 241, 269, 89, 124, 254, 17, 133, 58, 165, 148, 156, 190, 125, 107, 67, 208, 43, 6, 160, 60, 250, 70, 162, 145, 36, 96, 259, 149, 175, 220, 242, 86, 268, 85, 137, 274, 45, 235, 256, 26, 35, 166, 169, 15, 154, 99, 192, 216, 1, 140, 152, 0, 135, 234, 14, 126, 90, 173, 38, 24, 59, 121, 122, 252, 273, 128, 245, 260, 229, 76, 207, 105, 191, 11], "target": [60.0, -15.0], "target_a_strength": 22000000000, "radius": 0.3, "group_id": 1, "out_group_a_range": 2.8, "target_a_range": 435, "in_group_r_strength": 36, "out_group_a_strength": 11.428571428571429}, {"pedestrian_id": 283, "position": [-56.48319027477912, 16.875747392345385], "in_group_a_strength": 16, "in_group_a_range": 2.8, "attractor_count": 140, "out_group_r_strength": 50.4, "in_group_r_range": 2.0, "out_group_r_range": 2.0, "friend_zone": [192, 91, 120, 108, 115, 242, 232, 149, 106, 181, 36, 235, 202, 154, 267, 129, 90, 255, 173, 237, 56, 228, 15, 264, 219, 229, 172, 63, 259, 123, 164, 60, 4, 122, 58, 78, 6, 42, 79, 59, 210, 30, 35, 271, 193, 199, 114, 157, 198, 221, 231, 62, 161, 220, 265, 245, 9, 73, 176, 252, 142, 96, 133, 214, 276, 112, 61, 167, 217, 47, 13, 185, 3, 256, 31, 87, 258, 278, 233, 40, 66, 14, 170, 222, 81, 261, 17, 102, 85, 135, 5, 98, 12, 111, 268, 243, 162, 152, 143, 125, 1, 273, 141, 201, 241, 223, 187, 212, 25, 191, 205, 80, 92, 138, 180, 75, 137, 124, 257, 95, 71, 10, 204, 247, 174, 270, 208, 238, 44, 236, 23, 83, 169, 159, 253, 132, 51, 119, 224, 160], "target": [60.0, 15.0], "target_a_strength": 22000000000, "radius": 0.3, "group_id": 1, "out_group_a_range": 2.8, "target_a_range": 435, "in_group_r_strength": 36, "out_group_a_strength": 11.428571428571429}], "frame_second": "6500", "additional_id_existed_ped": {"0": [280], "1": [280, 283], "2": [280, 282], "3": [], "4": [281, 282], "5": [282, 283], "6": [282, 283], "7": [280, 283], "8": [280, 281, 283], "9": [], "10": [281, 283], "11": [281, 282], "12": [280, 283], "13": [283], "14": [282], "15": [280, 281, 283], "16": [282, 283], "17": [280, 282], "18": [], "19": [280, 282], "20": [], "21": [280, 282], "22": [], "23": [], "24": [], "25": [281, 282], "26": [280, 281, 282, 283], "27": [280, 281, 282], "28": [281, 282], "29": [280, 282], "30": [280, 281, 282], "31": [280, 281, 282], "32": [280, 281, 283], "33": [280, 282, 283], "34": [], "35": [282, 283], "36": [280, 281, 282], "37": [282], "38": [280], "39": [281], "40": [282], "41": [281, 283], "42": [282], "43": [280, 282, 283], "44": [280], "45": [281, 282, 283], "46": [281], "47": [282], "48": [280], "49": [280, 281, 282], "50": [280, 282], "51": [280], "52": [280, 281], "53": [280, 282, 283], "54": [280, 281], "55": [280, 281, 282, 283], "56": [280, 281], "57": [280, 282, 283], "58": [280, 283], "59": [280, 281, 282], "60": [280, 282], "61": [280, 281], "62": [], "63": [], "64": [282], "65": [], "66": [282], "67": [280, 282], "68": [280, 281], "69": [282, 283], "70": [280], "71": [281, 282, 283], "72": [281, 283], "73": [281], "74": [280, 281, 282, 283], "75": [280, 281], "76": [280, 281, 282, 283], "77": [280, 281], "78": [280, 281, 282, 283], "79": [281], "80": [280], "81": [281, 283], "82": [281, 282], "83": [281, 282, 283], "84": [282], "85": [280], "86": [282], "87": [280, 281, 282, 283], "88": [280, 282, 283], "89": [283], "90": [280, 281], "91": [283], "92": [281, 282, 283], "93": [282, 283], "94": [280, 282], "95": [280, 281, 282, 283], "96": [281, 283], "97": [281], "98": [280, 281], "99": [280, 282, 283], "100": [282], "101": [280, 281, 282, 283], "102": [281, 282], "103": [282], "104": [283], "105": [280, 281, 282, 283], "106": [280, 281, 282], "107": [280, 282, 283], "108": [280, 281, 283], "109": [280, 282], "110": [280, 281, 283], "111": [280, 283], "112": [280, 283], "113": [281, 283], "114": [280, 283], "115": [282, 283], "116": [281, 282, 283], "117": [281, 283], "118": [281, 283], "119": [281, 283], "120": [280, 281], "121": [280], "122": [280], "123": [280, 282, 283], "124": [281, 282, 283], "125": [281, 283], "126": [281, 283], "127": [281, 283], "128": [283], "129": [280, 281], "130": [282, 283], "131": [282, 283], "132": [281, 283], "133": [280, 281, 282, 283], "134": [280, 282], "135": [281, 282, 283], "136": [280, 281, 282], "137": [281, 282], "138": [], "139": [281], "140": [281, 283], "141": [280, 281], "142": [283], "143": [281], "144": [280, 283], "145": [280, 283], "146": [282, 283], "147": [280, 281, 282, 283], "148": [280, 281, 283], "149": [280], "150": [281], "151": [281, 283], "152": [280, 283], "153": [280, 281, 282, 283], "154": [281, 282, 283], "155": [280, 281, 283], "156": [], "157": [280, 283], "158": [280, 281, 282, 283], "159": [283], "160": [280, 282, 283], "161": [281, 282, 283], "162": [280, 281, 282], "163": [280, 283], "164": [280, 281, 282], "165": [282], "166": [281, 282], "167": [280], "168": [281, 282], "169": [281, 283], "170": [281], "171": [283], "172": [282, 283], "173": [], "174": [280], "175": [280, 282, 283], "176": [280, 281, 282], "177": [], "178": [281, 282, 283], "179": [280, 281], "180": [283], "181": [282, 283], "182": [280, 281], "183": [], "184": [281, 282], "185": [280, 281, 282], "186": [280, 281, 283], "187": [280, 283], "188": [280, 281, 282], "189": [283],