{"pedestrian_list": [{"pedestrian_id": 188, "position": [-55.831732613625334, 0.0009435593950564147], "in_group_a_strength": 16, "in_group_a_range": 2.8, "attractor_count": 94, "out_group_r_strength": 50.4, "in_group_r_range": 2.0, "out_group_r_range": 2.0, "friend_zone": [86, 78, 96, 29, 28, 151, 77, 33, 180, 62, 102, 182, 139, 118, 76, 87, 39, 120, 59, 119, 137, 23, 69, 178, 38, 105, 124, 88, 67, 115, 116, 47, 22, 15, 14, 99, 68, 71, 121, 82, 26, 187, 5, 150, 3, 93, 90, 148, 126, 36, 41, 153, 64, 172, 173, 177, 140, 70, 132, 101, 37, 176, 128, 32, 52, 149, 56, 8, 146, 34, 35, 107, 46, 50, 112, 108, 117, 84, 186, 24, 0, 27, 98, 159, 136, 161, 158, 81, 114, 184, 113, 75, 122, 17], "target": [60.0, 15.0], "target_a_strength": 22000000000, "radius": 0.3, "group_id": 0, "out_group_a_range": 2.8, "target_a_range": 435, "in_group_r_strength": 36, "out_group_a_strength": 11.428571428571429}, {"pedestrian_id": 189, "position": [-33.747074770726144, -18.1927042630997], "in_group_a_strength": 16, "in_group_a_range": 2.8, "attractor_count": 94, "out_group_r_strength": 50.4, "in_group_r_range": 2.0, "out_group_r_range": 2.0, "friend_zone": [162, 128, 84, 74, 17, 98, 47, 38, 55, 45, 25, 94, 76, 173, 18, 176, 113, 66, 169, 15, 110, 46, 65, 89, 137, 13, 145, 96, 91, 68, 36, 70, 127, 26, 92, 163, 14, 54, 136, 155, 149, 106, 114, 120, 30, 3, 90, 123, 147, 49, 100, 131, 23, 85, 161, 95, 79, 99, 118, 107, 184, 112, 135, 7, 168, 27, 64, 61, 153, 121, 174, 109, 180, 24, 10, 29, 108, 138, 104, 6, 28, 139, 52, 117, 0, 143, 32, 179, 16, 12, 165, 119, 35, 151], "target": [60.0, -15.0], "target_a_strength": 22000000000, "radius": 0.3, "group_id": 0, "out_group_a_range": 2.8, "target_a_range": 435, "in_group_r_strength": 36, "out_group_a_strength": 11.428571428571429}, {"pedestrian_id": 190, "position": [-40.231441442559465, 22.092101521389083], "in_group_a_strength": 16, "in_group_a_range": 2.8, "attractor_count": 94, "out_group_r_strength": 50.4, "in_group_r_range": 2.0, "out_group_r_range": 2.0, "friend_zone": [33, 98, 152, 17, 136, 5, 103, 182, 137, 121, 157, 154, 61, 15, 86, 100, 4, 141, 111, 185, 74, 115, 114, 52, 104, 142, 11, 24, 62, 29, 60, 156, 63, 96, 95, 171, 59, 9, 27, 50, 32, 112, 138, 18, 93, 173, 175, 186, 41, 20, 179, 45, 0, 163, 110, 143, 184, 70, 180, 12, 57, 128, 65, 28, 97, 168, 148, 35, 53, 135, 30, 3, 16, 155, 6, 108, 91, 164, 75, 1, 87, 47, 165, 66, 26, 90, 42, 153, 187, 82, 81, 129, 126, 116], "target": [60.0, 15.0], "target_a_strength": 22000000000, "radius": 0.3, "group_id": 1, "out_group_a_range": 2.8, "target_a_range": 435, "in_group_r_strength": 36, "out_group_a_strength": 11.428571428571429}, {"pedestrian_id": 191, "position": [-68.86380519183625, -15.622406754606653], "in_group_a_strength": 16, "in_group_a_range": 2.8, "attractor_count": 94, "out_group_r_strength": 50.4, "in_group_r_range": 2.0, "out_group_r_range": 2.0, "friend_zone": [124, 100, 138, 54, 47, 175, 24, 51, 78, 43, 94, 141, 57, 183, 12, 45, 74, 115, 31, 110, 48, 40, 159, 129, 146, 33, 157, 106, 38, 169, 149, 81, 68, 86, 158, 15, 155, 185, 5, 127, 126, 95, 67, 75, 89, 34, 56, 116, 27, 145, 20, 85, 139, 101, 165, 93, 17, 130, 178, 168, 87, 123, 143, 103, 22, 82, 35, 46, 98, 60, 133, 132, 30, 0, 128, 186, 62, 8, 37, 107, 65, 59, 102, 73, 117, 21, 99, 69, 39, 162, 11, 164, 58, 109], "target": [60.0, -15.0], "target_a_strength": 22000000000, "radius": 0.3, "group_id": 1, "out_group_a_range": 2.8, "target_a_range": 435, "in_group_r_strength": 36, "out_group_a_strength": 11.428571428571429}], "frame_second": "4200", "additional_id_existed_ped": {"0": [188, 190], "1": [188, 189, 190, 191], "2": [], "3": [191], "4": [188, 190], "5": [188, 190], "6": [189, 190, 191], "7": [188, 190, 191], "8": [188, 189], "9": [], "10": [188, 190, 191], "11": [190, 191], "12": [189, 190, 191], "13": [188], "14": [189, 190], "15": [189, 191], "16": [190, 191], "17": [189, 190], "18": [188, 189, 190, 191], "19": [188, 190, 191], "20": [189, 191], "21": [188, 189], "22": [190, 191], "23": [188, 190, 191], "24": [189, 190, 191], "25": [188, 191], "26": [188, 190, 191], "27": [188, 190, 191], "28": [188, 190], "29": [190], "30": [190, 191], "31": [189, 190], "32": [189, 190], "33": [188, 189, 190], "34": [188, 189, 190], "35": [189, 191], "36": [189], "37": [189, 190], "38": [188, 190], "39": [188], "40": [188, 189, 190], "41": [188, 189, 190, 191], "42": [188, 190], "43": [188, 189, 191], "44": [188, 189, 190, 191], "45": [188, 191], "46": [189, 190], "47": [188, 189, 190], "48": [188, 189, 191], "49": [188, 189, 190, 191], "50": [189, 190, 191], "51": [188, 190], "52": [188, 189], "53": [191], "54": [188, 189, 190, 191], "55": [190], "56": [189, 191], "57": [191], "58": [189, 191], "59": [], "60": [188, 190, 191], "61": [189], "62": [191], "63": [188, 189, 190], "64": [191], "65": [189, 190], "66": [189, 191], "67": [190], "68": [188, 190], "69": [188], "70": [188, 190, 191], "71": [189, 190], "72": [189, 190], "73": [188, 190, 191], "74": [189], "75": [188], "76": [], "77": [189], "78": [188, 190, 191], "79": [190], "80": [188], "81": [188, 190, 191], "82": [189, 191], "83": [188], "84": [191], "85": [188, 190, 191], "86": [189, 190], "87": [189, 191], "88": [188, 189, 191], "89": [191], "90": [], "91": [188, 189, 191], "92": [], "93": [188, 191], "94": [189, 190, 191], "95": [189, 191], "96": [188, 191], "97": [188, 191], "98": [190], "99": [189], "100": [188, 190], "101": [191], "102": [188, 189, 191], "103": [190, 191], "104": [188, 189, 190, 191], "105": [191], "106": [189], "107": [], "108": [189, 190], "109": [189, 191], "110": [188], "111": [188, 189, 190], "112": [189], "113": [189], "114": [189, 190, 191], "115": [190], "116": [188, 190], "117": [189], "118": [190], "119": [], "120": [189, 190, 191], "121": [188, 189, 191], "122": [188, 189, 191], "123": [188, 190, 191], "124": [190], "125": [188, 189, 190, 191], "126": [188, 189, 190, 191], "127": [188, 189, 191], "128": [189, 190, 191], "129": [188], "130": [188, 191], "131": [189, 190], "132": [188, 191], "133": [189, 191], "134": [188, 189, 190, 191], "135": [191], "136": [189, 190], "137": [188], "138": [189], "139": [], "140": [188, 189], "141": [189], "142": [], "143": [188, 189, 190, 191], "144": [188, 189], "145": [190], "146": [188, 190, 191], "147": [188, 189], "148": [188], "149": [188], "150": [188, 190, 191], "151": [190], "152": [190], "153": [189, 190, 191], "154": [188], "155": [188, 189], "156": [188], "157": [191], "158": [189, 190, 191], "159": [189, 190, 191], "160": [189, 191], "161": [188, 189, 191], "162": [188, 189, 191], "163": [189], "164": [189, 190, 191], "165": [188, 189, 190, 191], "166": [188, 189], "167": [188, 189, 190, 191], "168": [189, 190, 191], "169": [188, 189], "170": [191], "171": [188, 191], "172": [188, 189, 190], "173": [188, 189, 190], "174": [188], "175": [191], "176": [188, 190, 191], "177": [190], "178": [190, 191], "179": [188, 189, 191], "180": [188, 189], "181": [188], "182": [191], "183": [189, 190], "184": [188, 190, 191], "185": [], "186": [188], "187": [188, 189, 190]}}