{"pedestrian_list": [{"pedestrian_id": 152, "position": [-64.96149926164816, -15.597824333303071], "in_group_a_strength": 16, "in_group_a_range": 2.8, "attractor_count": 76, "out_group_r_strength": 50.4, "in_group_r_range": 2.0, "out_group_r_range": 2.0, "friend_zone": [88, 129, 123, 126, 117, 29, 136, 79, 149, 110, 102, 25, 39, 91, 125, 133, 109, 34, 138, 93, 4, 145, 11, 142, 40, 20, 60, 98, 141, 7, 119, 150, 17, 32, 30, 55, 51, 14, 121, 87, 18, 24, 57, 19, 108, 147, 90, 43, 42, 50, 0, 130, 146, 84, 9, 61, 122, 48, 36, 132, 8, 127, 96, 12, 112, 95, 76, 107, 92, 85, 59, 104, 35, 134, 101, 99], "target": [60.0, -15.0], "target_a_strength": 22000000000, "radius": 0.3, "group_id": 0, "out_group_a_range": 2.8, "target_a_range": 435, "in_group_r_strength": 36, "out_group_a_strength": 11.428571428571429}, {"pedestrian_id": 153, "position": [-31.783475442129717, -18.19729045413465], "in_group_a_strength": 16, "in_group_a_range": 2.8, "attractor_count": 76, "out_group_r_strength": 50.4, "in_group_r_range": 2.0, "out_group_r_range": 2.0, "friend_zone": [14, 145, 116, 47, 110, 133, 146, 13, 30, 33, 92, 71, 9, 102, 143, 39, 29, 18, 27, 136, 74, 86, 129, 7, 105, 120, 115, 85, 124, 122, 109, 118, 59, 15, 58, 77, 80, 12, 42, 87, 44, 10, 91, 19, 131, 94, 76, 0, 132, 79, 6, 61, 48, 81, 37, 45, 46, 53, 83, 99, 23, 123, 119, 22, 95, 148, 1, 151, 98, 43, 11, 134, 72, 96, 54, 64], "target": [60.0, -15.0], "target_a_strength": 22000000000, "radius": 0.3, "group_id": 0, "out_group_a_range": 2.8, "target_a_range": 435, "in_group_r_strength": 36, "out_group_a_strength": 11.428571428571429}, {"pedestrian_id": 154, "position": [-42.17905902380817, 11.68673574364727], "in_group_a_strength": 16, "in_group_a_range": 2.8, "attractor_count": 76, "out_group_r_strength": 50.4, "in_group_r_range": 2.0, "out_group_r_range": 2.0, "friend_zone": [50, 105, 53, 98, 77, 126, 128, 109, 106, 78, 70, 54, 103, 68, 47, 135, 6, 30, 35, 122, 112, 21, 14, 56, 114, 12, 76, 5, 34, 1, 19, 20, 73, 74, 48, 59, 49, 31, 97, 71, 113, 43, 100, 82, 143, 45, 22, 145, 133, 46, 13, 65, 75, 37, 99, 9, 38, 60, 57, 96, 15, 141, 88, 23, 127, 129, 101, 7, 124, 39, 87, 118, 61, 134, 27, 18], "target": [60.0, 15.0], "target_a_strength": 22000000000, "radius": 0.3, "group_id": 1, "out_group_a_range": 2.8, "target_a_range": 435, "in_group_r_strength": 36, "out_group_a_strength": 11.428571428571429}, {"pedestrian_id": 155, "position": [-64.27561412259364, 2.605254367516201], "in_group_a_strength": 16, "in_group_a_range": 2.8, "attractor_count": 76, "out_group_r_strength": 50.4, "in_group_r_range": 2.0, "out_group_r_range": 2.0, "friend_zone": [120, 106, 140, 10, 100, 77, 127, 142, 124, 93, 95, 80, 57, 53, 35, 16, 73, 8, 110, 55, 99, 7, 137, 83, 121, 9, 125, 43, 144, 72, 79, 145, 103, 130, 102, 108, 113, 17, 22, 98, 33, 147, 6, 52, 24, 94, 69, 40, 56, 28, 126, 27, 111, 15, 61, 5, 138, 14, 104, 132, 146, 143, 101, 19, 107, 150, 74, 70, 115, 26, 91, 128, 75, 92, 149, 129], "target": [60.0, 15.0], "target_a_strength": 22000000000, "radius": 0.3, "group_id": 1, "out_group_a_range": 2.8, "target_a_range": 435, "in_group_r_strength": 36, "out_group_a_strength": 11.428571428571429}], "frame_second": "3300", "additional_id_existed_ped": {"0": [152, 154, 155], "1": [153, 154, 155], "2": [152], "3": [153, 155], "4": [153, 155], "5": [153], "6": [153, 154], "7": [153, 155], "8": [155], "9": [152, 154], "10": [152, 153, 154, 155], "11": [153, 155], "12": [152, 154, 155], "13": [152], "14": [152, 153, 155], "15": [152, 153], "16": [152, 153], "17": [152, 154, 155], "18": [154], "19": [153, 154], "20": [153, 154], "21": [], "22": [152, 155], "23": [152, 153, 154], "24": [152, 153], "25": [152, 153], "26": [152, 153], "27": [153, 154], "28": [154, 155], "29": [152, 154, 155], "30": [152, 154, 155], "31": [], "32": [154, 155], "33": [153, 154], "34": [153, 154], "35": [153, 154], "36": [], "37": [155], "38": [152, 153, 154, 155], "39": [152, 154], "40": [152, 155], "41": [153, 154, 155], "42": [152, 153], "43": [153, 154, 155], "44": [152, 154, 155], "45": [152, 153, 154], "46": [152, 155], "47": [155], "48": [152, 153], "49": [155], "50": [155], "51": [152, 154, 155], "52": [154], "53": [152, 154, 155], "54": [152, 153, 154, 155], "55": [152, 155], "56": [152, 153], "57": [], "58": [153, 154], "59": [152, 153, 154], "60": [153], "61": [154, 155], "62": [], "63": [152, 153, 154], "64": [152, 153, 154], "65": [153, 154, 155], "66": [152, 153, 154, 155], "67": [153, 155], "68": [152, 153, 155], "69": [152], "70": [154, 155], "71": [152, 155], "72": [154], "73": [154], "74": [152, 153], "75": [152, 153, 154, 155], "76": [152], "77": [152, 154, 155], "78": [152, 153, 155], "79": [153, 154, 155], "80": [152, 153], "81": [154, 155], "82": [155], "83": [154, 155], "84": [154, 155], "85": [153], "86": [155], "87": [], "88": [153, 154, 155], "89": [152, 154, 155], "90": [152, 154, 155], "91": [152, 153, 154], "92": [152, 153], "93": [153], "94": [152, 154, 155], "95": [152, 153, 155], "96": [153, 155], "97": [153], "98": [152, 153], "99": [155], "100": [155], "101": [153], "102": [152, 153, 154, 155], "103": [152, 154], "104": [152], "105": [152, 155], "106": [152, 154], "107": [152, 154, 155], "108": [153, 155], "109": [154], "110": [152], "111": [152, 154], "112": [152, 153], "113": [153], "114": [], "115": [152, 153, 155], "116": [152], "117": [], "118": [], "119": [152, 153, 155], "120": [152, 154], "121": [154], "122": [153, 155], "123": [], "124": [154, 155], "125": [153], "126": [153, 154], "127": [152, 155], "128": [152, 154], "129": [152, 153, 155], "130": [153, 154], "131": [154], "132": [152, 153, 154, 155], "133": [152, 153, 155], "134": [154, 155], "135": [153, 154], "136": [152, 154, 155], "137": [152, 153, 154, 155], "138": [153, 154, 155], "139": [155], "140": [154], "141": [152, 153], "142": [152, 153, 154, 155], "143": [], "144": [152, 153, 154], "145": [153, 154], "146": [152], "147": [155], "148": [152, 153, 154, 155], "149": [154, 155], "150": [152, 153, 154], "151": [153, 155]}}