{"pedestrian_list": [{"pedestrian_id": 24, "position": [-59.09262986360627, 5.183983127874419], "in_group_a_strength": 16, "in_group_a_range": 2.8, "attractor_count": 12, "out_group_r_strength": 50.4, "in_group_r_range": 2.0, "out_group_r_range": 2.0, "friend_zone": [2, 14, 3, 6, 11, 22, 5, 13, 23, 17, 10, 4], "target": [60.0, 15.0], "target_a_strength": 22000000000, "radius": 0.3, "group_id": 0, "out_group_a_range": 2.8, "target_a_range": 435, "in_group_r_strength": 36, "out_group_a_strength": 11.428571428571429}, {"pedestrian_id": 25, "position": [-37.65760031160881, 10.398261672861224], "in_group_a_strength": 16, "in_group_a_range": 2.8, "attractor_count": 12, "out_group_r_strength": 50.4, "in_group_r_range": 2.0, "out_group_r_range": 2.0, "friend_zone": [21, 0, 23, 13, 22, 6, 9, 19, 12, 20, 10, 5], "target": [60.0, 15.0], "target_a_strength": 22000000000, "radius": 0.3, "group_id": 0, "out_group_a_range": 2.8, "target_a_range": 435, "in_group_r_strength": 36, "out_group_a_strength": 11.428571428571429}, {"pedestrian_id": 26, "position": [-37.63850306117255, -22.08294708685627], "in_group_a_strength": 16, "in_group_a_range": 2.8, "attractor_count": 12, "out_group_r_strength": 50.4, "in_group_r_range": 2.0, "out_group_r_range": 2.0, "friend_zone": [9, 15, 19, 12, 17, 3, 16, 13, 7, 4, 22, 1], "target": [60.0, -15.0], "target_a_strength": 22000000000, "radius": 0.3, "group_id": 1, "out_group_a_range": 2.8, "target_a_range": 435, "in_group_r_strength": 36, "out_group_a_strength": 11.428571428571429}, {"pedestrian_id": 27, "position": [-44.16701109084245, 9.74817741313746], "in_group_a_strength": 16, "in_group_a_range": 2.8, "attractor_count": 12, "out_group_r_strength": 50.4, "in_group_r_range": 2.0, "out_group_r_range": 2.0, "friend_zone": [18, 1, 3, 14, 4, 9, 20, 21, 17, 5, 11, 13], "target": [60.0, 15.0], "target_a_strength": 22000000000, "radius": 0.3, "group_id": 1, "out_group_a_range": 2.8, "target_a_range": 435, "in_group_r_strength": 36, "out_group_a_strength": 11.428571428571429}], "frame_second": "100", "additional_id_existed_ped": {"0": [24, 26, 27], "1": [25], "2": [24, 25], "3": [24, 27], "4": [24, 26, 27], "5": [25, 26], "6": [25, 26, 27], "7": [26, 27], "8": [24, 26], "9": [27], "10": [24, 25], "11": [24, 25, 26], "12": [], "13": [24, 25, 26], "14": [26, 27], "15": [26], "16": [24, 25, 26, 27], "17": [26, 27], "18": [25, 27], "19": [24, 25], "20": [24, 25], "21": [27], "22": [25, 27], "23": [24]}}