{"pedestrian_list": [{"pedestrian_id": 292, "position": [-59.10909654633736, -6.497437899197776], "in_group_a_strength": 16, "in_group_a_range": 2.8, "attractor_count": 146, "out_group_r_strength": 50.4, "in_group_r_range": 2.0, "out_group_r_range": 2.0, "friend_zone": [100, 16, 137, 183, 147, 109, 0, 291, 275, 2, 43, 26, 187, 176, 189, 80, 232, 93, 286, 89, 4, 51, 8, 192, 31, 20, 214, 195, 128, 111, 133, 107, 88, 182, 49, 270, 225, 35, 243, 57, 217, 158, 23, 132, 50, 278, 261, 277, 178, 226, 75, 199, 66, 164, 7, 179, 264, 237, 145, 172, 32, 9, 127, 288, 39, 101, 135, 40, 105, 244, 245, 36, 60, 159, 68, 259, 46, 154, 141, 153, 163, 180, 268, 280, 242, 15, 223, 157, 173, 160, 161, 121, 149, 260, 228, 144, 134, 112, 54, 221, 142, 146, 155, 97, 216, 86, 230, 266, 204, 143, 73, 114, 92, 235, 171, 81, 190, 205, 219, 284, 224, 215, 207, 53, 87, 276, 27, 72, 99, 129, 238, 263, 246, 5, 272, 117, 208, 52, 83, 85, 113, 211, 255, 150, 47, 177], "target": [60.0, -15.0], "target_a_strength": 22000000000, "radius": 0.3, "group_id": 0, "out_group_a_range": 2.8, "target_a_range": 435, "in_group_r_strength": 36, "out_group_a_strength": 11.428571428571429}, {"pedestrian_id": 293, "position": [-31.15908313285918, -4.525836045024834], "in_group_a_strength": 16, "in_group_a_range": 2.8, "attractor_count": 146, "out_group_r_strength": 50.4, "in_group_r_range": 2.0, "out_group_r_range": 2.0, "friend_zone": [290, 129, 178, 59, 240, 291, 230, 99, 39, 183, 114, 10, 110, 60, 226, 265, 243, 176, 224, 67, 107, 30, 221, 287, 252, 143, 171, 162, 74, 100, 266, 6, 91, 256, 80, 126, 218, 34, 124, 247, 277, 102, 250, 272, 83, 197, 134, 121, 232, 235, 173, 206, 228, 216, 245, 288, 219, 101, 106, 289, 70, 202, 147, 193, 280, 148, 104, 132, 135, 200, 151, 26, 184, 61, 79, 227, 268, 259, 40, 236, 187, 77, 22, 239, 128, 53, 108, 194, 203, 276, 21, 140, 33, 18, 217, 138, 131, 253, 125, 246, 278, 195, 285, 198, 5, 56, 163, 52, 19, 267, 38, 98, 89, 238, 63, 271, 152, 149, 229, 269, 275, 241, 49, 11, 4, 273, 17, 23, 172, 286, 1, 185, 122, 36, 76, 175, 180, 145, 283, 95, 139, 58, 182, 37, 189, 84], "target": [60.0, -15.0], "target_a_strength": 22000000000, "radius": 0.3, "group_id": 0, "out_group_a_range": 2.8, "target_a_range": 435, "in_group_r_strength": 36, "out_group_a_strength": 11.428571428571429}, {"pedestrian_id": 294, "position": [-53.920171363308036, -21.47070720436152], "in_group_a_strength": 16, "in_group_a_range": 2.8, "attractor_count": 146, "out_group_r_strength": 50.4, "in_group_r_range": 2.0, "out_group_r_range": 2.0, "friend_zone": [210, 110, 144, 28, 80, 251, 227, 51, 172, 52, 34, 282, 239, 50, 114, 29, 241, 31, 203, 249, 75, 216, 176, 88, 82, 96, 76, 219, 179, 280, 98, 217, 13, 92, 15, 191, 18, 230, 56, 246, 139, 103, 125, 156, 43, 83, 100, 202, 237, 70, 199, 234, 208, 272, 136, 143, 87, 0, 273, 79, 211, 84, 279, 185, 262, 36, 252, 245, 122, 135, 85, 22, 271, 142, 126, 14, 228, 201, 193, 248, 32, 47, 108, 145, 116, 225, 232, 113, 167, 266, 17, 204, 166, 121, 205, 61, 163, 81, 250, 155, 44, 171, 254, 117, 153, 161, 182, 189, 244, 257, 99, 124, 196, 40, 226, 30, 62, 188, 256, 123, 33, 90, 147, 77, 63, 95, 215, 53, 54, 207, 10, 173, 165, 190, 224, 192, 38, 2, 276, 151, 120, 41, 267, 253, 270, 112], "target": [60.0, -15.0], "target_a_strength": 22000000000, "radius": 0.3, "group_id": 1, "out_group_a_range": 2.8, "target_a_range": 435, "in_group_r_strength": 36, "out_group_a_strength": 11.428571428571429}, {"pedestrian_id": 295, "position": [-48.04787895526267, 3.2607446717984234], "in_group_a_strength": 16, "in_group_a_range": 2.8, "attractor_count": 146, "out_group_r_strength": 50.4, "in_group_r_range": 2.0, "out_group_r_range": 2.0, "friend_zone": [63, 40, 215, 67, 223, 208, 15, 85, 174, 139, 55, 181, 62, 198, 166, 238, 118, 109, 210, 3, 200, 222, 148, 151, 180, 131, 71, 93, 185, 110, 79, 83, 270, 193, 17, 186, 228, 33, 183, 115, 150, 106, 29, 78, 107, 191, 42, 94, 0, 44, 169, 6, 66, 194, 23, 157, 43, 209, 156, 123, 172, 154, 8, 262, 259, 104, 72, 74, 144, 234, 92, 249, 240, 263, 250, 35, 132, 46, 291, 216, 224, 121, 163, 149, 9, 290, 136, 122, 287, 167, 271, 159, 119, 206, 137, 165, 36, 197, 195, 52, 124, 59, 38, 233, 220, 138, 112, 192, 177, 265, 102, 243, 279, 130, 258, 276, 135, 182, 235, 146, 31, 25, 225, 125, 54, 242, 218, 226, 5, 203, 141, 255, 16, 88, 245, 288, 34, 252, 50, 231, 11, 86, 241, 158, 274, 89], "target": [60.0, 15.0], "target_a_strength": 22000000000, "radius": 0.3, "group_id": 1, "out_group_a_range": 2.8, "target_a_range": 435, "in_group_r_strength": 36, "out_group_a_strength": 11.428571428571429}], "frame_second": "6800", "additional_id_existed_ped": {"0": [292, 294, 295], "1": [295], "2": [293], "3": [292, 293, 294], "4": [295], "5": [295], "6": [292, 293, 294, 295], "7": [292, 293, 294, 295], "8": [292, 293], "9": [292, 293], "10": [293, 294, 295], "11": [292, 294, 295], "12": [293, 294], "13": [292, 294, 295], "14": [294, 295], "15": [292, 294, 295], "16": [292, 293], "17": [293, 294, 295], "18": [294], "19": [292, 295], "20": [293, 294], "21": [293, 295], "22": [292, 293, 294], "23": [292, 293, 294], "24": [295], "25": [292, 293, 294], "26": [], "27": [292, 294], "28": [292, 294, 295], "29": [292, 293, 294], "30": [292, 293], "31": [293, 294, 295], "32": [293, 294], "33": [293, 294], "34": [292, 294, 295], "35": [292, 293, 295], "36": [292, 293], "37": [292, 294], "38": [292, 295], "39": [295], "40": [293], "41": [293, 295], "42": [293, 294, 295], "43": [292, 293, 295], "44": [293, 295], "45": [294], "46": [292, 295], "47": [292, 293], "48": [293], "49": [292, 295], "50": [293, 294, 295], "51": [], "52": [292, 294], "53": [293], "54": [292, 295], "55": [293], "56": [292, 293, 294, 295], "57": [295], "58": [292, 294], "59": [292, 293, 295], "60": [292, 293, 294, 295], "61": [293], "62": [293], "63": [293, 294, 295], "64": [292, 293], "65": [292, 293, 294], "66": [292, 294, 295], "67": [295], "68": [294], "69": [293, 295], "70": [292, 294], "71": [292, 294], "72": [293, 294, 295], "73": [292, 294], "74": [292, 293, 294], "75": [293, 294, 295], "76": [292, 293], "77": [], "78": [292], "79": [293, 294, 295], "80": [292, 293, 295], "81": [293], "82": [292, 293], "83": [293, 294], "84": [293, 294], "85": [292, 293], "86": [292, 293, 294, 295], "87": [294], "88": [292, 294], "89": [292, 294], "90": [293, 295], "91": [295], "92": [], "93": [293, 294], "94": [294, 295], "95": [293], "96": [292, 293, 295], "97": [292, 293, 294], "98": [292, 293, 295], "99": [292, 294, 295], "100": [292, 294, 295], "101": [292, 294, 295], "102": [292, 293], "103": [293], "104": [292, 293], "105": [], "106": [292, 295], "107": [], "108": [292, 293, 295], "109": [292, 293, 294, 295], "110": [292], "111": [292, 293, 294, 295], "112": [292, 293], "113": [292, 293, 294, 295], "114": [292, 293, 294], "115": [292, 293, 295], "116": [294], "117": [294], "118": [293], "119": [295], "120": [295], "121": [292, 294, 295], "122": [294], "123": [295], "124": [292], "125": [293, 295], "126": [292, 294], "127": [293, 295], "128": [292, 293, 295], "129": [292, 295], "130": [292, 294, 295], "131": [292, 294], "132": [294], "133": [293, 294], "134": [292, 293, 295], "135": [294], "136": [294], "137": [293, 294, 295], "138": [293, 295], "139": [293], "140": [292], "141": [293, 294, 295], "142": [292, 293], "143": [294], "144": [292, 294, 295], "145": [292, 294, 295], "146": [292, 293, 295], "147": [292, 295], "148": [], "149": [293, 294], "150": [293, 294], "151": [292, 294], "152": [292], "153": [292, 294, 295], "154": [293, 294], "155": [292, 294, 295], "156": [294], "157": [292, 293, 295], "158": [293], "159": [293, 294], "160": [292, 293, 295], "161": [292], "162": [295], "163": [292, 293], "164": [292], "165": [293, 295], "166": [293], "167": [292, 293], "168": [292, 293, 295], "169": [293, 295], "170": [], "171": [], "172": [293, 294], "173": [], "174": [295], "175": [293, 294], "176": [294], "177": [292, 295], "178": [292, 293, 294], "179": [292, 293, 294, 295], "180": [292], "181": [292],